ISO-10303-21;
HEADER;
/* Generated by software containing ST-Developer
 * from STEP Tools, Inc. (www.steptools.com) 
 */
/* OPTION: using custom renumber hook */

FILE_DESCRIPTION(
/* description */ ('STEP AP242',
'CAx-IF Rec.Pracs.---Representation and Presentation of Product Manufa
cturing Information (PMI)---4.0---2014-10-13',
'CAx-IF Rec.Pracs.---3D Tessellated Geometry---0.4---2014-09-14','2;1'),

/* implementation_level */ '2;1');

FILE_NAME(
/* name */ '67545fc24feae02a9fb22c71',
/* time_stamp */ '2024-12-07T14:46:27Z',
/* author */ (''),
/* organization */ (''),
/* preprocessor_version */ 'ST-DEVELOPER v20',
/* originating_system */ 'ONSHAPE BY PTC INC, 1.190',
/* authorisation */ '  ');

FILE_SCHEMA (('AP242_MANAGED_MODEL_BASED_3D_ENGINEERING_MIM_LF { 1 0 10303 442 1 1 4 }'));
ENDSEC;

DATA;
#10=DRAUGHTING_PRE_DEFINED_COLOUR('black');
#11=ELLIPSE('',#2288,0.0141421356237309,0.01);
#12=CIRCLE('',#2287,0.01);
#13=CIRCLE('',#2290,0.01);
#14=CIRCLE('',#2292,0.00488438771470658);
#15=CIRCLE('',#2293,0.00493365326754979);
#16=CIRCLE('',#2294,0.0051520106780157);
#17=CIRCLE('',#2297,0.0051520106780157);
#18=CIRCLE('',#2300,0.00493365326754979);
#19=CIRCLE('',#2303,0.00488438771470658);
#20=CIRCLE('',#2412,0.0075);
#21=CIRCLE('',#2413,0.0075);
#22=CIRCLE('',#2418,0.0075);
#23=CIRCLE('',#2419,0.0075);
#24=CIRCLE('',#2424,0.0075);
#25=CIRCLE('',#2425,0.0075);
#26=CIRCLE('',#2430,0.0075);
#27=CIRCLE('',#2431,0.0075);
#28=CIRCLE('',#2436,0.0075);
#29=CIRCLE('',#2437,0.0075);
#30=CIRCLE('',#2442,0.0075);
#31=CIRCLE('',#2443,0.0075);
#32=CIRCLE('',#2448,0.005);
#33=CIRCLE('',#2449,0.005);
#34=CIRCLE('',#2454,0.005);
#35=CIRCLE('',#2455,0.005);
#36=CIRCLE('',#2460,0.005);
#37=CIRCLE('',#2461,0.005);
#38=CYLINDRICAL_SURFACE('',#2286,0.01);
#39=CYLINDRICAL_SURFACE('',#2289,0.01);
#40=CYLINDRICAL_SURFACE('',#2296,0.0051520106780157);
#41=CYLINDRICAL_SURFACE('',#2299,0.00493365326754979);
#42=CYLINDRICAL_SURFACE('',#2302,0.00488438771470658);
#43=CYLINDRICAL_SURFACE('',#2411,0.0075);
#44=CYLINDRICAL_SURFACE('',#2417,0.0075);
#45=CYLINDRICAL_SURFACE('',#2423,0.0075);
#46=CYLINDRICAL_SURFACE('',#2429,0.0075);
#47=CYLINDRICAL_SURFACE('',#2435,0.0075);
#48=CYLINDRICAL_SURFACE('',#2441,0.0075);
#49=CYLINDRICAL_SURFACE('',#2447,0.005);
#50=CYLINDRICAL_SURFACE('',#2453,0.005);
#51=CYLINDRICAL_SURFACE('',#2459,0.005);
#52=SHAPE_REPRESENTATION_RELATIONSHIP('','',#2246,#78);
#53=SHAPE_REPRESENTATION_RELATIONSHIP('','',#2247,#79);
#54=SHAPE_REPRESENTATION_RELATIONSHIP('','',#2248,#80);
#55=SHAPE_REPRESENTATION_RELATIONSHIP('','',#2249,#81);
#56=SHAPE_REPRESENTATION_RELATIONSHIP('','',#2250,#82);
#57=SHAPE_REPRESENTATION_RELATIONSHIP('','',#2251,#83);
#58=SHAPE_REPRESENTATION_RELATIONSHIP('','',#2252,#84);
#59=SHAPE_REPRESENTATION_RELATIONSHIP('','',#2253,#85);
#60=SHAPE_REPRESENTATION_RELATIONSHIP('','',#2254,#86);
#61=SHAPE_REPRESENTATION_RELATIONSHIP('','',#2255,#87);
#62=SHAPE_REPRESENTATION_RELATIONSHIP('','',#2256,#88);
#63=SHAPE_REPRESENTATION_RELATIONSHIP('','',#2257,#89);
#64=SHAPE_REPRESENTATION_RELATIONSHIP('','',#2258,#90);
#65=SHAPE_REPRESENTATION_RELATIONSHIP('','',#2259,#91);
#66=SHAPE_REPRESENTATION_RELATIONSHIP('','',#2260,#92);
#67=SHAPE_REPRESENTATION_RELATIONSHIP('','',#2261,#93);
#68=SHAPE_REPRESENTATION_RELATIONSHIP('','',#2262,#94);
#69=SHAPE_REPRESENTATION_RELATIONSHIP('','',#2263,#95);
#70=SHAPE_REPRESENTATION_RELATIONSHIP('','',#2264,#96);
#71=SHAPE_REPRESENTATION_RELATIONSHIP('','',#2265,#97);
#72=SHAPE_REPRESENTATION_RELATIONSHIP('','',#2266,#98);
#73=SHAPE_REPRESENTATION_RELATIONSHIP('','',#2267,#99);
#74=SHAPE_REPRESENTATION_RELATIONSHIP('','',#2268,#100);
#75=SHAPE_REPRESENTATION_RELATIONSHIP('','',#2269,#101);
#76=SHAPE_REPRESENTATION_RELATIONSHIP('','',#2270,#102);
#77=SHAPE_REPRESENTATION_RELATIONSHIP('','',#2271,#103);
#78=ADVANCED_BREP_SHAPE_REPRESENTATION('',(#2194),#3657);
#79=ADVANCED_BREP_SHAPE_REPRESENTATION('',(#2195),#3658);
#80=ADVANCED_BREP_SHAPE_REPRESENTATION('',(#2196),#3659);
#81=ADVANCED_BREP_SHAPE_REPRESENTATION('',(#2197),#3660);
#82=ADVANCED_BREP_SHAPE_REPRESENTATION('',(#2198),#3661);
#83=ADVANCED_BREP_SHAPE_REPRESENTATION('',(#2199),#3662);
#84=ADVANCED_BREP_SHAPE_REPRESENTATION('',(#2200),#3663);
#85=ADVANCED_BREP_SHAPE_REPRESENTATION('',(#2201),#3664);
#86=ADVANCED_BREP_SHAPE_REPRESENTATION('',(#2202),#3665);
#87=ADVANCED_BREP_SHAPE_REPRESENTATION('',(#2203),#3666);
#88=ADVANCED_BREP_SHAPE_REPRESENTATION('',(#2204),#3667);
#89=ADVANCED_BREP_SHAPE_REPRESENTATION('',(#2205),#3668);
#90=ADVANCED_BREP_SHAPE_REPRESENTATION('',(#2206),#3669);
#91=ADVANCED_BREP_SHAPE_REPRESENTATION('',(#2207),#3670);
#92=ADVANCED_BREP_SHAPE_REPRESENTATION('',(#2208),#3671);
#93=ADVANCED_BREP_SHAPE_REPRESENTATION('',(#2209),#3672);
#94=ADVANCED_BREP_SHAPE_REPRESENTATION('',(#2210),#3673);
#95=ADVANCED_BREP_SHAPE_REPRESENTATION('',(#2211),#3674);
#96=ADVANCED_BREP_SHAPE_REPRESENTATION('',(#2212),#3675);
#97=ADVANCED_BREP_SHAPE_REPRESENTATION('',(#2213),#3676);
#98=ADVANCED_BREP_SHAPE_REPRESENTATION('',(#2214),#3677);
#99=ADVANCED_BREP_SHAPE_REPRESENTATION('',(#2215),#3678);
#100=ADVANCED_BREP_SHAPE_REPRESENTATION('',(#2216),#3679);
#101=ADVANCED_BREP_SHAPE_REPRESENTATION('',(#2217),#3680);
#102=ADVANCED_BREP_SHAPE_REPRESENTATION('',(#2218),#3681);
#103=ADVANCED_BREP_SHAPE_REPRESENTATION('',(#2219),#3682);
#104=ORIENTED_EDGE('',*,*,#582,.F.);
#105=ORIENTED_EDGE('',*,*,#583,.F.);
#106=ORIENTED_EDGE('',*,*,#584,.T.);
#107=ORIENTED_EDGE('',*,*,#585,.T.);
#108=ORIENTED_EDGE('',*,*,#586,.T.);
#109=ORIENTED_EDGE('',*,*,#587,.F.);
#110=ORIENTED_EDGE('',*,*,#588,.F.);
#111=ORIENTED_EDGE('',*,*,#583,.T.);
#112=ORIENTED_EDGE('',*,*,#589,.T.);
#113=ORIENTED_EDGE('',*,*,#590,.F.);
#114=ORIENTED_EDGE('',*,*,#591,.F.);
#115=ORIENTED_EDGE('',*,*,#587,.T.);
#116=ORIENTED_EDGE('',*,*,#592,.F.);
#117=ORIENTED_EDGE('',*,*,#585,.F.);
#118=ORIENTED_EDGE('',*,*,#593,.T.);
#119=ORIENTED_EDGE('',*,*,#590,.T.);
#120=ORIENTED_EDGE('',*,*,#582,.T.);
#121=ORIENTED_EDGE('',*,*,#592,.T.);
#122=ORIENTED_EDGE('',*,*,#589,.F.);
#123=ORIENTED_EDGE('',*,*,#586,.F.);
#124=ORIENTED_EDGE('',*,*,#584,.F.);
#125=ORIENTED_EDGE('',*,*,#588,.T.);
#126=ORIENTED_EDGE('',*,*,#591,.T.);
#127=ORIENTED_EDGE('',*,*,#593,.F.);
#128=ORIENTED_EDGE('',*,*,#594,.F.);
#129=ORIENTED_EDGE('',*,*,#595,.T.);
#130=ORIENTED_EDGE('',*,*,#596,.T.);
#131=ORIENTED_EDGE('',*,*,#597,.F.);
#132=ORIENTED_EDGE('',*,*,#598,.T.);
#133=ORIENTED_EDGE('',*,*,#599,.T.);
#134=ORIENTED_EDGE('',*,*,#600,.T.);
#135=ORIENTED_EDGE('',*,*,#596,.F.);
#136=ORIENTED_EDGE('',*,*,#601,.F.);
#137=ORIENTED_EDGE('',*,*,#602,.T.);
#138=ORIENTED_EDGE('',*,*,#603,.T.);
#139=ORIENTED_EDGE('',*,*,#604,.F.);
#140=ORIENTED_EDGE('',*,*,#605,.F.);
#141=ORIENTED_EDGE('',*,*,#606,.T.);
#142=ORIENTED_EDGE('',*,*,#607,.T.);
#143=ORIENTED_EDGE('',*,*,#603,.F.);
#144=ORIENTED_EDGE('',*,*,#602,.F.);
#145=ORIENTED_EDGE('',*,*,#608,.T.);
#146=ORIENTED_EDGE('',*,*,#609,.T.);
#147=ORIENTED_EDGE('',*,*,#610,.T.);
#148=ORIENTED_EDGE('',*,*,#611,.T.);
#149=ORIENTED_EDGE('',*,*,#605,.T.);
#150=ORIENTED_EDGE('',*,*,#612,.F.);
#151=ORIENTED_EDGE('',*,*,#604,.T.);
#152=ORIENTED_EDGE('',*,*,#607,.F.);
#153=ORIENTED_EDGE('',*,*,#613,.F.);
#154=ORIENTED_EDGE('',*,*,#597,.T.);
#155=ORIENTED_EDGE('',*,*,#600,.F.);
#156=ORIENTED_EDGE('',*,*,#614,.F.);
#157=ORIENTED_EDGE('',*,*,#610,.F.);
#158=ORIENTED_EDGE('',*,*,#615,.F.);
#159=ORIENTED_EDGE('',*,*,#595,.F.);
#160=ORIENTED_EDGE('',*,*,#616,.F.);
#161=ORIENTED_EDGE('',*,*,#598,.F.);
#162=ORIENTED_EDGE('',*,*,#615,.T.);
#163=ORIENTED_EDGE('',*,*,#609,.F.);
#164=ORIENTED_EDGE('',*,*,#617,.F.);
#165=ORIENTED_EDGE('',*,*,#618,.F.);
#166=ORIENTED_EDGE('',*,*,#619,.F.);
#167=ORIENTED_EDGE('',*,*,#613,.T.);
#168=ORIENTED_EDGE('',*,*,#606,.F.);
#169=ORIENTED_EDGE('',*,*,#611,.F.);
#170=ORIENTED_EDGE('',*,*,#614,.T.);
#171=ORIENTED_EDGE('',*,*,#594,.T.);
#172=ORIENTED_EDGE('',*,*,#612,.T.);
#173=ORIENTED_EDGE('',*,*,#599,.F.);
#174=ORIENTED_EDGE('',*,*,#616,.T.);
#175=ORIENTED_EDGE('',*,*,#608,.F.);
#176=ORIENTED_EDGE('',*,*,#601,.T.);
#177=ORIENTED_EDGE('',*,*,#620,.F.);
#178=ORIENTED_EDGE('',*,*,#619,.T.);
#179=ORIENTED_EDGE('',*,*,#620,.T.);
#180=ORIENTED_EDGE('',*,*,#621,.F.);
#181=ORIENTED_EDGE('',*,*,#618,.T.);
#182=ORIENTED_EDGE('',*,*,#621,.T.);
#183=ORIENTED_EDGE('',*,*,#622,.F.);
#184=ORIENTED_EDGE('',*,*,#617,.T.);
#185=ORIENTED_EDGE('',*,*,#622,.T.);
#186=ORIENTED_EDGE('',*,*,#623,.F.);
#187=ORIENTED_EDGE('',*,*,#624,.F.);
#188=ORIENTED_EDGE('',*,*,#625,.T.);
#189=ORIENTED_EDGE('',*,*,#626,.T.);
#190=ORIENTED_EDGE('',*,*,#627,.T.);
#191=ORIENTED_EDGE('',*,*,#628,.F.);
#192=ORIENTED_EDGE('',*,*,#629,.F.);
#193=ORIENTED_EDGE('',*,*,#624,.T.);
#194=ORIENTED_EDGE('',*,*,#630,.T.);
#195=ORIENTED_EDGE('',*,*,#631,.F.);
#196=ORIENTED_EDGE('',*,*,#632,.F.);
#197=ORIENTED_EDGE('',*,*,#628,.T.);
#198=ORIENTED_EDGE('',*,*,#633,.F.);
#199=ORIENTED_EDGE('',*,*,#626,.F.);
#200=ORIENTED_EDGE('',*,*,#634,.T.);
#201=ORIENTED_EDGE('',*,*,#631,.T.);
#202=ORIENTED_EDGE('',*,*,#623,.T.);
#203=ORIENTED_EDGE('',*,*,#633,.T.);
#204=ORIENTED_EDGE('',*,*,#630,.F.);
#205=ORIENTED_EDGE('',*,*,#627,.F.);
#206=ORIENTED_EDGE('',*,*,#625,.F.);
#207=ORIENTED_EDGE('',*,*,#629,.T.);
#208=ORIENTED_EDGE('',*,*,#632,.T.);
#209=ORIENTED_EDGE('',*,*,#634,.F.);
#210=ORIENTED_EDGE('',*,*,#635,.F.);
#211=ORIENTED_EDGE('',*,*,#636,.F.);
#212=ORIENTED_EDGE('',*,*,#637,.T.);
#213=ORIENTED_EDGE('',*,*,#638,.T.);
#214=ORIENTED_EDGE('',*,*,#639,.T.);
#215=ORIENTED_EDGE('',*,*,#640,.F.);
#216=ORIENTED_EDGE('',*,*,#641,.F.);
#217=ORIENTED_EDGE('',*,*,#636,.T.);
#218=ORIENTED_EDGE('',*,*,#642,.T.);
#219=ORIENTED_EDGE('',*,*,#643,.F.);
#220=ORIENTED_EDGE('',*,*,#644,.F.);
#221=ORIENTED_EDGE('',*,*,#640,.T.);
#222=ORIENTED_EDGE('',*,*,#645,.F.);
#223=ORIENTED_EDGE('',*,*,#638,.F.);
#224=ORIENTED_EDGE('',*,*,#646,.T.);
#225=ORIENTED_EDGE('',*,*,#643,.T.);
#226=ORIENTED_EDGE('',*,*,#635,.T.);
#227=ORIENTED_EDGE('',*,*,#645,.T.);
#228=ORIENTED_EDGE('',*,*,#642,.F.);
#229=ORIENTED_EDGE('',*,*,#639,.F.);
#230=ORIENTED_EDGE('',*,*,#637,.F.);
#231=ORIENTED_EDGE('',*,*,#641,.T.);
#232=ORIENTED_EDGE('',*,*,#644,.T.);
#233=ORIENTED_EDGE('',*,*,#646,.F.);
#234=ORIENTED_EDGE('',*,*,#647,.F.);
#235=ORIENTED_EDGE('',*,*,#648,.F.);
#236=ORIENTED_EDGE('',*,*,#649,.T.);
#237=ORIENTED_EDGE('',*,*,#650,.T.);
#238=ORIENTED_EDGE('',*,*,#651,.T.);
#239=ORIENTED_EDGE('',*,*,#652,.F.);
#240=ORIENTED_EDGE('',*,*,#653,.F.);
#241=ORIENTED_EDGE('',*,*,#648,.T.);
#242=ORIENTED_EDGE('',*,*,#654,.T.);
#243=ORIENTED_EDGE('',*,*,#655,.F.);
#244=ORIENTED_EDGE('',*,*,#656,.F.);
#245=ORIENTED_EDGE('',*,*,#652,.T.);
#246=ORIENTED_EDGE('',*,*,#657,.F.);
#247=ORIENTED_EDGE('',*,*,#650,.F.);
#248=ORIENTED_EDGE('',*,*,#658,.T.);
#249=ORIENTED_EDGE('',*,*,#655,.T.);
#250=ORIENTED_EDGE('',*,*,#647,.T.);
#251=ORIENTED_EDGE('',*,*,#657,.T.);
#252=ORIENTED_EDGE('',*,*,#654,.F.);
#253=ORIENTED_EDGE('',*,*,#651,.F.);
#254=ORIENTED_EDGE('',*,*,#649,.F.);
#255=ORIENTED_EDGE('',*,*,#653,.T.);
#256=ORIENTED_EDGE('',*,*,#656,.T.);
#257=ORIENTED_EDGE('',*,*,#658,.F.);
#258=ORIENTED_EDGE('',*,*,#659,.F.);
#259=ORIENTED_EDGE('',*,*,#660,.F.);
#260=ORIENTED_EDGE('',*,*,#661,.T.);
#261=ORIENTED_EDGE('',*,*,#662,.T.);
#262=ORIENTED_EDGE('',*,*,#663,.T.);
#263=ORIENTED_EDGE('',*,*,#664,.F.);
#264=ORIENTED_EDGE('',*,*,#665,.F.);
#265=ORIENTED_EDGE('',*,*,#660,.T.);
#266=ORIENTED_EDGE('',*,*,#666,.T.);
#267=ORIENTED_EDGE('',*,*,#667,.F.);
#268=ORIENTED_EDGE('',*,*,#668,.F.);
#269=ORIENTED_EDGE('',*,*,#664,.T.);
#270=ORIENTED_EDGE('',*,*,#669,.F.);
#271=ORIENTED_EDGE('',*,*,#662,.F.);
#272=ORIENTED_EDGE('',*,*,#670,.T.);
#273=ORIENTED_EDGE('',*,*,#667,.T.);
#274=ORIENTED_EDGE('',*,*,#659,.T.);
#275=ORIENTED_EDGE('',*,*,#669,.T.);
#276=ORIENTED_EDGE('',*,*,#666,.F.);
#277=ORIENTED_EDGE('',*,*,#663,.F.);
#278=ORIENTED_EDGE('',*,*,#661,.F.);
#279=ORIENTED_EDGE('',*,*,#665,.T.);
#280=ORIENTED_EDGE('',*,*,#668,.T.);
#281=ORIENTED_EDGE('',*,*,#670,.F.);
#282=ORIENTED_EDGE('',*,*,#671,.F.);
#283=ORIENTED_EDGE('',*,*,#672,.F.);
#284=ORIENTED_EDGE('',*,*,#673,.T.);
#285=ORIENTED_EDGE('',*,*,#674,.T.);
#286=ORIENTED_EDGE('',*,*,#675,.T.);
#287=ORIENTED_EDGE('',*,*,#676,.F.);
#288=ORIENTED_EDGE('',*,*,#677,.F.);
#289=ORIENTED_EDGE('',*,*,#672,.T.);
#290=ORIENTED_EDGE('',*,*,#678,.T.);
#291=ORIENTED_EDGE('',*,*,#679,.F.);
#292=ORIENTED_EDGE('',*,*,#680,.F.);
#293=ORIENTED_EDGE('',*,*,#676,.T.);
#294=ORIENTED_EDGE('',*,*,#681,.F.);
#295=ORIENTED_EDGE('',*,*,#674,.F.);
#296=ORIENTED_EDGE('',*,*,#682,.T.);
#297=ORIENTED_EDGE('',*,*,#679,.T.);
#298=ORIENTED_EDGE('',*,*,#671,.T.);
#299=ORIENTED_EDGE('',*,*,#681,.T.);
#300=ORIENTED_EDGE('',*,*,#678,.F.);
#301=ORIENTED_EDGE('',*,*,#675,.F.);
#302=ORIENTED_EDGE('',*,*,#673,.F.);
#303=ORIENTED_EDGE('',*,*,#677,.T.);
#304=ORIENTED_EDGE('',*,*,#680,.T.);
#305=ORIENTED_EDGE('',*,*,#682,.F.);
#306=ORIENTED_EDGE('',*,*,#683,.F.);
#307=ORIENTED_EDGE('',*,*,#684,.F.);
#308=ORIENTED_EDGE('',*,*,#685,.T.);
#309=ORIENTED_EDGE('',*,*,#686,.T.);
#310=ORIENTED_EDGE('',*,*,#687,.T.);
#311=ORIENTED_EDGE('',*,*,#688,.F.);
#312=ORIENTED_EDGE('',*,*,#689,.F.);
#313=ORIENTED_EDGE('',*,*,#684,.T.);
#314=ORIENTED_EDGE('',*,*,#690,.T.);
#315=ORIENTED_EDGE('',*,*,#691,.F.);
#316=ORIENTED_EDGE('',*,*,#692,.F.);
#317=ORIENTED_EDGE('',*,*,#688,.T.);
#318=ORIENTED_EDGE('',*,*,#693,.F.);
#319=ORIENTED_EDGE('',*,*,#686,.F.);
#320=ORIENTED_EDGE('',*,*,#694,.T.);
#321=ORIENTED_EDGE('',*,*,#691,.T.);
#322=ORIENTED_EDGE('',*,*,#683,.T.);
#323=ORIENTED_EDGE('',*,*,#693,.T.);
#324=ORIENTED_EDGE('',*,*,#690,.F.);
#325=ORIENTED_EDGE('',*,*,#687,.F.);
#326=ORIENTED_EDGE('',*,*,#685,.F.);
#327=ORIENTED_EDGE('',*,*,#689,.T.);
#328=ORIENTED_EDGE('',*,*,#692,.T.);
#329=ORIENTED_EDGE('',*,*,#694,.F.);
#330=ORIENTED_EDGE('',*,*,#695,.F.);
#331=ORIENTED_EDGE('',*,*,#696,.F.);
#332=ORIENTED_EDGE('',*,*,#697,.T.);
#333=ORIENTED_EDGE('',*,*,#698,.T.);
#334=ORIENTED_EDGE('',*,*,#699,.T.);
#335=ORIENTED_EDGE('',*,*,#700,.F.);
#336=ORIENTED_EDGE('',*,*,#701,.F.);
#337=ORIENTED_EDGE('',*,*,#696,.T.);
#338=ORIENTED_EDGE('',*,*,#702,.T.);
#339=ORIENTED_EDGE('',*,*,#703,.F.);
#340=ORIENTED_EDGE('',*,*,#704,.F.);
#341=ORIENTED_EDGE('',*,*,#700,.T.);
#342=ORIENTED_EDGE('',*,*,#705,.F.);
#343=ORIENTED_EDGE('',*,*,#698,.F.);
#344=ORIENTED_EDGE('',*,*,#706,.T.);
#345=ORIENTED_EDGE('',*,*,#703,.T.);
#346=ORIENTED_EDGE('',*,*,#695,.T.);
#347=ORIENTED_EDGE('',*,*,#705,.T.);
#348=ORIENTED_EDGE('',*,*,#702,.F.);
#349=ORIENTED_EDGE('',*,*,#699,.F.);
#350=ORIENTED_EDGE('',*,*,#697,.F.);
#351=ORIENTED_EDGE('',*,*,#701,.T.);
#352=ORIENTED_EDGE('',*,*,#704,.T.);
#353=ORIENTED_EDGE('',*,*,#706,.F.);
#354=ORIENTED_EDGE('',*,*,#707,.F.);
#355=ORIENTED_EDGE('',*,*,#708,.F.);
#356=ORIENTED_EDGE('',*,*,#709,.T.);
#357=ORIENTED_EDGE('',*,*,#710,.T.);
#358=ORIENTED_EDGE('',*,*,#711,.T.);
#359=ORIENTED_EDGE('',*,*,#712,.F.);
#360=ORIENTED_EDGE('',*,*,#713,.F.);
#361=ORIENTED_EDGE('',*,*,#708,.T.);
#362=ORIENTED_EDGE('',*,*,#714,.T.);
#363=ORIENTED_EDGE('',*,*,#715,.F.);
#364=ORIENTED_EDGE('',*,*,#716,.F.);
#365=ORIENTED_EDGE('',*,*,#712,.T.);
#366=ORIENTED_EDGE('',*,*,#717,.F.);
#367=ORIENTED_EDGE('',*,*,#710,.F.);
#368=ORIENTED_EDGE('',*,*,#718,.T.);
#369=ORIENTED_EDGE('',*,*,#715,.T.);
#370=ORIENTED_EDGE('',*,*,#707,.T.);
#371=ORIENTED_EDGE('',*,*,#717,.T.);
#372=ORIENTED_EDGE('',*,*,#714,.F.);
#373=ORIENTED_EDGE('',*,*,#711,.F.);
#374=ORIENTED_EDGE('',*,*,#709,.F.);
#375=ORIENTED_EDGE('',*,*,#713,.T.);
#376=ORIENTED_EDGE('',*,*,#716,.T.);
#377=ORIENTED_EDGE('',*,*,#718,.F.);
#378=ORIENTED_EDGE('',*,*,#719,.F.);
#379=ORIENTED_EDGE('',*,*,#720,.F.);
#380=ORIENTED_EDGE('',*,*,#721,.T.);
#381=ORIENTED_EDGE('',*,*,#722,.T.);
#382=ORIENTED_EDGE('',*,*,#723,.T.);
#383=ORIENTED_EDGE('',*,*,#724,.F.);
#384=ORIENTED_EDGE('',*,*,#725,.F.);
#385=ORIENTED_EDGE('',*,*,#720,.T.);
#386=ORIENTED_EDGE('',*,*,#726,.T.);
#387=ORIENTED_EDGE('',*,*,#727,.F.);
#388=ORIENTED_EDGE('',*,*,#728,.F.);
#389=ORIENTED_EDGE('',*,*,#724,.T.);
#390=ORIENTED_EDGE('',*,*,#729,.F.);
#391=ORIENTED_EDGE('',*,*,#722,.F.);
#392=ORIENTED_EDGE('',*,*,#730,.T.);
#393=ORIENTED_EDGE('',*,*,#727,.T.);
#394=ORIENTED_EDGE('',*,*,#719,.T.);
#395=ORIENTED_EDGE('',*,*,#729,.T.);
#396=ORIENTED_EDGE('',*,*,#726,.F.);
#397=ORIENTED_EDGE('',*,*,#723,.F.);
#398=ORIENTED_EDGE('',*,*,#721,.F.);
#399=ORIENTED_EDGE('',*,*,#725,.T.);
#400=ORIENTED_EDGE('',*,*,#728,.T.);
#401=ORIENTED_EDGE('',*,*,#730,.F.);
#402=ORIENTED_EDGE('',*,*,#731,.F.);
#403=ORIENTED_EDGE('',*,*,#732,.F.);
#404=ORIENTED_EDGE('',*,*,#733,.T.);
#405=ORIENTED_EDGE('',*,*,#734,.T.);
#406=ORIENTED_EDGE('',*,*,#735,.T.);
#407=ORIENTED_EDGE('',*,*,#736,.F.);
#408=ORIENTED_EDGE('',*,*,#737,.F.);
#409=ORIENTED_EDGE('',*,*,#732,.T.);
#410=ORIENTED_EDGE('',*,*,#738,.T.);
#411=ORIENTED_EDGE('',*,*,#739,.F.);
#412=ORIENTED_EDGE('',*,*,#740,.F.);
#413=ORIENTED_EDGE('',*,*,#736,.T.);
#414=ORIENTED_EDGE('',*,*,#741,.F.);
#415=ORIENTED_EDGE('',*,*,#734,.F.);
#416=ORIENTED_EDGE('',*,*,#742,.T.);
#417=ORIENTED_EDGE('',*,*,#739,.T.);
#418=ORIENTED_EDGE('',*,*,#731,.T.);
#419=ORIENTED_EDGE('',*,*,#741,.T.);
#420=ORIENTED_EDGE('',*,*,#738,.F.);
#421=ORIENTED_EDGE('',*,*,#735,.F.);
#422=ORIENTED_EDGE('',*,*,#733,.F.);
#423=ORIENTED_EDGE('',*,*,#737,.T.);
#424=ORIENTED_EDGE('',*,*,#740,.T.);
#425=ORIENTED_EDGE('',*,*,#742,.F.);
#426=ORIENTED_EDGE('',*,*,#743,.F.);
#427=ORIENTED_EDGE('',*,*,#744,.F.);
#428=ORIENTED_EDGE('',*,*,#745,.T.);
#429=ORIENTED_EDGE('',*,*,#746,.T.);
#430=ORIENTED_EDGE('',*,*,#747,.T.);
#431=ORIENTED_EDGE('',*,*,#748,.F.);
#432=ORIENTED_EDGE('',*,*,#749,.F.);
#433=ORIENTED_EDGE('',*,*,#744,.T.);
#434=ORIENTED_EDGE('',*,*,#750,.T.);
#435=ORIENTED_EDGE('',*,*,#751,.F.);
#436=ORIENTED_EDGE('',*,*,#752,.F.);
#437=ORIENTED_EDGE('',*,*,#748,.T.);
#438=ORIENTED_EDGE('',*,*,#753,.F.);
#439=ORIENTED_EDGE('',*,*,#746,.F.);
#440=ORIENTED_EDGE('',*,*,#754,.T.);
#441=ORIENTED_EDGE('',*,*,#751,.T.);
#442=ORIENTED_EDGE('',*,*,#743,.T.);
#443=ORIENTED_EDGE('',*,*,#753,.T.);
#444=ORIENTED_EDGE('',*,*,#750,.F.);
#445=ORIENTED_EDGE('',*,*,#747,.F.);
#446=ORIENTED_EDGE('',*,*,#745,.F.);
#447=ORIENTED_EDGE('',*,*,#749,.T.);
#448=ORIENTED_EDGE('',*,*,#752,.T.);
#449=ORIENTED_EDGE('',*,*,#754,.F.);
#450=ORIENTED_EDGE('',*,*,#755,.F.);
#451=ORIENTED_EDGE('',*,*,#756,.F.);
#452=ORIENTED_EDGE('',*,*,#757,.T.);
#453=ORIENTED_EDGE('',*,*,#758,.T.);
#454=ORIENTED_EDGE('',*,*,#759,.T.);
#455=ORIENTED_EDGE('',*,*,#760,.F.);
#456=ORIENTED_EDGE('',*,*,#761,.F.);
#457=ORIENTED_EDGE('',*,*,#756,.T.);
#458=ORIENTED_EDGE('',*,*,#762,.T.);
#459=ORIENTED_EDGE('',*,*,#763,.F.);
#460=ORIENTED_EDGE('',*,*,#764,.F.);
#461=ORIENTED_EDGE('',*,*,#760,.T.);
#462=ORIENTED_EDGE('',*,*,#765,.F.);
#463=ORIENTED_EDGE('',*,*,#758,.F.);
#464=ORIENTED_EDGE('',*,*,#766,.T.);
#465=ORIENTED_EDGE('',*,*,#763,.T.);
#466=ORIENTED_EDGE('',*,*,#755,.T.);
#467=ORIENTED_EDGE('',*,*,#765,.T.);
#468=ORIENTED_EDGE('',*,*,#762,.F.);
#469=ORIENTED_EDGE('',*,*,#759,.F.);
#470=ORIENTED_EDGE('',*,*,#757,.F.);
#471=ORIENTED_EDGE('',*,*,#761,.T.);
#472=ORIENTED_EDGE('',*,*,#764,.T.);
#473=ORIENTED_EDGE('',*,*,#766,.F.);
#474=ORIENTED_EDGE('',*,*,#767,.F.);
#475=ORIENTED_EDGE('',*,*,#768,.F.);
#476=ORIENTED_EDGE('',*,*,#769,.T.);
#477=ORIENTED_EDGE('',*,*,#770,.T.);
#478=ORIENTED_EDGE('',*,*,#771,.T.);
#479=ORIENTED_EDGE('',*,*,#772,.F.);
#480=ORIENTED_EDGE('',*,*,#773,.F.);
#481=ORIENTED_EDGE('',*,*,#768,.T.);
#482=ORIENTED_EDGE('',*,*,#774,.T.);
#483=ORIENTED_EDGE('',*,*,#775,.F.);
#484=ORIENTED_EDGE('',*,*,#776,.F.);
#485=ORIENTED_EDGE('',*,*,#772,.T.);
#486=ORIENTED_EDGE('',*,*,#777,.F.);
#487=ORIENTED_EDGE('',*,*,#770,.F.);
#488=ORIENTED_EDGE('',*,*,#778,.T.);
#489=ORIENTED_EDGE('',*,*,#775,.T.);
#490=ORIENTED_EDGE('',*,*,#767,.T.);
#491=ORIENTED_EDGE('',*,*,#777,.T.);
#492=ORIENTED_EDGE('',*,*,#774,.F.);
#493=ORIENTED_EDGE('',*,*,#771,.F.);
#494=ORIENTED_EDGE('',*,*,#769,.F.);
#495=ORIENTED_EDGE('',*,*,#773,.T.);
#496=ORIENTED_EDGE('',*,*,#776,.T.);
#497=ORIENTED_EDGE('',*,*,#778,.F.);
#498=ORIENTED_EDGE('',*,*,#779,.F.);
#499=ORIENTED_EDGE('',*,*,#780,.F.);
#500=ORIENTED_EDGE('',*,*,#781,.T.);
#501=ORIENTED_EDGE('',*,*,#782,.T.);
#502=ORIENTED_EDGE('',*,*,#783,.T.);
#503=ORIENTED_EDGE('',*,*,#784,.F.);
#504=ORIENTED_EDGE('',*,*,#785,.F.);
#505=ORIENTED_EDGE('',*,*,#780,.T.);
#506=ORIENTED_EDGE('',*,*,#786,.T.);
#507=ORIENTED_EDGE('',*,*,#787,.F.);
#508=ORIENTED_EDGE('',*,*,#788,.F.);
#509=ORIENTED_EDGE('',*,*,#784,.T.);
#510=ORIENTED_EDGE('',*,*,#789,.F.);
#511=ORIENTED_EDGE('',*,*,#782,.F.);
#512=ORIENTED_EDGE('',*,*,#790,.T.);
#513=ORIENTED_EDGE('',*,*,#787,.T.);
#514=ORIENTED_EDGE('',*,*,#779,.T.);
#515=ORIENTED_EDGE('',*,*,#789,.T.);
#516=ORIENTED_EDGE('',*,*,#786,.F.);
#517=ORIENTED_EDGE('',*,*,#783,.F.);
#518=ORIENTED_EDGE('',*,*,#781,.F.);
#519=ORIENTED_EDGE('',*,*,#785,.T.);
#520=ORIENTED_EDGE('',*,*,#788,.T.);
#521=ORIENTED_EDGE('',*,*,#790,.F.);
#522=ORIENTED_EDGE('',*,*,#791,.F.);
#523=ORIENTED_EDGE('',*,*,#792,.F.);
#524=ORIENTED_EDGE('',*,*,#793,.T.);
#525=ORIENTED_EDGE('',*,*,#794,.T.);
#526=ORIENTED_EDGE('',*,*,#795,.T.);
#527=ORIENTED_EDGE('',*,*,#796,.F.);
#528=ORIENTED_EDGE('',*,*,#797,.F.);
#529=ORIENTED_EDGE('',*,*,#792,.T.);
#530=ORIENTED_EDGE('',*,*,#798,.T.);
#531=ORIENTED_EDGE('',*,*,#799,.F.);
#532=ORIENTED_EDGE('',*,*,#800,.F.);
#533=ORIENTED_EDGE('',*,*,#796,.T.);
#534=ORIENTED_EDGE('',*,*,#801,.F.);
#535=ORIENTED_EDGE('',*,*,#794,.F.);
#536=ORIENTED_EDGE('',*,*,#802,.T.);
#537=ORIENTED_EDGE('',*,*,#799,.T.);
#538=ORIENTED_EDGE('',*,*,#791,.T.);
#539=ORIENTED_EDGE('',*,*,#801,.T.);
#540=ORIENTED_EDGE('',*,*,#798,.F.);
#541=ORIENTED_EDGE('',*,*,#795,.F.);
#542=ORIENTED_EDGE('',*,*,#793,.F.);
#543=ORIENTED_EDGE('',*,*,#797,.T.);
#544=ORIENTED_EDGE('',*,*,#800,.T.);
#545=ORIENTED_EDGE('',*,*,#802,.F.);
#546=ORIENTED_EDGE('',*,*,#803,.F.);
#547=ORIENTED_EDGE('',*,*,#804,.T.);
#548=ORIENTED_EDGE('',*,*,#803,.T.);
#549=ORIENTED_EDGE('',*,*,#804,.F.);
#550=ORIENTED_EDGE('',*,*,#805,.F.);
#551=ORIENTED_EDGE('',*,*,#806,.T.);
#552=ORIENTED_EDGE('',*,*,#805,.T.);
#553=ORIENTED_EDGE('',*,*,#806,.F.);
#554=ORIENTED_EDGE('',*,*,#807,.F.);
#555=ORIENTED_EDGE('',*,*,#808,.T.);
#556=ORIENTED_EDGE('',*,*,#807,.T.);
#557=ORIENTED_EDGE('',*,*,#808,.F.);
#558=ORIENTED_EDGE('',*,*,#809,.F.);
#559=ORIENTED_EDGE('',*,*,#810,.T.);
#560=ORIENTED_EDGE('',*,*,#809,.T.);
#561=ORIENTED_EDGE('',*,*,#810,.F.);
#562=ORIENTED_EDGE('',*,*,#811,.F.);
#563=ORIENTED_EDGE('',*,*,#812,.T.);
#564=ORIENTED_EDGE('',*,*,#811,.T.);
#565=ORIENTED_EDGE('',*,*,#812,.F.);
#566=ORIENTED_EDGE('',*,*,#813,.F.);
#567=ORIENTED_EDGE('',*,*,#814,.T.);
#568=ORIENTED_EDGE('',*,*,#813,.T.);
#569=ORIENTED_EDGE('',*,*,#814,.F.);
#570=ORIENTED_EDGE('',*,*,#815,.F.);
#571=ORIENTED_EDGE('',*,*,#816,.T.);
#572=ORIENTED_EDGE('',*,*,#815,.T.);
#573=ORIENTED_EDGE('',*,*,#816,.F.);
#574=ORIENTED_EDGE('',*,*,#817,.F.);
#575=ORIENTED_EDGE('',*,*,#818,.T.);
#576=ORIENTED_EDGE('',*,*,#817,.T.);
#577=ORIENTED_EDGE('',*,*,#818,.F.);
#578=ORIENTED_EDGE('',*,*,#819,.F.);
#579=ORIENTED_EDGE('',*,*,#820,.T.);
#580=ORIENTED_EDGE('',*,*,#819,.T.);
#581=ORIENTED_EDGE('',*,*,#820,.F.);
#582=EDGE_CURVE('',#821,#822,#988,.T.);
#583=EDGE_CURVE('',#823,#821,#989,.T.);
#584=EDGE_CURVE('',#823,#824,#990,.T.);
#585=EDGE_CURVE('',#824,#822,#991,.T.);
#586=EDGE_CURVE('',#821,#825,#992,.T.);
#587=EDGE_CURVE('',#826,#825,#993,.T.);
#588=EDGE_CURVE('',#823,#826,#994,.F.);
#589=EDGE_CURVE('',#825,#827,#995,.T.);
#590=EDGE_CURVE('',#828,#827,#996,.T.);
#591=EDGE_CURVE('',#826,#828,#997,.T.);
#592=EDGE_CURVE('',#822,#827,#998,.T.);
#593=EDGE_CURVE('',#824,#828,#999,.F.);
#594=EDGE_CURVE('',#829,#830,#1000,.T.);
#595=EDGE_CURVE('',#829,#831,#1001,.T.);
#596=EDGE_CURVE('',#831,#832,#1002,.T.);
#597=EDGE_CURVE('',#830,#832,#1003,.T.);
#598=EDGE_CURVE('',#831,#833,#1004,.F.);
#599=EDGE_CURVE('',#833,#834,#1005,.T.);
#600=EDGE_CURVE('',#834,#832,#1006,.T.);
#601=EDGE_CURVE('',#835,#836,#1007,.T.);
#602=EDGE_CURVE('',#835,#837,#1008,.T.);
#603=EDGE_CURVE('',#837,#838,#1009,.T.);
#604=EDGE_CURVE('',#836,#838,#1010,.T.);
#605=EDGE_CURVE('',#839,#837,#1011,.T.);
#606=EDGE_CURVE('',#839,#840,#1012,.T.);
#607=EDGE_CURVE('',#840,#838,#1013,.T.);
#608=EDGE_CURVE('',#835,#841,#1014,.T.);
#609=EDGE_CURVE('',#841,#842,#1015,.T.);
#610=EDGE_CURVE('',#842,#843,#1016,.F.);
#611=EDGE_CURVE('',#843,#839,#1017,.T.);
#612=EDGE_CURVE('',#836,#834,#1018,.T.);
#613=EDGE_CURVE('',#830,#840,#1019,.T.);
#614=EDGE_CURVE('',#843,#829,#12,.F.);
#615=EDGE_CURVE('',#831,#842,#11,.F.);
#616=EDGE_CURVE('',#833,#841,#13,.F.);
#617=EDGE_CURVE('',#844,#844,#14,.F.);
#618=EDGE_CURVE('',#845,#845,#15,.F.);
#619=EDGE_CURVE('',#846,#846,#16,.F.);
#620=EDGE_CURVE('',#847,#847,#17,.T.);
#621=EDGE_CURVE('',#848,#848,#18,.T.);
#622=EDGE_CURVE('',#849,#849,#19,.T.);
#623=EDGE_CURVE('',#850,#851,#1020,.T.);
#624=EDGE_CURVE('',#852,#850,#1021,.T.);
#625=EDGE_CURVE('',#852,#853,#1022,.T.);
#626=EDGE_CURVE('',#853,#851,#1023,.T.);
#627=EDGE_CURVE('',#850,#854,#1024,.T.);
#628=EDGE_CURVE('',#855,#854,#1025,.T.);
#629=EDGE_CURVE('',#852,#855,#1026,.F.);
#630=EDGE_CURVE('',#854,#856,#1027,.T.);
#631=EDGE_CURVE('',#857,#856,#1028,.T.);
#632=EDGE_CURVE('',#855,#857,#1029,.T.);
#633=EDGE_CURVE('',#851,#856,#1030,.T.);
#634=EDGE_CURVE('',#853,#857,#1031,.F.);
#635=EDGE_CURVE('',#858,#859,#1032,.T.);
#636=EDGE_CURVE('',#860,#858,#1033,.T.);
#637=EDGE_CURVE('',#860,#861,#1034,.T.);
#638=EDGE_CURVE('',#861,#859,#1035,.T.);
#639=EDGE_CURVE('',#858,#862,#1036,.T.);
#640=EDGE_CURVE('',#863,#862,#1037,.T.);
#641=EDGE_CURVE('',#860,#863,#1038,.F.);
#642=EDGE_CURVE('',#862,#864,#1039,.T.);
#643=EDGE_CURVE('',#865,#864,#1040,.T.);
#644=EDGE_CURVE('',#863,#865,#1041,.T.);
#645=EDGE_CURVE('',#859,#864,#1042,.T.);
#646=EDGE_CURVE('',#861,#865,#1043,.F.);
#647=EDGE_CURVE('',#866,#867,#1044,.T.);
#648=EDGE_CURVE('',#868,#866,#1045,.T.);
#649=EDGE_CURVE('',#868,#869,#1046,.T.);
#650=EDGE_CURVE('',#869,#867,#1047,.T.);
#651=EDGE_CURVE('',#866,#870,#1048,.T.);
#652=EDGE_CURVE('',#871,#870,#1049,.T.);
#653=EDGE_CURVE('',#868,#871,#1050,.F.);
#654=EDGE_CURVE('',#870,#872,#1051,.T.);
#655=EDGE_CURVE('',#873,#872,#1052,.T.);
#656=EDGE_CURVE('',#871,#873,#1053,.T.);
#657=EDGE_CURVE('',#867,#872,#1054,.T.);
#658=EDGE_CURVE('',#869,#873,#1055,.F.);
#659=EDGE_CURVE('',#874,#875,#1056,.T.);
#660=EDGE_CURVE('',#876,#874,#1057,.T.);
#661=EDGE_CURVE('',#876,#877,#1058,.T.);
#662=EDGE_CURVE('',#877,#875,#1059,.T.);
#663=EDGE_CURVE('',#874,#878,#1060,.T.);
#664=EDGE_CURVE('',#879,#878,#1061,.T.);
#665=EDGE_CURVE('',#876,#879,#1062,.F.);
#666=EDGE_CURVE('',#878,#880,#1063,.T.);
#667=EDGE_CURVE('',#881,#880,#1064,.T.);
#668=EDGE_CURVE('',#879,#881,#1065,.T.);
#669=EDGE_CURVE('',#875,#880,#1066,.T.);
#670=EDGE_CURVE('',#877,#881,#1067,.F.);
#671=EDGE_CURVE('',#882,#883,#1068,.T.);
#672=EDGE_CURVE('',#884,#882,#1069,.T.);
#673=EDGE_CURVE('',#884,#885,#1070,.T.);
#674=EDGE_CURVE('',#885,#883,#1071,.T.);
#675=EDGE_CURVE('',#882,#886,#1072,.T.);
#676=EDGE_CURVE('',#887,#886,#1073,.T.);
#677=EDGE_CURVE('',#884,#887,#1074,.F.);
#678=EDGE_CURVE('',#886,#888,#1075,.T.);
#679=EDGE_CURVE('',#889,#888,#1076,.T.);
#680=EDGE_CURVE('',#887,#889,#1077,.T.);
#681=EDGE_CURVE('',#883,#888,#1078,.T.);
#682=EDGE_CURVE('',#885,#889,#1079,.F.);
#683=EDGE_CURVE('',#890,#891,#1080,.T.);
#684=EDGE_CURVE('',#892,#890,#1081,.T.);
#685=EDGE_CURVE('',#892,#893,#1082,.T.);
#686=EDGE_CURVE('',#893,#891,#1083,.T.);
#687=EDGE_CURVE('',#890,#894,#1084,.T.);
#688=EDGE_CURVE('',#895,#894,#1085,.T.);
#689=EDGE_CURVE('',#892,#895,#1086,.F.);
#690=EDGE_CURVE('',#894,#896,#1087,.T.);
#691=EDGE_CURVE('',#897,#896,#1088,.T.);
#692=EDGE_CURVE('',#895,#897,#1089,.T.);
#693=EDGE_CURVE('',#891,#896,#1090,.T.);
#694=EDGE_CURVE('',#893,#897,#1091,.F.);
#695=EDGE_CURVE('',#898,#899,#1092,.T.);
#696=EDGE_CURVE('',#900,#898,#1093,.T.);
#697=EDGE_CURVE('',#900,#901,#1094,.T.);
#698=EDGE_CURVE('',#901,#899,#1095,.T.);
#699=EDGE_CURVE('',#898,#902,#1096,.T.);
#700=EDGE_CURVE('',#903,#902,#1097,.T.);
#701=EDGE_CURVE('',#900,#903,#1098,.F.);
#702=EDGE_CURVE('',#902,#904,#1099,.T.);
#703=EDGE_CURVE('',#905,#904,#1100,.T.);
#704=EDGE_CURVE('',#903,#905,#1101,.T.);
#705=EDGE_CURVE('',#899,#904,#1102,.T.);
#706=EDGE_CURVE('',#901,#905,#1103,.F.);
#707=EDGE_CURVE('',#906,#907,#1104,.T.);
#708=EDGE_CURVE('',#908,#906,#1105,.T.);
#709=EDGE_CURVE('',#908,#909,#1106,.T.);
#710=EDGE_CURVE('',#909,#907,#1107,.T.);
#711=EDGE_CURVE('',#906,#910,#1108,.T.);
#712=EDGE_CURVE('',#911,#910,#1109,.T.);
#713=EDGE_CURVE('',#908,#911,#1110,.F.);
#714=EDGE_CURVE('',#910,#912,#1111,.T.);
#715=EDGE_CURVE('',#913,#912,#1112,.T.);
#716=EDGE_CURVE('',#911,#913,#1113,.T.);
#717=EDGE_CURVE('',#907,#912,#1114,.T.);
#718=EDGE_CURVE('',#909,#913,#1115,.F.);
#719=EDGE_CURVE('',#914,#915,#1116,.T.);
#720=EDGE_CURVE('',#916,#914,#1117,.T.);
#721=EDGE_CURVE('',#916,#917,#1118,.T.);
#722=EDGE_CURVE('',#917,#915,#1119,.T.);
#723=EDGE_CURVE('',#914,#918,#1120,.T.);
#724=EDGE_CURVE('',#919,#918,#1121,.T.);
#725=EDGE_CURVE('',#916,#919,#1122,.F.);
#726=EDGE_CURVE('',#918,#920,#1123,.T.);
#727=EDGE_CURVE('',#921,#920,#1124,.T.);
#728=EDGE_CURVE('',#919,#921,#1125,.T.);
#729=EDGE_CURVE('',#915,#920,#1126,.T.);
#730=EDGE_CURVE('',#917,#921,#1127,.F.);
#731=EDGE_CURVE('',#922,#923,#1128,.T.);
#732=EDGE_CURVE('',#924,#922,#1129,.T.);
#733=EDGE_CURVE('',#924,#925,#1130,.T.);
#734=EDGE_CURVE('',#925,#923,#1131,.T.);
#735=EDGE_CURVE('',#922,#926,#1132,.T.);
#736=EDGE_CURVE('',#927,#926,#1133,.T.);
#737=EDGE_CURVE('',#924,#927,#1134,.F.);
#738=EDGE_CURVE('',#926,#928,#1135,.T.);
#739=EDGE_CURVE('',#929,#928,#1136,.T.);
#740=EDGE_CURVE('',#927,#929,#1137,.T.);
#741=EDGE_CURVE('',#923,#928,#1138,.T.);
#742=EDGE_CURVE('',#925,#929,#1139,.F.);
#743=EDGE_CURVE('',#930,#931,#1140,.T.);
#744=EDGE_CURVE('',#932,#930,#1141,.T.);
#745=EDGE_CURVE('',#932,#933,#1142,.T.);
#746=EDGE_CURVE('',#933,#931,#1143,.T.);
#747=EDGE_CURVE('',#930,#934,#1144,.T.);
#748=EDGE_CURVE('',#935,#934,#1145,.T.);
#749=EDGE_CURVE('',#932,#935,#1146,.F.);
#750=EDGE_CURVE('',#934,#936,#1147,.T.);
#751=EDGE_CURVE('',#937,#936,#1148,.T.);
#752=EDGE_CURVE('',#935,#937,#1149,.T.);
#753=EDGE_CURVE('',#931,#936,#1150,.T.);
#754=EDGE_CURVE('',#933,#937,#1151,.F.);
#755=EDGE_CURVE('',#938,#939,#1152,.T.);
#756=EDGE_CURVE('',#940,#938,#1153,.T.);
#757=EDGE_CURVE('',#940,#941,#1154,.T.);
#758=EDGE_CURVE('',#941,#939,#1155,.T.);
#759=EDGE_CURVE('',#938,#942,#1156,.T.);
#760=EDGE_CURVE('',#943,#942,#1157,.T.);
#761=EDGE_CURVE('',#940,#943,#1158,.F.);
#762=EDGE_CURVE('',#942,#944,#1159,.T.);
#763=EDGE_CURVE('',#945,#944,#1160,.T.);
#764=EDGE_CURVE('',#943,#945,#1161,.T.);
#765=EDGE_CURVE('',#939,#944,#1162,.T.);
#766=EDGE_CURVE('',#941,#945,#1163,.F.);
#767=EDGE_CURVE('',#946,#947,#1164,.T.);
#768=EDGE_CURVE('',#948,#946,#1165,.T.);
#769=EDGE_CURVE('',#948,#949,#1166,.T.);
#770=EDGE_CURVE('',#949,#947,#1167,.T.);
#771=EDGE_CURVE('',#946,#950,#1168,.T.);
#772=EDGE_CURVE('',#951,#950,#1169,.T.);
#773=EDGE_CURVE('',#948,#951,#1170,.F.);
#774=EDGE_CURVE('',#950,#952,#1171,.T.);
#775=EDGE_CURVE('',#953,#952,#1172,.T.);
#776=EDGE_CURVE('',#951,#953,#1173,.T.);
#777=EDGE_CURVE('',#947,#952,#1174,.T.);
#778=EDGE_CURVE('',#949,#953,#1175,.F.);
#779=EDGE_CURVE('',#954,#955,#1176,.T.);
#780=EDGE_CURVE('',#956,#954,#1177,.T.);
#781=EDGE_CURVE('',#956,#957,#1178,.T.);
#782=EDGE_CURVE('',#957,#955,#1179,.T.);
#783=EDGE_CURVE('',#954,#958,#1180,.T.);
#784=EDGE_CURVE('',#959,#958,#1181,.T.);
#785=EDGE_CURVE('',#956,#959,#1182,.F.);
#786=EDGE_CURVE('',#958,#960,#1183,.T.);
#787=EDGE_CURVE('',#961,#960,#1184,.T.);
#788=EDGE_CURVE('',#959,#961,#1185,.T.);
#789=EDGE_CURVE('',#955,#960,#1186,.T.);
#790=EDGE_CURVE('',#957,#961,#1187,.F.);
#791=EDGE_CURVE('',#962,#963,#1188,.T.);
#792=EDGE_CURVE('',#964,#962,#1189,.T.);
#793=EDGE_CURVE('',#964,#965,#1190,.T.);
#794=EDGE_CURVE('',#965,#963,#1191,.T.);
#795=EDGE_CURVE('',#962,#966,#1192,.T.);
#796=EDGE_CURVE('',#967,#966,#1193,.T.);
#797=EDGE_CURVE('',#964,#967,#1194,.F.);
#798=EDGE_CURVE('',#966,#968,#1195,.T.);
#799=EDGE_CURVE('',#969,#968,#1196,.T.);
#800=EDGE_CURVE('',#967,#969,#1197,.T.);
#801=EDGE_CURVE('',#963,#968,#1198,.T.);
#802=EDGE_CURVE('',#965,#969,#1199,.F.);
#803=EDGE_CURVE('',#970,#970,#20,.T.);
#804=EDGE_CURVE('',#971,#971,#21,.T.);
#805=EDGE_CURVE('',#972,#972,#22,.T.);
#806=EDGE_CURVE('',#973,#973,#23,.T.);
#807=EDGE_CURVE('',#974,#974,#24,.T.);
#808=EDGE_CURVE('',#975,#975,#25,.T.);
#809=EDGE_CURVE('',#976,#976,#26,.T.);
#810=EDGE_CURVE('',#977,#977,#27,.T.);
#811=EDGE_CURVE('',#978,#978,#28,.T.);
#812=EDGE_CURVE('',#979,#979,#29,.T.);
#813=EDGE_CURVE('',#980,#980,#30,.T.);
#814=EDGE_CURVE('',#981,#981,#31,.T.);
#815=EDGE_CURVE('',#982,#982,#32,.T.);
#816=EDGE_CURVE('',#983,#983,#33,.T.);
#817=EDGE_CURVE('',#984,#984,#34,.T.);
#818=EDGE_CURVE('',#985,#985,#35,.T.);
#819=EDGE_CURVE('',#986,#986,#36,.T.);
#820=EDGE_CURVE('',#987,#987,#37,.T.);
#821=VERTEX_POINT('',#3063);
#822=VERTEX_POINT('',#3064);
#823=VERTEX_POINT('',#3066);
#824=VERTEX_POINT('',#3068);
#825=VERTEX_POINT('',#3072);
#826=VERTEX_POINT('',#3074);
#827=VERTEX_POINT('',#3078);
#828=VERTEX_POINT('',#3080);
#829=VERTEX_POINT('',#3090);
#830=VERTEX_POINT('',#3091);
#831=VERTEX_POINT('',#3093);
#832=VERTEX_POINT('',#3095);
#833=VERTEX_POINT('',#3099);
#834=VERTEX_POINT('',#3101);
#835=VERTEX_POINT('',#3105);
#836=VERTEX_POINT('',#3106);
#837=VERTEX_POINT('',#3108);
#838=VERTEX_POINT('',#3110);
#839=VERTEX_POINT('',#3114);
#840=VERTEX_POINT('',#3116);
#841=VERTEX_POINT('',#3120);
#842=VERTEX_POINT('',#3122);
#843=VERTEX_POINT('',#3124);
#844=VERTEX_POINT('',#3136);
#845=VERTEX_POINT('',#3138);
#846=VERTEX_POINT('',#3140);
#847=VERTEX_POINT('',#3144);
#848=VERTEX_POINT('',#3148);
#849=VERTEX_POINT('',#3152);
#850=VERTEX_POINT('',#3157);
#851=VERTEX_POINT('',#3158);
#852=VERTEX_POINT('',#3160);
#853=VERTEX_POINT('',#3162);
#854=VERTEX_POINT('',#3166);
#855=VERTEX_POINT('',#3168);
#856=VERTEX_POINT('',#3172);
#857=VERTEX_POINT('',#3174);
#858=VERTEX_POINT('',#3184);
#859=VERTEX_POINT('',#3185);
#860=VERTEX_POINT('',#3187);
#861=VERTEX_POINT('',#3189);
#862=VERTEX_POINT('',#3193);
#863=VERTEX_POINT('',#3195);
#864=VERTEX_POINT('',#3199);
#865=VERTEX_POINT('',#3201);
#866=VERTEX_POINT('',#3211);
#867=VERTEX_POINT('',#3212);
#868=VERTEX_POINT('',#3214);
#869=VERTEX_POINT('',#3216);
#870=VERTEX_POINT('',#3220);
#871=VERTEX_POINT('',#3222);
#872=VERTEX_POINT('',#3226);
#873=VERTEX_POINT('',#3228);
#874=VERTEX_POINT('',#3238);
#875=VERTEX_POINT('',#3239);
#876=VERTEX_POINT('',#3241);
#877=VERTEX_POINT('',#3243);
#878=VERTEX_POINT('',#3247);
#879=VERTEX_POINT('',#3249);
#880=VERTEX_POINT('',#3253);
#881=VERTEX_POINT('',#3255);
#882=VERTEX_POINT('',#3265);
#883=VERTEX_POINT('',#3266);
#884=VERTEX_POINT('',#3268);
#885=VERTEX_POINT('',#3270);
#886=VERTEX_POINT('',#3274);
#887=VERTEX_POINT('',#3276);
#888=VERTEX_POINT('',#3280);
#889=VERTEX_POINT('',#3282);
#890=VERTEX_POINT('',#3292);
#891=VERTEX_POINT('',#3293);
#892=VERTEX_POINT('',#3295);
#893=VERTEX_POINT('',#3297);
#894=VERTEX_POINT('',#3301);
#895=VERTEX_POINT('',#3303);
#896=VERTEX_POINT('',#3307);
#897=VERTEX_POINT('',#3309);
#898=VERTEX_POINT('',#3319);
#899=VERTEX_POINT('',#3320);
#900=VERTEX_POINT('',#3322);
#901=VERTEX_POINT('',#3324);
#902=VERTEX_POINT('',#3328);
#903=VERTEX_POINT('',#3330);
#904=VERTEX_POINT('',#3334);
#905=VERTEX_POINT('',#3336);
#906=VERTEX_POINT('',#3346);
#907=VERTEX_POINT('',#3347);
#908=VERTEX_POINT('',#3349);
#909=VERTEX_POINT('',#3351);
#910=VERTEX_POINT('',#3355);
#911=VERTEX_POINT('',#3357);
#912=VERTEX_POINT('',#3361);
#913=VERTEX_POINT('',#3363);
#914=VERTEX_POINT('',#3373);
#915=VERTEX_POINT('',#3374);
#916=VERTEX_POINT('',#3376);
#917=VERTEX_POINT('',#3378);
#918=VERTEX_POINT('',#3382);
#919=VERTEX_POINT('',#3384);
#920=VERTEX_POINT('',#3388);
#921=VERTEX_POINT('',#3390);
#922=VERTEX_POINT('',#3400);
#923=VERTEX_POINT('',#3401);
#924=VERTEX_POINT('',#3403);
#925=VERTEX_POINT('',#3405);
#926=VERTEX_POINT('',#3409);
#927=VERTEX_POINT('',#3411);
#928=VERTEX_POINT('',#3415);
#929=VERTEX_POINT('',#3417);
#930=VERTEX_POINT('',#3427);
#931=VERTEX_POINT('',#3428);
#932=VERTEX_POINT('',#3430);
#933=VERTEX_POINT('',#3432);
#934=VERTEX_POINT('',#3436);
#935=VERTEX_POINT('',#3438);
#936=VERTEX_POINT('',#3442);
#937=VERTEX_POINT('',#3444);
#938=VERTEX_POINT('',#3454);
#939=VERTEX_POINT('',#3455);
#940=VERTEX_POINT('',#3457);
#941=VERTEX_POINT('',#3459);
#942=VERTEX_POINT('',#3463);
#943=VERTEX_POINT('',#3465);
#944=VERTEX_POINT('',#3469);
#945=VERTEX_POINT('',#3471);
#946=VERTEX_POINT('',#3481);
#947=VERTEX_POINT('',#3482);
#948=VERTEX_POINT('',#3484);
#949=VERTEX_POINT('',#3486);
#950=VERTEX_POINT('',#3490);
#951=VERTEX_POINT('',#3492);
#952=VERTEX_POINT('',#3496);
#953=VERTEX_POINT('',#3498);
#954=VERTEX_POINT('',#3508);
#955=VERTEX_POINT('',#3509);
#956=VERTEX_POINT('',#3511);
#957=VERTEX_POINT('',#3513);
#958=VERTEX_POINT('',#3517);
#959=VERTEX_POINT('',#3519);
#960=VERTEX_POINT('',#3523);
#961=VERTEX_POINT('',#3525);
#962=VERTEX_POINT('',#3535);
#963=VERTEX_POINT('',#3536);
#964=VERTEX_POINT('',#3538);
#965=VERTEX_POINT('',#3540);
#966=VERTEX_POINT('',#3544);
#967=VERTEX_POINT('',#3546);
#968=VERTEX_POINT('',#3550);
#969=VERTEX_POINT('',#3552);
#970=VERTEX_POINT('',#3562);
#971=VERTEX_POINT('',#3564);
#972=VERTEX_POINT('',#3570);
#973=VERTEX_POINT('',#3572);
#974=VERTEX_POINT('',#3578);
#975=VERTEX_POINT('',#3580);
#976=VERTEX_POINT('',#3586);
#977=VERTEX_POINT('',#3588);
#978=VERTEX_POINT('',#3594);
#979=VERTEX_POINT('',#3596);
#980=VERTEX_POINT('',#3602);
#981=VERTEX_POINT('',#3604);
#982=VERTEX_POINT('',#3610);
#983=VERTEX_POINT('',#3612);
#984=VERTEX_POINT('',#3618);
#985=VERTEX_POINT('',#3620);
#986=VERTEX_POINT('',#3626);
#987=VERTEX_POINT('',#3628);
#988=LINE('',#3062,#1200);
#989=LINE('',#3065,#1201);
#990=LINE('',#3067,#1202);
#991=LINE('',#3069,#1203);
#992=LINE('',#3071,#1204);
#993=LINE('',#3073,#1205);
#994=LINE('',#3075,#1206);
#995=LINE('',#3077,#1207);
#996=LINE('',#3079,#1208);
#997=LINE('',#3081,#1209);
#998=LINE('',#3083,#1210);
#999=LINE('',#3084,#1211);
#1000=LINE('',#3089,#1212);
#1001=LINE('',#3092,#1213);
#1002=LINE('',#3094,#1214);
#1003=LINE('',#3096,#1215);
#1004=LINE('',#3098,#1216);
#1005=LINE('',#3100,#1217);
#1006=LINE('',#3102,#1218);
#1007=LINE('',#3104,#1219);
#1008=LINE('',#3107,#1220);
#1009=LINE('',#3109,#1221);
#1010=LINE('',#3111,#1222);
#1011=LINE('',#3113,#1223);
#1012=LINE('',#3115,#1224);
#1013=LINE('',#3117,#1225);
#1014=LINE('',#3119,#1226);
#1015=LINE('',#3121,#1227);
#1016=LINE('',#3123,#1228);
#1017=LINE('',#3125,#1229);
#1018=LINE('',#3127,#1230);
#1019=LINE('',#3128,#1231);
#1020=LINE('',#3156,#1232);
#1021=LINE('',#3159,#1233);
#1022=LINE('',#3161,#1234);
#1023=LINE('',#3163,#1235);
#1024=LINE('',#3165,#1236);
#1025=LINE('',#3167,#1237);
#1026=LINE('',#3169,#1238);
#1027=LINE('',#3171,#1239);
#1028=LINE('',#3173,#1240);
#1029=LINE('',#3175,#1241);
#1030=LINE('',#3177,#1242);
#1031=LINE('',#3178,#1243);
#1032=LINE('',#3183,#1244);
#1033=LINE('',#3186,#1245);
#1034=LINE('',#3188,#1246);
#1035=LINE('',#3190,#1247);
#1036=LINE('',#3192,#1248);
#1037=LINE('',#3194,#1249);
#1038=LINE('',#3196,#1250);
#1039=LINE('',#3198,#1251);
#1040=LINE('',#3200,#1252);
#1041=LINE('',#3202,#1253);
#1042=LINE('',#3204,#1254);
#1043=LINE('',#3205,#1255);
#1044=LINE('',#3210,#1256);
#1045=LINE('',#3213,#1257);
#1046=LINE('',#3215,#1258);
#1047=LINE('',#3217,#1259);
#1048=LINE('',#3219,#1260);
#1049=LINE('',#3221,#1261);
#1050=LINE('',#3223,#1262);
#1051=LINE('',#3225,#1263);
#1052=LINE('',#3227,#1264);
#1053=LINE('',#3229,#1265);
#1054=LINE('',#3231,#1266);
#1055=LINE('',#3232,#1267);
#1056=LINE('',#3237,#1268);
#1057=LINE('',#3240,#1269);
#1058=LINE('',#3242,#1270);
#1059=LINE('',#3244,#1271);
#1060=LINE('',#3246,#1272);
#1061=LINE('',#3248,#1273);
#1062=LINE('',#3250,#1274);
#1063=LINE('',#3252,#1275);
#1064=LINE('',#3254,#1276);
#1065=LINE('',#3256,#1277);
#1066=LINE('',#3258,#1278);
#1067=LINE('',#3259,#1279);
#1068=LINE('',#3264,#1280);
#1069=LINE('',#3267,#1281);
#1070=LINE('',#3269,#1282);
#1071=LINE('',#3271,#1283);
#1072=LINE('',#3273,#1284);
#1073=LINE('',#3275,#1285);
#1074=LINE('',#3277,#1286);
#1075=LINE('',#3279,#1287);
#1076=LINE('',#3281,#1288);
#1077=LINE('',#3283,#1289);
#1078=LINE('',#3285,#1290);
#1079=LINE('',#3286,#1291);
#1080=LINE('',#3291,#1292);
#1081=LINE('',#3294,#1293);
#1082=LINE('',#3296,#1294);
#1083=LINE('',#3298,#1295);
#1084=LINE('',#3300,#1296);
#1085=LINE('',#3302,#1297);
#1086=LINE('',#3304,#1298);
#1087=LINE('',#3306,#1299);
#1088=LINE('',#3308,#1300);
#1089=LINE('',#3310,#1301);
#1090=LINE('',#3312,#1302);
#1091=LINE('',#3313,#1303);
#1092=LINE('',#3318,#1304);
#1093=LINE('',#3321,#1305);
#1094=LINE('',#3323,#1306);
#1095=LINE('',#3325,#1307);
#1096=LINE('',#3327,#1308);
#1097=LINE('',#3329,#1309);
#1098=LINE('',#3331,#1310);
#1099=LINE('',#3333,#1311);
#1100=LINE('',#3335,#1312);
#1101=LINE('',#3337,#1313);
#1102=LINE('',#3339,#1314);
#1103=LINE('',#3340,#1315);
#1104=LINE('',#3345,#1316);
#1105=LINE('',#3348,#1317);
#1106=LINE('',#3350,#1318);
#1107=LINE('',#3352,#1319);
#1108=LINE('',#3354,#1320);
#1109=LINE('',#3356,#1321);
#1110=LINE('',#3358,#1322);
#1111=LINE('',#3360,#1323);
#1112=LINE('',#3362,#1324);
#1113=LINE('',#3364,#1325);
#1114=LINE('',#3366,#1326);
#1115=LINE('',#3367,#1327);
#1116=LINE('',#3372,#1328);
#1117=LINE('',#3375,#1329);
#1118=LINE('',#3377,#1330);
#1119=LINE('',#3379,#1331);
#1120=LINE('',#3381,#1332);
#1121=LINE('',#3383,#1333);
#1122=LINE('',#3385,#1334);
#1123=LINE('',#3387,#1335);
#1124=LINE('',#3389,#1336);
#1125=LINE('',#3391,#1337);
#1126=LINE('',#3393,#1338);
#1127=LINE('',#3394,#1339);
#1128=LINE('',#3399,#1340);
#1129=LINE('',#3402,#1341);
#1130=LINE('',#3404,#1342);
#1131=LINE('',#3406,#1343);
#1132=LINE('',#3408,#1344);
#1133=LINE('',#3410,#1345);
#1134=LINE('',#3412,#1346);
#1135=LINE('',#3414,#1347);
#1136=LINE('',#3416,#1348);
#1137=LINE('',#3418,#1349);
#1138=LINE('',#3420,#1350);
#1139=LINE('',#3421,#1351);
#1140=LINE('',#3426,#1352);
#1141=LINE('',#3429,#1353);
#1142=LINE('',#3431,#1354);
#1143=LINE('',#3433,#1355);
#1144=LINE('',#3435,#1356);
#1145=LINE('',#3437,#1357);
#1146=LINE('',#3439,#1358);
#1147=LINE('',#3441,#1359);
#1148=LINE('',#3443,#1360);
#1149=LINE('',#3445,#1361);
#1150=LINE('',#3447,#1362);
#1151=LINE('',#3448,#1363);
#1152=LINE('',#3453,#1364);
#1153=LINE('',#3456,#1365);
#1154=LINE('',#3458,#1366);
#1155=LINE('',#3460,#1367);
#1156=LINE('',#3462,#1368);
#1157=LINE('',#3464,#1369);
#1158=LINE('',#3466,#1370);
#1159=LINE('',#3468,#1371);
#1160=LINE('',#3470,#1372);
#1161=LINE('',#3472,#1373);
#1162=LINE('',#3474,#1374);
#1163=LINE('',#3475,#1375);
#1164=LINE('',#3480,#1376);
#1165=LINE('',#3483,#1377);
#1166=LINE('',#3485,#1378);
#1167=LINE('',#3487,#1379);
#1168=LINE('',#3489,#1380);
#1169=LINE('',#3491,#1381);
#1170=LINE('',#3493,#1382);
#1171=LINE('',#3495,#1383);
#1172=LINE('',#3497,#1384);
#1173=LINE('',#3499,#1385);
#1174=LINE('',#3501,#1386);
#1175=LINE('',#3502,#1387);
#1176=LINE('',#3507,#1388);
#1177=LINE('',#3510,#1389);
#1178=LINE('',#3512,#1390);
#1179=LINE('',#3514,#1391);
#1180=LINE('',#3516,#1392);
#1181=LINE('',#3518,#1393);
#1182=LINE('',#3520,#1394);
#1183=LINE('',#3522,#1395);
#1184=LINE('',#3524,#1396);
#1185=LINE('',#3526,#1397);
#1186=LINE('',#3528,#1398);
#1187=LINE('',#3529,#1399);
#1188=LINE('',#3534,#1400);
#1189=LINE('',#3537,#1401);
#1190=LINE('',#3539,#1402);
#1191=LINE('',#3541,#1403);
#1192=LINE('',#3543,#1404);
#1193=LINE('',#3545,#1405);
#1194=LINE('',#3547,#1406);
#1195=LINE('',#3549,#1407);
#1196=LINE('',#3551,#1408);
#1197=LINE('',#3553,#1409);
#1198=LINE('',#3555,#1410);
#1199=LINE('',#3556,#1411);
#1200=VECTOR('',#2468,1.);
#1201=VECTOR('',#2469,1.);
#1202=VECTOR('',#2470,1.);
#1203=VECTOR('',#2471,1.);
#1204=VECTOR('',#2474,1.);
#1205=VECTOR('',#2475,1.);
#1206=VECTOR('',#2476,1.);
#1207=VECTOR('',#2479,1.);
#1208=VECTOR('',#2480,1.);
#1209=VECTOR('',#2481,1.);
#1210=VECTOR('',#2484,1.);
#1211=VECTOR('',#2485,1.);
#1212=VECTOR('',#2494,1.);
#1213=VECTOR('',#2495,1.);
#1214=VECTOR('',#2496,1.);
#1215=VECTOR('',#2497,1.);
#1216=VECTOR('',#2500,1.);
#1217=VECTOR('',#2501,1.);
#1218=VECTOR('',#2502,1.);
#1219=VECTOR('',#2505,1.);
#1220=VECTOR('',#2506,1.);
#1221=VECTOR('',#2507,1.);
#1222=VECTOR('',#2508,1.);
#1223=VECTOR('',#2511,1.);
#1224=VECTOR('',#2512,1.);
#1225=VECTOR('',#2513,1.);
#1226=VECTOR('',#2516,1.);
#1227=VECTOR('',#2517,1.);
#1228=VECTOR('',#2518,1.);
#1229=VECTOR('',#2519,1.);
#1230=VECTOR('',#2522,1.);
#1231=VECTOR('',#2523,1.);
#1232=VECTOR('',#2566,1.);
#1233=VECTOR('',#2567,1.);
#1234=VECTOR('',#2568,1.);
#1235=VECTOR('',#2569,1.);
#1236=VECTOR('',#2572,1.);
#1237=VECTOR('',#2573,1.);
#1238=VECTOR('',#2574,1.);
#1239=VECTOR('',#2577,1.);
#1240=VECTOR('',#2578,1.);
#1241=VECTOR('',#2579,1.);
#1242=VECTOR('',#2582,1.);
#1243=VECTOR('',#2583,1.);
#1244=VECTOR('',#2592,1.);
#1245=VECTOR('',#2593,1.);
#1246=VECTOR('',#2594,1.);
#1247=VECTOR('',#2595,1.);
#1248=VECTOR('',#2598,1.);
#1249=VECTOR('',#2599,1.);
#1250=VECTOR('',#2600,1.);
#1251=VECTOR('',#2603,1.);
#1252=VECTOR('',#2604,1.);
#1253=VECTOR('',#2605,1.);
#1254=VECTOR('',#2608,1.);
#1255=VECTOR('',#2609,1.);
#1256=VECTOR('',#2618,1.);
#1257=VECTOR('',#2619,1.);
#1258=VECTOR('',#2620,1.);
#1259=VECTOR('',#2621,1.);
#1260=VECTOR('',#2624,1.);
#1261=VECTOR('',#2625,1.);
#1262=VECTOR('',#2626,1.);
#1263=VECTOR('',#2629,1.);
#1264=VECTOR('',#2630,1.);
#1265=VECTOR('',#2631,1.);
#1266=VECTOR('',#2634,1.);
#1267=VECTOR('',#2635,1.);
#1268=VECTOR('',#2644,1.);
#1269=VECTOR('',#2645,1.);
#1270=VECTOR('',#2646,1.);
#1271=VECTOR('',#2647,1.);
#1272=VECTOR('',#2650,1.);
#1273=VECTOR('',#2651,1.);
#1274=VECTOR('',#2652,1.);
#1275=VECTOR('',#2655,1.);
#1276=VECTOR('',#2656,1.);
#1277=VECTOR('',#2657,1.);
#1278=VECTOR('',#2660,1.);
#1279=VECTOR('',#2661,1.);
#1280=VECTOR('',#2670,1.);
#1281=VECTOR('',#2671,1.);
#1282=VECTOR('',#2672,1.);
#1283=VECTOR('',#2673,1.);
#1284=VECTOR('',#2676,1.);
#1285=VECTOR('',#2677,1.);
#1286=VECTOR('',#2678,1.);
#1287=VECTOR('',#2681,1.);
#1288=VECTOR('',#2682,1.);
#1289=VECTOR('',#2683,1.);
#1290=VECTOR('',#2686,1.);
#1291=VECTOR('',#2687,1.);
#1292=VECTOR('',#2696,1.);
#1293=VECTOR('',#2697,1.);
#1294=VECTOR('',#2698,1.);
#1295=VECTOR('',#2699,1.);
#1296=VECTOR('',#2702,1.);
#1297=VECTOR('',#2703,1.);
#1298=VECTOR('',#2704,1.);
#1299=VECTOR('',#2707,1.);
#1300=VECTOR('',#2708,1.);
#1301=VECTOR('',#2709,1.);
#1302=VECTOR('',#2712,1.);
#1303=VECTOR('',#2713,1.);
#1304=VECTOR('',#2722,1.);
#1305=VECTOR('',#2723,1.);
#1306=VECTOR('',#2724,1.);
#1307=VECTOR('',#2725,1.);
#1308=VECTOR('',#2728,1.);
#1309=VECTOR('',#2729,1.);
#1310=VECTOR('',#2730,1.);
#1311=VECTOR('',#2733,1.);
#1312=VECTOR('',#2734,1.);
#1313=VECTOR('',#2735,1.);
#1314=VECTOR('',#2738,1.);
#1315=VECTOR('',#2739,1.);
#1316=VECTOR('',#2748,1.);
#1317=VECTOR('',#2749,1.);
#1318=VECTOR('',#2750,1.);
#1319=VECTOR('',#2751,1.);
#1320=VECTOR('',#2754,1.);
#1321=VECTOR('',#2755,1.);
#1322=VECTOR('',#2756,1.);
#1323=VECTOR('',#2759,1.);
#1324=VECTOR('',#2760,1.);
#1325=VECTOR('',#2761,1.);
#1326=VECTOR('',#2764,1.);
#1327=VECTOR('',#2765,1.);
#1328=VECTOR('',#2774,1.);
#1329=VECTOR('',#2775,1.);
#1330=VECTOR('',#2776,1.);
#1331=VECTOR('',#2777,1.);
#1332=VECTOR('',#2780,1.);
#1333=VECTOR('',#2781,1.);
#1334=VECTOR('',#2782,1.);
#1335=VECTOR('',#2785,1.);
#1336=VECTOR('',#2786,1.);
#1337=VECTOR('',#2787,1.);
#1338=VECTOR('',#2790,1.);
#1339=VECTOR('',#2791,1.);
#1340=VECTOR('',#2800,1.);
#1341=VECTOR('',#2801,1.);
#1342=VECTOR('',#2802,1.);
#1343=VECTOR('',#2803,1.);
#1344=VECTOR('',#2806,1.);
#1345=VECTOR('',#2807,1.);
#1346=VECTOR('',#2808,1.);
#1347=VECTOR('',#2811,1.);
#1348=VECTOR('',#2812,1.);
#1349=VECTOR('',#2813,1.);
#1350=VECTOR('',#2816,1.);
#1351=VECTOR('',#2817,1.);
#1352=VECTOR('',#2826,1.);
#1353=VECTOR('',#2827,1.);
#1354=VECTOR('',#2828,1.);
#1355=VECTOR('',#2829,1.);
#1356=VECTOR('',#2832,1.);
#1357=VECTOR('',#2833,1.);
#1358=VECTOR('',#2834,1.);
#1359=VECTOR('',#2837,1.);
#1360=VECTOR('',#2838,1.);
#1361=VECTOR('',#2839,1.);
#1362=VECTOR('',#2842,1.);
#1363=VECTOR('',#2843,1.);
#1364=VECTOR('',#2852,1.);
#1365=VECTOR('',#2853,1.);
#1366=VECTOR('',#2854,1.);
#1367=VECTOR('',#2855,1.);
#1368=VECTOR('',#2858,1.);
#1369=VECTOR('',#2859,1.);
#1370=VECTOR('',#2860,1.);
#1371=VECTOR('',#2863,1.);
#1372=VECTOR('',#2864,1.);
#1373=VECTOR('',#2865,1.);
#1374=VECTOR('',#2868,1.);
#1375=VECTOR('',#2869,1.);
#1376=VECTOR('',#2878,1.);
#1377=VECTOR('',#2879,1.);
#1378=VECTOR('',#2880,1.);
#1379=VECTOR('',#2881,1.);
#1380=VECTOR('',#2884,1.);
#1381=VECTOR('',#2885,1.);
#1382=VECTOR('',#2886,1.);
#1383=VECTOR('',#2889,1.);
#1384=VECTOR('',#2890,1.);
#1385=VECTOR('',#2891,1.);
#1386=VECTOR('',#2894,1.);
#1387=VECTOR('',#2895,1.);
#1388=VECTOR('',#2904,1.);
#1389=VECTOR('',#2905,1.);
#1390=VECTOR('',#2906,1.);
#1391=VECTOR('',#2907,1.);
#1392=VECTOR('',#2910,1.);
#1393=VECTOR('',#2911,1.);
#1394=VECTOR('',#2912,1.);
#1395=VECTOR('',#2915,1.);
#1396=VECTOR('',#2916,1.);
#1397=VECTOR('',#2917,1.);
#1398=VECTOR('',#2920,1.);
#1399=VECTOR('',#2921,1.);
#1400=VECTOR('',#2930,1.);
#1401=VECTOR('',#2931,1.);
#1402=VECTOR('',#2932,1.);
#1403=VECTOR('',#2933,1.);
#1404=VECTOR('',#2936,1.);
#1405=VECTOR('',#2937,1.);
#1406=VECTOR('',#2938,1.);
#1407=VECTOR('',#2941,1.);
#1408=VECTOR('',#2942,1.);
#1409=VECTOR('',#2943,1.);
#1410=VECTOR('',#2946,1.);
#1411=VECTOR('',#2947,1.);
#1412=EDGE_LOOP('',(#104,#105,#106,#107));
#1413=EDGE_LOOP('',(#108,#109,#110,#111));
#1414=EDGE_LOOP('',(#112,#113,#114,#115));
#1415=EDGE_LOOP('',(#116,#117,#118,#119));
#1416=EDGE_LOOP('',(#120,#121,#122,#123));
#1417=EDGE_LOOP('',(#124,#125,#126,#127));
#1418=EDGE_LOOP('',(#128,#129,#130,#131));
#1419=EDGE_LOOP('',(#132,#133,#134,#135));
#1420=EDGE_LOOP('',(#136,#137,#138,#139));
#1421=EDGE_LOOP('',(#140,#141,#142,#143));
#1422=EDGE_LOOP('',(#144,#145,#146,#147,#148,#149));
#1423=EDGE_LOOP('',(#150,#151,#152,#153,#154,#155));
#1424=EDGE_LOOP('',(#156,#157,#158,#159));
#1425=EDGE_LOOP('',(#160,#161,#162,#163));
#1426=EDGE_LOOP('',(#164));
#1427=EDGE_LOOP('',(#165));
#1428=EDGE_LOOP('',(#166));
#1429=EDGE_LOOP('',(#167,#168,#169,#170,#171));
#1430=EDGE_LOOP('',(#172,#173,#174,#175,#176));
#1431=EDGE_LOOP('',(#177));
#1432=EDGE_LOOP('',(#178));
#1433=EDGE_LOOP('',(#179));
#1434=EDGE_LOOP('',(#180));
#1435=EDGE_LOOP('',(#181));
#1436=EDGE_LOOP('',(#182));
#1437=EDGE_LOOP('',(#183));
#1438=EDGE_LOOP('',(#184));
#1439=EDGE_LOOP('',(#185));
#1440=EDGE_LOOP('',(#186,#187,#188,#189));
#1441=EDGE_LOOP('',(#190,#191,#192,#193));
#1442=EDGE_LOOP('',(#194,#195,#196,#197));
#1443=EDGE_LOOP('',(#198,#199,#200,#201));
#1444=EDGE_LOOP('',(#202,#203,#204,#205));
#1445=EDGE_LOOP('',(#206,#207,#208,#209));
#1446=EDGE_LOOP('',(#210,#211,#212,#213));
#1447=EDGE_LOOP('',(#214,#215,#216,#217));
#1448=EDGE_LOOP('',(#218,#219,#220,#221));
#1449=EDGE_LOOP('',(#222,#223,#224,#225));
#1450=EDGE_LOOP('',(#226,#227,#228,#229));
#1451=EDGE_LOOP('',(#230,#231,#232,#233));
#1452=EDGE_LOOP('',(#234,#235,#236,#237));
#1453=EDGE_LOOP('',(#238,#239,#240,#241));
#1454=EDGE_LOOP('',(#242,#243,#244,#245));
#1455=EDGE_LOOP('',(#246,#247,#248,#249));
#1456=EDGE_LOOP('',(#250,#251,#252,#253));
#1457=EDGE_LOOP('',(#254,#255,#256,#257));
#1458=EDGE_LOOP('',(#258,#259,#260,#261));
#1459=EDGE_LOOP('',(#262,#263,#264,#265));
#1460=EDGE_LOOP('',(#266,#267,#268,#269));
#1461=EDGE_LOOP('',(#270,#271,#272,#273));
#1462=EDGE_LOOP('',(#274,#275,#276,#277));
#1463=EDGE_LOOP('',(#278,#279,#280,#281));
#1464=EDGE_LOOP('',(#282,#283,#284,#285));
#1465=EDGE_LOOP('',(#286,#287,#288,#289));
#1466=EDGE_LOOP('',(#290,#291,#292,#293));
#1467=EDGE_LOOP('',(#294,#295,#296,#297));
#1468=EDGE_LOOP('',(#298,#299,#300,#301));
#1469=EDGE_LOOP('',(#302,#303,#304,#305));
#1470=EDGE_LOOP('',(#306,#307,#308,#309));
#1471=EDGE_LOOP('',(#310,#311,#312,#313));
#1472=EDGE_LOOP('',(#314,#315,#316,#317));
#1473=EDGE_LOOP('',(#318,#319,#320,#321));
#1474=EDGE_LOOP('',(#322,#323,#324,#325));
#1475=EDGE_LOOP('',(#326,#327,#328,#329));
#1476=EDGE_LOOP('',(#330,#331,#332,#333));
#1477=EDGE_LOOP('',(#334,#335,#336,#337));
#1478=EDGE_LOOP('',(#338,#339,#340,#341));
#1479=EDGE_LOOP('',(#342,#343,#344,#345));
#1480=EDGE_LOOP('',(#346,#347,#348,#349));
#1481=EDGE_LOOP('',(#350,#351,#352,#353));
#1482=EDGE_LOOP('',(#354,#355,#356,#357));
#1483=EDGE_LOOP('',(#358,#359,#360,#361));
#1484=EDGE_LOOP('',(#362,#363,#364,#365));
#1485=EDGE_LOOP('',(#366,#367,#368,#369));
#1486=EDGE_LOOP('',(#370,#371,#372,#373));
#1487=EDGE_LOOP('',(#374,#375,#376,#377));
#1488=EDGE_LOOP('',(#378,#379,#380,#381));
#1489=EDGE_LOOP('',(#382,#383,#384,#385));
#1490=EDGE_LOOP('',(#386,#387,#388,#389));
#1491=EDGE_LOOP('',(#390,#391,#392,#393));
#1492=EDGE_LOOP('',(#394,#395,#396,#397));
#1493=EDGE_LOOP('',(#398,#399,#400,#401));
#1494=EDGE_LOOP('',(#402,#403,#404,#405));
#1495=EDGE_LOOP('',(#406,#407,#408,#409));
#1496=EDGE_LOOP('',(#410,#411,#412,#413));
#1497=EDGE_LOOP('',(#414,#415,#416,#417));
#1498=EDGE_LOOP('',(#418,#419,#420,#421));
#1499=EDGE_LOOP('',(#422,#423,#424,#425));
#1500=EDGE_LOOP('',(#426,#427,#428,#429));
#1501=EDGE_LOOP('',(#430,#431,#432,#433));
#1502=EDGE_LOOP('',(#434,#435,#436,#437));
#1503=EDGE_LOOP('',(#438,#439,#440,#441));
#1504=EDGE_LOOP('',(#442,#443,#444,#445));
#1505=EDGE_LOOP('',(#446,#447,#448,#449));
#1506=EDGE_LOOP('',(#450,#451,#452,#453));
#1507=EDGE_LOOP('',(#454,#455,#456,#457));
#1508=EDGE_LOOP('',(#458,#459,#460,#461));
#1509=EDGE_LOOP('',(#462,#463,#464,#465));
#1510=EDGE_LOOP('',(#466,#467,#468,#469));
#1511=EDGE_LOOP('',(#470,#471,#472,#473));
#1512=EDGE_LOOP('',(#474,#475,#476,#477));
#1513=EDGE_LOOP('',(#478,#479,#480,#481));
#1514=EDGE_LOOP('',(#482,#483,#484,#485));
#1515=EDGE_LOOP('',(#486,#487,#488,#489));
#1516=EDGE_LOOP('',(#490,#491,#492,#493));
#1517=EDGE_LOOP('',(#494,#495,#496,#497));
#1518=EDGE_LOOP('',(#498,#499,#500,#501));
#1519=EDGE_LOOP('',(#502,#503,#504,#505));
#1520=EDGE_LOOP('',(#506,#507,#508,#509));
#1521=EDGE_LOOP('',(#510,#511,#512,#513));
#1522=EDGE_LOOP('',(#514,#515,#516,#517));
#1523=EDGE_LOOP('',(#518,#519,#520,#521));
#1524=EDGE_LOOP('',(#522,#523,#524,#525));
#1525=EDGE_LOOP('',(#526,#527,#528,#529));
#1526=EDGE_LOOP('',(#530,#531,#532,#533));
#1527=EDGE_LOOP('',(#534,#535,#536,#537));
#1528=EDGE_LOOP('',(#538,#539,#540,#541));
#1529=EDGE_LOOP('',(#542,#543,#544,#545));
#1530=EDGE_LOOP('',(#546));
#1531=EDGE_LOOP('',(#547));
#1532=EDGE_LOOP('',(#548));
#1533=EDGE_LOOP('',(#549));
#1534=EDGE_LOOP('',(#550));
#1535=EDGE_LOOP('',(#551));
#1536=EDGE_LOOP('',(#552));
#1537=EDGE_LOOP('',(#553));
#1538=EDGE_LOOP('',(#554));
#1539=EDGE_LOOP('',(#555));
#1540=EDGE_LOOP('',(#556));
#1541=EDGE_LOOP('',(#557));
#1542=EDGE_LOOP('',(#558));
#1543=EDGE_LOOP('',(#559));
#1544=EDGE_LOOP('',(#560));
#1545=EDGE_LOOP('',(#561));
#1546=EDGE_LOOP('',(#562));
#1547=EDGE_LOOP('',(#563));
#1548=EDGE_LOOP('',(#564));
#1549=EDGE_LOOP('',(#565));
#1550=EDGE_LOOP('',(#566));
#1551=EDGE_LOOP('',(#567));
#1552=EDGE_LOOP('',(#568));
#1553=EDGE_LOOP('',(#569));
#1554=EDGE_LOOP('',(#570));
#1555=EDGE_LOOP('',(#571));
#1556=EDGE_LOOP('',(#572));
#1557=EDGE_LOOP('',(#573));
#1558=EDGE_LOOP('',(#574));
#1559=EDGE_LOOP('',(#575));
#1560=EDGE_LOOP('',(#576));
#1561=EDGE_LOOP('',(#577));
#1562=EDGE_LOOP('',(#578));
#1563=EDGE_LOOP('',(#579));
#1564=EDGE_LOOP('',(#580));
#1565=EDGE_LOOP('',(#581));
#1566=FACE_BOUND('',#1412,.T.);
#1567=FACE_BOUND('',#1413,.T.);
#1568=FACE_BOUND('',#1414,.T.);
#1569=FACE_BOUND('',#1415,.T.);
#1570=FACE_BOUND('',#1416,.T.);
#1571=FACE_BOUND('',#1417,.T.);
#1572=FACE_BOUND('',#1418,.T.);
#1573=FACE_BOUND('',#1419,.T.);
#1574=FACE_BOUND('',#1420,.T.);
#1575=FACE_BOUND('',#1421,.T.);
#1576=FACE_BOUND('',#1422,.T.);
#1577=FACE_BOUND('',#1423,.T.);
#1578=FACE_BOUND('',#1424,.T.);
#1579=FACE_BOUND('',#1425,.T.);
#1580=FACE_BOUND('',#1426,.T.);
#1581=FACE_BOUND('',#1427,.T.);
#1582=FACE_BOUND('',#1428,.T.);
#1583=FACE_BOUND('',#1429,.T.);
#1584=FACE_BOUND('',#1430,.T.);
#1585=FACE_BOUND('',#1431,.T.);
#1586=FACE_BOUND('',#1432,.T.);
#1587=FACE_BOUND('',#1433,.T.);
#1588=FACE_BOUND('',#1434,.T.);
#1589=FACE_BOUND('',#1435,.T.);
#1590=FACE_BOUND('',#1436,.T.);
#1591=FACE_BOUND('',#1437,.T.);
#1592=FACE_BOUND('',#1438,.T.);
#1593=FACE_BOUND('',#1439,.T.);
#1594=FACE_BOUND('',#1440,.T.);
#1595=FACE_BOUND('',#1441,.T.);
#1596=FACE_BOUND('',#1442,.T.);
#1597=FACE_BOUND('',#1443,.T.);
#1598=FACE_BOUND('',#1444,.T.);
#1599=FACE_BOUND('',#1445,.T.);
#1600=FACE_BOUND('',#1446,.T.);
#1601=FACE_BOUND('',#1447,.T.);
#1602=FACE_BOUND('',#1448,.T.);
#1603=FACE_BOUND('',#1449,.T.);
#1604=FACE_BOUND('',#1450,.T.);
#1605=FACE_BOUND('',#1451,.T.);
#1606=FACE_BOUND('',#1452,.T.);
#1607=FACE_BOUND('',#1453,.T.);
#1608=FACE_BOUND('',#1454,.T.);
#1609=FACE_BOUND('',#1455,.T.);
#1610=FACE_BOUND('',#1456,.T.);
#1611=FACE_BOUND('',#1457,.T.);
#1612=FACE_BOUND('',#1458,.T.);
#1613=FACE_BOUND('',#1459,.T.);
#1614=FACE_BOUND('',#1460,.T.);
#1615=FACE_BOUND('',#1461,.T.);
#1616=FACE_BOUND('',#1462,.T.);
#1617=FACE_BOUND('',#1463,.T.);
#1618=FACE_BOUND('',#1464,.T.);
#1619=FACE_BOUND('',#1465,.T.);
#1620=FACE_BOUND('',#1466,.T.);
#1621=FACE_BOUND('',#1467,.T.);
#1622=FACE_BOUND('',#1468,.T.);
#1623=FACE_BOUND('',#1469,.T.);
#1624=FACE_BOUND('',#1470,.T.);
#1625=FACE_BOUND('',#1471,.T.);
#1626=FACE_BOUND('',#1472,.T.);
#1627=FACE_BOUND('',#1473,.T.);
#1628=FACE_BOUND('',#1474,.T.);
#1629=FACE_BOUND('',#1475,.T.);
#1630=FACE_BOUND('',#1476,.T.);
#1631=FACE_BOUND('',#1477,.T.);
#1632=FACE_BOUND('',#1478,.T.);
#1633=FACE_BOUND('',#1479,.T.);
#1634=FACE_BOUND('',#1480,.T.);
#1635=FACE_BOUND('',#1481,.T.);
#1636=FACE_BOUND('',#1482,.T.);
#1637=FACE_BOUND('',#1483,.T.);
#1638=FACE_BOUND('',#1484,.T.);
#1639=FACE_BOUND('',#1485,.T.);
#1640=FACE_BOUND('',#1486,.T.);
#1641=FACE_BOUND('',#1487,.T.);
#1642=FACE_BOUND('',#1488,.T.);
#1643=FACE_BOUND('',#1489,.T.);
#1644=FACE_BOUND('',#1490,.T.);
#1645=FACE_BOUND('',#1491,.T.);
#1646=FACE_BOUND('',#1492,.T.);
#1647=FACE_BOUND('',#1493,.T.);
#1648=FACE_BOUND('',#1494,.T.);
#1649=FACE_BOUND('',#1495,.T.);
#1650=FACE_BOUND('',#1496,.T.);
#1651=FACE_BOUND('',#1497,.T.);
#1652=FACE_BOUND('',#1498,.T.);
#1653=FACE_BOUND('',#1499,.T.);
#1654=FACE_BOUND('',#1500,.T.);
#1655=FACE_BOUND('',#1501,.T.);
#1656=FACE_BOUND('',#1502,.T.);
#1657=FACE_BOUND('',#1503,.T.);
#1658=FACE_BOUND('',#1504,.T.);
#1659=FACE_BOUND('',#1505,.T.);
#1660=FACE_BOUND('',#1506,.T.);
#1661=FACE_BOUND('',#1507,.T.);
#1662=FACE_BOUND('',#1508,.T.);
#1663=FACE_BOUND('',#1509,.T.);
#1664=FACE_BOUND('',#1510,.T.);
#1665=FACE_BOUND('',#1511,.T.);
#1666=FACE_BOUND('',#1512,.T.);
#1667=FACE_BOUND('',#1513,.T.);
#1668=FACE_BOUND('',#1514,.T.);
#1669=FACE_BOUND('',#1515,.T.);
#1670=FACE_BOUND('',#1516,.T.);
#1671=FACE_BOUND('',#1517,.T.);
#1672=FACE_BOUND('',#1518,.T.);
#1673=FACE_BOUND('',#1519,.T.);
#1674=FACE_BOUND('',#1520,.T.);
#1675=FACE_BOUND('',#1521,.T.);
#1676=FACE_BOUND('',#1522,.T.);
#1677=FACE_BOUND('',#1523,.T.);
#1678=FACE_BOUND('',#1524,.T.);
#1679=FACE_BOUND('',#1525,.T.);
#1680=FACE_BOUND('',#1526,.T.);
#1681=FACE_BOUND('',#1527,.T.);
#1682=FACE_BOUND('',#1528,.T.);
#1683=FACE_BOUND('',#1529,.T.);
#1684=FACE_BOUND('',#1530,.T.);
#1685=FACE_BOUND('',#1531,.T.);
#1686=FACE_BOUND('',#1532,.T.);
#1687=FACE_BOUND('',#1533,.T.);
#1688=FACE_BOUND('',#1534,.T.);
#1689=FACE_BOUND('',#1535,.T.);
#1690=FACE_BOUND('',#1536,.T.);
#1691=FACE_BOUND('',#1537,.T.);
#1692=FACE_BOUND('',#1538,.T.);
#1693=FACE_BOUND('',#1539,.T.);
#1694=FACE_BOUND('',#1540,.T.);
#1695=FACE_BOUND('',#1541,.T.);
#1696=FACE_BOUND('',#1542,.T.);
#1697=FACE_BOUND('',#1543,.T.);
#1698=FACE_BOUND('',#1544,.T.);
#1699=FACE_BOUND('',#1545,.T.);
#1700=FACE_BOUND('',#1546,.T.);
#1701=FACE_BOUND('',#1547,.T.);
#1702=FACE_BOUND('',#1548,.T.);
#1703=FACE_BOUND('',#1549,.T.);
#1704=FACE_BOUND('',#1550,.T.);
#1705=FACE_BOUND('',#1551,.T.);
#1706=FACE_BOUND('',#1552,.T.);
#1707=FACE_BOUND('',#1553,.T.);
#1708=FACE_BOUND('',#1554,.T.);
#1709=FACE_BOUND('',#1555,.T.);
#1710=FACE_BOUND('',#1556,.T.);
#1711=FACE_BOUND('',#1557,.T.);
#1712=FACE_BOUND('',#1558,.T.);
#1713=FACE_BOUND('',#1559,.T.);
#1714=FACE_BOUND('',#1560,.T.);
#1715=FACE_BOUND('',#1561,.T.);
#1716=FACE_BOUND('',#1562,.T.);
#1717=FACE_BOUND('',#1563,.T.);
#1718=FACE_BOUND('',#1564,.T.);
#1719=FACE_BOUND('',#1565,.T.);
#1720=PLANE('',#2273);
#1721=PLANE('',#2274);
#1722=PLANE('',#2275);
#1723=PLANE('',#2276);
#1724=PLANE('',#2277);
#1725=PLANE('',#2278);
#1726=PLANE('',#2280);
#1727=PLANE('',#2281);
#1728=PLANE('',#2282);
#1729=PLANE('',#2283);
#1730=PLANE('',#2284);
#1731=PLANE('',#2285);
#1732=PLANE('',#2291);
#1733=PLANE('',#2295);
#1734=PLANE('',#2298);
#1735=PLANE('',#2301);
#1736=PLANE('',#2304);
#1737=PLANE('',#2306);
#1738=PLANE('',#2307);
#1739=PLANE('',#2308);
#1740=PLANE('',#2309);
#1741=PLANE('',#2310);
#1742=PLANE('',#2311);
#1743=PLANE('',#2313);
#1744=PLANE('',#2314);
#1745=PLANE('',#2315);
#1746=PLANE('',#2316);
#1747=PLANE('',#2317);
#1748=PLANE('',#2318);
#1749=PLANE('',#2320);
#1750=PLANE('',#2321);
#1751=PLANE('',#2322);
#1752=PLANE('',#2323);
#1753=PLANE('',#2324);
#1754=PLANE('',#2325);
#1755=PLANE('',#2327);
#1756=PLANE('',#2328);
#1757=PLANE('',#2329);
#1758=PLANE('',#2330);
#1759=PLANE('',#2331);
#1760=PLANE('',#2332);
#1761=PLANE('',#2334);
#1762=PLANE('',#2335);
#1763=PLANE('',#2336);
#1764=PLANE('',#2337);
#1765=PLANE('',#2338);
#1766=PLANE('',#2339);
#1767=PLANE('',#2341);
#1768=PLANE('',#2342);
#1769=PLANE('',#2343);
#1770=PLANE('',#2344);
#1771=PLANE('',#2345);
#1772=PLANE('',#2346);
#1773=PLANE('',#2348);
#1774=PLANE('',#2349);
#1775=PLANE('',#2350);
#1776=PLANE('',#2351);
#1777=PLANE('',#2352);
#1778=PLANE('',#2353);
#1779=PLANE('',#2355);
#1780=PLANE('',#2356);
#1781=PLANE('',#2357);
#1782=PLANE('',#2358);
#1783=PLANE('',#2359);
#1784=PLANE('',#2360);
#1785=PLANE('',#2362);
#1786=PLANE('',#2363);
#1787=PLANE('',#2364);
#1788=PLANE('',#2365);
#1789=PLANE('',#2366);
#1790=PLANE('',#2367);
#1791=PLANE('',#2369);
#1792=PLANE('',#2370);
#1793=PLANE('',#2371);
#1794=PLANE('',#2372);
#1795=PLANE('',#2373);
#1796=PLANE('',#2374);
#1797=PLANE('',#2376);
#1798=PLANE('',#2377);
#1799=PLANE('',#2378);
#1800=PLANE('',#2379);
#1801=PLANE('',#2380);
#1802=PLANE('',#2381);
#1803=PLANE('',#2383);
#1804=PLANE('',#2384);
#1805=PLANE('',#2385);
#1806=PLANE('',#2386);
#1807=PLANE('',#2387);
#1808=PLANE('',#2388);
#1809=PLANE('',#2390);
#1810=PLANE('',#2391);
#1811=PLANE('',#2392);
#1812=PLANE('',#2393);
#1813=PLANE('',#2394);
#1814=PLANE('',#2395);
#1815=PLANE('',#2397);
#1816=PLANE('',#2398);
#1817=PLANE('',#2399);
#1818=PLANE('',#2400);
#1819=PLANE('',#2401);
#1820=PLANE('',#2402);
#1821=PLANE('',#2404);
#1822=PLANE('',#2405);
#1823=PLANE('',#2406);
#1824=PLANE('',#2407);
#1825=PLANE('',#2408);
#1826=PLANE('',#2409);
#1827=PLANE('',#2414);
#1828=PLANE('',#2415);
#1829=PLANE('',#2420);
#1830=PLANE('',#2421);
#1831=PLANE('',#2426);
#1832=PLANE('',#2427);
#1833=PLANE('',#2432);
#1834=PLANE('',#2433);
#1835=PLANE('',#2438);
#1836=PLANE('',#2439);
#1837=PLANE('',#2444);
#1838=PLANE('',#2445);
#1839=PLANE('',#2450);
#1840=PLANE('',#2451);
#1841=PLANE('',#2456);
#1842=PLANE('',#2457);
#1843=PLANE('',#2462);
#1844=PLANE('',#2463);
#1845=ADVANCED_FACE('',(#1566),#1720,.T.);
#1846=ADVANCED_FACE('',(#1567),#1721,.F.);
#1847=ADVANCED_FACE('',(#1568),#1722,.F.);
#1848=ADVANCED_FACE('',(#1569),#1723,.T.);
#1849=ADVANCED_FACE('',(#1570),#1724,.F.);
#1850=ADVANCED_FACE('',(#1571),#1725,.T.);
#1851=ADVANCED_FACE('',(#1572),#1726,.T.);
#1852=ADVANCED_FACE('',(#1573),#1727,.F.);
#1853=ADVANCED_FACE('',(#1574),#1728,.T.);
#1854=ADVANCED_FACE('',(#1575),#1729,.F.);
#1855=ADVANCED_FACE('',(#1576),#1730,.F.);
#1856=ADVANCED_FACE('',(#1577),#1731,.T.);
#1857=ADVANCED_FACE('',(#1578),#38,.T.);
#1858=ADVANCED_FACE('',(#1579),#39,.T.);
#1859=ADVANCED_FACE('',(#1580,#1581,#1582,#1583),#1732,.F.);
#1860=ADVANCED_FACE('',(#1584),#1733,.F.);
#1861=ADVANCED_FACE('',(#1585,#1586),#40,.T.);
#1862=ADVANCED_FACE('',(#1587),#1734,.T.);
#1863=ADVANCED_FACE('',(#1588,#1589),#41,.T.);
#1864=ADVANCED_FACE('',(#1590),#1735,.T.);
#1865=ADVANCED_FACE('',(#1591,#1592),#42,.T.);
#1866=ADVANCED_FACE('',(#1593),#1736,.T.);
#1867=ADVANCED_FACE('',(#1594),#1737,.T.);
#1868=ADVANCED_FACE('',(#1595),#1738,.F.);
#1869=ADVANCED_FACE('',(#1596),#1739,.F.);
#1870=ADVANCED_FACE('',(#1597),#1740,.T.);
#1871=ADVANCED_FACE('',(#1598),#1741,.F.);
#1872=ADVANCED_FACE('',(#1599),#1742,.T.);
#1873=ADVANCED_FACE('',(#1600),#1743,.T.);
#1874=ADVANCED_FACE('',(#1601),#1744,.F.);
#1875=ADVANCED_FACE('',(#1602),#1745,.F.);
#1876=ADVANCED_FACE('',(#1603),#1746,.T.);
#1877=ADVANCED_FACE('',(#1604),#1747,.F.);
#1878=ADVANCED_FACE('',(#1605),#1748,.T.);
#1879=ADVANCED_FACE('',(#1606),#1749,.T.);
#1880=ADVANCED_FACE('',(#1607),#1750,.F.);
#1881=ADVANCED_FACE('',(#1608),#1751,.F.);
#1882=ADVANCED_FACE('',(#1609),#1752,.T.);
#1883=ADVANCED_FACE('',(#1610),#1753,.F.);
#1884=ADVANCED_FACE('',(#1611),#1754,.T.);
#1885=ADVANCED_FACE('',(#1612),#1755,.T.);
#1886=ADVANCED_FACE('',(#1613),#1756,.F.);
#1887=ADVANCED_FACE('',(#1614),#1757,.F.);
#1888=ADVANCED_FACE('',(#1615),#1758,.T.);
#1889=ADVANCED_FACE('',(#1616),#1759,.F.);
#1890=ADVANCED_FACE('',(#1617),#1760,.T.);
#1891=ADVANCED_FACE('',(#1618),#1761,.T.);
#1892=ADVANCED_FACE('',(#1619),#1762,.F.);
#1893=ADVANCED_FACE('',(#1620),#1763,.F.);
#1894=ADVANCED_FACE('',(#1621),#1764,.T.);
#1895=ADVANCED_FACE('',(#1622),#1765,.F.);
#1896=ADVANCED_FACE('',(#1623),#1766,.T.);
#1897=ADVANCED_FACE('',(#1624),#1767,.T.);
#1898=ADVANCED_FACE('',(#1625),#1768,.F.);
#1899=ADVANCED_FACE('',(#1626),#1769,.F.);
#1900=ADVANCED_FACE('',(#1627),#1770,.T.);
#1901=ADVANCED_FACE('',(#1628),#1771,.F.);
#1902=ADVANCED_FACE('',(#1629),#1772,.T.);
#1903=ADVANCED_FACE('',(#1630),#1773,.T.);
#1904=ADVANCED_FACE('',(#1631),#1774,.F.);
#1905=ADVANCED_FACE('',(#1632),#1775,.F.);
#1906=ADVANCED_FACE('',(#1633),#1776,.T.);
#1907=ADVANCED_FACE('',(#1634),#1777,.F.);
#1908=ADVANCED_FACE('',(#1635),#1778,.T.);
#1909=ADVANCED_FACE('',(#1636),#1779,.T.);
#1910=ADVANCED_FACE('',(#1637),#1780,.F.);
#1911=ADVANCED_FACE('',(#1638),#1781,.F.);
#1912=ADVANCED_FACE('',(#1639),#1782,.T.);
#1913=ADVANCED_FACE('',(#1640),#1783,.F.);
#1914=ADVANCED_FACE('',(#1641),#1784,.T.);
#1915=ADVANCED_FACE('',(#1642),#1785,.T.);
#1916=ADVANCED_FACE('',(#1643),#1786,.F.);
#1917=ADVANCED_FACE('',(#1644),#1787,.F.);
#1918=ADVANCED_FACE('',(#1645),#1788,.T.);
#1919=ADVANCED_FACE('',(#1646),#1789,.F.);
#1920=ADVANCED_FACE('',(#1647),#1790,.T.);
#1921=ADVANCED_FACE('',(#1648),#1791,.T.);
#1922=ADVANCED_FACE('',(#1649),#1792,.F.);
#1923=ADVANCED_FACE('',(#1650),#1793,.F.);
#1924=ADVANCED_FACE('',(#1651),#1794,.T.);
#1925=ADVANCED_FACE('',(#1652),#1795,.F.);
#1926=ADVANCED_FACE('',(#1653),#1796,.T.);
#1927=ADVANCED_FACE('',(#1654),#1797,.T.);
#1928=ADVANCED_FACE('',(#1655),#1798,.F.);
#1929=ADVANCED_FACE('',(#1656),#1799,.F.);
#1930=ADVANCED_FACE('',(#1657),#1800,.T.);
#1931=ADVANCED_FACE('',(#1658),#1801,.F.);
#1932=ADVANCED_FACE('',(#1659),#1802,.T.);
#1933=ADVANCED_FACE('',(#1660),#1803,.T.);
#1934=ADVANCED_FACE('',(#1661),#1804,.F.);
#1935=ADVANCED_FACE('',(#1662),#1805,.F.);
#1936=ADVANCED_FACE('',(#1663),#1806,.T.);
#1937=ADVANCED_FACE('',(#1664),#1807,.F.);
#1938=ADVANCED_FACE('',(#1665),#1808,.T.);
#1939=ADVANCED_FACE('',(#1666),#1809,.T.);
#1940=ADVANCED_FACE('',(#1667),#1810,.F.);
#1941=ADVANCED_FACE('',(#1668),#1811,.F.);
#1942=ADVANCED_FACE('',(#1669),#1812,.T.);
#1943=ADVANCED_FACE('',(#1670),#1813,.F.);
#1944=ADVANCED_FACE('',(#1671),#1814,.T.);
#1945=ADVANCED_FACE('',(#1672),#1815,.T.);
#1946=ADVANCED_FACE('',(#1673),#1816,.F.);
#1947=ADVANCED_FACE('',(#1674),#1817,.F.);
#1948=ADVANCED_FACE('',(#1675),#1818,.T.);
#1949=ADVANCED_FACE('',(#1676),#1819,.F.);
#1950=ADVANCED_FACE('',(#1677),#1820,.T.);
#1951=ADVANCED_FACE('',(#1678),#1821,.T.);
#1952=ADVANCED_FACE('',(#1679),#1822,.F.);
#1953=ADVANCED_FACE('',(#1680),#1823,.F.);
#1954=ADVANCED_FACE('',(#1681),#1824,.T.);
#1955=ADVANCED_FACE('',(#1682),#1825,.F.);
#1956=ADVANCED_FACE('',(#1683),#1826,.T.);
#1957=ADVANCED_FACE('',(#1684,#1685),#43,.T.);
#1958=ADVANCED_FACE('',(#1686),#1827,.T.);
#1959=ADVANCED_FACE('',(#1687),#1828,.F.);
#1960=ADVANCED_FACE('',(#1688,#1689),#44,.T.);
#1961=ADVANCED_FACE('',(#1690),#1829,.T.);
#1962=ADVANCED_FACE('',(#1691),#1830,.F.);
#1963=ADVANCED_FACE('',(#1692,#1693),#45,.T.);
#1964=ADVANCED_FACE('',(#1694),#1831,.T.);
#1965=ADVANCED_FACE('',(#1695),#1832,.F.);
#1966=ADVANCED_FACE('',(#1696,#1697),#46,.T.);
#1967=ADVANCED_FACE('',(#1698),#1833,.T.);
#1968=ADVANCED_FACE('',(#1699),#1834,.F.);
#1969=ADVANCED_FACE('',(#1700,#1701),#47,.T.);
#1970=ADVANCED_FACE('',(#1702),#1835,.T.);
#1971=ADVANCED_FACE('',(#1703),#1836,.F.);
#1972=ADVANCED_FACE('',(#1704,#1705),#48,.T.);
#1973=ADVANCED_FACE('',(#1706),#1837,.T.);
#1974=ADVANCED_FACE('',(#1707),#1838,.F.);
#1975=ADVANCED_FACE('',(#1708,#1709),#49,.T.);
#1976=ADVANCED_FACE('',(#1710),#1839,.T.);
#1977=ADVANCED_FACE('',(#1711),#1840,.F.);
#1978=ADVANCED_FACE('',(#1712,#1713),#50,.T.);
#1979=ADVANCED_FACE('',(#1714),#1841,.T.);
#1980=ADVANCED_FACE('',(#1715),#1842,.F.);
#1981=ADVANCED_FACE('',(#1716,#1717),#51,.T.);
#1982=ADVANCED_FACE('',(#1718),#1843,.T.);
#1983=ADVANCED_FACE('',(#1719),#1844,.F.);
#1984=CLOSED_SHELL('',(#1845,#1846,#1847,#1848,#1849,#1850));
#1985=CLOSED_SHELL('',(#1851,#1852,#1853,#1854,#1855,#1856,#1857,#1858,
#1859,#1860,#1861,#1862,#1863,#1864,#1865,#1866));
#1986=CLOSED_SHELL('',(#1867,#1868,#1869,#1870,#1871,#1872));
#1987=CLOSED_SHELL('',(#1873,#1874,#1875,#1876,#1877,#1878));
#1988=CLOSED_SHELL('',(#1879,#1880,#1881,#1882,#1883,#1884));
#1989=CLOSED_SHELL('',(#1885,#1886,#1887,#1888,#1889,#1890));
#1990=CLOSED_SHELL('',(#1891,#1892,#1893,#1894,#1895,#1896));
#1991=CLOSED_SHELL('',(#1897,#1898,#1899,#1900,#1901,#1902));
#1992=CLOSED_SHELL('',(#1903,#1904,#1905,#1906,#1907,#1908));
#1993=CLOSED_SHELL('',(#1909,#1910,#1911,#1912,#1913,#1914));
#1994=CLOSED_SHELL('',(#1915,#1916,#1917,#1918,#1919,#1920));
#1995=CLOSED_SHELL('',(#1921,#1922,#1923,#1924,#1925,#1926));
#1996=CLOSED_SHELL('',(#1927,#1928,#1929,#1930,#1931,#1932));
#1997=CLOSED_SHELL('',(#1933,#1934,#1935,#1936,#1937,#1938));
#1998=CLOSED_SHELL('',(#1939,#1940,#1941,#1942,#1943,#1944));
#1999=CLOSED_SHELL('',(#1945,#1946,#1947,#1948,#1949,#1950));
#2000=CLOSED_SHELL('',(#1951,#1952,#1953,#1954,#1955,#1956));
#2001=CLOSED_SHELL('',(#1957,#1958,#1959));
#2002=CLOSED_SHELL('',(#1960,#1961,#1962));
#2003=CLOSED_SHELL('',(#1963,#1964,#1965));
#2004=CLOSED_SHELL('',(#1966,#1967,#1968));
#2005=CLOSED_SHELL('',(#1969,#1970,#1971));
#2006=CLOSED_SHELL('',(#1972,#1973,#1974));
#2007=CLOSED_SHELL('',(#1975,#1976,#1977));
#2008=CLOSED_SHELL('',(#1978,#1979,#1980));
#2009=CLOSED_SHELL('',(#1981,#1982,#1983));
#2010=STYLED_ITEM('',(#2036),#2194);
#2011=STYLED_ITEM('',(#2037),#2195);
#2012=STYLED_ITEM('',(#2038),#2196);
#2013=STYLED_ITEM('',(#2039),#2197);
#2014=STYLED_ITEM('',(#2040),#2198);
#2015=STYLED_ITEM('',(#2041),#2199);
#2016=STYLED_ITEM('',(#2042),#2200);
#2017=STYLED_ITEM('',(#2043),#2201);
#2018=STYLED_ITEM('',(#2044),#2202);
#2019=STYLED_ITEM('',(#2045),#2203);
#2020=STYLED_ITEM('',(#2046),#2204);
#2021=STYLED_ITEM('',(#2047),#2205);
#2022=STYLED_ITEM('',(#2048),#2206);
#2023=STYLED_ITEM('',(#2049),#2207);
#2024=STYLED_ITEM('',(#2050),#2208);
#2025=STYLED_ITEM('',(#2051),#2209);
#2026=STYLED_ITEM('',(#2052),#2210);
#2027=STYLED_ITEM('',(#2053),#2211);
#2028=STYLED_ITEM('',(#2054),#2212);
#2029=STYLED_ITEM('',(#2055),#2213);
#2030=STYLED_ITEM('',(#2056),#2214);
#2031=STYLED_ITEM('',(#2057),#2215);
#2032=STYLED_ITEM('',(#2058),#2216);
#2033=STYLED_ITEM('',(#2059),#2217);
#2034=STYLED_ITEM('',(#2060),#2218);
#2035=STYLED_ITEM('',(#2061),#2219);
#2036=PRESENTATION_STYLE_ASSIGNMENT((#2062));
#2037=PRESENTATION_STYLE_ASSIGNMENT((#2063));
#2038=PRESENTATION_STYLE_ASSIGNMENT((#2064));
#2039=PRESENTATION_STYLE_ASSIGNMENT((#2065));
#2040=PRESENTATION_STYLE_ASSIGNMENT((#2066));
#2041=PRESENTATION_STYLE_ASSIGNMENT((#2067));
#2042=PRESENTATION_STYLE_ASSIGNMENT((#2068));
#2043=PRESENTATION_STYLE_ASSIGNMENT((#2069));
#2044=PRESENTATION_STYLE_ASSIGNMENT((#2070));
#2045=PRESENTATION_STYLE_ASSIGNMENT((#2071));
#2046=PRESENTATION_STYLE_ASSIGNMENT((#2072));
#2047=PRESENTATION_STYLE_ASSIGNMENT((#2073));
#2048=PRESENTATION_STYLE_ASSIGNMENT((#2074));
#2049=PRESENTATION_STYLE_ASSIGNMENT((#2075));
#2050=PRESENTATION_STYLE_ASSIGNMENT((#2076));
#2051=PRESENTATION_STYLE_ASSIGNMENT((#2077));
#2052=PRESENTATION_STYLE_ASSIGNMENT((#2078));
#2053=PRESENTATION_STYLE_ASSIGNMENT((#2079));
#2054=PRESENTATION_STYLE_ASSIGNMENT((#2080));
#2055=PRESENTATION_STYLE_ASSIGNMENT((#2081));
#2056=PRESENTATION_STYLE_ASSIGNMENT((#2082));
#2057=PRESENTATION_STYLE_ASSIGNMENT((#2083));
#2058=PRESENTATION_STYLE_ASSIGNMENT((#2084));
#2059=PRESENTATION_STYLE_ASSIGNMENT((#2085));
#2060=PRESENTATION_STYLE_ASSIGNMENT((#2086));
#2061=PRESENTATION_STYLE_ASSIGNMENT((#2087));
#2062=SURFACE_STYLE_USAGE(.BOTH.,#2088);
#2063=SURFACE_STYLE_USAGE(.BOTH.,#2089);
#2064=SURFACE_STYLE_USAGE(.BOTH.,#2090);
#2065=SURFACE_STYLE_USAGE(.BOTH.,#2091);
#2066=SURFACE_STYLE_USAGE(.BOTH.,#2092);
#2067=SURFACE_STYLE_USAGE(.BOTH.,#2093);
#2068=SURFACE_STYLE_USAGE(.BOTH.,#2094);
#2069=SURFACE_STYLE_USAGE(.BOTH.,#2095);
#2070=SURFACE_STYLE_USAGE(.BOTH.,#2096);
#2071=SURFACE_STYLE_USAGE(.BOTH.,#2097);
#2072=SURFACE_STYLE_USAGE(.BOTH.,#2098);
#2073=SURFACE_STYLE_USAGE(.BOTH.,#2099);
#2074=SURFACE_STYLE_USAGE(.BOTH.,#2100);
#2075=SURFACE_STYLE_USAGE(.BOTH.,#2101);
#2076=SURFACE_STYLE_USAGE(.BOTH.,#2102);
#2077=SURFACE_STYLE_USAGE(.BOTH.,#2103);
#2078=SURFACE_STYLE_USAGE(.BOTH.,#2104);
#2079=SURFACE_STYLE_USAGE(.BOTH.,#2105);
#2080=SURFACE_STYLE_USAGE(.BOTH.,#2106);
#2081=SURFACE_STYLE_USAGE(.BOTH.,#2107);
#2082=SURFACE_STYLE_USAGE(.BOTH.,#2108);
#2083=SURFACE_STYLE_USAGE(.BOTH.,#2109);
#2084=SURFACE_STYLE_USAGE(.BOTH.,#2110);
#2085=SURFACE_STYLE_USAGE(.BOTH.,#2111);
#2086=SURFACE_STYLE_USAGE(.BOTH.,#2112);
#2087=SURFACE_STYLE_USAGE(.BOTH.,#2113);
#2088=SURFACE_SIDE_STYLE('',(#2114));
#2089=SURFACE_SIDE_STYLE('',(#2115));
#2090=SURFACE_SIDE_STYLE('',(#2116));
#2091=SURFACE_SIDE_STYLE('',(#2117));
#2092=SURFACE_SIDE_STYLE('',(#2118));
#2093=SURFACE_SIDE_STYLE('',(#2119));
#2094=SURFACE_SIDE_STYLE('',(#2120));
#2095=SURFACE_SIDE_STYLE('',(#2121));
#2096=SURFACE_SIDE_STYLE('',(#2122));
#2097=SURFACE_SIDE_STYLE('',(#2123));
#2098=SURFACE_SIDE_STYLE('',(#2124));
#2099=SURFACE_SIDE_STYLE('',(#2125));
#2100=SURFACE_SIDE_STYLE('',(#2126));
#2101=SURFACE_SIDE_STYLE('',(#2127));
#2102=SURFACE_SIDE_STYLE('',(#2128));
#2103=SURFACE_SIDE_STYLE('',(#2129));
#2104=SURFACE_SIDE_STYLE('',(#2130));
#2105=SURFACE_SIDE_STYLE('',(#2131));
#2106=SURFACE_SIDE_STYLE('',(#2132));
#2107=SURFACE_SIDE_STYLE('',(#2133));
#2108=SURFACE_SIDE_STYLE('',(#2134));
#2109=SURFACE_SIDE_STYLE('',(#2135));
#2110=SURFACE_SIDE_STYLE('',(#2136));
#2111=SURFACE_SIDE_STYLE('',(#2137));
#2112=SURFACE_SIDE_STYLE('',(#2138));
#2113=SURFACE_SIDE_STYLE('',(#2139));
#2114=SURFACE_STYLE_FILL_AREA(#2140);
#2115=SURFACE_STYLE_FILL_AREA(#2141);
#2116=SURFACE_STYLE_FILL_AREA(#2142);
#2117=SURFACE_STYLE_FILL_AREA(#2143);
#2118=SURFACE_STYLE_FILL_AREA(#2144);
#2119=SURFACE_STYLE_FILL_AREA(#2145);
#2120=SURFACE_STYLE_FILL_AREA(#2146);
#2121=SURFACE_STYLE_FILL_AREA(#2147);
#2122=SURFACE_STYLE_FILL_AREA(#2148);
#2123=SURFACE_STYLE_FILL_AREA(#2149);
#2124=SURFACE_STYLE_FILL_AREA(#2150);
#2125=SURFACE_STYLE_FILL_AREA(#2151);
#2126=SURFACE_STYLE_FILL_AREA(#2152);
#2127=SURFACE_STYLE_FILL_AREA(#2153);
#2128=SURFACE_STYLE_FILL_AREA(#2154);
#2129=SURFACE_STYLE_FILL_AREA(#2155);
#2130=SURFACE_STYLE_FILL_AREA(#2156);
#2131=SURFACE_STYLE_FILL_AREA(#2157);
#2132=SURFACE_STYLE_FILL_AREA(#2158);
#2133=SURFACE_STYLE_FILL_AREA(#2159);
#2134=SURFACE_STYLE_FILL_AREA(#2160);
#2135=SURFACE_STYLE_FILL_AREA(#2161);
#2136=SURFACE_STYLE_FILL_AREA(#2162);
#2137=SURFACE_STYLE_FILL_AREA(#2163);
#2138=SURFACE_STYLE_FILL_AREA(#2164);
#2139=SURFACE_STYLE_FILL_AREA(#2165);
#2140=FILL_AREA_STYLE('',(#2166));
#2141=FILL_AREA_STYLE('',(#2167));
#2142=FILL_AREA_STYLE('',(#2168));
#2143=FILL_AREA_STYLE('',(#2169));
#2144=FILL_AREA_STYLE('',(#2170));
#2145=FILL_AREA_STYLE('',(#2171));
#2146=FILL_AREA_STYLE('',(#2172));
#2147=FILL_AREA_STYLE('',(#2173));
#2148=FILL_AREA_STYLE('',(#2174));
#2149=FILL_AREA_STYLE('',(#2175));
#2150=FILL_AREA_STYLE('',(#2176));
#2151=FILL_AREA_STYLE('',(#2177));
#2152=FILL_AREA_STYLE('',(#2178));
#2153=FILL_AREA_STYLE('',(#2179));
#2154=FILL_AREA_STYLE('',(#2180));
#2155=FILL_AREA_STYLE('',(#2181));
#2156=FILL_AREA_STYLE('',(#2182));
#2157=FILL_AREA_STYLE('',(#2183));
#2158=FILL_AREA_STYLE('',(#2184));
#2159=FILL_AREA_STYLE('',(#2185));
#2160=FILL_AREA_STYLE('',(#2186));
#2161=FILL_AREA_STYLE('',(#2187));
#2162=FILL_AREA_STYLE('',(#2188));
#2163=FILL_AREA_STYLE('',(#2189));
#2164=FILL_AREA_STYLE('',(#2190));
#2165=FILL_AREA_STYLE('',(#2191));
#2166=FILL_AREA_STYLE_COLOUR('',#2192);
#2167=FILL_AREA_STYLE_COLOUR('',#2193);
#2168=FILL_AREA_STYLE_COLOUR('',#2192);
#2169=FILL_AREA_STYLE_COLOUR('',#2192);
#2170=FILL_AREA_STYLE_COLOUR('',#2192);
#2171=FILL_AREA_STYLE_COLOUR('',#2192);
#2172=FILL_AREA_STYLE_COLOUR('',#2192);
#2173=FILL_AREA_STYLE_COLOUR('',#2192);
#2174=FILL_AREA_STYLE_COLOUR('',#2192);
#2175=FILL_AREA_STYLE_COLOUR('',#10);
#2176=FILL_AREA_STYLE_COLOUR('',#10);
#2177=FILL_AREA_STYLE_COLOUR('',#10);
#2178=FILL_AREA_STYLE_COLOUR('',#10);
#2179=FILL_AREA_STYLE_COLOUR('',#10);
#2180=FILL_AREA_STYLE_COLOUR('',#10);
#2181=FILL_AREA_STYLE_COLOUR('',#10);
#2182=FILL_AREA_STYLE_COLOUR('',#10);
#2183=FILL_AREA_STYLE_COLOUR('',#2192);
#2184=FILL_AREA_STYLE_COLOUR('',#2192);
#2185=FILL_AREA_STYLE_COLOUR('',#2192);
#2186=FILL_AREA_STYLE_COLOUR('',#2192);
#2187=FILL_AREA_STYLE_COLOUR('',#2192);
#2188=FILL_AREA_STYLE_COLOUR('',#2192);
#2189=FILL_AREA_STYLE_COLOUR('',#2193);
#2190=FILL_AREA_STYLE_COLOUR('',#2193);
#2191=FILL_AREA_STYLE_COLOUR('',#2193);
#2192=COLOUR_RGB('',0.917647058823529,0.917647058823529,0.917647058823529);
#2193=COLOUR_RGB('',0.529411764705882,0.568627450980392,0.6);
#2194=MANIFOLD_SOLID_BREP('Part 120',#1984);
#2195=MANIFOLD_SOLID_BREP('Part 121',#1985);
#2196=MANIFOLD_SOLID_BREP('Part 122',#1986);
#2197=MANIFOLD_SOLID_BREP('Part 123',#1987);
#2198=MANIFOLD_SOLID_BREP('Part 124',#1988);
#2199=MANIFOLD_SOLID_BREP('Part 125',#1989);
#2200=MANIFOLD_SOLID_BREP('Part 126',#1990);
#2201=MANIFOLD_SOLID_BREP('Part 127',#1991);
#2202=MANIFOLD_SOLID_BREP('Part 128',#1992);
#2203=MANIFOLD_SOLID_BREP('Part 129',#1993);
#2204=MANIFOLD_SOLID_BREP('Part 130',#1994);
#2205=MANIFOLD_SOLID_BREP('Part 131',#1995);
#2206=MANIFOLD_SOLID_BREP('Part 132',#1996);
#2207=MANIFOLD_SOLID_BREP('Part 133',#1997);
#2208=MANIFOLD_SOLID_BREP('Part 134',#1998);
#2209=MANIFOLD_SOLID_BREP('Part 135',#1999);
#2210=MANIFOLD_SOLID_BREP('Part 136',#2000);
#2211=MANIFOLD_SOLID_BREP('Part 154',#2001);
#2212=MANIFOLD_SOLID_BREP('Part 155',#2002);
#2213=MANIFOLD_SOLID_BREP('Part 156',#2003);
#2214=MANIFOLD_SOLID_BREP('Part 157',#2004);
#2215=MANIFOLD_SOLID_BREP('Part 158',#2005);
#2216=MANIFOLD_SOLID_BREP('Part 159',#2006);
#2217=MANIFOLD_SOLID_BREP('Part 160',#2007);
#2218=MANIFOLD_SOLID_BREP('Part 161',#2008);
#2219=MANIFOLD_SOLID_BREP('Part 162',#2009);
#2220=SHAPE_DEFINITION_REPRESENTATION(#3787,#2246);
#2221=SHAPE_DEFINITION_REPRESENTATION(#3788,#2247);
#2222=SHAPE_DEFINITION_REPRESENTATION(#3789,#2248);
#2223=SHAPE_DEFINITION_REPRESENTATION(#3790,#2249);
#2224=SHAPE_DEFINITION_REPRESENTATION(#3791,#2250);
#2225=SHAPE_DEFINITION_REPRESENTATION(#3792,#2251);
#2226=SHAPE_DEFINITION_REPRESENTATION(#3793,#2252);
#2227=SHAPE_DEFINITION_REPRESENTATION(#3794,#2253);
#2228=SHAPE_DEFINITION_REPRESENTATION(#3795,#2254);
#2229=SHAPE_DEFINITION_REPRESENTATION(#3796,#2255);
#2230=SHAPE_DEFINITION_REPRESENTATION(#3797,#2256);
#2231=SHAPE_DEFINITION_REPRESENTATION(#3798,#2257);
#2232=SHAPE_DEFINITION_REPRESENTATION(#3799,#2258);
#2233=SHAPE_DEFINITION_REPRESENTATION(#3800,#2259);
#2234=SHAPE_DEFINITION_REPRESENTATION(#3801,#2260);
#2235=SHAPE_DEFINITION_REPRESENTATION(#3802,#2261);
#2236=SHAPE_DEFINITION_REPRESENTATION(#3803,#2262);
#2237=SHAPE_DEFINITION_REPRESENTATION(#3804,#2263);
#2238=SHAPE_DEFINITION_REPRESENTATION(#3805,#2264);
#2239=SHAPE_DEFINITION_REPRESENTATION(#3806,#2265);
#2240=SHAPE_DEFINITION_REPRESENTATION(#3807,#2266);
#2241=SHAPE_DEFINITION_REPRESENTATION(#3808,#2267);
#2242=SHAPE_DEFINITION_REPRESENTATION(#3809,#2268);
#2243=SHAPE_DEFINITION_REPRESENTATION(#3810,#2269);
#2244=SHAPE_DEFINITION_REPRESENTATION(#3811,#2270);
#2245=SHAPE_DEFINITION_REPRESENTATION(#3812,#2271);
#2246=SHAPE_REPRESENTATION('Part 120',(#2272),#3657);
#2247=SHAPE_REPRESENTATION('Part 121',(#2279),#3658);
#2248=SHAPE_REPRESENTATION('Part 122',(#2305),#3659);
#2249=SHAPE_REPRESENTATION('Part 123',(#2312),#3660);
#2250=SHAPE_REPRESENTATION('Part 124',(#2319),#3661);
#2251=SHAPE_REPRESENTATION('Part 125',(#2326),#3662);
#2252=SHAPE_REPRESENTATION('Part 126',(#2333),#3663);
#2253=SHAPE_REPRESENTATION('Part 127',(#2340),#3664);
#2254=SHAPE_REPRESENTATION('Part 128',(#2347),#3665);
#2255=SHAPE_REPRESENTATION('Part 129',(#2354),#3666);
#2256=SHAPE_REPRESENTATION('Part 130',(#2361),#3667);
#2257=SHAPE_REPRESENTATION('Part 131',(#2368),#3668);
#2258=SHAPE_REPRESENTATION('Part 132',(#2375),#3669);
#2259=SHAPE_REPRESENTATION('Part 133',(#2382),#3670);
#2260=SHAPE_REPRESENTATION('Part 134',(#2389),#3671);
#2261=SHAPE_REPRESENTATION('Part 135',(#2396),#3672);
#2262=SHAPE_REPRESENTATION('Part 136',(#2403),#3673);
#2263=SHAPE_REPRESENTATION('Part 154',(#2410),#3674);
#2264=SHAPE_REPRESENTATION('Part 155',(#2416),#3675);
#2265=SHAPE_REPRESENTATION('Part 156',(#2422),#3676);
#2266=SHAPE_REPRESENTATION('Part 157',(#2428),#3677);
#2267=SHAPE_REPRESENTATION('Part 158',(#2434),#3678);
#2268=SHAPE_REPRESENTATION('Part 159',(#2440),#3679);
#2269=SHAPE_REPRESENTATION('Part 160',(#2446),#3680);
#2270=SHAPE_REPRESENTATION('Part 161',(#2452),#3681);
#2271=SHAPE_REPRESENTATION('Part 162',(#2458),#3682);
#2272=AXIS2_PLACEMENT_3D('',#3060,#2464,#2465);
#2273=AXIS2_PLACEMENT_3D('',#3061,#2466,#2467);
#2274=AXIS2_PLACEMENT_3D('',#3070,#2472,#2473);
#2275=AXIS2_PLACEMENT_3D('',#3076,#2477,#2478);
#2276=AXIS2_PLACEMENT_3D('',#3082,#2482,#2483);
#2277=AXIS2_PLACEMENT_3D('',#3085,#2486,#2487);
#2278=AXIS2_PLACEMENT_3D('',#3086,#2488,#2489);
#2279=AXIS2_PLACEMENT_3D('',#3087,#2490,#2491);
#2280=AXIS2_PLACEMENT_3D('',#3088,#2492,#2493);
#2281=AXIS2_PLACEMENT_3D('',#3097,#2498,#2499);
#2282=AXIS2_PLACEMENT_3D('',#3103,#2503,#2504);
#2283=AXIS2_PLACEMENT_3D('',#3112,#2509,#2510);
#2284=AXIS2_PLACEMENT_3D('',#3118,#2514,#2515);
#2285=AXIS2_PLACEMENT_3D('',#3126,#2520,#2521);
#2286=AXIS2_PLACEMENT_3D('',#3129,#2524,#2525);
#2287=AXIS2_PLACEMENT_3D('',#3130,#2526,#2527);
#2288=AXIS2_PLACEMENT_3D('',#3131,#2528,#2529);
#2289=AXIS2_PLACEMENT_3D('',#3132,#2530,#2531);
#2290=AXIS2_PLACEMENT_3D('',#3133,#2532,#2533);
#2291=AXIS2_PLACEMENT_3D('',#3134,#2534,#2535);
#2292=AXIS2_PLACEMENT_3D('',#3135,#2536,#2537);
#2293=AXIS2_PLACEMENT_3D('',#3137,#2538,#2539);
#2294=AXIS2_PLACEMENT_3D('',#3139,#2540,#2541);
#2295=AXIS2_PLACEMENT_3D('',#3141,#2542,#2543);
#2296=AXIS2_PLACEMENT_3D('',#3142,#2544,#2545);
#2297=AXIS2_PLACEMENT_3D('',#3143,#2546,#2547);
#2298=AXIS2_PLACEMENT_3D('',#3145,#2548,#2549);
#2299=AXIS2_PLACEMENT_3D('',#3146,#2550,#2551);
#2300=AXIS2_PLACEMENT_3D('',#3147,#2552,#2553);
#2301=AXIS2_PLACEMENT_3D('',#3149,#2554,#2555);
#2302=AXIS2_PLACEMENT_3D('',#3150,#2556,#2557);
#2303=AXIS2_PLACEMENT_3D('',#3151,#2558,#2559);
#2304=AXIS2_PLACEMENT_3D('',#3153,#2560,#2561);
#2305=AXIS2_PLACEMENT_3D('',#3154,#2562,#2563);
#2306=AXIS2_PLACEMENT_3D('',#3155,#2564,#2565);
#2307=AXIS2_PLACEMENT_3D('',#3164,#2570,#2571);
#2308=AXIS2_PLACEMENT_3D('',#3170,#2575,#2576);
#2309=AXIS2_PLACEMENT_3D('',#3176,#2580,#2581);
#2310=AXIS2_PLACEMENT_3D('',#3179,#2584,#2585);
#2311=AXIS2_PLACEMENT_3D('',#3180,#2586,#2587);
#2312=AXIS2_PLACEMENT_3D('',#3181,#2588,#2589);
#2313=AXIS2_PLACEMENT_3D('',#3182,#2590,#2591);
#2314=AXIS2_PLACEMENT_3D('',#3191,#2596,#2597);
#2315=AXIS2_PLACEMENT_3D('',#3197,#2601,#2602);
#2316=AXIS2_PLACEMENT_3D('',#3203,#2606,#2607);
#2317=AXIS2_PLACEMENT_3D('',#3206,#2610,#2611);
#2318=AXIS2_PLACEMENT_3D('',#3207,#2612,#2613);
#2319=AXIS2_PLACEMENT_3D('',#3208,#2614,#2615);
#2320=AXIS2_PLACEMENT_3D('',#3209,#2616,#2617);
#2321=AXIS2_PLACEMENT_3D('',#3218,#2622,#2623);
#2322=AXIS2_PLACEMENT_3D('',#3224,#2627,#2628);
#2323=AXIS2_PLACEMENT_3D('',#3230,#2632,#2633);
#2324=AXIS2_PLACEMENT_3D('',#3233,#2636,#2637);
#2325=AXIS2_PLACEMENT_3D('',#3234,#2638,#2639);
#2326=AXIS2_PLACEMENT_3D('',#3235,#2640,#2641);
#2327=AXIS2_PLACEMENT_3D('',#3236,#2642,#2643);
#2328=AXIS2_PLACEMENT_3D('',#3245,#2648,#2649);
#2329=AXIS2_PLACEMENT_3D('',#3251,#2653,#2654);
#2330=AXIS2_PLACEMENT_3D('',#3257,#2658,#2659);
#2331=AXIS2_PLACEMENT_3D('',#3260,#2662,#2663);
#2332=AXIS2_PLACEMENT_3D('',#3261,#2664,#2665);
#2333=AXIS2_PLACEMENT_3D('',#3262,#2666,#2667);
#2334=AXIS2_PLACEMENT_3D('',#3263,#2668,#2669);
#2335=AXIS2_PLACEMENT_3D('',#3272,#2674,#2675);
#2336=AXIS2_PLACEMENT_3D('',#3278,#2679,#2680);
#2337=AXIS2_PLACEMENT_3D('',#3284,#2684,#2685);
#2338=AXIS2_PLACEMENT_3D('',#3287,#2688,#2689);
#2339=AXIS2_PLACEMENT_3D('',#3288,#2690,#2691);
#2340=AXIS2_PLACEMENT_3D('',#3289,#2692,#2693);
#2341=AXIS2_PLACEMENT_3D('',#3290,#2694,#2695);
#2342=AXIS2_PLACEMENT_3D('',#3299,#2700,#2701);
#2343=AXIS2_PLACEMENT_3D('',#3305,#2705,#2706);
#2344=AXIS2_PLACEMENT_3D('',#3311,#2710,#2711);
#2345=AXIS2_PLACEMENT_3D('',#3314,#2714,#2715);
#2346=AXIS2_PLACEMENT_3D('',#3315,#2716,#2717);
#2347=AXIS2_PLACEMENT_3D('',#3316,#2718,#2719);
#2348=AXIS2_PLACEMENT_3D('',#3317,#2720,#2721);
#2349=AXIS2_PLACEMENT_3D('',#3326,#2726,#2727);
#2350=AXIS2_PLACEMENT_3D('',#3332,#2731,#2732);
#2351=AXIS2_PLACEMENT_3D('',#3338,#2736,#2737);
#2352=AXIS2_PLACEMENT_3D('',#3341,#2740,#2741);
#2353=AXIS2_PLACEMENT_3D('',#3342,#2742,#2743);
#2354=AXIS2_PLACEMENT_3D('',#3343,#2744,#2745);
#2355=AXIS2_PLACEMENT_3D('',#3344,#2746,#2747);
#2356=AXIS2_PLACEMENT_3D('',#3353,#2752,#2753);
#2357=AXIS2_PLACEMENT_3D('',#3359,#2757,#2758);
#2358=AXIS2_PLACEMENT_3D('',#3365,#2762,#2763);
#2359=AXIS2_PLACEMENT_3D('',#3368,#2766,#2767);
#2360=AXIS2_PLACEMENT_3D('',#3369,#2768,#2769);
#2361=AXIS2_PLACEMENT_3D('',#3370,#2770,#2771);
#2362=AXIS2_PLACEMENT_3D('',#3371,#2772,#2773);
#2363=AXIS2_PLACEMENT_3D('',#3380,#2778,#2779);
#2364=AXIS2_PLACEMENT_3D('',#3386,#2783,#2784);
#2365=AXIS2_PLACEMENT_3D('',#3392,#2788,#2789);
#2366=AXIS2_PLACEMENT_3D('',#3395,#2792,#2793);
#2367=AXIS2_PLACEMENT_3D('',#3396,#2794,#2795);
#2368=AXIS2_PLACEMENT_3D('',#3397,#2796,#2797);
#2369=AXIS2_PLACEMENT_3D('',#3398,#2798,#2799);
#2370=AXIS2_PLACEMENT_3D('',#3407,#2804,#2805);
#2371=AXIS2_PLACEMENT_3D('',#3413,#2809,#2810);
#2372=AXIS2_PLACEMENT_3D('',#3419,#2814,#2815);
#2373=AXIS2_PLACEMENT_3D('',#3422,#2818,#2819);
#2374=AXIS2_PLACEMENT_3D('',#3423,#2820,#2821);
#2375=AXIS2_PLACEMENT_3D('',#3424,#2822,#2823);
#2376=AXIS2_PLACEMENT_3D('',#3425,#2824,#2825);
#2377=AXIS2_PLACEMENT_3D('',#3434,#2830,#2831);
#2378=AXIS2_PLACEMENT_3D('',#3440,#2835,#2836);
#2379=AXIS2_PLACEMENT_3D('',#3446,#2840,#2841);
#2380=AXIS2_PLACEMENT_3D('',#3449,#2844,#2845);
#2381=AXIS2_PLACEMENT_3D('',#3450,#2846,#2847);
#2382=AXIS2_PLACEMENT_3D('',#3451,#2848,#2849);
#2383=AXIS2_PLACEMENT_3D('',#3452,#2850,#2851);
#2384=AXIS2_PLACEMENT_3D('',#3461,#2856,#2857);
#2385=AXIS2_PLACEMENT_3D('',#3467,#2861,#2862);
#2386=AXIS2_PLACEMENT_3D('',#3473,#2866,#2867);
#2387=AXIS2_PLACEMENT_3D('',#3476,#2870,#2871);
#2388=AXIS2_PLACEMENT_3D('',#3477,#2872,#2873);
#2389=AXIS2_PLACEMENT_3D('',#3478,#2874,#2875);
#2390=AXIS2_PLACEMENT_3D('',#3479,#2876,#2877);
#2391=AXIS2_PLACEMENT_3D('',#3488,#2882,#2883);
#2392=AXIS2_PLACEMENT_3D('',#3494,#2887,#2888);
#2393=AXIS2_PLACEMENT_3D('',#3500,#2892,#2893);
#2394=AXIS2_PLACEMENT_3D('',#3503,#2896,#2897);
#2395=AXIS2_PLACEMENT_3D('',#3504,#2898,#2899);
#2396=AXIS2_PLACEMENT_3D('',#3505,#2900,#2901);
#2397=AXIS2_PLACEMENT_3D('',#3506,#2902,#2903);
#2398=AXIS2_PLACEMENT_3D('',#3515,#2908,#2909);
#2399=AXIS2_PLACEMENT_3D('',#3521,#2913,#2914);
#2400=AXIS2_PLACEMENT_3D('',#3527,#2918,#2919);
#2401=AXIS2_PLACEMENT_3D('',#3530,#2922,#2923);
#2402=AXIS2_PLACEMENT_3D('',#3531,#2924,#2925);
#2403=AXIS2_PLACEMENT_3D('',#3532,#2926,#2927);
#2404=AXIS2_PLACEMENT_3D('',#3533,#2928,#2929);
#2405=AXIS2_PLACEMENT_3D('',#3542,#2934,#2935);
#2406=AXIS2_PLACEMENT_3D('',#3548,#2939,#2940);
#2407=AXIS2_PLACEMENT_3D('',#3554,#2944,#2945);
#2408=AXIS2_PLACEMENT_3D('',#3557,#2948,#2949);
#2409=AXIS2_PLACEMENT_3D('',#3558,#2950,#2951);
#2410=AXIS2_PLACEMENT_3D('',#3559,#2952,#2953);
#2411=AXIS2_PLACEMENT_3D('',#3560,#2954,#2955);
#2412=AXIS2_PLACEMENT_3D('',#3561,#2956,#2957);
#2413=AXIS2_PLACEMENT_3D('',#3563,#2958,#2959);
#2414=AXIS2_PLACEMENT_3D('',#3565,#2960,#2961);
#2415=AXIS2_PLACEMENT_3D('',#3566,#2962,#2963);
#2416=AXIS2_PLACEMENT_3D('',#3567,#2964,#2965);
#2417=AXIS2_PLACEMENT_3D('',#3568,#2966,#2967);
#2418=AXIS2_PLACEMENT_3D('',#3569,#2968,#2969);
#2419=AXIS2_PLACEMENT_3D('',#3571,#2970,#2971);
#2420=AXIS2_PLACEMENT_3D('',#3573,#2972,#2973);
#2421=AXIS2_PLACEMENT_3D('',#3574,#2974,#2975);
#2422=AXIS2_PLACEMENT_3D('',#3575,#2976,#2977);
#2423=AXIS2_PLACEMENT_3D('',#3576,#2978,#2979);
#2424=AXIS2_PLACEMENT_3D('',#3577,#2980,#2981);
#2425=AXIS2_PLACEMENT_3D('',#3579,#2982,#2983);
#2426=AXIS2_PLACEMENT_3D('',#3581,#2984,#2985);
#2427=AXIS2_PLACEMENT_3D('',#3582,#2986,#2987);
#2428=AXIS2_PLACEMENT_3D('',#3583,#2988,#2989);
#2429=AXIS2_PLACEMENT_3D('',#3584,#2990,#2991);
#2430=AXIS2_PLACEMENT_3D('',#3585,#2992,#2993);
#2431=AXIS2_PLACEMENT_3D('',#3587,#2994,#2995);
#2432=AXIS2_PLACEMENT_3D('',#3589,#2996,#2997);
#2433=AXIS2_PLACEMENT_3D('',#3590,#2998,#2999);
#2434=AXIS2_PLACEMENT_3D('',#3591,#3000,#3001);
#2435=AXIS2_PLACEMENT_3D('',#3592,#3002,#3003);
#2436=AXIS2_PLACEMENT_3D('',#3593,#3004,#3005);
#2437=AXIS2_PLACEMENT_3D('',#3595,#3006,#3007);
#2438=AXIS2_PLACEMENT_3D('',#3597,#3008,#3009);
#2439=AXIS2_PLACEMENT_3D('',#3598,#3010,#3011);
#2440=AXIS2_PLACEMENT_3D('',#3599,#3012,#3013);
#2441=AXIS2_PLACEMENT_3D('',#3600,#3014,#3015);
#2442=AXIS2_PLACEMENT_3D('',#3601,#3016,#3017);
#2443=AXIS2_PLACEMENT_3D('',#3603,#3018,#3019);
#2444=AXIS2_PLACEMENT_3D('',#3605,#3020,#3021);
#2445=AXIS2_PLACEMENT_3D('',#3606,#3022,#3023);
#2446=AXIS2_PLACEMENT_3D('',#3607,#3024,#3025);
#2447=AXIS2_PLACEMENT_3D('',#3608,#3026,#3027);
#2448=AXIS2_PLACEMENT_3D('',#3609,#3028,#3029);
#2449=AXIS2_PLACEMENT_3D('',#3611,#3030,#3031);
#2450=AXIS2_PLACEMENT_3D('',#3613,#3032,#3033);
#2451=AXIS2_PLACEMENT_3D('',#3614,#3034,#3035);
#2452=AXIS2_PLACEMENT_3D('',#3615,#3036,#3037);
#2453=AXIS2_PLACEMENT_3D('',#3616,#3038,#3039);
#2454=AXIS2_PLACEMENT_3D('',#3617,#3040,#3041);
#2455=AXIS2_PLACEMENT_3D('',#3619,#3042,#3043);
#2456=AXIS2_PLACEMENT_3D('',#3621,#3044,#3045);
#2457=AXIS2_PLACEMENT_3D('',#3622,#3046,#3047);
#2458=AXIS2_PLACEMENT_3D('',#3623,#3048,#3049);
#2459=AXIS2_PLACEMENT_3D('',#3624,#3050,#3051);
#2460=AXIS2_PLACEMENT_3D('',#3625,#3052,#3053);
#2461=AXIS2_PLACEMENT_3D('',#3627,#3054,#3055);
#2462=AXIS2_PLACEMENT_3D('',#3629,#3056,#3057);
#2463=AXIS2_PLACEMENT_3D('',#3630,#3058,#3059);
#2464=DIRECTION('',(0.,0.,1.));
#2465=DIRECTION('',(1.,0.,0.));
#2466=DIRECTION('',(0.,0.,-1.));
#2467=DIRECTION('',(0.,1.,0.));
#2468=DIRECTION('',(1.,0.,0.));
#2469=DIRECTION('',(0.,-1.,0.));
#2470=DIRECTION('',(1.,0.,0.));
#2471=DIRECTION('',(0.,-1.,0.));
#2472=DIRECTION('',(1.,0.,0.));
#2473=DIRECTION('',(0.,-1.,0.));
#2474=DIRECTION('',(0.,0.,1.));
#2475=DIRECTION('',(0.,-1.,0.));
#2476=DIRECTION('',(0.,0.,-1.));
#2477=DIRECTION('',(0.,0.,-1.));
#2478=DIRECTION('',(0.,1.,0.));
#2479=DIRECTION('',(1.,0.,0.));
#2480=DIRECTION('',(0.,-1.,0.));
#2481=DIRECTION('',(1.,0.,0.));
#2482=DIRECTION('',(1.,0.,0.));
#2483=DIRECTION('',(0.,-1.,0.));
#2484=DIRECTION('',(0.,0.,1.));
#2485=DIRECTION('',(0.,0.,-1.));
#2486=DIRECTION('',(0.,1.,0.));
#2487=DIRECTION('',(1.,0.,0.));
#2488=DIRECTION('',(0.,1.,0.));
#2489=DIRECTION('',(1.,0.,0.));
#2490=DIRECTION('',(0.,0.,1.));
#2491=DIRECTION('',(1.,0.,0.));
#2492=DIRECTION('',(0.,0.,1.));
#2493=DIRECTION('',(0.,-1.,0.));
#2494=DIRECTION('',(0.,1.,0.));
#2495=DIRECTION('',(1.,0.,0.));
#2496=DIRECTION('',(0.,1.,0.));
#2497=DIRECTION('',(1.,0.,0.));
#2498=DIRECTION('',(-1.,0.,0.));
#2499=DIRECTION('',(0.,1.,0.));
#2500=DIRECTION('',(0.,0.,1.));
#2501=DIRECTION('',(0.,1.,0.));
#2502=DIRECTION('',(0.,0.,1.));
#2503=DIRECTION('',(-1.,0.,0.));
#2504=DIRECTION('',(0.,1.,0.));
#2505=DIRECTION('',(0.,1.,0.));
#2506=DIRECTION('',(0.,0.,1.));
#2507=DIRECTION('',(0.,1.,0.));
#2508=DIRECTION('',(0.,0.,1.));
#2509=DIRECTION('',(0.,0.,1.));
#2510=DIRECTION('',(0.,-1.,0.));
#2511=DIRECTION('',(1.,0.,0.));
#2512=DIRECTION('',(0.,1.,0.));
#2513=DIRECTION('',(1.,0.,0.));
#2514=DIRECTION('',(0.,1.,0.));
#2515=DIRECTION('',(1.,0.,0.));
#2516=DIRECTION('',(1.,0.,0.));
#2517=DIRECTION('',(0.,0.,1.));
#2518=DIRECTION('',(1.,0.,0.));
#2519=DIRECTION('',(0.,0.,-1.));
#2520=DIRECTION('',(0.,1.,0.));
#2521=DIRECTION('',(1.,0.,0.));
#2522=DIRECTION('',(1.,0.,0.));
#2523=DIRECTION('',(0.,0.,-1.));
#2524=DIRECTION('',(-1.,0.,0.));
#2525=DIRECTION('',(0.,1.,0.));
#2526=DIRECTION('',(1.,0.,0.));
#2527=DIRECTION('',(0.,-1.,0.));
#2528=DIRECTION('',(-0.707106781186548,0.,0.707106781186548));
#2529=DIRECTION('',(-0.707106781186548,0.,-0.707106781186548));
#2530=DIRECTION('',(0.,0.,1.));
#2531=DIRECTION('',(0.,-1.,0.));
#2532=DIRECTION('',(0.,0.,1.));
#2533=DIRECTION('',(0.,-1.,0.));
#2534=DIRECTION('',(1.,0.,0.));
#2535=DIRECTION('',(0.,0.,-1.));
#2536=DIRECTION('',(1.,0.,0.));
#2537=DIRECTION('',(0.,-1.,0.));
#2538=DIRECTION('',(1.,0.,0.));
#2539=DIRECTION('',(0.,-1.,0.));
#2540=DIRECTION('',(1.,0.,0.));
#2541=DIRECTION('',(0.,-1.,0.));
#2542=DIRECTION('',(0.,0.,1.));
#2543=DIRECTION('',(1.,0.,0.));
#2544=DIRECTION('',(1.,0.,0.));
#2545=DIRECTION('',(0.,-1.,0.));
#2546=DIRECTION('',(-1.,0.,0.));
#2547=DIRECTION('',(0.,1.,0.));
#2548=DIRECTION('',(-1.,0.,0.));
#2549=DIRECTION('',(0.,0.,1.));
#2550=DIRECTION('',(1.,0.,0.));
#2551=DIRECTION('',(0.,-1.,0.));
#2552=DIRECTION('',(-1.,0.,0.));
#2553=DIRECTION('',(0.,1.,0.));
#2554=DIRECTION('',(-1.,0.,0.));
#2555=DIRECTION('',(0.,0.,1.));
#2556=DIRECTION('',(1.,0.,0.));
#2557=DIRECTION('',(0.,-1.,0.));
#2558=DIRECTION('',(-1.,0.,0.));
#2559=DIRECTION('',(0.,1.,0.));
#2560=DIRECTION('',(-1.,0.,0.));
#2561=DIRECTION('',(0.,0.,1.));
#2562=DIRECTION('',(0.,0.,1.));
#2563=DIRECTION('',(1.,0.,0.));
#2564=DIRECTION('',(0.,0.,-1.));
#2565=DIRECTION('',(0.,1.,0.));
#2566=DIRECTION('',(1.,0.,0.));
#2567=DIRECTION('',(0.,-1.,0.));
#2568=DIRECTION('',(1.,0.,0.));
#2569=DIRECTION('',(0.,-1.,0.));
#2570=DIRECTION('',(1.,0.,0.));
#2571=DIRECTION('',(0.,-1.,0.));
#2572=DIRECTION('',(0.,0.,1.));
#2573=DIRECTION('',(0.,-1.,0.));
#2574=DIRECTION('',(0.,0.,-1.));
#2575=DIRECTION('',(0.,0.,-1.));
#2576=DIRECTION('',(0.,1.,0.));
#2577=DIRECTION('',(1.,0.,0.));
#2578=DIRECTION('',(0.,-1.,0.));
#2579=DIRECTION('',(1.,0.,0.));
#2580=DIRECTION('',(1.,0.,0.));
#2581=DIRECTION('',(0.,-1.,0.));
#2582=DIRECTION('',(0.,0.,1.));
#2583=DIRECTION('',(0.,0.,-1.));
#2584=DIRECTION('',(0.,1.,0.));
#2585=DIRECTION('',(1.,0.,0.));
#2586=DIRECTION('',(0.,1.,0.));
#2587=DIRECTION('',(1.,0.,0.));
#2588=DIRECTION('',(0.,0.,1.));
#2589=DIRECTION('',(1.,0.,0.));
#2590=DIRECTION('',(0.,0.,-1.));
#2591=DIRECTION('',(0.,1.,0.));
#2592=DIRECTION('',(1.,0.,0.));
#2593=DIRECTION('',(0.,-1.,0.));
#2594=DIRECTION('',(1.,0.,0.));
#2595=DIRECTION('',(0.,-1.,0.));
#2596=DIRECTION('',(1.,0.,0.));
#2597=DIRECTION('',(0.,-1.,0.));
#2598=DIRECTION('',(0.,0.,1.));
#2599=DIRECTION('',(0.,-1.,0.));
#2600=DIRECTION('',(0.,0.,-1.));
#2601=DIRECTION('',(0.,0.,-1.));
#2602=DIRECTION('',(0.,1.,0.));
#2603=DIRECTION('',(1.,0.,0.));
#2604=DIRECTION('',(0.,-1.,0.));
#2605=DIRECTION('',(1.,0.,0.));
#2606=DIRECTION('',(1.,0.,0.));
#2607=DIRECTION('',(0.,-1.,0.));
#2608=DIRECTION('',(0.,0.,1.));
#2609=DIRECTION('',(0.,0.,-1.));
#2610=DIRECTION('',(0.,1.,0.));
#2611=DIRECTION('',(1.,0.,0.));
#2612=DIRECTION('',(0.,1.,0.));
#2613=DIRECTION('',(1.,0.,0.));
#2614=DIRECTION('',(0.,0.,1.));
#2615=DIRECTION('',(1.,0.,0.));
#2616=DIRECTION('',(0.,0.,-1.));
#2617=DIRECTION('',(0.,1.,0.));
#2618=DIRECTION('',(1.,0.,0.));
#2619=DIRECTION('',(0.,-1.,0.));
#2620=DIRECTION('',(1.,0.,0.));
#2621=DIRECTION('',(0.,-1.,0.));
#2622=DIRECTION('',(1.,0.,0.));
#2623=DIRECTION('',(0.,-1.,0.));
#2624=DIRECTION('',(0.,0.,1.));
#2625=DIRECTION('',(0.,-1.,0.));
#2626=DIRECTION('',(0.,0.,-1.));
#2627=DIRECTION('',(0.,0.,-1.));
#2628=DIRECTION('',(0.,1.,0.));
#2629=DIRECTION('',(1.,0.,0.));
#2630=DIRECTION('',(0.,-1.,0.));
#2631=DIRECTION('',(1.,0.,0.));
#2632=DIRECTION('',(1.,0.,0.));
#2633=DIRECTION('',(0.,-1.,0.));
#2634=DIRECTION('',(0.,0.,1.));
#2635=DIRECTION('',(0.,0.,-1.));
#2636=DIRECTION('',(0.,1.,0.));
#2637=DIRECTION('',(1.,0.,0.));
#2638=DIRECTION('',(0.,1.,0.));
#2639=DIRECTION('',(1.,0.,0.));
#2640=DIRECTION('',(0.,0.,1.));
#2641=DIRECTION('',(1.,0.,0.));
#2642=DIRECTION('',(0.,0.,-1.));
#2643=DIRECTION('',(0.,1.,0.));
#2644=DIRECTION('',(1.,0.,0.));
#2645=DIRECTION('',(0.,-1.,0.));
#2646=DIRECTION('',(1.,0.,0.));
#2647=DIRECTION('',(0.,-1.,0.));
#2648=DIRECTION('',(1.,0.,0.));
#2649=DIRECTION('',(0.,-1.,0.));
#2650=DIRECTION('',(0.,0.,1.));
#2651=DIRECTION('',(0.,-1.,0.));
#2652=DIRECTION('',(0.,0.,-1.));
#2653=DIRECTION('',(0.,0.,-1.));
#2654=DIRECTION('',(0.,1.,0.));
#2655=DIRECTION('',(1.,0.,0.));
#2656=DIRECTION('',(0.,-1.,0.));
#2657=DIRECTION('',(1.,0.,0.));
#2658=DIRECTION('',(1.,0.,0.));
#2659=DIRECTION('',(0.,-1.,0.));
#2660=DIRECTION('',(0.,0.,1.));
#2661=DIRECTION('',(0.,0.,-1.));
#2662=DIRECTION('',(0.,1.,0.));
#2663=DIRECTION('',(1.,0.,0.));
#2664=DIRECTION('',(0.,1.,0.));
#2665=DIRECTION('',(1.,0.,0.));
#2666=DIRECTION('',(0.,0.,1.));
#2667=DIRECTION('',(1.,0.,0.));
#2668=DIRECTION('',(0.,0.,-1.));
#2669=DIRECTION('',(0.,1.,0.));
#2670=DIRECTION('',(1.,0.,0.));
#2671=DIRECTION('',(0.,-1.,0.));
#2672=DIRECTION('',(1.,0.,0.));
#2673=DIRECTION('',(0.,-1.,0.));
#2674=DIRECTION('',(1.,0.,0.));
#2675=DIRECTION('',(0.,-1.,0.));
#2676=DIRECTION('',(0.,0.,1.));
#2677=DIRECTION('',(0.,-1.,0.));
#2678=DIRECTION('',(0.,0.,-1.));
#2679=DIRECTION('',(0.,0.,-1.));
#2680=DIRECTION('',(0.,1.,0.));
#2681=DIRECTION('',(1.,0.,0.));
#2682=DIRECTION('',(0.,-1.,0.));
#2683=DIRECTION('',(1.,0.,0.));
#2684=DIRECTION('',(1.,0.,0.));
#2685=DIRECTION('',(0.,-1.,0.));
#2686=DIRECTION('',(0.,0.,1.));
#2687=DIRECTION('',(0.,0.,-1.));
#2688=DIRECTION('',(0.,1.,0.));
#2689=DIRECTION('',(1.,0.,0.));
#2690=DIRECTION('',(0.,1.,0.));
#2691=DIRECTION('',(1.,0.,0.));
#2692=DIRECTION('',(0.,0.,1.));
#2693=DIRECTION('',(1.,0.,0.));
#2694=DIRECTION('',(0.,0.,-1.));
#2695=DIRECTION('',(0.,1.,0.));
#2696=DIRECTION('',(1.,0.,0.));
#2697=DIRECTION('',(0.,-1.,0.));
#2698=DIRECTION('',(1.,0.,0.));
#2699=DIRECTION('',(0.,-1.,0.));
#2700=DIRECTION('',(1.,0.,0.));
#2701=DIRECTION('',(0.,-1.,0.));
#2702=DIRECTION('',(0.,0.,1.));
#2703=DIRECTION('',(0.,-1.,0.));
#2704=DIRECTION('',(0.,0.,-1.));
#2705=DIRECTION('',(0.,0.,-1.));
#2706=DIRECTION('',(0.,1.,0.));
#2707=DIRECTION('',(1.,0.,0.));
#2708=DIRECTION('',(0.,-1.,0.));
#2709=DIRECTION('',(1.,0.,0.));
#2710=DIRECTION('',(1.,0.,0.));
#2711=DIRECTION('',(0.,-1.,0.));
#2712=DIRECTION('',(0.,0.,1.));
#2713=DIRECTION('',(0.,0.,-1.));
#2714=DIRECTION('',(0.,1.,0.));
#2715=DIRECTION('',(1.,0.,0.));
#2716=DIRECTION('',(0.,1.,0.));
#2717=DIRECTION('',(1.,0.,0.));
#2718=DIRECTION('',(0.,0.,1.));
#2719=DIRECTION('',(1.,0.,0.));
#2720=DIRECTION('',(0.,0.,-1.));
#2721=DIRECTION('',(0.,1.,0.));
#2722=DIRECTION('',(1.,0.,0.));
#2723=DIRECTION('',(0.,-1.,0.));
#2724=DIRECTION('',(1.,0.,0.));
#2725=DIRECTION('',(0.,-1.,0.));
#2726=DIRECTION('',(1.,0.,0.));
#2727=DIRECTION('',(0.,-1.,0.));
#2728=DIRECTION('',(0.,0.,1.));
#2729=DIRECTION('',(0.,-1.,0.));
#2730=DIRECTION('',(0.,0.,-1.));
#2731=DIRECTION('',(0.,0.,-1.));
#2732=DIRECTION('',(0.,1.,0.));
#2733=DIRECTION('',(1.,0.,0.));
#2734=DIRECTION('',(0.,-1.,0.));
#2735=DIRECTION('',(1.,0.,0.));
#2736=DIRECTION('',(1.,0.,0.));
#2737=DIRECTION('',(0.,-1.,0.));
#2738=DIRECTION('',(0.,0.,1.));
#2739=DIRECTION('',(0.,0.,-1.));
#2740=DIRECTION('',(0.,1.,0.));
#2741=DIRECTION('',(1.,0.,0.));
#2742=DIRECTION('',(0.,1.,0.));
#2743=DIRECTION('',(1.,0.,0.));
#2744=DIRECTION('',(0.,0.,1.));
#2745=DIRECTION('',(1.,0.,0.));
#2746=DIRECTION('',(0.,0.,-1.));
#2747=DIRECTION('',(0.,1.,0.));
#2748=DIRECTION('',(1.,0.,0.));
#2749=DIRECTION('',(0.,-1.,0.));
#2750=DIRECTION('',(1.,0.,0.));
#2751=DIRECTION('',(0.,-1.,0.));
#2752=DIRECTION('',(1.,0.,0.));
#2753=DIRECTION('',(0.,-1.,0.));
#2754=DIRECTION('',(0.,0.,1.));
#2755=DIRECTION('',(0.,-1.,0.));
#2756=DIRECTION('',(0.,0.,-1.));
#2757=DIRECTION('',(0.,0.,-1.));
#2758=DIRECTION('',(0.,1.,0.));
#2759=DIRECTION('',(1.,0.,0.));
#2760=DIRECTION('',(0.,-1.,0.));
#2761=DIRECTION('',(1.,0.,0.));
#2762=DIRECTION('',(1.,0.,0.));
#2763=DIRECTION('',(0.,-1.,0.));
#2764=DIRECTION('',(0.,0.,1.));
#2765=DIRECTION('',(0.,0.,-1.));
#2766=DIRECTION('',(0.,1.,0.));
#2767=DIRECTION('',(1.,0.,0.));
#2768=DIRECTION('',(0.,1.,0.));
#2769=DIRECTION('',(1.,0.,0.));
#2770=DIRECTION('',(0.,0.,1.));
#2771=DIRECTION('',(1.,0.,0.));
#2772=DIRECTION('',(0.,0.,-1.));
#2773=DIRECTION('',(0.,1.,0.));
#2774=DIRECTION('',(1.,0.,0.));
#2775=DIRECTION('',(0.,-1.,0.));
#2776=DIRECTION('',(1.,0.,0.));
#2777=DIRECTION('',(0.,-1.,0.));
#2778=DIRECTION('',(1.,0.,0.));
#2779=DIRECTION('',(0.,-1.,0.));
#2780=DIRECTION('',(0.,0.,1.));
#2781=DIRECTION('',(0.,-1.,0.));
#2782=DIRECTION('',(0.,0.,-1.));
#2783=DIRECTION('',(0.,0.,-1.));
#2784=DIRECTION('',(0.,1.,0.));
#2785=DIRECTION('',(1.,0.,0.));
#2786=DIRECTION('',(0.,-1.,0.));
#2787=DIRECTION('',(1.,0.,0.));
#2788=DIRECTION('',(1.,0.,0.));
#2789=DIRECTION('',(0.,-1.,0.));
#2790=DIRECTION('',(0.,0.,1.));
#2791=DIRECTION('',(0.,0.,-1.));
#2792=DIRECTION('',(0.,1.,0.));
#2793=DIRECTION('',(1.,0.,0.));
#2794=DIRECTION('',(0.,1.,0.));
#2795=DIRECTION('',(1.,0.,0.));
#2796=DIRECTION('',(0.,0.,1.));
#2797=DIRECTION('',(1.,0.,0.));
#2798=DIRECTION('',(0.,0.,-1.));
#2799=DIRECTION('',(0.,1.,0.));
#2800=DIRECTION('',(1.,0.,0.));
#2801=DIRECTION('',(0.,-1.,0.));
#2802=DIRECTION('',(1.,0.,0.));
#2803=DIRECTION('',(0.,-1.,0.));
#2804=DIRECTION('',(1.,0.,0.));
#2805=DIRECTION('',(0.,-1.,0.));
#2806=DIRECTION('',(0.,0.,1.));
#2807=DIRECTION('',(0.,-1.,0.));
#2808=DIRECTION('',(0.,0.,-1.));
#2809=DIRECTION('',(0.,0.,-1.));
#2810=DIRECTION('',(0.,1.,0.));
#2811=DIRECTION('',(1.,0.,0.));
#2812=DIRECTION('',(0.,-1.,0.));
#2813=DIRECTION('',(1.,0.,0.));
#2814=DIRECTION('',(1.,0.,0.));
#2815=DIRECTION('',(0.,-1.,0.));
#2816=DIRECTION('',(0.,0.,1.));
#2817=DIRECTION('',(0.,0.,-1.));
#2818=DIRECTION('',(0.,1.,0.));
#2819=DIRECTION('',(1.,0.,0.));
#2820=DIRECTION('',(0.,1.,0.));
#2821=DIRECTION('',(1.,0.,0.));
#2822=DIRECTION('',(0.,0.,1.));
#2823=DIRECTION('',(1.,0.,0.));
#2824=DIRECTION('',(0.,0.,-1.));
#2825=DIRECTION('',(0.,1.,0.));
#2826=DIRECTION('',(1.,0.,0.));
#2827=DIRECTION('',(0.,-1.,0.));
#2828=DIRECTION('',(1.,0.,0.));
#2829=DIRECTION('',(0.,-1.,0.));
#2830=DIRECTION('',(1.,0.,0.));
#2831=DIRECTION('',(0.,-1.,0.));
#2832=DIRECTION('',(0.,0.,1.));
#2833=DIRECTION('',(0.,-1.,0.));
#2834=DIRECTION('',(0.,0.,-1.));
#2835=DIRECTION('',(0.,0.,-1.));
#2836=DIRECTION('',(0.,1.,0.));
#2837=DIRECTION('',(1.,0.,0.));
#2838=DIRECTION('',(0.,-1.,0.));
#2839=DIRECTION('',(1.,0.,0.));
#2840=DIRECTION('',(1.,0.,0.));
#2841=DIRECTION('',(0.,-1.,0.));
#2842=DIRECTION('',(0.,0.,1.));
#2843=DIRECTION('',(0.,0.,-1.));
#2844=DIRECTION('',(0.,1.,0.));
#2845=DIRECTION('',(1.,0.,0.));
#2846=DIRECTION('',(0.,1.,0.));
#2847=DIRECTION('',(1.,0.,0.));
#2848=DIRECTION('',(0.,0.,1.));
#2849=DIRECTION('',(1.,0.,0.));
#2850=DIRECTION('',(0.,0.,-1.));
#2851=DIRECTION('',(0.,1.,0.));
#2852=DIRECTION('',(1.,0.,0.));
#2853=DIRECTION('',(0.,-1.,0.));
#2854=DIRECTION('',(1.,0.,0.));
#2855=DIRECTION('',(0.,-1.,0.));
#2856=DIRECTION('',(1.,0.,0.));
#2857=DIRECTION('',(0.,-1.,0.));
#2858=DIRECTION('',(0.,0.,1.));
#2859=DIRECTION('',(0.,-1.,0.));
#2860=DIRECTION('',(0.,0.,-1.));
#2861=DIRECTION('',(0.,0.,-1.));
#2862=DIRECTION('',(0.,1.,0.));
#2863=DIRECTION('',(1.,0.,0.));
#2864=DIRECTION('',(0.,-1.,0.));
#2865=DIRECTION('',(1.,0.,0.));
#2866=DIRECTION('',(1.,0.,0.));
#2867=DIRECTION('',(0.,-1.,0.));
#2868=DIRECTION('',(0.,0.,1.));
#2869=DIRECTION('',(0.,0.,-1.));
#2870=DIRECTION('',(0.,1.,0.));
#2871=DIRECTION('',(1.,0.,0.));
#2872=DIRECTION('',(0.,1.,0.));
#2873=DIRECTION('',(1.,0.,0.));
#2874=DIRECTION('',(0.,0.,1.));
#2875=DIRECTION('',(1.,0.,0.));
#2876=DIRECTION('',(0.,0.,-1.));
#2877=DIRECTION('',(0.,1.,0.));
#2878=DIRECTION('',(1.,0.,0.));
#2879=DIRECTION('',(0.,-1.,0.));
#2880=DIRECTION('',(1.,0.,0.));
#2881=DIRECTION('',(0.,-1.,0.));
#2882=DIRECTION('',(1.,0.,0.));
#2883=DIRECTION('',(0.,-1.,0.));
#2884=DIRECTION('',(0.,0.,1.));
#2885=DIRECTION('',(0.,-1.,0.));
#2886=DIRECTION('',(0.,0.,-1.));
#2887=DIRECTION('',(0.,0.,-1.));
#2888=DIRECTION('',(0.,1.,0.));
#2889=DIRECTION('',(1.,0.,0.));
#2890=DIRECTION('',(0.,-1.,0.));
#2891=DIRECTION('',(1.,0.,0.));
#2892=DIRECTION('',(1.,0.,0.));
#2893=DIRECTION('',(0.,-1.,0.));
#2894=DIRECTION('',(0.,0.,1.));
#2895=DIRECTION('',(0.,0.,-1.));
#2896=DIRECTION('',(0.,1.,0.));
#2897=DIRECTION('',(1.,0.,0.));
#2898=DIRECTION('',(0.,1.,0.));
#2899=DIRECTION('',(1.,0.,0.));
#2900=DIRECTION('',(0.,0.,1.));
#2901=DIRECTION('',(1.,0.,0.));
#2902=DIRECTION('',(0.,0.,-1.));
#2903=DIRECTION('',(0.,1.,0.));
#2904=DIRECTION('',(1.,0.,0.));
#2905=DIRECTION('',(0.,-1.,0.));
#2906=DIRECTION('',(1.,0.,0.));
#2907=DIRECTION('',(0.,-1.,0.));
#2908=DIRECTION('',(1.,0.,0.));
#2909=DIRECTION('',(0.,-1.,0.));
#2910=DIRECTION('',(0.,0.,1.));
#2911=DIRECTION('',(0.,-1.,0.));
#2912=DIRECTION('',(0.,0.,-1.));
#2913=DIRECTION('',(0.,0.,-1.));
#2914=DIRECTION('',(0.,1.,0.));
#2915=DIRECTION('',(1.,0.,0.));
#2916=DIRECTION('',(0.,-1.,0.));
#2917=DIRECTION('',(1.,0.,0.));
#2918=DIRECTION('',(1.,0.,0.));
#2919=DIRECTION('',(0.,-1.,0.));
#2920=DIRECTION('',(0.,0.,1.));
#2921=DIRECTION('',(0.,0.,-1.));
#2922=DIRECTION('',(0.,1.,0.));
#2923=DIRECTION('',(1.,0.,0.));
#2924=DIRECTION('',(0.,1.,0.));
#2925=DIRECTION('',(1.,0.,0.));
#2926=DIRECTION('',(0.,0.,1.));
#2927=DIRECTION('',(1.,0.,0.));
#2928=DIRECTION('',(0.,0.,-1.));
#2929=DIRECTION('',(0.,1.,0.));
#2930=DIRECTION('',(1.,0.,0.));
#2931=DIRECTION('',(0.,-1.,0.));
#2932=DIRECTION('',(1.,0.,0.));
#2933=DIRECTION('',(0.,-1.,0.));
#2934=DIRECTION('',(1.,0.,0.));
#2935=DIRECTION('',(0.,-1.,0.));
#2936=DIRECTION('',(0.,0.,1.));
#2937=DIRECTION('',(0.,-1.,0.));
#2938=DIRECTION('',(0.,0.,-1.));
#2939=DIRECTION('',(0.,0.,-1.));
#2940=DIRECTION('',(0.,1.,0.));
#2941=DIRECTION('',(1.,0.,0.));
#2942=DIRECTION('',(0.,-1.,0.));
#2943=DIRECTION('',(1.,0.,0.));
#2944=DIRECTION('',(1.,0.,0.));
#2945=DIRECTION('',(0.,-1.,0.));
#2946=DIRECTION('',(0.,0.,1.));
#2947=DIRECTION('',(0.,0.,-1.));
#2948=DIRECTION('',(0.,1.,0.));
#2949=DIRECTION('',(1.,0.,0.));
#2950=DIRECTION('',(0.,1.,0.));
#2951=DIRECTION('',(1.,0.,0.));
#2952=DIRECTION('',(0.,0.,1.));
#2953=DIRECTION('',(1.,0.,0.));
#2954=DIRECTION('',(1.,0.,0.));
#2955=DIRECTION('',(0.,-1.,0.));
#2956=DIRECTION('',(-1.,0.,0.));
#2957=DIRECTION('',(0.,1.,0.));
#2958=DIRECTION('',(-1.,0.,0.));
#2959=DIRECTION('',(0.,1.,0.));
#2960=DIRECTION('',(-1.,0.,0.));
#2961=DIRECTION('',(0.,0.,1.));
#2962=DIRECTION('',(-1.,0.,0.));
#2963=DIRECTION('',(0.,0.,1.));
#2964=DIRECTION('',(0.,0.,1.));
#2965=DIRECTION('',(1.,0.,0.));
#2966=DIRECTION('',(1.,0.,0.));
#2967=DIRECTION('',(0.,-1.,0.));
#2968=DIRECTION('',(-1.,0.,0.));
#2969=DIRECTION('',(0.,1.,0.));
#2970=DIRECTION('',(-1.,0.,0.));
#2971=DIRECTION('',(0.,1.,0.));
#2972=DIRECTION('',(-1.,0.,0.));
#2973=DIRECTION('',(0.,0.,1.));
#2974=DIRECTION('',(-1.,0.,0.));
#2975=DIRECTION('',(0.,0.,1.));
#2976=DIRECTION('',(0.,0.,1.));
#2977=DIRECTION('',(1.,0.,0.));
#2978=DIRECTION('',(1.,0.,0.));
#2979=DIRECTION('',(0.,-1.,0.));
#2980=DIRECTION('',(-1.,0.,0.));
#2981=DIRECTION('',(0.,1.,0.));
#2982=DIRECTION('',(-1.,0.,0.));
#2983=DIRECTION('',(0.,1.,0.));
#2984=DIRECTION('',(-1.,0.,0.));
#2985=DIRECTION('',(0.,0.,1.));
#2986=DIRECTION('',(-1.,0.,0.));
#2987=DIRECTION('',(0.,0.,1.));
#2988=DIRECTION('',(0.,0.,1.));
#2989=DIRECTION('',(1.,0.,0.));
#2990=DIRECTION('',(0.,0.,1.));
#2991=DIRECTION('',(0.,-1.,0.));
#2992=DIRECTION('',(0.,0.,-1.));
#2993=DIRECTION('',(0.,1.,0.));
#2994=DIRECTION('',(0.,0.,-1.));
#2995=DIRECTION('',(0.,1.,0.));
#2996=DIRECTION('',(0.,0.,-1.));
#2997=DIRECTION('',(-1.,0.,0.));
#2998=DIRECTION('',(0.,0.,-1.));
#2999=DIRECTION('',(-1.,0.,0.));
#3000=DIRECTION('',(0.,0.,1.));
#3001=DIRECTION('',(1.,0.,0.));
#3002=DIRECTION('',(0.,0.,1.));
#3003=DIRECTION('',(0.,-1.,0.));
#3004=DIRECTION('',(0.,0.,-1.));
#3005=DIRECTION('',(0.,1.,0.));
#3006=DIRECTION('',(0.,0.,-1.));
#3007=DIRECTION('',(0.,1.,0.));
#3008=DIRECTION('',(0.,0.,-1.));
#3009=DIRECTION('',(-1.,0.,0.));
#3010=DIRECTION('',(0.,0.,-1.));
#3011=DIRECTION('',(-1.,0.,0.));
#3012=DIRECTION('',(0.,0.,1.));
#3013=DIRECTION('',(1.,0.,0.));
#3014=DIRECTION('',(0.,0.,1.));
#3015=DIRECTION('',(0.,-1.,0.));
#3016=DIRECTION('',(0.,0.,-1.));
#3017=DIRECTION('',(0.,1.,0.));
#3018=DIRECTION('',(0.,0.,-1.));
#3019=DIRECTION('',(0.,1.,0.));
#3020=DIRECTION('',(0.,0.,-1.));
#3021=DIRECTION('',(-1.,0.,0.));
#3022=DIRECTION('',(0.,0.,-1.));
#3023=DIRECTION('',(-1.,0.,0.));
#3024=DIRECTION('',(0.,0.,1.));
#3025=DIRECTION('',(1.,0.,0.));
#3026=DIRECTION('',(0.,0.,1.));
#3027=DIRECTION('',(0.,-1.,0.));
#3028=DIRECTION('',(0.,0.,-1.));
#3029=DIRECTION('',(0.,1.,0.));
#3030=DIRECTION('',(0.,0.,-1.));
#3031=DIRECTION('',(0.,1.,0.));
#3032=DIRECTION('',(0.,0.,-1.));
#3033=DIRECTION('',(-1.,0.,0.));
#3034=DIRECTION('',(0.,0.,-1.));
#3035=DIRECTION('',(-1.,0.,0.));
#3036=DIRECTION('',(0.,0.,1.));
#3037=DIRECTION('',(1.,0.,0.));
#3038=DIRECTION('',(0.,0.,1.));
#3039=DIRECTION('',(0.,-1.,0.));
#3040=DIRECTION('',(0.,0.,-1.));
#3041=DIRECTION('',(0.,1.,0.));
#3042=DIRECTION('',(0.,0.,-1.));
#3043=DIRECTION('',(0.,1.,0.));
#3044=DIRECTION('',(0.,0.,-1.));
#3045=DIRECTION('',(-1.,0.,0.));
#3046=DIRECTION('',(0.,0.,-1.));
#3047=DIRECTION('',(-1.,0.,0.));
#3048=DIRECTION('',(0.,0.,1.));
#3049=DIRECTION('',(1.,0.,0.));
#3050=DIRECTION('',(0.,0.,1.));
#3051=DIRECTION('',(0.,-1.,0.));
#3052=DIRECTION('',(0.,0.,-1.));
#3053=DIRECTION('',(0.,1.,0.));
#3054=DIRECTION('',(0.,0.,-1.));
#3055=DIRECTION('',(0.,1.,0.));
#3056=DIRECTION('',(0.,0.,-1.));
#3057=DIRECTION('',(-1.,0.,0.));
#3058=DIRECTION('',(0.,0.,-1.));
#3059=DIRECTION('',(-1.,0.,0.));
#3060=CARTESIAN_POINT('',(0.,0.,0.));
#3061=CARTESIAN_POINT('',(0.423,0.048,0.346));
#3062=CARTESIAN_POINT('',(0.423,0.028,0.346));
#3063=CARTESIAN_POINT('',(0.398,0.028,0.346));
#3064=CARTESIAN_POINT('',(0.448,0.028,0.346));
#3065=CARTESIAN_POINT('',(0.398,0.048,0.346));
#3066=CARTESIAN_POINT('',(0.398,0.058,0.346));
#3067=CARTESIAN_POINT('',(0.423,0.058,0.346));
#3068=CARTESIAN_POINT('',(0.448,0.058,0.346));
#3069=CARTESIAN_POINT('',(0.448,0.048,0.346));
#3070=CARTESIAN_POINT('',(0.398,0.048,0.371));
#3071=CARTESIAN_POINT('',(0.398,0.028,0.371));
#3072=CARTESIAN_POINT('',(0.398,0.028,0.396));
#3073=CARTESIAN_POINT('',(0.398,0.048,0.396));
#3074=CARTESIAN_POINT('',(0.398,0.058,0.396));
#3075=CARTESIAN_POINT('',(0.398,0.058,0.371));
#3076=CARTESIAN_POINT('',(0.423,0.048,0.396));
#3077=CARTESIAN_POINT('',(0.423,0.028,0.396));
#3078=CARTESIAN_POINT('',(0.448,0.028,0.396));
#3079=CARTESIAN_POINT('',(0.448,0.048,0.396));
#3080=CARTESIAN_POINT('',(0.448,0.058,0.396));
#3081=CARTESIAN_POINT('',(0.423,0.058,0.396));
#3082=CARTESIAN_POINT('',(0.448,0.048,0.371));
#3083=CARTESIAN_POINT('',(0.448,0.028,0.371));
#3084=CARTESIAN_POINT('',(0.448,0.058,0.371));
#3085=CARTESIAN_POINT('',(0.423,0.028,0.371));
#3086=CARTESIAN_POINT('',(0.423,0.058,0.371));
#3087=CARTESIAN_POINT('',(0.,0.,0.));
#3088=CARTESIAN_POINT('',(0.298,0.028,0.516));
#3089=CARTESIAN_POINT('',(0.298,0.028,0.516));
#3090=CARTESIAN_POINT('',(0.298,0.038,0.516));
#3091=CARTESIAN_POINT('',(0.298,0.098,0.516));
#3092=CARTESIAN_POINT('',(0.518,0.038,0.516));
#3093=CARTESIAN_POINT('',(0.518,0.038,0.516));
#3094=CARTESIAN_POINT('',(0.518,0.028,0.516));
#3095=CARTESIAN_POINT('',(0.518,0.098,0.516));
#3096=CARTESIAN_POINT('',(0.298,0.098,0.516));
#3097=CARTESIAN_POINT('',(0.518,0.028,0.296));
#3098=CARTESIAN_POINT('',(0.518,0.038,0.296));
#3099=CARTESIAN_POINT('',(0.518,0.038,0.296));
#3100=CARTESIAN_POINT('',(0.518,0.028,0.296));
#3101=CARTESIAN_POINT('',(0.518,0.098,0.296));
#3102=CARTESIAN_POINT('',(0.518,0.098,0.296));
#3103=CARTESIAN_POINT('',(0.498,0.028,0.296));
#3104=CARTESIAN_POINT('',(0.498,0.028,0.296));
#3105=CARTESIAN_POINT('',(0.498,0.028,0.296));
#3106=CARTESIAN_POINT('',(0.498,0.098,0.296));
#3107=CARTESIAN_POINT('',(0.498,0.028,0.296));
#3108=CARTESIAN_POINT('',(0.498,0.028,0.496));
#3109=CARTESIAN_POINT('',(0.498,0.028,0.496));
#3110=CARTESIAN_POINT('',(0.498,0.098,0.496));
#3111=CARTESIAN_POINT('',(0.498,0.098,0.296));
#3112=CARTESIAN_POINT('',(0.298,0.028,0.496));
#3113=CARTESIAN_POINT('',(0.298,0.028,0.496));
#3114=CARTESIAN_POINT('',(0.298,0.028,0.496));
#3115=CARTESIAN_POINT('',(0.298,0.028,0.496));
#3116=CARTESIAN_POINT('',(0.298,0.098,0.496));
#3117=CARTESIAN_POINT('',(0.298,0.098,0.496));
#3118=CARTESIAN_POINT('',(0.298,0.028,0.296));
#3119=CARTESIAN_POINT('',(0.298,0.028,0.296));
#3120=CARTESIAN_POINT('',(0.508,0.028,0.296));
#3121=CARTESIAN_POINT('',(0.508,0.028,0.296));
#3122=CARTESIAN_POINT('',(0.508,0.028,0.506));
#3123=CARTESIAN_POINT('',(0.078,0.028,0.506));
#3124=CARTESIAN_POINT('',(0.298,0.028,0.506));
#3125=CARTESIAN_POINT('',(0.298,0.028,0.296));
#3126=CARTESIAN_POINT('',(0.298,0.098,0.296));
#3127=CARTESIAN_POINT('',(0.298,0.098,0.296));
#3128=CARTESIAN_POINT('',(0.298,0.098,0.296));
#3129=CARTESIAN_POINT('',(0.298,0.038,0.506));
#3130=CARTESIAN_POINT('',(0.298,0.038,0.506));
#3131=CARTESIAN_POINT('',(0.508,0.038,0.506));
#3132=CARTESIAN_POINT('',(0.508,0.038,0.296));
#3133=CARTESIAN_POINT('',(0.508,0.038,0.296));
#3134=CARTESIAN_POINT('',(0.298,0.028,0.296));
#3135=CARTESIAN_POINT('',(0.298,0.0775173137642716,0.506));
#3136=CARTESIAN_POINT('',(0.298,0.072632926049565,0.506));
#3137=CARTESIAN_POINT('',(0.298,0.058,0.506));
#3138=CARTESIAN_POINT('',(0.298,0.0530663467324502,0.506));
#3139=CARTESIAN_POINT('',(0.298,0.038,0.506));
#3140=CARTESIAN_POINT('',(0.298,0.0328479893219843,0.506));
#3141=CARTESIAN_POINT('',(0.298,0.028,0.296));
#3142=CARTESIAN_POINT('',(0.283,0.038,0.506));
#3143=CARTESIAN_POINT('',(0.283,0.038,0.506));
#3144=CARTESIAN_POINT('',(0.283,0.0431520106780157,0.506));
#3145=CARTESIAN_POINT('',(0.283,0.063,0.506));
#3146=CARTESIAN_POINT('',(0.283,0.058,0.506));
#3147=CARTESIAN_POINT('',(0.283,0.058,0.506));
#3148=CARTESIAN_POINT('',(0.283,0.0629336532675498,0.506));
#3149=CARTESIAN_POINT('',(0.283,0.063,0.506));
#3150=CARTESIAN_POINT('',(0.283,0.0775173137642716,0.506));
#3151=CARTESIAN_POINT('',(0.283,0.0775173137642716,0.506));
#3152=CARTESIAN_POINT('',(0.283,0.0824017014789782,0.506));
#3153=CARTESIAN_POINT('',(0.283,0.063,0.506));
#3154=CARTESIAN_POINT('',(0.,0.,0.));
#3155=CARTESIAN_POINT('',(0.373,0.048,0.396));
#3156=CARTESIAN_POINT('',(0.373,0.028,0.396));
#3157=CARTESIAN_POINT('',(0.348,0.028,0.396));
#3158=CARTESIAN_POINT('',(0.398,0.028,0.396));
#3159=CARTESIAN_POINT('',(0.348,0.048,0.396));
#3160=CARTESIAN_POINT('',(0.348,0.058,0.396));
#3161=CARTESIAN_POINT('',(0.373,0.058,0.396));
#3162=CARTESIAN_POINT('',(0.398,0.058,0.396));
#3163=CARTESIAN_POINT('',(0.398,0.048,0.396));
#3164=CARTESIAN_POINT('',(0.348,0.048,0.421));
#3165=CARTESIAN_POINT('',(0.348,0.028,0.421));
#3166=CARTESIAN_POINT('',(0.348,0.028,0.446));
#3167=CARTESIAN_POINT('',(0.348,0.048,0.446));
#3168=CARTESIAN_POINT('',(0.348,0.058,0.446));
#3169=CARTESIAN_POINT('',(0.348,0.058,0.421));
#3170=CARTESIAN_POINT('',(0.373,0.048,0.446));
#3171=CARTESIAN_POINT('',(0.373,0.028,0.446));
#3172=CARTESIAN_POINT('',(0.398,0.028,0.446));
#3173=CARTESIAN_POINT('',(0.398,0.048,0.446));
#3174=CARTESIAN_POINT('',(0.398,0.058,0.446));
#3175=CARTESIAN_POINT('',(0.373,0.058,0.446));
#3176=CARTESIAN_POINT('',(0.398,0.048,0.421));
#3177=CARTESIAN_POINT('',(0.398,0.028,0.421));
#3178=CARTESIAN_POINT('',(0.398,0.058,0.421));
#3179=CARTESIAN_POINT('',(0.373,0.028,0.421));
#3180=CARTESIAN_POINT('',(0.373,0.058,0.421));
#3181=CARTESIAN_POINT('',(0.,0.,0.));
#3182=CARTESIAN_POINT('',(0.473,0.048,0.396));
#3183=CARTESIAN_POINT('',(0.473,0.028,0.396));
#3184=CARTESIAN_POINT('',(0.448,0.028,0.396));
#3185=CARTESIAN_POINT('',(0.498,0.028,0.396));
#3186=CARTESIAN_POINT('',(0.448,0.048,0.396));
#3187=CARTESIAN_POINT('',(0.448,0.058,0.396));
#3188=CARTESIAN_POINT('',(0.473,0.058,0.396));
#3189=CARTESIAN_POINT('',(0.498,0.058,0.396));
#3190=CARTESIAN_POINT('',(0.498,0.048,0.396));
#3191=CARTESIAN_POINT('',(0.448,0.048,0.421));
#3192=CARTESIAN_POINT('',(0.448,0.028,0.421));
#3193=CARTESIAN_POINT('',(0.448,0.028,0.446));
#3194=CARTESIAN_POINT('',(0.448,0.048,0.446));
#3195=CARTESIAN_POINT('',(0.448,0.058,0.446));
#3196=CARTESIAN_POINT('',(0.448,0.058,0.421));
#3197=CARTESIAN_POINT('',(0.473,0.048,0.446));
#3198=CARTESIAN_POINT('',(0.473,0.028,0.446));
#3199=CARTESIAN_POINT('',(0.498,0.028,0.446));
#3200=CARTESIAN_POINT('',(0.498,0.048,0.446));
#3201=CARTESIAN_POINT('',(0.498,0.058,0.446));
#3202=CARTESIAN_POINT('',(0.473,0.058,0.446));
#3203=CARTESIAN_POINT('',(0.498,0.048,0.421));
#3204=CARTESIAN_POINT('',(0.498,0.028,0.421));
#3205=CARTESIAN_POINT('',(0.498,0.058,0.421));
#3206=CARTESIAN_POINT('',(0.473,0.028,0.421));
#3207=CARTESIAN_POINT('',(0.473,0.058,0.421));
#3208=CARTESIAN_POINT('',(0.,0.,0.));
#3209=CARTESIAN_POINT('',(0.423,0.048,0.446));
#3210=CARTESIAN_POINT('',(0.423,0.028,0.446));
#3211=CARTESIAN_POINT('',(0.398,0.028,0.446));
#3212=CARTESIAN_POINT('',(0.448,0.028,0.446));
#3213=CARTESIAN_POINT('',(0.398,0.048,0.446));
#3214=CARTESIAN_POINT('',(0.398,0.058,0.446));
#3215=CARTESIAN_POINT('',(0.423,0.058,0.446));
#3216=CARTESIAN_POINT('',(0.448,0.058,0.446));
#3217=CARTESIAN_POINT('',(0.448,0.048,0.446));
#3218=CARTESIAN_POINT('',(0.398,0.048,0.471));
#3219=CARTESIAN_POINT('',(0.398,0.028,0.471));
#3220=CARTESIAN_POINT('',(0.398,0.028,0.496));
#3221=CARTESIAN_POINT('',(0.398,0.048,0.496));
#3222=CARTESIAN_POINT('',(0.398,0.058,0.496));
#3223=CARTESIAN_POINT('',(0.398,0.058,0.471));
#3224=CARTESIAN_POINT('',(0.423,0.048,0.496));
#3225=CARTESIAN_POINT('',(0.423,0.028,0.496));
#3226=CARTESIAN_POINT('',(0.448,0.028,0.496));
#3227=CARTESIAN_POINT('',(0.448,0.048,0.496));
#3228=CARTESIAN_POINT('',(0.448,0.058,0.496));
#3229=CARTESIAN_POINT('',(0.423,0.058,0.496));
#3230=CARTESIAN_POINT('',(0.448,0.048,0.471));
#3231=CARTESIAN_POINT('',(0.448,0.028,0.471));
#3232=CARTESIAN_POINT('',(0.448,0.058,0.471));
#3233=CARTESIAN_POINT('',(0.423,0.028,0.471));
#3234=CARTESIAN_POINT('',(0.423,0.058,0.471));
#3235=CARTESIAN_POINT('',(0.,0.,0.));
#3236=CARTESIAN_POINT('',(0.323,0.048,0.346));
#3237=CARTESIAN_POINT('',(0.323,0.028,0.346));
#3238=CARTESIAN_POINT('',(0.298,0.028,0.346));
#3239=CARTESIAN_POINT('',(0.348,0.028,0.346));
#3240=CARTESIAN_POINT('',(0.298,0.048,0.346));
#3241=CARTESIAN_POINT('',(0.298,0.058,0.346));
#3242=CARTESIAN_POINT('',(0.323,0.058,0.346));
#3243=CARTESIAN_POINT('',(0.348,0.058,0.346));
#3244=CARTESIAN_POINT('',(0.348,0.048,0.346));
#3245=CARTESIAN_POINT('',(0.298,0.048,0.371));
#3246=CARTESIAN_POINT('',(0.298,0.028,0.371));
#3247=CARTESIAN_POINT('',(0.298,0.028,0.396));
#3248=CARTESIAN_POINT('',(0.298,0.048,0.396));
#3249=CARTESIAN_POINT('',(0.298,0.058,0.396));
#3250=CARTESIAN_POINT('',(0.298,0.058,0.371));
#3251=CARTESIAN_POINT('',(0.323,0.048,0.396));
#3252=CARTESIAN_POINT('',(0.323,0.028,0.396));
#3253=CARTESIAN_POINT('',(0.348,0.028,0.396));
#3254=CARTESIAN_POINT('',(0.348,0.048,0.396));
#3255=CARTESIAN_POINT('',(0.348,0.058,0.396));
#3256=CARTESIAN_POINT('',(0.323,0.058,0.396));
#3257=CARTESIAN_POINT('',(0.348,0.048,0.371));
#3258=CARTESIAN_POINT('',(0.348,0.028,0.371));
#3259=CARTESIAN_POINT('',(0.348,0.058,0.371));
#3260=CARTESIAN_POINT('',(0.323,0.028,0.371));
#3261=CARTESIAN_POINT('',(0.323,0.058,0.371));
#3262=CARTESIAN_POINT('',(0.,0.,0.));
#3263=CARTESIAN_POINT('',(0.323,0.048,0.446));
#3264=CARTESIAN_POINT('',(0.323,0.028,0.446));
#3265=CARTESIAN_POINT('',(0.298,0.028,0.446));
#3266=CARTESIAN_POINT('',(0.348,0.028,0.446));
#3267=CARTESIAN_POINT('',(0.298,0.048,0.446));
#3268=CARTESIAN_POINT('',(0.298,0.058,0.446));
#3269=CARTESIAN_POINT('',(0.323,0.058,0.446));
#3270=CARTESIAN_POINT('',(0.348,0.058,0.446));
#3271=CARTESIAN_POINT('',(0.348,0.048,0.446));
#3272=CARTESIAN_POINT('',(0.298,0.048,0.471));
#3273=CARTESIAN_POINT('',(0.298,0.028,0.471));
#3274=CARTESIAN_POINT('',(0.298,0.028,0.496));
#3275=CARTESIAN_POINT('',(0.298,0.048,0.496));
#3276=CARTESIAN_POINT('',(0.298,0.058,0.496));
#3277=CARTESIAN_POINT('',(0.298,0.058,0.471));
#3278=CARTESIAN_POINT('',(0.323,0.048,0.496));
#3279=CARTESIAN_POINT('',(0.323,0.028,0.496));
#3280=CARTESIAN_POINT('',(0.348,0.028,0.496));
#3281=CARTESIAN_POINT('',(0.348,0.048,0.496));
#3282=CARTESIAN_POINT('',(0.348,0.058,0.496));
#3283=CARTESIAN_POINT('',(0.323,0.058,0.496));
#3284=CARTESIAN_POINT('',(0.348,0.048,0.471));
#3285=CARTESIAN_POINT('',(0.348,0.028,0.471));
#3286=CARTESIAN_POINT('',(0.348,0.058,0.471));
#3287=CARTESIAN_POINT('',(0.323,0.028,0.471));
#3288=CARTESIAN_POINT('',(0.323,0.058,0.471));
#3289=CARTESIAN_POINT('',(0.,0.,0.));
#3290=CARTESIAN_POINT('',(0.373,0.048,0.296));
#3291=CARTESIAN_POINT('',(0.373,0.028,0.296));
#3292=CARTESIAN_POINT('',(0.348,0.028,0.296));
#3293=CARTESIAN_POINT('',(0.398,0.028,0.296));
#3294=CARTESIAN_POINT('',(0.348,0.048,0.296));
#3295=CARTESIAN_POINT('',(0.348,0.058,0.296));
#3296=CARTESIAN_POINT('',(0.373,0.058,0.296));
#3297=CARTESIAN_POINT('',(0.398,0.058,0.296));
#3298=CARTESIAN_POINT('',(0.398,0.048,0.296));
#3299=CARTESIAN_POINT('',(0.348,0.048,0.321));
#3300=CARTESIAN_POINT('',(0.348,0.028,0.321));
#3301=CARTESIAN_POINT('',(0.348,0.028,0.346));
#3302=CARTESIAN_POINT('',(0.348,0.048,0.346));
#3303=CARTESIAN_POINT('',(0.348,0.058,0.346));
#3304=CARTESIAN_POINT('',(0.348,0.058,0.321));
#3305=CARTESIAN_POINT('',(0.373,0.048,0.346));
#3306=CARTESIAN_POINT('',(0.373,0.028,0.346));
#3307=CARTESIAN_POINT('',(0.398,0.028,0.346));
#3308=CARTESIAN_POINT('',(0.398,0.048,0.346));
#3309=CARTESIAN_POINT('',(0.398,0.058,0.346));
#3310=CARTESIAN_POINT('',(0.373,0.058,0.346));
#3311=CARTESIAN_POINT('',(0.398,0.048,0.321));
#3312=CARTESIAN_POINT('',(0.398,0.028,0.321));
#3313=CARTESIAN_POINT('',(0.398,0.058,0.321));
#3314=CARTESIAN_POINT('',(0.373,0.028,0.321));
#3315=CARTESIAN_POINT('',(0.373,0.058,0.321));
#3316=CARTESIAN_POINT('',(0.,0.,0.));
#3317=CARTESIAN_POINT('',(0.473,0.048,0.296));
#3318=CARTESIAN_POINT('',(0.473,0.028,0.296));
#3319=CARTESIAN_POINT('',(0.448,0.028,0.296));
#3320=CARTESIAN_POINT('',(0.498,0.028,0.296));
#3321=CARTESIAN_POINT('',(0.448,0.048,0.296));
#3322=CARTESIAN_POINT('',(0.448,0.058,0.296));
#3323=CARTESIAN_POINT('',(0.473,0.058,0.296));
#3324=CARTESIAN_POINT('',(0.498,0.058,0.296));
#3325=CARTESIAN_POINT('',(0.498,0.048,0.296));
#3326=CARTESIAN_POINT('',(0.448,0.048,0.321));
#3327=CARTESIAN_POINT('',(0.448,0.028,0.321));
#3328=CARTESIAN_POINT('',(0.448,0.028,0.346));
#3329=CARTESIAN_POINT('',(0.448,0.048,0.346));
#3330=CARTESIAN_POINT('',(0.448,0.058,0.346));
#3331=CARTESIAN_POINT('',(0.448,0.058,0.321));
#3332=CARTESIAN_POINT('',(0.473,0.048,0.346));
#3333=CARTESIAN_POINT('',(0.473,0.028,0.346));
#3334=CARTESIAN_POINT('',(0.498,0.028,0.346));
#3335=CARTESIAN_POINT('',(0.498,0.048,0.346));
#3336=CARTESIAN_POINT('',(0.498,0.058,0.346));
#3337=CARTESIAN_POINT('',(0.473,0.058,0.346));
#3338=CARTESIAN_POINT('',(0.498,0.048,0.321));
#3339=CARTESIAN_POINT('',(0.498,0.028,0.321));
#3340=CARTESIAN_POINT('',(0.498,0.058,0.321));
#3341=CARTESIAN_POINT('',(0.473,0.028,0.321));
#3342=CARTESIAN_POINT('',(0.473,0.058,0.321));
#3343=CARTESIAN_POINT('',(0.,0.,0.));
#3344=CARTESIAN_POINT('',(0.373,0.048,0.346));
#3345=CARTESIAN_POINT('',(0.373,0.028,0.346));
#3346=CARTESIAN_POINT('',(0.348,0.028,0.346));
#3347=CARTESIAN_POINT('',(0.398,0.028,0.346));
#3348=CARTESIAN_POINT('',(0.348,0.048,0.346));
#3349=CARTESIAN_POINT('',(0.348,0.058,0.346));
#3350=CARTESIAN_POINT('',(0.373,0.058,0.346));
#3351=CARTESIAN_POINT('',(0.398,0.058,0.346));
#3352=CARTESIAN_POINT('',(0.398,0.048,0.346));
#3353=CARTESIAN_POINT('',(0.348,0.048,0.371));
#3354=CARTESIAN_POINT('',(0.348,0.028,0.371));
#3355=CARTESIAN_POINT('',(0.348,0.028,0.396));
#3356=CARTESIAN_POINT('',(0.348,0.048,0.396));
#3357=CARTESIAN_POINT('',(0.348,0.058,0.396));
#3358=CARTESIAN_POINT('',(0.348,0.058,0.371));
#3359=CARTESIAN_POINT('',(0.373,0.048,0.396));
#3360=CARTESIAN_POINT('',(0.373,0.028,0.396));
#3361=CARTESIAN_POINT('',(0.398,0.028,0.396));
#3362=CARTESIAN_POINT('',(0.398,0.048,0.396));
#3363=CARTESIAN_POINT('',(0.398,0.058,0.396));
#3364=CARTESIAN_POINT('',(0.373,0.058,0.396));
#3365=CARTESIAN_POINT('',(0.398,0.048,0.371));
#3366=CARTESIAN_POINT('',(0.398,0.028,0.371));
#3367=CARTESIAN_POINT('',(0.398,0.058,0.371));
#3368=CARTESIAN_POINT('',(0.373,0.028,0.371));
#3369=CARTESIAN_POINT('',(0.373,0.058,0.371));
#3370=CARTESIAN_POINT('',(0.,0.,0.));
#3371=CARTESIAN_POINT('',(0.473,0.048,0.346));
#3372=CARTESIAN_POINT('',(0.473,0.028,0.346));
#3373=CARTESIAN_POINT('',(0.448,0.028,0.346));
#3374=CARTESIAN_POINT('',(0.498,0.028,0.346));
#3375=CARTESIAN_POINT('',(0.448,0.048,0.346));
#3376=CARTESIAN_POINT('',(0.448,0.058,0.346));
#3377=CARTESIAN_POINT('',(0.473,0.058,0.346));
#3378=CARTESIAN_POINT('',(0.498,0.058,0.346));
#3379=CARTESIAN_POINT('',(0.498,0.048,0.346));
#3380=CARTESIAN_POINT('',(0.448,0.048,0.371));
#3381=CARTESIAN_POINT('',(0.448,0.028,0.371));
#3382=CARTESIAN_POINT('',(0.448,0.028,0.396));
#3383=CARTESIAN_POINT('',(0.448,0.048,0.396));
#3384=CARTESIAN_POINT('',(0.448,0.058,0.396));
#3385=CARTESIAN_POINT('',(0.448,0.058,0.371));
#3386=CARTESIAN_POINT('',(0.473,0.048,0.396));
#3387=CARTESIAN_POINT('',(0.473,0.028,0.396));
#3388=CARTESIAN_POINT('',(0.498,0.028,0.396));
#3389=CARTESIAN_POINT('',(0.498,0.048,0.396));
#3390=CARTESIAN_POINT('',(0.498,0.058,0.396));
#3391=CARTESIAN_POINT('',(0.473,0.058,0.396));
#3392=CARTESIAN_POINT('',(0.498,0.048,0.371));
#3393=CARTESIAN_POINT('',(0.498,0.028,0.371));
#3394=CARTESIAN_POINT('',(0.498,0.058,0.371));
#3395=CARTESIAN_POINT('',(0.473,0.028,0.371));
#3396=CARTESIAN_POINT('',(0.473,0.058,0.371));
#3397=CARTESIAN_POINT('',(0.,0.,0.));
#3398=CARTESIAN_POINT('',(0.423,0.048,0.396));
#3399=CARTESIAN_POINT('',(0.423,0.028,0.396));
#3400=CARTESIAN_POINT('',(0.398,0.028,0.396));
#3401=CARTESIAN_POINT('',(0.448,0.028,0.396));
#3402=CARTESIAN_POINT('',(0.398,0.048,0.396));
#3403=CARTESIAN_POINT('',(0.398,0.058,0.396));
#3404=CARTESIAN_POINT('',(0.423,0.058,0.396));
#3405=CARTESIAN_POINT('',(0.448,0.058,0.396));
#3406=CARTESIAN_POINT('',(0.448,0.048,0.396));
#3407=CARTESIAN_POINT('',(0.398,0.048,0.421));
#3408=CARTESIAN_POINT('',(0.398,0.028,0.421));
#3409=CARTESIAN_POINT('',(0.398,0.028,0.446));
#3410=CARTESIAN_POINT('',(0.398,0.048,0.446));
#3411=CARTESIAN_POINT('',(0.398,0.058,0.446));
#3412=CARTESIAN_POINT('',(0.398,0.058,0.421));
#3413=CARTESIAN_POINT('',(0.423,0.048,0.446));
#3414=CARTESIAN_POINT('',(0.423,0.028,0.446));
#3415=CARTESIAN_POINT('',(0.448,0.028,0.446));
#3416=CARTESIAN_POINT('',(0.448,0.048,0.446));
#3417=CARTESIAN_POINT('',(0.448,0.058,0.446));
#3418=CARTESIAN_POINT('',(0.423,0.058,0.446));
#3419=CARTESIAN_POINT('',(0.448,0.048,0.421));
#3420=CARTESIAN_POINT('',(0.448,0.028,0.421));
#3421=CARTESIAN_POINT('',(0.448,0.058,0.421));
#3422=CARTESIAN_POINT('',(0.423,0.028,0.421));
#3423=CARTESIAN_POINT('',(0.423,0.058,0.421));
#3424=CARTESIAN_POINT('',(0.,0.,0.));
#3425=CARTESIAN_POINT('',(0.373,0.048,0.446));
#3426=CARTESIAN_POINT('',(0.373,0.028,0.446));
#3427=CARTESIAN_POINT('',(0.348,0.028,0.446));
#3428=CARTESIAN_POINT('',(0.398,0.028,0.446));
#3429=CARTESIAN_POINT('',(0.348,0.048,0.446));
#3430=CARTESIAN_POINT('',(0.348,0.058,0.446));
#3431=CARTESIAN_POINT('',(0.373,0.058,0.446));
#3432=CARTESIAN_POINT('',(0.398,0.058,0.446));
#3433=CARTESIAN_POINT('',(0.398,0.048,0.446));
#3434=CARTESIAN_POINT('',(0.348,0.048,0.471));
#3435=CARTESIAN_POINT('',(0.348,0.028,0.471));
#3436=CARTESIAN_POINT('',(0.348,0.028,0.496));
#3437=CARTESIAN_POINT('',(0.348,0.048,0.496));
#3438=CARTESIAN_POINT('',(0.348,0.058,0.496));
#3439=CARTESIAN_POINT('',(0.348,0.058,0.471));
#3440=CARTESIAN_POINT('',(0.373,0.048,0.496));
#3441=CARTESIAN_POINT('',(0.373,0.028,0.496));
#3442=CARTESIAN_POINT('',(0.398,0.028,0.496));
#3443=CARTESIAN_POINT('',(0.398,0.048,0.496));
#3444=CARTESIAN_POINT('',(0.398,0.058,0.496));
#3445=CARTESIAN_POINT('',(0.373,0.058,0.496));
#3446=CARTESIAN_POINT('',(0.398,0.048,0.471));
#3447=CARTESIAN_POINT('',(0.398,0.028,0.471));
#3448=CARTESIAN_POINT('',(0.398,0.058,0.471));
#3449=CARTESIAN_POINT('',(0.373,0.028,0.471));
#3450=CARTESIAN_POINT('',(0.373,0.058,0.471));
#3451=CARTESIAN_POINT('',(0.,0.,0.));
#3452=CARTESIAN_POINT('',(0.473,0.048,0.446));
#3453=CARTESIAN_POINT('',(0.473,0.028,0.446));
#3454=CARTESIAN_POINT('',(0.448,0.028,0.446));
#3455=CARTESIAN_POINT('',(0.498,0.028,0.446));
#3456=CARTESIAN_POINT('',(0.448,0.048,0.446));
#3457=CARTESIAN_POINT('',(0.448,0.058,0.446));
#3458=CARTESIAN_POINT('',(0.473,0.058,0.446));
#3459=CARTESIAN_POINT('',(0.498,0.058,0.446));
#3460=CARTESIAN_POINT('',(0.498,0.048,0.446));
#3461=CARTESIAN_POINT('',(0.448,0.048,0.471));
#3462=CARTESIAN_POINT('',(0.448,0.028,0.471));
#3463=CARTESIAN_POINT('',(0.448,0.028,0.496));
#3464=CARTESIAN_POINT('',(0.448,0.048,0.496));
#3465=CARTESIAN_POINT('',(0.448,0.058,0.496));
#3466=CARTESIAN_POINT('',(0.448,0.058,0.471));
#3467=CARTESIAN_POINT('',(0.473,0.048,0.496));
#3468=CARTESIAN_POINT('',(0.473,0.028,0.496));
#3469=CARTESIAN_POINT('',(0.498,0.028,0.496));
#3470=CARTESIAN_POINT('',(0.498,0.048,0.496));
#3471=CARTESIAN_POINT('',(0.498,0.058,0.496));
#3472=CARTESIAN_POINT('',(0.473,0.058,0.496));
#3473=CARTESIAN_POINT('',(0.498,0.048,0.471));
#3474=CARTESIAN_POINT('',(0.498,0.028,0.471));
#3475=CARTESIAN_POINT('',(0.498,0.058,0.471));
#3476=CARTESIAN_POINT('',(0.473,0.028,0.471));
#3477=CARTESIAN_POINT('',(0.473,0.058,0.471));
#3478=CARTESIAN_POINT('',(0.,0.,0.));
#3479=CARTESIAN_POINT('',(0.323,0.048,0.396));
#3480=CARTESIAN_POINT('',(0.323,0.028,0.396));
#3481=CARTESIAN_POINT('',(0.298,0.028,0.396));
#3482=CARTESIAN_POINT('',(0.348,0.028,0.396));
#3483=CARTESIAN_POINT('',(0.298,0.048,0.396));
#3484=CARTESIAN_POINT('',(0.298,0.058,0.396));
#3485=CARTESIAN_POINT('',(0.323,0.058,0.396));
#3486=CARTESIAN_POINT('',(0.348,0.058,0.396));
#3487=CARTESIAN_POINT('',(0.348,0.048,0.396));
#3488=CARTESIAN_POINT('',(0.298,0.048,0.421));
#3489=CARTESIAN_POINT('',(0.298,0.028,0.421));
#3490=CARTESIAN_POINT('',(0.298,0.028,0.446));
#3491=CARTESIAN_POINT('',(0.298,0.048,0.446));
#3492=CARTESIAN_POINT('',(0.298,0.058,0.446));
#3493=CARTESIAN_POINT('',(0.298,0.058,0.421));
#3494=CARTESIAN_POINT('',(0.323,0.048,0.446));
#3495=CARTESIAN_POINT('',(0.323,0.028,0.446));
#3496=CARTESIAN_POINT('',(0.348,0.028,0.446));
#3497=CARTESIAN_POINT('',(0.348,0.048,0.446));
#3498=CARTESIAN_POINT('',(0.348,0.058,0.446));
#3499=CARTESIAN_POINT('',(0.323,0.058,0.446));
#3500=CARTESIAN_POINT('',(0.348,0.048,0.421));
#3501=CARTESIAN_POINT('',(0.348,0.028,0.421));
#3502=CARTESIAN_POINT('',(0.348,0.058,0.421));
#3503=CARTESIAN_POINT('',(0.323,0.028,0.421));
#3504=CARTESIAN_POINT('',(0.323,0.058,0.421));
#3505=CARTESIAN_POINT('',(0.,0.,0.));
#3506=CARTESIAN_POINT('',(0.423,0.048,0.296));
#3507=CARTESIAN_POINT('',(0.423,0.028,0.296));
#3508=CARTESIAN_POINT('',(0.398,0.028,0.296));
#3509=CARTESIAN_POINT('',(0.448,0.028,0.296));
#3510=CARTESIAN_POINT('',(0.398,0.048,0.296));
#3511=CARTESIAN_POINT('',(0.398,0.058,0.296));
#3512=CARTESIAN_POINT('',(0.423,0.058,0.296));
#3513=CARTESIAN_POINT('',(0.448,0.058,0.296));
#3514=CARTESIAN_POINT('',(0.448,0.048,0.296));
#3515=CARTESIAN_POINT('',(0.398,0.048,0.321));
#3516=CARTESIAN_POINT('',(0.398,0.028,0.321));
#3517=CARTESIAN_POINT('',(0.398,0.028,0.346));
#3518=CARTESIAN_POINT('',(0.398,0.048,0.346));
#3519=CARTESIAN_POINT('',(0.398,0.058,0.346));
#3520=CARTESIAN_POINT('',(0.398,0.058,0.321));
#3521=CARTESIAN_POINT('',(0.423,0.048,0.346));
#3522=CARTESIAN_POINT('',(0.423,0.028,0.346));
#3523=CARTESIAN_POINT('',(0.448,0.028,0.346));
#3524=CARTESIAN_POINT('',(0.448,0.048,0.346));
#3525=CARTESIAN_POINT('',(0.448,0.058,0.346));
#3526=CARTESIAN_POINT('',(0.423,0.058,0.346));
#3527=CARTESIAN_POINT('',(0.448,0.048,0.321));
#3528=CARTESIAN_POINT('',(0.448,0.028,0.321));
#3529=CARTESIAN_POINT('',(0.448,0.058,0.321));
#3530=CARTESIAN_POINT('',(0.423,0.028,0.321));
#3531=CARTESIAN_POINT('',(0.423,0.058,0.321));
#3532=CARTESIAN_POINT('',(0.,0.,0.));
#3533=CARTESIAN_POINT('',(0.323,0.048,0.296));
#3534=CARTESIAN_POINT('',(0.323,0.028,0.296));
#3535=CARTESIAN_POINT('',(0.298,0.028,0.296));
#3536=CARTESIAN_POINT('',(0.348,0.028,0.296));
#3537=CARTESIAN_POINT('',(0.298,0.048,0.296));
#3538=CARTESIAN_POINT('',(0.298,0.058,0.296));
#3539=CARTESIAN_POINT('',(0.323,0.058,0.296));
#3540=CARTESIAN_POINT('',(0.348,0.058,0.296));
#3541=CARTESIAN_POINT('',(0.348,0.048,0.296));
#3542=CARTESIAN_POINT('',(0.298,0.048,0.321));
#3543=CARTESIAN_POINT('',(0.298,0.028,0.321));
#3544=CARTESIAN_POINT('',(0.298,0.028,0.346));
#3545=CARTESIAN_POINT('',(0.298,0.048,0.346));
#3546=CARTESIAN_POINT('',(0.298,0.058,0.346));
#3547=CARTESIAN_POINT('',(0.298,0.058,0.321));
#3548=CARTESIAN_POINT('',(0.323,0.048,0.346));
#3549=CARTESIAN_POINT('',(0.323,0.028,0.346));
#3550=CARTESIAN_POINT('',(0.348,0.028,0.346));
#3551=CARTESIAN_POINT('',(0.348,0.048,0.346));
#3552=CARTESIAN_POINT('',(0.348,0.058,0.346));
#3553=CARTESIAN_POINT('',(0.323,0.058,0.346));
#3554=CARTESIAN_POINT('',(0.348,0.048,0.321));
#3555=CARTESIAN_POINT('',(0.348,0.028,0.321));
#3556=CARTESIAN_POINT('',(0.348,0.058,0.321));
#3557=CARTESIAN_POINT('',(0.323,0.028,0.321));
#3558=CARTESIAN_POINT('',(0.323,0.058,0.321));
#3559=CARTESIAN_POINT('',(0.,0.,0.));
#3560=CARTESIAN_POINT('',(0.283,0.043,0.346));
#3561=CARTESIAN_POINT('',(0.283,0.043,0.346));
#3562=CARTESIAN_POINT('',(0.283,0.0505,0.346));
#3563=CARTESIAN_POINT('',(0.313,0.043,0.346));
#3564=CARTESIAN_POINT('',(0.313,0.0505,0.346));
#3565=CARTESIAN_POINT('',(0.283,0.043,0.396));
#3566=CARTESIAN_POINT('',(0.313,0.043,0.396));
#3567=CARTESIAN_POINT('',(0.,0.,0.));
#3568=CARTESIAN_POINT('',(0.283,0.043,0.396));
#3569=CARTESIAN_POINT('',(0.283,0.043,0.396));
#3570=CARTESIAN_POINT('',(0.283,0.0505,0.396));
#3571=CARTESIAN_POINT('',(0.313,0.043,0.396));
#3572=CARTESIAN_POINT('',(0.313,0.0505,0.396));
#3573=CARTESIAN_POINT('',(0.283,0.043,0.396));
#3574=CARTESIAN_POINT('',(0.313,0.043,0.396));
#3575=CARTESIAN_POINT('',(0.,0.,0.));
#3576=CARTESIAN_POINT('',(0.283,0.043,0.446));
#3577=CARTESIAN_POINT('',(0.283,0.043,0.446));
#3578=CARTESIAN_POINT('',(0.283,0.0505,0.446));
#3579=CARTESIAN_POINT('',(0.313,0.043,0.446));
#3580=CARTESIAN_POINT('',(0.313,0.0505,0.446));
#3581=CARTESIAN_POINT('',(0.283,0.043,0.396));
#3582=CARTESIAN_POINT('',(0.313,0.043,0.396));
#3583=CARTESIAN_POINT('',(0.,0.,0.));
#3584=CARTESIAN_POINT('',(0.448,0.043,0.281));
#3585=CARTESIAN_POINT('',(0.448,0.043,0.281));
#3586=CARTESIAN_POINT('',(0.448,0.0505,0.281));
#3587=CARTESIAN_POINT('',(0.448,0.043,0.311));
#3588=CARTESIAN_POINT('',(0.448,0.0505,0.311));
#3589=CARTESIAN_POINT('',(0.398,0.043,0.281));
#3590=CARTESIAN_POINT('',(0.398,0.043,0.311));
#3591=CARTESIAN_POINT('',(0.,0.,0.));
#3592=CARTESIAN_POINT('',(0.398,0.043,0.281));
#3593=CARTESIAN_POINT('',(0.398,0.043,0.281));
#3594=CARTESIAN_POINT('',(0.398,0.0505,0.281));
#3595=CARTESIAN_POINT('',(0.398,0.043,0.311));
#3596=CARTESIAN_POINT('',(0.398,0.0505,0.311));
#3597=CARTESIAN_POINT('',(0.398,0.043,0.281));
#3598=CARTESIAN_POINT('',(0.398,0.043,0.311));
#3599=CARTESIAN_POINT('',(0.,0.,0.));
#3600=CARTESIAN_POINT('',(0.348,0.043,0.281));
#3601=CARTESIAN_POINT('',(0.348,0.043,0.281));
#3602=CARTESIAN_POINT('',(0.348,0.0505,0.281));
#3603=CARTESIAN_POINT('',(0.348,0.043,0.311));
#3604=CARTESIAN_POINT('',(0.348,0.0505,0.311));
#3605=CARTESIAN_POINT('',(0.398,0.043,0.281));
#3606=CARTESIAN_POINT('',(0.398,0.043,0.311));
#3607=CARTESIAN_POINT('',(0.,0.,0.));
#3608=CARTESIAN_POINT('',(0.506857866323515,0.058,0.281));
#3609=CARTESIAN_POINT('',(0.506857866323515,0.058,0.281));
#3610=CARTESIAN_POINT('',(0.506857866323515,0.063,0.281));
#3611=CARTESIAN_POINT('',(0.506857866323515,0.058,0.311));
#3612=CARTESIAN_POINT('',(0.506857866323515,0.063,0.311));
#3613=CARTESIAN_POINT('',(0.508,0.063,0.281));
#3614=CARTESIAN_POINT('',(0.508,0.063,0.311));
#3615=CARTESIAN_POINT('',(0.,0.,0.));
#3616=CARTESIAN_POINT('',(0.506857866323515,0.078,0.281));
#3617=CARTESIAN_POINT('',(0.506857866323515,0.078,0.281));
#3618=CARTESIAN_POINT('',(0.506857866323515,0.083,0.281));
#3619=CARTESIAN_POINT('',(0.506857866323515,0.078,0.311));
#3620=CARTESIAN_POINT('',(0.506857866323515,0.083,0.311));
#3621=CARTESIAN_POINT('',(0.508,0.063,0.281));
#3622=CARTESIAN_POINT('',(0.508,0.063,0.311));
#3623=CARTESIAN_POINT('',(0.,0.,0.));
#3624=CARTESIAN_POINT('',(0.506857866323515,0.038,0.281));
#3625=CARTESIAN_POINT('',(0.506857866323515,0.038,0.281));
#3626=CARTESIAN_POINT('',(0.506857866323515,0.043,0.281));
#3627=CARTESIAN_POINT('',(0.506857866323515,0.038,0.311));
#3628=CARTESIAN_POINT('',(0.506857866323515,0.043,0.311));
#3629=CARTESIAN_POINT('',(0.508,0.063,0.281));
#3630=CARTESIAN_POINT('',(0.508,0.063,0.311));
#3631=MECHANICAL_DESIGN_GEOMETRIC_PRESENTATION_REPRESENTATION('',(#2010),
#3657);
#3632=MECHANICAL_DESIGN_GEOMETRIC_PRESENTATION_REPRESENTATION('',(#2011),
#3658);
#3633=MECHANICAL_DESIGN_GEOMETRIC_PRESENTATION_REPRESENTATION('',(#2012),
#3659);
#3634=MECHANICAL_DESIGN_GEOMETRIC_PRESENTATION_REPRESENTATION('',(#2013),
#3660);
#3635=MECHANICAL_DESIGN_GEOMETRIC_PRESENTATION_REPRESENTATION('',(#2014),
#3661);
#3636=MECHANICAL_DESIGN_GEOMETRIC_PRESENTATION_REPRESENTATION('',(#2015),
#3662);
#3637=MECHANICAL_DESIGN_GEOMETRIC_PRESENTATION_REPRESENTATION('',(#2016),
#3663);
#3638=MECHANICAL_DESIGN_GEOMETRIC_PRESENTATION_REPRESENTATION('',(#2017),
#3664);
#3639=MECHANICAL_DESIGN_GEOMETRIC_PRESENTATION_REPRESENTATION('',(#2018),
#3665);
#3640=MECHANICAL_DESIGN_GEOMETRIC_PRESENTATION_REPRESENTATION('',(#2019),
#3666);
#3641=MECHANICAL_DESIGN_GEOMETRIC_PRESENTATION_REPRESENTATION('',(#2020),
#3667);
#3642=MECHANICAL_DESIGN_GEOMETRIC_PRESENTATION_REPRESENTATION('',(#2021),
#3668);
#3643=MECHANICAL_DESIGN_GEOMETRIC_PRESENTATION_REPRESENTATION('',(#2022),
#3669);
#3644=MECHANICAL_DESIGN_GEOMETRIC_PRESENTATION_REPRESENTATION('',(#2023),
#3670);
#3645=MECHANICAL_DESIGN_GEOMETRIC_PRESENTATION_REPRESENTATION('',(#2024),
#3671);
#3646=MECHANICAL_DESIGN_GEOMETRIC_PRESENTATION_REPRESENTATION('',(#2025),
#3672);
#3647=MECHANICAL_DESIGN_GEOMETRIC_PRESENTATION_REPRESENTATION('',(#2026),
#3673);
#3648=MECHANICAL_DESIGN_GEOMETRIC_PRESENTATION_REPRESENTATION('',(#2027),
#3674);
#3649=MECHANICAL_DESIGN_GEOMETRIC_PRESENTATION_REPRESENTATION('',(#2028),
#3675);
#3650=MECHANICAL_DESIGN_GEOMETRIC_PRESENTATION_REPRESENTATION('',(#2029),
#3676);
#3651=MECHANICAL_DESIGN_GEOMETRIC_PRESENTATION_REPRESENTATION('',(#2030),
#3677);
#3652=MECHANICAL_DESIGN_GEOMETRIC_PRESENTATION_REPRESENTATION('',(#2031),
#3678);
#3653=MECHANICAL_DESIGN_GEOMETRIC_PRESENTATION_REPRESENTATION('',(#2032),
#3679);
#3654=MECHANICAL_DESIGN_GEOMETRIC_PRESENTATION_REPRESENTATION('',(#2033),
#3680);
#3655=MECHANICAL_DESIGN_GEOMETRIC_PRESENTATION_REPRESENTATION('',(#2034),
#3681);
#3656=MECHANICAL_DESIGN_GEOMETRIC_PRESENTATION_REPRESENTATION('',(#2035),
#3682);
#3657=(
GEOMETRIC_REPRESENTATION_CONTEXT(3)
GLOBAL_UNCERTAINTY_ASSIGNED_CONTEXT((#3683))
GLOBAL_UNIT_ASSIGNED_CONTEXT((#3761,#3735,#3709))
REPRESENTATION_CONTEXT('Part 120','TOP_LEVEL_ASSEMBLY_PART')
);
#3658=(
GEOMETRIC_REPRESENTATION_CONTEXT(3)
GLOBAL_UNCERTAINTY_ASSIGNED_CONTEXT((#3684))
GLOBAL_UNIT_ASSIGNED_CONTEXT((#3762,#3736,#3710))
REPRESENTATION_CONTEXT('Part 121','TOP_LEVEL_ASSEMBLY_PART')
);
#3659=(
GEOMETRIC_REPRESENTATION_CONTEXT(3)
GLOBAL_UNCERTAINTY_ASSIGNED_CONTEXT((#3685))
GLOBAL_UNIT_ASSIGNED_CONTEXT((#3763,#3737,#3711))
REPRESENTATION_CONTEXT('Part 122','TOP_LEVEL_ASSEMBLY_PART')
);
#3660=(
GEOMETRIC_REPRESENTATION_CONTEXT(3)
GLOBAL_UNCERTAINTY_ASSIGNED_CONTEXT((#3686))
GLOBAL_UNIT_ASSIGNED_CONTEXT((#3764,#3738,#3712))
REPRESENTATION_CONTEXT('Part 123','TOP_LEVEL_ASSEMBLY_PART')
);
#3661=(
GEOMETRIC_REPRESENTATION_CONTEXT(3)
GLOBAL_UNCERTAINTY_ASSIGNED_CONTEXT((#3687))
GLOBAL_UNIT_ASSIGNED_CONTEXT((#3765,#3739,#3713))
REPRESENTATION_CONTEXT('Part 124','TOP_LEVEL_ASSEMBLY_PART')
);
#3662=(
GEOMETRIC_REPRESENTATION_CONTEXT(3)
GLOBAL_UNCERTAINTY_ASSIGNED_CONTEXT((#3688))
GLOBAL_UNIT_ASSIGNED_CONTEXT((#3766,#3740,#3714))
REPRESENTATION_CONTEXT('Part 125','TOP_LEVEL_ASSEMBLY_PART')
);
#3663=(
GEOMETRIC_REPRESENTATION_CONTEXT(3)
GLOBAL_UNCERTAINTY_ASSIGNED_CONTEXT((#3689))
GLOBAL_UNIT_ASSIGNED_CONTEXT((#3767,#3741,#3715))
REPRESENTATION_CONTEXT('Part 126','TOP_LEVEL_ASSEMBLY_PART')
);
#3664=(
GEOMETRIC_REPRESENTATION_CONTEXT(3)
GLOBAL_UNCERTAINTY_ASSIGNED_CONTEXT((#3690))
GLOBAL_UNIT_ASSIGNED_CONTEXT((#3768,#3742,#3716))
REPRESENTATION_CONTEXT('Part 127','TOP_LEVEL_ASSEMBLY_PART')
);
#3665=(
GEOMETRIC_REPRESENTATION_CONTEXT(3)
GLOBAL_UNCERTAINTY_ASSIGNED_CONTEXT((#3691))
GLOBAL_UNIT_ASSIGNED_CONTEXT((#3769,#3743,#3717))
REPRESENTATION_CONTEXT('Part 128','TOP_LEVEL_ASSEMBLY_PART')
);
#3666=(
GEOMETRIC_REPRESENTATION_CONTEXT(3)
GLOBAL_UNCERTAINTY_ASSIGNED_CONTEXT((#3692))
GLOBAL_UNIT_ASSIGNED_CONTEXT((#3770,#3744,#3718))
REPRESENTATION_CONTEXT('Part 129','TOP_LEVEL_ASSEMBLY_PART')
);
#3667=(
GEOMETRIC_REPRESENTATION_CONTEXT(3)
GLOBAL_UNCERTAINTY_ASSIGNED_CONTEXT((#3693))
GLOBAL_UNIT_ASSIGNED_CONTEXT((#3771,#3745,#3719))
REPRESENTATION_CONTEXT('Part 130','TOP_LEVEL_ASSEMBLY_PART')
);
#3668=(
GEOMETRIC_REPRESENTATION_CONTEXT(3)
GLOBAL_UNCERTAINTY_ASSIGNED_CONTEXT((#3694))
GLOBAL_UNIT_ASSIGNED_CONTEXT((#3772,#3746,#3720))
REPRESENTATION_CONTEXT('Part 131','TOP_LEVEL_ASSEMBLY_PART')
);
#3669=(
GEOMETRIC_REPRESENTATION_CONTEXT(3)
GLOBAL_UNCERTAINTY_ASSIGNED_CONTEXT((#3695))
GLOBAL_UNIT_ASSIGNED_CONTEXT((#3773,#3747,#3721))
REPRESENTATION_CONTEXT('Part 132','TOP_LEVEL_ASSEMBLY_PART')
);
#3670=(
GEOMETRIC_REPRESENTATION_CONTEXT(3)
GLOBAL_UNCERTAINTY_ASSIGNED_CONTEXT((#3696))
GLOBAL_UNIT_ASSIGNED_CONTEXT((#3774,#3748,#3722))
REPRESENTATION_CONTEXT('Part 133','TOP_LEVEL_ASSEMBLY_PART')
);
#3671=(
GEOMETRIC_REPRESENTATION_CONTEXT(3)
GLOBAL_UNCERTAINTY_ASSIGNED_CONTEXT((#3697))
GLOBAL_UNIT_ASSIGNED_CONTEXT((#3775,#3749,#3723))
REPRESENTATION_CONTEXT('Part 134','TOP_LEVEL_ASSEMBLY_PART')
);
#3672=(
GEOMETRIC_REPRESENTATION_CONTEXT(3)
GLOBAL_UNCERTAINTY_ASSIGNED_CONTEXT((#3698))
GLOBAL_UNIT_ASSIGNED_CONTEXT((#3776,#3750,#3724))
REPRESENTATION_CONTEXT('Part 135','TOP_LEVEL_ASSEMBLY_PART')
);
#3673=(
GEOMETRIC_REPRESENTATION_CONTEXT(3)
GLOBAL_UNCERTAINTY_ASSIGNED_CONTEXT((#3699))
GLOBAL_UNIT_ASSIGNED_CONTEXT((#3777,#3751,#3725))
REPRESENTATION_CONTEXT('Part 136','TOP_LEVEL_ASSEMBLY_PART')
);
#3674=(
GEOMETRIC_REPRESENTATION_CONTEXT(3)
GLOBAL_UNCERTAINTY_ASSIGNED_CONTEXT((#3700))
GLOBAL_UNIT_ASSIGNED_CONTEXT((#3778,#3752,#3726))
REPRESENTATION_CONTEXT('Part 154','TOP_LEVEL_ASSEMBLY_PART')
);
#3675=(
GEOMETRIC_REPRESENTATION_CONTEXT(3)
GLOBAL_UNCERTAINTY_ASSIGNED_CONTEXT((#3701))
GLOBAL_UNIT_ASSIGNED_CONTEXT((#3779,#3753,#3727))
REPRESENTATION_CONTEXT('Part 155','TOP_LEVEL_ASSEMBLY_PART')
);
#3676=(
GEOMETRIC_REPRESENTATION_CONTEXT(3)
GLOBAL_UNCERTAINTY_ASSIGNED_CONTEXT((#3702))
GLOBAL_UNIT_ASSIGNED_CONTEXT((#3780,#3754,#3728))
REPRESENTATION_CONTEXT('Part 156','TOP_LEVEL_ASSEMBLY_PART')
);
#3677=(
GEOMETRIC_REPRESENTATION_CONTEXT(3)
GLOBAL_UNCERTAINTY_ASSIGNED_CONTEXT((#3703))
GLOBAL_UNIT_ASSIGNED_CONTEXT((#3781,#3755,#3729))
REPRESENTATION_CONTEXT('Part 157','TOP_LEVEL_ASSEMBLY_PART')
);
#3678=(
GEOMETRIC_REPRESENTATION_CONTEXT(3)
GLOBAL_UNCERTAINTY_ASSIGNED_CONTEXT((#3704))
GLOBAL_UNIT_ASSIGNED_CONTEXT((#3782,#3756,#3730))
REPRESENTATION_CONTEXT('Part 158','TOP_LEVEL_ASSEMBLY_PART')
);
#3679=(
GEOMETRIC_REPRESENTATION_CONTEXT(3)
GLOBAL_UNCERTAINTY_ASSIGNED_CONTEXT((#3705))
GLOBAL_UNIT_ASSIGNED_CONTEXT((#3783,#3757,#3731))
REPRESENTATION_CONTEXT('Part 159','TOP_LEVEL_ASSEMBLY_PART')
);
#3680=(
GEOMETRIC_REPRESENTATION_CONTEXT(3)
GLOBAL_UNCERTAINTY_ASSIGNED_CONTEXT((#3706))
GLOBAL_UNIT_ASSIGNED_CONTEXT((#3784,#3758,#3732))
REPRESENTATION_CONTEXT('Part 160','TOP_LEVEL_ASSEMBLY_PART')
);
#3681=(
GEOMETRIC_REPRESENTATION_CONTEXT(3)
GLOBAL_UNCERTAINTY_ASSIGNED_CONTEXT((#3707))
GLOBAL_UNIT_ASSIGNED_CONTEXT((#3785,#3759,#3733))
REPRESENTATION_CONTEXT('Part 161','TOP_LEVEL_ASSEMBLY_PART')
);
#3682=(
GEOMETRIC_REPRESENTATION_CONTEXT(3)
GLOBAL_UNCERTAINTY_ASSIGNED_CONTEXT((#3708))
GLOBAL_UNIT_ASSIGNED_CONTEXT((#3786,#3760,#3734))
REPRESENTATION_CONTEXT('Part 162','TOP_LEVEL_ASSEMBLY_PART')
);
#3683=UNCERTAINTY_MEASURE_WITH_UNIT(LENGTH_MEASURE(1.E-8),#3761,
'DISTANCE_ACCURACY_VALUE','Maximum Tolerance applied to model');
#3684=UNCERTAINTY_MEASURE_WITH_UNIT(LENGTH_MEASURE(1.E-8),#3762,
'DISTANCE_ACCURACY_VALUE','Maximum Tolerance applied to model');
#3685=UNCERTAINTY_MEASURE_WITH_UNIT(LENGTH_MEASURE(1.E-8),#3763,
'DISTANCE_ACCURACY_VALUE','Maximum Tolerance applied to model');
#3686=UNCERTAINTY_MEASURE_WITH_UNIT(LENGTH_MEASURE(1.E-8),#3764,
'DISTANCE_ACCURACY_VALUE','Maximum Tolerance applied to model');
#3687=UNCERTAINTY_MEASURE_WITH_UNIT(LENGTH_MEASURE(1.E-8),#3765,
'DISTANCE_ACCURACY_VALUE','Maximum Tolerance applied to model');
#3688=UNCERTAINTY_MEASURE_WITH_UNIT(LENGTH_MEASURE(1.E-8),#3766,
'DISTANCE_ACCURACY_VALUE','Maximum Tolerance applied to model');
#3689=UNCERTAINTY_MEASURE_WITH_UNIT(LENGTH_MEASURE(1.E-8),#3767,
'DISTANCE_ACCURACY_VALUE','Maximum Tolerance applied to model');
#3690=UNCERTAINTY_MEASURE_WITH_UNIT(LENGTH_MEASURE(1.E-8),#3768,
'DISTANCE_ACCURACY_VALUE','Maximum Tolerance applied to model');
#3691=UNCERTAINTY_MEASURE_WITH_UNIT(LENGTH_MEASURE(1.E-8),#3769,
'DISTANCE_ACCURACY_VALUE','Maximum Tolerance applied to model');
#3692=UNCERTAINTY_MEASURE_WITH_UNIT(LENGTH_MEASURE(1.E-8),#3770,
'DISTANCE_ACCURACY_VALUE','Maximum Tolerance applied to model');
#3693=UNCERTAINTY_MEASURE_WITH_UNIT(LENGTH_MEASURE(1.E-8),#3771,
'DISTANCE_ACCURACY_VALUE','Maximum Tolerance applied to model');
#3694=UNCERTAINTY_MEASURE_WITH_UNIT(LENGTH_MEASURE(1.E-8),#3772,
'DISTANCE_ACCURACY_VALUE','Maximum Tolerance applied to model');
#3695=UNCERTAINTY_MEASURE_WITH_UNIT(LENGTH_MEASURE(1.E-8),#3773,
'DISTANCE_ACCURACY_VALUE','Maximum Tolerance applied to model');
#3696=UNCERTAINTY_MEASURE_WITH_UNIT(LENGTH_MEASURE(1.E-8),#3774,
'DISTANCE_ACCURACY_VALUE','Maximum Tolerance applied to model');
#3697=UNCERTAINTY_MEASURE_WITH_UNIT(LENGTH_MEASURE(1.E-8),#3775,
'DISTANCE_ACCURACY_VALUE','Maximum Tolerance applied to model');
#3698=UNCERTAINTY_MEASURE_WITH_UNIT(LENGTH_MEASURE(1.E-8),#3776,
'DISTANCE_ACCURACY_VALUE','Maximum Tolerance applied to model');
#3699=UNCERTAINTY_MEASURE_WITH_UNIT(LENGTH_MEASURE(1.E-8),#3777,
'DISTANCE_ACCURACY_VALUE','Maximum Tolerance applied to model');
#3700=UNCERTAINTY_MEASURE_WITH_UNIT(LENGTH_MEASURE(1.E-8),#3778,
'DISTANCE_ACCURACY_VALUE','Maximum Tolerance applied to model');
#3701=UNCERTAINTY_MEASURE_WITH_UNIT(LENGTH_MEASURE(1.E-8),#3779,
'DISTANCE_ACCURACY_VALUE','Maximum Tolerance applied to model');
#3702=UNCERTAINTY_MEASURE_WITH_UNIT(LENGTH_MEASURE(1.E-8),#3780,
'DISTANCE_ACCURACY_VALUE','Maximum Tolerance applied to model');
#3703=UNCERTAINTY_MEASURE_WITH_UNIT(LENGTH_MEASURE(1.E-8),#3781,
'DISTANCE_ACCURACY_VALUE','Maximum Tolerance applied to model');
#3704=UNCERTAINTY_MEASURE_WITH_UNIT(LENGTH_MEASURE(1.E-8),#3782,
'DISTANCE_ACCURACY_VALUE','Maximum Tolerance applied to model');
#3705=UNCERTAINTY_MEASURE_WITH_UNIT(LENGTH_MEASURE(1.E-8),#3783,
'DISTANCE_ACCURACY_VALUE','Maximum Tolerance applied to model');
#3706=UNCERTAINTY_MEASURE_WITH_UNIT(LENGTH_MEASURE(1.E-8),#3784,
'DISTANCE_ACCURACY_VALUE','Maximum Tolerance applied to model');
#3707=UNCERTAINTY_MEASURE_WITH_UNIT(LENGTH_MEASURE(1.E-8),#3785,
'DISTANCE_ACCURACY_VALUE','Maximum Tolerance applied to model');
#3708=UNCERTAINTY_MEASURE_WITH_UNIT(LENGTH_MEASURE(1.E-8),#3786,
'DISTANCE_ACCURACY_VALUE','Maximum Tolerance applied to model');
#3709=(
NAMED_UNIT(*)
SI_UNIT($,.STERADIAN.)
SOLID_ANGLE_UNIT()
);
#3710=(
NAMED_UNIT(*)
SI_UNIT($,.STERADIAN.)
SOLID_ANGLE_UNIT()
);
#3711=(
NAMED_UNIT(*)
SI_UNIT($,.STERADIAN.)
SOLID_ANGLE_UNIT()
);
#3712=(
NAMED_UNIT(*)
SI_UNIT($,.STERADIAN.)
SOLID_ANGLE_UNIT()
);
#3713=(
NAMED_UNIT(*)
SI_UNIT($,.STERADIAN.)
SOLID_ANGLE_UNIT()
);
#3714=(
NAMED_UNIT(*)
SI_UNIT($,.STERADIAN.)
SOLID_ANGLE_UNIT()
);
#3715=(
NAMED_UNIT(*)
SI_UNIT($,.STERADIAN.)
SOLID_ANGLE_UNIT()
);
#3716=(
NAMED_UNIT(*)
SI_UNIT($,.STERADIAN.)
SOLID_ANGLE_UNIT()
);
#3717=(
NAMED_UNIT(*)
SI_UNIT($,.STERADIAN.)
SOLID_ANGLE_UNIT()
);
#3718=(
NAMED_UNIT(*)
SI_UNIT($,.STERADIAN.)
SOLID_ANGLE_UNIT()
);
#3719=(
NAMED_UNIT(*)
SI_UNIT($,.STERADIAN.)
SOLID_ANGLE_UNIT()
);
#3720=(
NAMED_UNIT(*)
SI_UNIT($,.STERADIAN.)
SOLID_ANGLE_UNIT()
);
#3721=(
NAMED_UNIT(*)
SI_UNIT($,.STERADIAN.)
SOLID_ANGLE_UNIT()
);
#3722=(
NAMED_UNIT(*)
SI_UNIT($,.STERADIAN.)
SOLID_ANGLE_UNIT()
);
#3723=(
NAMED_UNIT(*)
SI_UNIT($,.STERADIAN.)
SOLID_ANGLE_UNIT()
);
#3724=(
NAMED_UNIT(*)
SI_UNIT($,.STERADIAN.)
SOLID_ANGLE_UNIT()
);
#3725=(
NAMED_UNIT(*)
SI_UNIT($,.STERADIAN.)
SOLID_ANGLE_UNIT()
);
#3726=(
NAMED_UNIT(*)
SI_UNIT($,.STERADIAN.)
SOLID_ANGLE_UNIT()
);
#3727=(
NAMED_UNIT(*)
SI_UNIT($,.STERADIAN.)
SOLID_ANGLE_UNIT()
);
#3728=(
NAMED_UNIT(*)
SI_UNIT($,.STERADIAN.)
SOLID_ANGLE_UNIT()
);
#3729=(
NAMED_UNIT(*)
SI_UNIT($,.STERADIAN.)
SOLID_ANGLE_UNIT()
);
#3730=(
NAMED_UNIT(*)
SI_UNIT($,.STERADIAN.)
SOLID_ANGLE_UNIT()
);
#3731=(
NAMED_UNIT(*)
SI_UNIT($,.STERADIAN.)
SOLID_ANGLE_UNIT()
);
#3732=(
NAMED_UNIT(*)
SI_UNIT($,.STERADIAN.)
SOLID_ANGLE_UNIT()
);
#3733=(
NAMED_UNIT(*)
SI_UNIT($,.STERADIAN.)
SOLID_ANGLE_UNIT()
);
#3734=(
NAMED_UNIT(*)
SI_UNIT($,.STERADIAN.)
SOLID_ANGLE_UNIT()
);
#3735=(
NAMED_UNIT(*)
PLANE_ANGLE_UNIT()
SI_UNIT($,.RADIAN.)
);
#3736=(
NAMED_UNIT(*)
PLANE_ANGLE_UNIT()
SI_UNIT($,.RADIAN.)
);
#3737=(
NAMED_UNIT(*)
PLANE_ANGLE_UNIT()
SI_UNIT($,.RADIAN.)
);
#3738=(
NAMED_UNIT(*)
PLANE_ANGLE_UNIT()
SI_UNIT($,.RADIAN.)
);
#3739=(
NAMED_UNIT(*)
PLANE_ANGLE_UNIT()
SI_UNIT($,.RADIAN.)
);
#3740=(
NAMED_UNIT(*)
PLANE_ANGLE_UNIT()
SI_UNIT($,.RADIAN.)
);
#3741=(
NAMED_UNIT(*)
PLANE_ANGLE_UNIT()
SI_UNIT($,.RADIAN.)
);
#3742=(
NAMED_UNIT(*)
PLANE_ANGLE_UNIT()
SI_UNIT($,.RADIAN.)
);
#3743=(
NAMED_UNIT(*)
PLANE_ANGLE_UNIT()
SI_UNIT($,.RADIAN.)
);
#3744=(
NAMED_UNIT(*)
PLANE_ANGLE_UNIT()
SI_UNIT($,.RADIAN.)
);
#3745=(
NAMED_UNIT(*)
PLANE_ANGLE_UNIT()
SI_UNIT($,.RADIAN.)
);
#3746=(
NAMED_UNIT(*)
PLANE_ANGLE_UNIT()
SI_UNIT($,.RADIAN.)
);
#3747=(
NAMED_UNIT(*)
PLANE_ANGLE_UNIT()
SI_UNIT($,.RADIAN.)
);
#3748=(
NAMED_UNIT(*)
PLANE_ANGLE_UNIT()
SI_UNIT($,.RADIAN.)
);
#3749=(
NAMED_UNIT(*)
PLANE_ANGLE_UNIT()
SI_UNIT($,.RADIAN.)
);
#3750=(
NAMED_UNIT(*)
PLANE_ANGLE_UNIT()
SI_UNIT($,.RADIAN.)
);
#3751=(
NAMED_UNIT(*)
PLANE_ANGLE_UNIT()
SI_UNIT($,.RADIAN.)
);
#3752=(
NAMED_UNIT(*)
PLANE_ANGLE_UNIT()
SI_UNIT($,.RADIAN.)
);
#3753=(
NAMED_UNIT(*)
PLANE_ANGLE_UNIT()
SI_UNIT($,.RADIAN.)
);
#3754=(
NAMED_UNIT(*)
PLANE_ANGLE_UNIT()
SI_UNIT($,.RADIAN.)
);
#3755=(
NAMED_UNIT(*)
PLANE_ANGLE_UNIT()
SI_UNIT($,.RADIAN.)
);
#3756=(
NAMED_UNIT(*)
PLANE_ANGLE_UNIT()
SI_UNIT($,.RADIAN.)
);
#3757=(
NAMED_UNIT(*)
PLANE_ANGLE_UNIT()
SI_UNIT($,.RADIAN.)
);
#3758=(
NAMED_UNIT(*)
PLANE_ANGLE_UNIT()
SI_UNIT($,.RADIAN.)
);
#3759=(
NAMED_UNIT(*)
PLANE_ANGLE_UNIT()
SI_UNIT($,.RADIAN.)
);
#3760=(
NAMED_UNIT(*)
PLANE_ANGLE_UNIT()
SI_UNIT($,.RADIAN.)
);
#3761=(
LENGTH_UNIT()
NAMED_UNIT(*)
SI_UNIT($,.METRE.)
);
#3762=(
LENGTH_UNIT()
NAMED_UNIT(*)
SI_UNIT($,.METRE.)
);
#3763=(
LENGTH_UNIT()
NAMED_UNIT(*)
SI_UNIT($,.METRE.)
);
#3764=(
LENGTH_UNIT()
NAMED_UNIT(*)
SI_UNIT($,.METRE.)
);
#3765=(
LENGTH_UNIT()
NAMED_UNIT(*)
SI_UNIT($,.METRE.)
);
#3766=(
LENGTH_UNIT()
NAMED_UNIT(*)
SI_UNIT($,.METRE.)
);
#3767=(
LENGTH_UNIT()
NAMED_UNIT(*)
SI_UNIT($,.METRE.)
);
#3768=(
LENGTH_UNIT()
NAMED_UNIT(*)
SI_UNIT($,.METRE.)
);
#3769=(
LENGTH_UNIT()
NAMED_UNIT(*)
SI_UNIT($,.METRE.)
);
#3770=(
LENGTH_UNIT()
NAMED_UNIT(*)
SI_UNIT($,.METRE.)
);
#3771=(
LENGTH_UNIT()
NAMED_UNIT(*)
SI_UNIT($,.METRE.)
);
#3772=(
LENGTH_UNIT()
NAMED_UNIT(*)
SI_UNIT($,.METRE.)
);
#3773=(
LENGTH_UNIT()
NAMED_UNIT(*)
SI_UNIT($,.METRE.)
);
#3774=(
LENGTH_UNIT()
NAMED_UNIT(*)
SI_UNIT($,.METRE.)
);
#3775=(
LENGTH_UNIT()
NAMED_UNIT(*)
SI_UNIT($,.METRE.)
);
#3776=(
LENGTH_UNIT()
NAMED_UNIT(*)
SI_UNIT($,.METRE.)
);
#3777=(
LENGTH_UNIT()
NAMED_UNIT(*)
SI_UNIT($,.METRE.)
);
#3778=(
LENGTH_UNIT()
NAMED_UNIT(*)
SI_UNIT($,.METRE.)
);
#3779=(
LENGTH_UNIT()
NAMED_UNIT(*)
SI_UNIT($,.METRE.)
);
#3780=(
LENGTH_UNIT()
NAMED_UNIT(*)
SI_UNIT($,.METRE.)
);
#3781=(
LENGTH_UNIT()
NAMED_UNIT(*)
SI_UNIT($,.METRE.)
);
#3782=(
LENGTH_UNIT()
NAMED_UNIT(*)
SI_UNIT($,.METRE.)
);
#3783=(
LENGTH_UNIT()
NAMED_UNIT(*)
SI_UNIT($,.METRE.)
);
#3784=(
LENGTH_UNIT()
NAMED_UNIT(*)
SI_UNIT($,.METRE.)
);
#3785=(
LENGTH_UNIT()
NAMED_UNIT(*)
SI_UNIT($,.METRE.)
);
#3786=(
LENGTH_UNIT()
NAMED_UNIT(*)
SI_UNIT($,.METRE.)
);
#3787=PRODUCT_DEFINITION_SHAPE('','',#3813);
#3788=PRODUCT_DEFINITION_SHAPE('','',#3814);
#3789=PRODUCT_DEFINITION_SHAPE('','',#3815);
#3790=PRODUCT_DEFINITION_SHAPE('','',#3816);
#3791=PRODUCT_DEFINITION_SHAPE('','',#3817);
#3792=PRODUCT_DEFINITION_SHAPE('','',#3818);
#3793=PRODUCT_DEFINITION_SHAPE('','',#3819);
#3794=PRODUCT_DEFINITION_SHAPE('','',#3820);
#3795=PRODUCT_DEFINITION_SHAPE('','',#3821);
#3796=PRODUCT_DEFINITION_SHAPE('','',#3822);
#3797=PRODUCT_DEFINITION_SHAPE('','',#3823);
#3798=PRODUCT_DEFINITION_SHAPE('','',#3824);
#3799=PRODUCT_DEFINITION_SHAPE('','',#3825);
#3800=PRODUCT_DEFINITION_SHAPE('','',#3826);
#3801=PRODUCT_DEFINITION_SHAPE('','',#3827);
#3802=PRODUCT_DEFINITION_SHAPE('','',#3828);
#3803=PRODUCT_DEFINITION_SHAPE('','',#3829);
#3804=PRODUCT_DEFINITION_SHAPE('','',#3830);
#3805=PRODUCT_DEFINITION_SHAPE('','',#3831);
#3806=PRODUCT_DEFINITION_SHAPE('','',#3832);
#3807=PRODUCT_DEFINITION_SHAPE('','',#3833);
#3808=PRODUCT_DEFINITION_SHAPE('','',#3834);
#3809=PRODUCT_DEFINITION_SHAPE('','',#3835);
#3810=PRODUCT_DEFINITION_SHAPE('','',#3836);
#3811=PRODUCT_DEFINITION_SHAPE('','',#3837);
#3812=PRODUCT_DEFINITION_SHAPE('','',#3838);
#3813=PRODUCT_DEFINITION('','',#3865,#3839);
#3814=PRODUCT_DEFINITION('','',#3866,#3840);
#3815=PRODUCT_DEFINITION('','',#3867,#3841);
#3816=PRODUCT_DEFINITION('','',#3868,#3842);
#3817=PRODUCT_DEFINITION('','',#3869,#3843);
#3818=PRODUCT_DEFINITION('','',#3870,#3844);
#3819=PRODUCT_DEFINITION('','',#3871,#3845);
#3820=PRODUCT_DEFINITION('','',#3872,#3846);
#3821=PRODUCT_DEFINITION('','',#3873,#3847);
#3822=PRODUCT_DEFINITION('','',#3874,#3848);
#3823=PRODUCT_DEFINITION('','',#3875,#3849);
#3824=PRODUCT_DEFINITION('','',#3876,#3850);
#3825=PRODUCT_DEFINITION('','',#3877,#3851);
#3826=PRODUCT_DEFINITION('','',#3878,#3852);
#3827=PRODUCT_DEFINITION('','',#3879,#3853);
#3828=PRODUCT_DEFINITION('','',#3880,#3854);
#3829=PRODUCT_DEFINITION('','',#3881,#3855);
#3830=PRODUCT_DEFINITION('','',#3882,#3856);
#3831=PRODUCT_DEFINITION('','',#3883,#3857);
#3832=PRODUCT_DEFINITION('','',#3884,#3858);
#3833=PRODUCT_DEFINITION('','',#3885,#3859);
#3834=PRODUCT_DEFINITION('','',#3886,#3860);
#3835=PRODUCT_DEFINITION('','',#3887,#3861);
#3836=PRODUCT_DEFINITION('','',#3888,#3862);
#3837=PRODUCT_DEFINITION('','',#3889,#3863);
#3838=PRODUCT_DEFINITION('','',#3890,#3864);
#3839=PRODUCT_DEFINITION_CONTEXT('',#4021,'design');
#3840=PRODUCT_DEFINITION_CONTEXT('',#4022,'design');
#3841=PRODUCT_DEFINITION_CONTEXT('',#4023,'design');
#3842=PRODUCT_DEFINITION_CONTEXT('',#4024,'design');
#3843=PRODUCT_DEFINITION_CONTEXT('',#4025,'design');
#3844=PRODUCT_DEFINITION_CONTEXT('',#4026,'design');
#3845=PRODUCT_DEFINITION_CONTEXT('',#4027,'design');
#3846=PRODUCT_DEFINITION_CONTEXT('',#4028,'design');
#3847=PRODUCT_DEFINITION_CONTEXT('',#4029,'design');
#3848=PRODUCT_DEFINITION_CONTEXT('',#4030,'design');
#3849=PRODUCT_DEFINITION_CONTEXT('',#4031,'design');
#3850=PRODUCT_DEFINITION_CONTEXT('',#4032,'design');
#3851=PRODUCT_DEFINITION_CONTEXT('',#4033,'design');
#3852=PRODUCT_DEFINITION_CONTEXT('',#4034,'design');
#3853=PRODUCT_DEFINITION_CONTEXT('',#4035,'design');
#3854=PRODUCT_DEFINITION_CONTEXT('',#4036,'design');
#3855=PRODUCT_DEFINITION_CONTEXT('',#4037,'design');
#3856=PRODUCT_DEFINITION_CONTEXT('',#4038,'design');
#3857=PRODUCT_DEFINITION_CONTEXT('',#4039,'design');
#3858=PRODUCT_DEFINITION_CONTEXT('',#4040,'design');
#3859=PRODUCT_DEFINITION_CONTEXT('',#4041,'design');
#3860=PRODUCT_DEFINITION_CONTEXT('',#4042,'design');
#3861=PRODUCT_DEFINITION_CONTEXT('',#4043,'design');
#3862=PRODUCT_DEFINITION_CONTEXT('',#4044,'design');
#3863=PRODUCT_DEFINITION_CONTEXT('',#4045,'design');
#3864=PRODUCT_DEFINITION_CONTEXT('',#4046,'design');
#3865=PRODUCT_DEFINITION_FORMATION_WITH_SPECIFIED_SOURCE('','',#3917,
 .NOT_KNOWN.);
#3866=PRODUCT_DEFINITION_FORMATION_WITH_SPECIFIED_SOURCE('','',#3918,
 .NOT_KNOWN.);
#3867=PRODUCT_DEFINITION_FORMATION_WITH_SPECIFIED_SOURCE('','',#3919,
 .NOT_KNOWN.);
#3868=PRODUCT_DEFINITION_FORMATION_WITH_SPECIFIED_SOURCE('','',#3920,
 .NOT_KNOWN.);
#3869=PRODUCT_DEFINITION_FORMATION_WITH_SPECIFIED_SOURCE('','',#3921,
 .NOT_KNOWN.);
#3870=PRODUCT_DEFINITION_FORMATION_WITH_SPECIFIED_SOURCE('','',#3922,
 .NOT_KNOWN.);
#3871=PRODUCT_DEFINITION_FORMATION_WITH_SPECIFIED_SOURCE('','',#3923,
 .NOT_KNOWN.);
#3872=PRODUCT_DEFINITION_FORMATION_WITH_SPECIFIED_SOURCE('','',#3924,
 .NOT_KNOWN.);
#3873=PRODUCT_DEFINITION_FORMATION_WITH_SPECIFIED_SOURCE('','',#3925,
 .NOT_KNOWN.);
#3874=PRODUCT_DEFINITION_FORMATION_WITH_SPECIFIED_SOURCE('','',#3926,
 .NOT_KNOWN.);
#3875=PRODUCT_DEFINITION_FORMATION_WITH_SPECIFIED_SOURCE('','',#3927,
 .NOT_KNOWN.);
#3876=PRODUCT_DEFINITION_FORMATION_WITH_SPECIFIED_SOURCE('','',#3928,
 .NOT_KNOWN.);
#3877=PRODUCT_DEFINITION_FORMATION_WITH_SPECIFIED_SOURCE('','',#3929,
 .NOT_KNOWN.);
#3878=PRODUCT_DEFINITION_FORMATION_WITH_SPECIFIED_SOURCE('','',#3930,
 .NOT_KNOWN.);
#3879=PRODUCT_DEFINITION_FORMATION_WITH_SPECIFIED_SOURCE('','',#3931,
 .NOT_KNOWN.);
#3880=PRODUCT_DEFINITION_FORMATION_WITH_SPECIFIED_SOURCE('','',#3932,
 .NOT_KNOWN.);
#3881=PRODUCT_DEFINITION_FORMATION_WITH_SPECIFIED_SOURCE('','',#3933,
 .NOT_KNOWN.);
#3882=PRODUCT_DEFINITION_FORMATION_WITH_SPECIFIED_SOURCE('','',#3934,
 .NOT_KNOWN.);
#3883=PRODUCT_DEFINITION_FORMATION_WITH_SPECIFIED_SOURCE('','',#3935,
 .NOT_KNOWN.);
#3884=PRODUCT_DEFINITION_FORMATION_WITH_SPECIFIED_SOURCE('','',#3936,
 .NOT_KNOWN.);
#3885=PRODUCT_DEFINITION_FORMATION_WITH_SPECIFIED_SOURCE('','',#3937,
 .NOT_KNOWN.);
#3886=PRODUCT_DEFINITION_FORMATION_WITH_SPECIFIED_SOURCE('','',#3938,
 .NOT_KNOWN.);
#3887=PRODUCT_DEFINITION_FORMATION_WITH_SPECIFIED_SOURCE('','',#3939,
 .NOT_KNOWN.);
#3888=PRODUCT_DEFINITION_FORMATION_WITH_SPECIFIED_SOURCE('','',#3940,
 .NOT_KNOWN.);
#3889=PRODUCT_DEFINITION_FORMATION_WITH_SPECIFIED_SOURCE('','',#3941,
 .NOT_KNOWN.);
#3890=PRODUCT_DEFINITION_FORMATION_WITH_SPECIFIED_SOURCE('','',#3942,
 .NOT_KNOWN.);
#3891=PRODUCT_RELATED_PRODUCT_CATEGORY('','',(#3917));
#3892=PRODUCT_RELATED_PRODUCT_CATEGORY('','',(#3918));
#3893=PRODUCT_RELATED_PRODUCT_CATEGORY('','',(#3919));
#3894=PRODUCT_RELATED_PRODUCT_CATEGORY('','',(#3920));
#3895=PRODUCT_RELATED_PRODUCT_CATEGORY('','',(#3921));
#3896=PRODUCT_RELATED_PRODUCT_CATEGORY('','',(#3922));
#3897=PRODUCT_RELATED_PRODUCT_CATEGORY('','',(#3923));
#3898=PRODUCT_RELATED_PRODUCT_CATEGORY('','',(#3924));
#3899=PRODUCT_RELATED_PRODUCT_CATEGORY('','',(#3925));
#3900=PRODUCT_RELATED_PRODUCT_CATEGORY('','',(#3926));
#3901=PRODUCT_RELATED_PRODUCT_CATEGORY('','',(#3927));
#3902=PRODUCT_RELATED_PRODUCT_CATEGORY('','',(#3928));
#3903=PRODUCT_RELATED_PRODUCT_CATEGORY('','',(#3929));
#3904=PRODUCT_RELATED_PRODUCT_CATEGORY('','',(#3930));
#3905=PRODUCT_RELATED_PRODUCT_CATEGORY('','',(#3931));
#3906=PRODUCT_RELATED_PRODUCT_CATEGORY('','',(#3932));
#3907=PRODUCT_RELATED_PRODUCT_CATEGORY('','',(#3933));
#3908=PRODUCT_RELATED_PRODUCT_CATEGORY('','',(#3934));
#3909=PRODUCT_RELATED_PRODUCT_CATEGORY('','',(#3935));
#3910=PRODUCT_RELATED_PRODUCT_CATEGORY('','',(#3936));
#3911=PRODUCT_RELATED_PRODUCT_CATEGORY('','',(#3937));
#3912=PRODUCT_RELATED_PRODUCT_CATEGORY('','',(#3938));
#3913=PRODUCT_RELATED_PRODUCT_CATEGORY('','',(#3939));
#3914=PRODUCT_RELATED_PRODUCT_CATEGORY('','',(#3940));
#3915=PRODUCT_RELATED_PRODUCT_CATEGORY('','',(#3941));
#3916=PRODUCT_RELATED_PRODUCT_CATEGORY('','',(#3942));
#3917=PRODUCT('Part 120','Part 120','Part 120',(#3969));
#3918=PRODUCT('Part 121','Part 121','Part 121',(#3970));
#3919=PRODUCT('Part 122','Part 122','Part 122',(#3971));
#3920=PRODUCT('Part 123','Part 123','Part 123',(#3972));
#3921=PRODUCT('Part 124','Part 124','Part 124',(#3973));
#3922=PRODUCT('Part 125','Part 125','Part 125',(#3974));
#3923=PRODUCT('Part 126','Part 126','Part 126',(#3975));
#3924=PRODUCT('Part 127','Part 127','Part 127',(#3976));
#3925=PRODUCT('Part 128','Part 128','Part 128',(#3977));
#3926=PRODUCT('Part 129','Part 129','Part 129',(#3978));
#3927=PRODUCT('Part 130','Part 130','Part 130',(#3979));
#3928=PRODUCT('Part 131','Part 131','Part 131',(#3980));
#3929=PRODUCT('Part 132','Part 132','Part 132',(#3981));
#3930=PRODUCT('Part 133','Part 133','Part 133',(#3982));
#3931=PRODUCT('Part 134','Part 134','Part 134',(#3983));
#3932=PRODUCT('Part 135','Part 135','Part 135',(#3984));
#3933=PRODUCT('Part 136','Part 136','Part 136',(#3985));
#3934=PRODUCT('Part 154','Part 154','Part 154',(#3986));
#3935=PRODUCT('Part 155','Part 155','Part 155',(#3987));
#3936=PRODUCT('Part 156','Part 156','Part 156',(#3988));
#3937=PRODUCT('Part 157','Part 157','Part 157',(#3989));
#3938=PRODUCT('Part 158','Part 158','Part 158',(#3990));
#3939=PRODUCT('Part 159','Part 159','Part 159',(#3991));
#3940=PRODUCT('Part 160','Part 160','Part 160',(#3992));
#3941=PRODUCT('Part 161','Part 161','Part 161',(#3993));
#3942=PRODUCT('Part 162','Part 162','Part 162',(#3994));
#3943=PRODUCT_CATEGORY('','');
#3944=PRODUCT_CATEGORY('','');
#3945=PRODUCT_CATEGORY('','');
#3946=PRODUCT_CATEGORY('','');
#3947=PRODUCT_CATEGORY('','');
#3948=PRODUCT_CATEGORY('','');
#3949=PRODUCT_CATEGORY('','');
#3950=PRODUCT_CATEGORY('','');
#3951=PRODUCT_CATEGORY('','');
#3952=PRODUCT_CATEGORY('','');
#3953=PRODUCT_CATEGORY('','');
#3954=PRODUCT_CATEGORY('','');
#3955=PRODUCT_CATEGORY('','');
#3956=PRODUCT_CATEGORY('','');
#3957=PRODUCT_CATEGORY('','');
#3958=PRODUCT_CATEGORY('','');
#3959=PRODUCT_CATEGORY('','');
#3960=PRODUCT_CATEGORY('','');
#3961=PRODUCT_CATEGORY('','');
#3962=PRODUCT_CATEGORY('','');
#3963=PRODUCT_CATEGORY('','');
#3964=PRODUCT_CATEGORY('','');
#3965=PRODUCT_CATEGORY('','');
#3966=PRODUCT_CATEGORY('','');
#3967=PRODUCT_CATEGORY('','');
#3968=PRODUCT_CATEGORY('','');
#3969=PRODUCT_CONTEXT('',#4021,'mechanical');
#3970=PRODUCT_CONTEXT('',#4022,'mechanical');
#3971=PRODUCT_CONTEXT('',#4023,'mechanical');
#3972=PRODUCT_CONTEXT('',#4024,'mechanical');
#3973=PRODUCT_CONTEXT('',#4025,'mechanical');
#3974=PRODUCT_CONTEXT('',#4026,'mechanical');
#3975=PRODUCT_CONTEXT('',#4027,'mechanical');
#3976=PRODUCT_CONTEXT('',#4028,'mechanical');
#3977=PRODUCT_CONTEXT('',#4029,'mechanical');
#3978=PRODUCT_CONTEXT('',#4030,'mechanical');
#3979=PRODUCT_CONTEXT('',#4031,'mechanical');
#3980=PRODUCT_CONTEXT('',#4032,'mechanical');
#3981=PRODUCT_CONTEXT('',#4033,'mechanical');
#3982=PRODUCT_CONTEXT('',#4034,'mechanical');
#3983=PRODUCT_CONTEXT('',#4035,'mechanical');
#3984=PRODUCT_CONTEXT('',#4036,'mechanical');
#3985=PRODUCT_CONTEXT('',#4037,'mechanical');
#3986=PRODUCT_CONTEXT('',#4038,'mechanical');
#3987=PRODUCT_CONTEXT('',#4039,'mechanical');
#3988=PRODUCT_CONTEXT('',#4040,'mechanical');
#3989=PRODUCT_CONTEXT('',#4041,'mechanical');
#3990=PRODUCT_CONTEXT('',#4042,'mechanical');
#3991=PRODUCT_CONTEXT('',#4043,'mechanical');
#3992=PRODUCT_CONTEXT('',#4044,'mechanical');
#3993=PRODUCT_CONTEXT('',#4045,'mechanical');
#3994=PRODUCT_CONTEXT('',#4046,'mechanical');
#3995=APPLICATION_PROTOCOL_DEFINITION('international standard',
'ap242_managed_model_based_3d_engineering',2011,#4021);
#3996=APPLICATION_PROTOCOL_DEFINITION('international standard',
'ap242_managed_model_based_3d_engineering',2011,#4022);
#3997=APPLICATION_PROTOCOL_DEFINITION('international standard',
'ap242_managed_model_based_3d_engineering',2011,#4023);
#3998=APPLICATION_PROTOCOL_DEFINITION('international standard',
'ap242_managed_model_based_3d_engineering',2011,#4024);
#3999=APPLICATION_PROTOCOL_DEFINITION('international standard',
'ap242_managed_model_based_3d_engineering',2011,#4025);
#4000=APPLICATION_PROTOCOL_DEFINITION('international standard',
'ap242_managed_model_based_3d_engineering',2011,#4026);
#4001=APPLICATION_PROTOCOL_DEFINITION('international standard',
'ap242_managed_model_based_3d_engineering',2011,#4027);
#4002=APPLICATION_PROTOCOL_DEFINITION('international standard',
'ap242_managed_model_based_3d_engineering',2011,#4028);
#4003=APPLICATION_PROTOCOL_DEFINITION('international standard',
'ap242_managed_model_based_3d_engineering',2011,#4029);
#4004=APPLICATION_PROTOCOL_DEFINITION('international standard',
'ap242_managed_model_based_3d_engineering',2011,#4030);
#4005=APPLICATION_PROTOCOL_DEFINITION('international standard',
'ap242_managed_model_based_3d_engineering',2011,#4031);
#4006=APPLICATION_PROTOCOL_DEFINITION('international standard',
'ap242_managed_model_based_3d_engineering',2011,#4032);
#4007=APPLICATION_PROTOCOL_DEFINITION('international standard',
'ap242_managed_model_based_3d_engineering',2011,#4033);
#4008=APPLICATION_PROTOCOL_DEFINITION('international standard',
'ap242_managed_model_based_3d_engineering',2011,#4034);
#4009=APPLICATION_PROTOCOL_DEFINITION('international standard',
'ap242_managed_model_based_3d_engineering',2011,#4035);
#4010=APPLICATION_PROTOCOL_DEFINITION('international standard',
'ap242_managed_model_based_3d_engineering',2011,#4036);
#4011=APPLICATION_PROTOCOL_DEFINITION('international standard',
'ap242_managed_model_based_3d_engineering',2011,#4037);
#4012=APPLICATION_PROTOCOL_DEFINITION('international standard',
'ap242_managed_model_based_3d_engineering',2011,#4038);
#4013=APPLICATION_PROTOCOL_DEFINITION('international standard',
'ap242_managed_model_based_3d_engineering',2011,#4039);
#4014=APPLICATION_PROTOCOL_DEFINITION('international standard',
'ap242_managed_model_based_3d_engineering',2011,#4040);
#4015=APPLICATION_PROTOCOL_DEFINITION('international standard',
'ap242_managed_model_based_3d_engineering',2011,#4041);
#4016=APPLICATION_PROTOCOL_DEFINITION('international standard',
'ap242_managed_model_based_3d_engineering',2011,#4042);
#4017=APPLICATION_PROTOCOL_DEFINITION('international standard',
'ap242_managed_model_based_3d_engineering',2011,#4043);
#4018=APPLICATION_PROTOCOL_DEFINITION('international standard',
'ap242_managed_model_based_3d_engineering',2011,#4044);
#4019=APPLICATION_PROTOCOL_DEFINITION('international standard',
'ap242_managed_model_based_3d_engineering',2011,#4045);
#4020=APPLICATION_PROTOCOL_DEFINITION('international standard',
'ap242_managed_model_based_3d_engineering',2011,#4046);
#4021=APPLICATION_CONTEXT('managed model based 3d engineering');
#4022=APPLICATION_CONTEXT('managed model based 3d engineering');
#4023=APPLICATION_CONTEXT('managed model based 3d engineering');
#4024=APPLICATION_CONTEXT('managed model based 3d engineering');
#4025=APPLICATION_CONTEXT('managed model based 3d engineering');
#4026=APPLICATION_CONTEXT('managed model based 3d engineering');
#4027=APPLICATION_CONTEXT('managed model based 3d engineering');
#4028=APPLICATION_CONTEXT('managed model based 3d engineering');
#4029=APPLICATION_CONTEXT('managed model based 3d engineering');
#4030=APPLICATION_CONTEXT('managed model based 3d engineering');
#4031=APPLICATION_CONTEXT('managed model based 3d engineering');
#4032=APPLICATION_CONTEXT('managed model based 3d engineering');
#4033=APPLICATION_CONTEXT('managed model based 3d engineering');
#4034=APPLICATION_CONTEXT('managed model based 3d engineering');
#4035=APPLICATION_CONTEXT('managed model based 3d engineering');
#4036=APPLICATION_CONTEXT('managed model based 3d engineering');
#4037=APPLICATION_CONTEXT('managed model based 3d engineering');
#4038=APPLICATION_CONTEXT('managed model based 3d engineering');
#4039=APPLICATION_CONTEXT('managed model based 3d engineering');
#4040=APPLICATION_CONTEXT('managed model based 3d engineering');
#4041=APPLICATION_CONTEXT('managed model based 3d engineering');
#4042=APPLICATION_CONTEXT('managed model based 3d engineering');
#4043=APPLICATION_CONTEXT('managed model based 3d engineering');
#4044=APPLICATION_CONTEXT('managed model based 3d engineering');
#4045=APPLICATION_CONTEXT('managed model based 3d engineering');
#4046=APPLICATION_CONTEXT('managed model based 3d engineering');
ENDSEC;
END-ISO-10303-21;
