ISO-10303-21;
HEADER;
/* Generated by software containing ST-Developer
 * from STEP Tools, Inc. (www.steptools.com) 
 */
/* OPTION: using custom renumber hook */

FILE_DESCRIPTION(
/* description */ ('STEP AP242',
'CAx-IF Rec.Pracs.---Representation and Presentation of Product Manufa
cturing Information (PMI)---4.0---2014-10-13',
'CAx-IF Rec.Pracs.---3D Tessellated Geometry---0.4---2014-09-14','2;1'),

/* implementation_level */ '2;1');

FILE_NAME(
/* name */ '6755b3278055c03cd76d61ec',
/* time_stamp */ '2024-12-08T14:54:32Z',
/* author */ (''),
/* organization */ (''),
/* preprocessor_version */ 'ST-DEVELOPER v20',
/* originating_system */ 'ONSHAPE BY PTC INC, 1.190',
/* authorisation */ '  ');

FILE_SCHEMA (('AP242_MANAGED_MODEL_BASED_3D_ENGINEERING_MIM_LF { 1 0 10303 442 1 1 4 }'));
ENDSEC;

DATA;
#10=ELLIPSE('',#7029,0.0141421356237309,0.01);
#11=ELLIPSE('',#7212,0.0141421356237309,0.01);
#12=ELLIPSE('',#7423,0.0141421356237309,0.01);
#13=CYLINDRICAL_SURFACE('',#7028,0.01);
#14=CYLINDRICAL_SURFACE('',#7032,0.01);
#15=CYLINDRICAL_SURFACE('',#7035,0.0045);
#16=CYLINDRICAL_SURFACE('',#7038,0.0045);
#17=CYLINDRICAL_SURFACE('',#7041,0.0045);
#18=CYLINDRICAL_SURFACE('',#7143,0.007);
#19=CYLINDRICAL_SURFACE('',#7149,0.007);
#20=CYLINDRICAL_SURFACE('',#7155,0.007);
#21=CYLINDRICAL_SURFACE('',#7161,0.007);
#22=CYLINDRICAL_SURFACE('',#7167,0.007);
#23=CYLINDRICAL_SURFACE('',#7173,0.0045);
#24=CYLINDRICAL_SURFACE('',#7179,0.007);
#25=CYLINDRICAL_SURFACE('',#7185,0.0045);
#26=CYLINDRICAL_SURFACE('',#7191,0.0045);
#27=CYLINDRICAL_SURFACE('',#7210,0.01);
#28=CYLINDRICAL_SURFACE('',#7213,0.01);
#29=CYLINDRICAL_SURFACE('',#7220,0.0045);
#30=CYLINDRICAL_SURFACE('',#7223,0.0045);
#31=CYLINDRICAL_SURFACE('',#7226,0.0045);
#32=CYLINDRICAL_SURFACE('',#7335,0.007);
#33=CYLINDRICAL_SURFACE('',#7341,0.007);
#34=CYLINDRICAL_SURFACE('',#7347,0.007);
#35=CYLINDRICAL_SURFACE('',#7353,0.007);
#36=CYLINDRICAL_SURFACE('',#7359,0.007);
#37=CYLINDRICAL_SURFACE('',#7365,0.007);
#38=CYLINDRICAL_SURFACE('',#7371,0.0045);
#39=CYLINDRICAL_SURFACE('',#7377,0.0045);
#40=CYLINDRICAL_SURFACE('',#7383,0.0045);
#41=CYLINDRICAL_SURFACE('',#7422,0.01);
#42=CYLINDRICAL_SURFACE('',#7425,0.01);
#43=CYLINDRICAL_SURFACE('',#7429,0.005);
#44=CYLINDRICAL_SURFACE('',#7432,0.005);
#45=CYLINDRICAL_SURFACE('',#7435,0.005);
#46=CYLINDRICAL_SURFACE('',#7438,0.005);
#47=CYLINDRICAL_SURFACE('',#7441,0.005);
#48=CYLINDRICAL_SURFACE('',#7444,0.005);
#49=CYLINDRICAL_SURFACE('',#7477,0.0075);
#50=CYLINDRICAL_SURFACE('',#7480,0.0075);
#51=CYLINDRICAL_SURFACE('',#7492,0.0075);
#52=CYLINDRICAL_SURFACE('',#7497,0.0075);
#53=CYLINDRICAL_SURFACE('',#7507,0.0075);
#54=CYLINDRICAL_SURFACE('',#7510,0.0075);
#55=CYLINDRICAL_SURFACE('',#7542,0.0075);
#56=CYLINDRICAL_SURFACE('',#7554,0.0075);
#57=CYLINDRICAL_SURFACE('',#7557,0.0075);
#58=CYLINDRICAL_SURFACE('',#7569,0.0075);
#59=CYLINDRICAL_SURFACE('',#7574,0.0075);
#60=CYLINDRICAL_SURFACE('',#7585,0.0075);
#61=CIRCLE('',#7020,0.0045);
#62=CIRCLE('',#7021,0.0045);
#63=CIRCLE('',#7022,0.0045);
#64=CIRCLE('',#7023,0.01);
#65=CIRCLE('',#7027,0.01);
#66=CIRCLE('',#7036,0.0045);
#67=CIRCLE('',#7039,0.0045);
#68=CIRCLE('',#7042,0.0045);
#69=CIRCLE('',#7144,0.007);
#70=CIRCLE('',#7145,0.007);
#71=CIRCLE('',#7150,0.007);
#72=CIRCLE('',#7151,0.007);
#73=CIRCLE('',#7156,0.007);
#74=CIRCLE('',#7157,0.007);
#75=CIRCLE('',#7162,0.007);
#76=CIRCLE('',#7163,0.007);
#77=CIRCLE('',#7168,0.007);
#78=CIRCLE('',#7169,0.007);
#79=CIRCLE('',#7174,0.0045);
#80=CIRCLE('',#7175,0.0045);
#81=CIRCLE('',#7180,0.007);
#82=CIRCLE('',#7181,0.007);
#83=CIRCLE('',#7186,0.0045);
#84=CIRCLE('',#7187,0.0045);
#85=CIRCLE('',#7192,0.0045);
#86=CIRCLE('',#7193,0.0045);
#87=CIRCLE('',#7211,0.01);
#88=CIRCLE('',#7214,0.01);
#89=CIRCLE('',#7216,0.0045);
#90=CIRCLE('',#7217,0.0045);
#91=CIRCLE('',#7218,0.0045);
#92=CIRCLE('',#7221,0.0045);
#93=CIRCLE('',#7224,0.0045);
#94=CIRCLE('',#7227,0.0045);
#95=CIRCLE('',#7336,0.007);
#96=CIRCLE('',#7337,0.007);
#97=CIRCLE('',#7342,0.007);
#98=CIRCLE('',#7343,0.007);
#99=CIRCLE('',#7348,0.007);
#100=CIRCLE('',#7349,0.007);
#101=CIRCLE('',#7354,0.007);
#102=CIRCLE('',#7355,0.007);
#103=CIRCLE('',#7360,0.007);
#104=CIRCLE('',#7361,0.007);
#105=CIRCLE('',#7366,0.007);
#106=CIRCLE('',#7367,0.007);
#107=CIRCLE('',#7372,0.0045);
#108=CIRCLE('',#7373,0.0045);
#109=CIRCLE('',#7378,0.0045);
#110=CIRCLE('',#7379,0.0045);
#111=CIRCLE('',#7384,0.0045);
#112=CIRCLE('',#7385,0.0045);
#113=CIRCLE('',#7411,0.005);
#114=CIRCLE('',#7412,0.005);
#115=CIRCLE('',#7413,0.005);
#116=CIRCLE('',#7414,0.01);
#117=CIRCLE('',#7417,0.005);
#118=CIRCLE('',#7418,0.005);
#119=CIRCLE('',#7419,0.005);
#120=CIRCLE('',#7420,0.01);
#121=CIRCLE('',#7430,0.005);
#122=CIRCLE('',#7433,0.005);
#123=CIRCLE('',#7436,0.005);
#124=CIRCLE('',#7439,0.005);
#125=CIRCLE('',#7442,0.005);
#126=CIRCLE('',#7445,0.005);
#127=CIRCLE('',#7472,0.0075);
#128=CIRCLE('',#7473,0.0075);
#129=CIRCLE('',#7478,0.0075);
#130=CIRCLE('',#7481,0.0075);
#131=CIRCLE('',#7487,0.0075);
#132=CIRCLE('',#7488,0.0075);
#133=CIRCLE('',#7493,0.0075);
#134=CIRCLE('',#7496,0.0075);
#135=CIRCLE('',#7501,0.0075);
#136=CIRCLE('',#7503,0.0075);
#137=CIRCLE('',#7508,0.0075);
#138=CIRCLE('',#7511,0.0075);
#139=CIRCLE('',#7538,0.0075);
#140=CIRCLE('',#7543,0.0075);
#141=CIRCLE('',#7549,0.0075);
#142=CIRCLE('',#7550,0.0075);
#143=CIRCLE('',#7555,0.0075);
#144=CIRCLE('',#7558,0.0075);
#145=CIRCLE('',#7564,0.0075);
#146=CIRCLE('',#7565,0.0075);
#147=CIRCLE('',#7570,0.0075);
#148=CIRCLE('',#7573,0.0075);
#149=CIRCLE('',#7579,0.0075);
#150=CIRCLE('',#7584,0.0075);
#151=COLOUR_RGB('',0.917647058823529,0.917647058823529,0.917647058823529);
#152=COLOUR_RGB('',0.529411764705882,0.568627450980392,0.6);
#153=COLOUR_RGB('',0.43921568627451,0.474509803921569,0.501960784313726);
#154=SHAPE_REPRESENTATION_RELATIONSHIP('','',#6935,#223);
#155=SHAPE_REPRESENTATION_RELATIONSHIP('','',#6936,#224);
#156=SHAPE_REPRESENTATION_RELATIONSHIP('','',#6937,#225);
#157=SHAPE_REPRESENTATION_RELATIONSHIP('','',#6938,#226);
#158=SHAPE_REPRESENTATION_RELATIONSHIP('','',#6939,#227);
#159=SHAPE_REPRESENTATION_RELATIONSHIP('','',#6940,#228);
#160=SHAPE_REPRESENTATION_RELATIONSHIP('','',#6941,#229);
#161=SHAPE_REPRESENTATION_RELATIONSHIP('','',#6942,#230);
#162=SHAPE_REPRESENTATION_RELATIONSHIP('','',#6943,#231);
#163=SHAPE_REPRESENTATION_RELATIONSHIP('','',#6944,#232);
#164=SHAPE_REPRESENTATION_RELATIONSHIP('','',#6945,#233);
#165=SHAPE_REPRESENTATION_RELATIONSHIP('','',#6946,#234);
#166=SHAPE_REPRESENTATION_RELATIONSHIP('','',#6947,#235);
#167=SHAPE_REPRESENTATION_RELATIONSHIP('','',#6948,#236);
#168=SHAPE_REPRESENTATION_RELATIONSHIP('','',#6949,#237);
#169=SHAPE_REPRESENTATION_RELATIONSHIP('','',#6950,#238);
#170=SHAPE_REPRESENTATION_RELATIONSHIP('','',#6951,#239);
#171=SHAPE_REPRESENTATION_RELATIONSHIP('','',#6952,#240);
#172=SHAPE_REPRESENTATION_RELATIONSHIP('','',#6953,#241);
#173=SHAPE_REPRESENTATION_RELATIONSHIP('','',#6954,#242);
#174=SHAPE_REPRESENTATION_RELATIONSHIP('','',#6955,#243);
#175=SHAPE_REPRESENTATION_RELATIONSHIP('','',#6956,#244);
#176=SHAPE_REPRESENTATION_RELATIONSHIP('','',#6957,#245);
#177=SHAPE_REPRESENTATION_RELATIONSHIP('','',#6958,#246);
#178=SHAPE_REPRESENTATION_RELATIONSHIP('','',#6959,#247);
#179=SHAPE_REPRESENTATION_RELATIONSHIP('','',#6960,#248);
#180=SHAPE_REPRESENTATION_RELATIONSHIP('','',#6961,#249);
#181=SHAPE_REPRESENTATION_RELATIONSHIP('','',#6962,#250);
#182=SHAPE_REPRESENTATION_RELATIONSHIP('','',#6963,#251);
#183=SHAPE_REPRESENTATION_RELATIONSHIP('','',#6964,#252);
#184=SHAPE_REPRESENTATION_RELATIONSHIP('','',#6965,#253);
#185=SHAPE_REPRESENTATION_RELATIONSHIP('','',#6966,#254);
#186=SHAPE_REPRESENTATION_RELATIONSHIP('','',#6967,#255);
#187=SHAPE_REPRESENTATION_RELATIONSHIP('','',#6968,#256);
#188=SHAPE_REPRESENTATION_RELATIONSHIP('','',#6969,#257);
#189=SHAPE_REPRESENTATION_RELATIONSHIP('','',#6970,#258);
#190=SHAPE_REPRESENTATION_RELATIONSHIP('','',#6971,#259);
#191=SHAPE_REPRESENTATION_RELATIONSHIP('','',#6972,#260);
#192=SHAPE_REPRESENTATION_RELATIONSHIP('','',#6973,#261);
#193=SHAPE_REPRESENTATION_RELATIONSHIP('','',#6974,#262);
#194=SHAPE_REPRESENTATION_RELATIONSHIP('','',#6975,#263);
#195=SHAPE_REPRESENTATION_RELATIONSHIP('','',#6976,#264);
#196=SHAPE_REPRESENTATION_RELATIONSHIP('','',#6977,#265);
#197=SHAPE_REPRESENTATION_RELATIONSHIP('','',#6978,#266);
#198=SHAPE_REPRESENTATION_RELATIONSHIP('','',#6979,#267);
#199=SHAPE_REPRESENTATION_RELATIONSHIP('','',#6980,#268);
#200=SHAPE_REPRESENTATION_RELATIONSHIP('','',#6981,#269);
#201=SHAPE_REPRESENTATION_RELATIONSHIP('','',#6982,#270);
#202=SHAPE_REPRESENTATION_RELATIONSHIP('','',#6983,#271);
#203=SHAPE_REPRESENTATION_RELATIONSHIP('','',#6984,#272);
#204=SHAPE_REPRESENTATION_RELATIONSHIP('','',#6985,#273);
#205=SHAPE_REPRESENTATION_RELATIONSHIP('','',#6986,#274);
#206=SHAPE_REPRESENTATION_RELATIONSHIP('','',#6987,#275);
#207=SHAPE_REPRESENTATION_RELATIONSHIP('','',#6988,#276);
#208=SHAPE_REPRESENTATION_RELATIONSHIP('','',#6989,#277);
#209=SHAPE_REPRESENTATION_RELATIONSHIP('','',#6990,#278);
#210=SHAPE_REPRESENTATION_RELATIONSHIP('','',#6991,#279);
#211=SHAPE_REPRESENTATION_RELATIONSHIP('','',#6992,#280);
#212=SHAPE_REPRESENTATION_RELATIONSHIP('','',#6993,#281);
#213=SHAPE_REPRESENTATION_RELATIONSHIP('','',#6994,#282);
#214=SHAPE_REPRESENTATION_RELATIONSHIP('','',#6995,#283);
#215=SHAPE_REPRESENTATION_RELATIONSHIP('','',#6996,#284);
#216=SHAPE_REPRESENTATION_RELATIONSHIP('','',#6997,#285);
#217=SHAPE_REPRESENTATION_RELATIONSHIP('','',#6998,#286);
#218=SHAPE_REPRESENTATION_RELATIONSHIP('','',#6999,#287);
#219=SHAPE_REPRESENTATION_RELATIONSHIP('','',#7000,#288);
#220=SHAPE_REPRESENTATION_RELATIONSHIP('','',#7001,#289);
#221=SHAPE_REPRESENTATION_RELATIONSHIP('','',#7002,#290);
#222=SHAPE_REPRESENTATION_RELATIONSHIP('','',#7003,#291);
#223=ADVANCED_BREP_SHAPE_REPRESENTATION('',(#6797),#11306);
#224=ADVANCED_BREP_SHAPE_REPRESENTATION('',(#6798),#11307);
#225=ADVANCED_BREP_SHAPE_REPRESENTATION('',(#6799),#11308);
#226=ADVANCED_BREP_SHAPE_REPRESENTATION('',(#6800),#11309);
#227=ADVANCED_BREP_SHAPE_REPRESENTATION('',(#6801),#11310);
#228=ADVANCED_BREP_SHAPE_REPRESENTATION('',(#6802),#11311);
#229=ADVANCED_BREP_SHAPE_REPRESENTATION('',(#6803),#11312);
#230=ADVANCED_BREP_SHAPE_REPRESENTATION('',(#6804),#11313);
#231=ADVANCED_BREP_SHAPE_REPRESENTATION('',(#6805),#11314);
#232=ADVANCED_BREP_SHAPE_REPRESENTATION('',(#6806),#11315);
#233=ADVANCED_BREP_SHAPE_REPRESENTATION('',(#6807),#11316);
#234=ADVANCED_BREP_SHAPE_REPRESENTATION('',(#6808),#11317);
#235=ADVANCED_BREP_SHAPE_REPRESENTATION('',(#6809),#11318);
#236=ADVANCED_BREP_SHAPE_REPRESENTATION('',(#6810),#11319);
#237=ADVANCED_BREP_SHAPE_REPRESENTATION('',(#6811),#11320);
#238=ADVANCED_BREP_SHAPE_REPRESENTATION('',(#6812),#11321);
#239=ADVANCED_BREP_SHAPE_REPRESENTATION('',(#6813),#11322);
#240=ADVANCED_BREP_SHAPE_REPRESENTATION('',(#6814),#11323);
#241=ADVANCED_BREP_SHAPE_REPRESENTATION('',(#6815),#11324);
#242=ADVANCED_BREP_SHAPE_REPRESENTATION('',(#6816),#11325);
#243=ADVANCED_BREP_SHAPE_REPRESENTATION('',(#6817),#11326);
#244=ADVANCED_BREP_SHAPE_REPRESENTATION('',(#6818),#11327);
#245=ADVANCED_BREP_SHAPE_REPRESENTATION('',(#6819),#11328);
#246=ADVANCED_BREP_SHAPE_REPRESENTATION('',(#6820),#11329);
#247=ADVANCED_BREP_SHAPE_REPRESENTATION('',(#6821),#11330);
#248=ADVANCED_BREP_SHAPE_REPRESENTATION('',(#6822),#11331);
#249=ADVANCED_BREP_SHAPE_REPRESENTATION('',(#6823),#11332);
#250=ADVANCED_BREP_SHAPE_REPRESENTATION('',(#6824),#11333);
#251=ADVANCED_BREP_SHAPE_REPRESENTATION('',(#6825),#11334);
#252=ADVANCED_BREP_SHAPE_REPRESENTATION('',(#6826),#11335);
#253=ADVANCED_BREP_SHAPE_REPRESENTATION('',(#6827),#11336);
#254=ADVANCED_BREP_SHAPE_REPRESENTATION('',(#6828),#11337);
#255=ADVANCED_BREP_SHAPE_REPRESENTATION('',(#6829),#11338);
#256=ADVANCED_BREP_SHAPE_REPRESENTATION('',(#6830),#11339);
#257=ADVANCED_BREP_SHAPE_REPRESENTATION('',(#6831),#11340);
#258=ADVANCED_BREP_SHAPE_REPRESENTATION('',(#6832),#11341);
#259=ADVANCED_BREP_SHAPE_REPRESENTATION('',(#6833),#11342);
#260=ADVANCED_BREP_SHAPE_REPRESENTATION('',(#6834),#11343);
#261=ADVANCED_BREP_SHAPE_REPRESENTATION('',(#6835),#11344);
#262=ADVANCED_BREP_SHAPE_REPRESENTATION('',(#6836),#11345);
#263=ADVANCED_BREP_SHAPE_REPRESENTATION('',(#6837),#11346);
#264=ADVANCED_BREP_SHAPE_REPRESENTATION('',(#6838),#11347);
#265=ADVANCED_BREP_SHAPE_REPRESENTATION('',(#6839),#11348);
#266=ADVANCED_BREP_SHAPE_REPRESENTATION('',(#6840),#11349);
#267=ADVANCED_BREP_SHAPE_REPRESENTATION('',(#6841),#11350);
#268=ADVANCED_BREP_SHAPE_REPRESENTATION('',(#6842),#11351);
#269=ADVANCED_BREP_SHAPE_REPRESENTATION('',(#6843),#11352);
#270=ADVANCED_BREP_SHAPE_REPRESENTATION('',(#6844),#11353);
#271=ADVANCED_BREP_SHAPE_REPRESENTATION('',(#6845),#11354);
#272=ADVANCED_BREP_SHAPE_REPRESENTATION('',(#6846),#11355);
#273=ADVANCED_BREP_SHAPE_REPRESENTATION('',(#6847),#11356);
#274=ADVANCED_BREP_SHAPE_REPRESENTATION('',(#6848),#11357);
#275=ADVANCED_BREP_SHAPE_REPRESENTATION('',(#6849),#11358);
#276=ADVANCED_BREP_SHAPE_REPRESENTATION('',(#6850),#11359);
#277=ADVANCED_BREP_SHAPE_REPRESENTATION('',(#6851),#11360);
#278=ADVANCED_BREP_SHAPE_REPRESENTATION('',(#6852),#11361);
#279=ADVANCED_BREP_SHAPE_REPRESENTATION('',(#6853),#11362);
#280=ADVANCED_BREP_SHAPE_REPRESENTATION('',(#6854),#11363);
#281=ADVANCED_BREP_SHAPE_REPRESENTATION('',(#6855),#11364);
#282=ADVANCED_BREP_SHAPE_REPRESENTATION('',(#6856),#11365);
#283=ADVANCED_BREP_SHAPE_REPRESENTATION('',(#6857),#11366);
#284=ADVANCED_BREP_SHAPE_REPRESENTATION('',(#6858),#11367);
#285=ADVANCED_BREP_SHAPE_REPRESENTATION('',(#6859),#11368);
#286=ADVANCED_BREP_SHAPE_REPRESENTATION('',(#6860),#11369);
#287=ADVANCED_BREP_SHAPE_REPRESENTATION('',(#6861),#11370);
#288=ADVANCED_BREP_SHAPE_REPRESENTATION('',(#6862),#11371);
#289=ADVANCED_BREP_SHAPE_REPRESENTATION('',(#6863),#11372);
#290=ADVANCED_BREP_SHAPE_REPRESENTATION('',(#6864),#11373);
#291=ADVANCED_BREP_SHAPE_REPRESENTATION('',(#6865),#11374);
#292=ORIENTED_EDGE('',*,*,#1846,.F.);
#293=ORIENTED_EDGE('',*,*,#1847,.F.);
#294=ORIENTED_EDGE('',*,*,#1848,.T.);
#295=ORIENTED_EDGE('',*,*,#1849,.T.);
#296=ORIENTED_EDGE('',*,*,#1850,.T.);
#297=ORIENTED_EDGE('',*,*,#1851,.F.);
#298=ORIENTED_EDGE('',*,*,#1852,.F.);
#299=ORIENTED_EDGE('',*,*,#1847,.T.);
#300=ORIENTED_EDGE('',*,*,#1853,.T.);
#301=ORIENTED_EDGE('',*,*,#1854,.F.);
#302=ORIENTED_EDGE('',*,*,#1855,.F.);
#303=ORIENTED_EDGE('',*,*,#1851,.T.);
#304=ORIENTED_EDGE('',*,*,#1856,.F.);
#305=ORIENTED_EDGE('',*,*,#1849,.F.);
#306=ORIENTED_EDGE('',*,*,#1857,.T.);
#307=ORIENTED_EDGE('',*,*,#1854,.T.);
#308=ORIENTED_EDGE('',*,*,#1846,.T.);
#309=ORIENTED_EDGE('',*,*,#1856,.T.);
#310=ORIENTED_EDGE('',*,*,#1853,.F.);
#311=ORIENTED_EDGE('',*,*,#1850,.F.);
#312=ORIENTED_EDGE('',*,*,#1848,.F.);
#313=ORIENTED_EDGE('',*,*,#1852,.T.);
#314=ORIENTED_EDGE('',*,*,#1855,.T.);
#315=ORIENTED_EDGE('',*,*,#1857,.F.);
#316=ORIENTED_EDGE('',*,*,#1858,.F.);
#317=ORIENTED_EDGE('',*,*,#1859,.F.);
#318=ORIENTED_EDGE('',*,*,#1860,.T.);
#319=ORIENTED_EDGE('',*,*,#1861,.T.);
#320=ORIENTED_EDGE('',*,*,#1862,.T.);
#321=ORIENTED_EDGE('',*,*,#1863,.F.);
#322=ORIENTED_EDGE('',*,*,#1864,.F.);
#323=ORIENTED_EDGE('',*,*,#1859,.T.);
#324=ORIENTED_EDGE('',*,*,#1865,.T.);
#325=ORIENTED_EDGE('',*,*,#1866,.F.);
#326=ORIENTED_EDGE('',*,*,#1867,.F.);
#327=ORIENTED_EDGE('',*,*,#1863,.T.);
#328=ORIENTED_EDGE('',*,*,#1868,.F.);
#329=ORIENTED_EDGE('',*,*,#1861,.F.);
#330=ORIENTED_EDGE('',*,*,#1869,.T.);
#331=ORIENTED_EDGE('',*,*,#1866,.T.);
#332=ORIENTED_EDGE('',*,*,#1858,.T.);
#333=ORIENTED_EDGE('',*,*,#1868,.T.);
#334=ORIENTED_EDGE('',*,*,#1865,.F.);
#335=ORIENTED_EDGE('',*,*,#1862,.F.);
#336=ORIENTED_EDGE('',*,*,#1860,.F.);
#337=ORIENTED_EDGE('',*,*,#1864,.T.);
#338=ORIENTED_EDGE('',*,*,#1867,.T.);
#339=ORIENTED_EDGE('',*,*,#1869,.F.);
#340=ORIENTED_EDGE('',*,*,#1870,.T.);
#341=ORIENTED_EDGE('',*,*,#1871,.T.);
#342=ORIENTED_EDGE('',*,*,#1872,.T.);
#343=ORIENTED_EDGE('',*,*,#1873,.F.);
#344=ORIENTED_EDGE('',*,*,#1874,.F.);
#345=ORIENTED_EDGE('',*,*,#1875,.F.);
#346=ORIENTED_EDGE('',*,*,#1876,.T.);
#347=ORIENTED_EDGE('',*,*,#1877,.T.);
#348=ORIENTED_EDGE('',*,*,#1878,.F.);
#349=ORIENTED_EDGE('',*,*,#1879,.T.);
#350=ORIENTED_EDGE('',*,*,#1880,.T.);
#351=ORIENTED_EDGE('',*,*,#1881,.T.);
#352=ORIENTED_EDGE('',*,*,#1882,.T.);
#353=ORIENTED_EDGE('',*,*,#1883,.T.);
#354=ORIENTED_EDGE('',*,*,#1884,.F.);
#355=ORIENTED_EDGE('',*,*,#1885,.F.);
#356=ORIENTED_EDGE('',*,*,#1886,.F.);
#357=ORIENTED_EDGE('',*,*,#1883,.F.);
#358=ORIENTED_EDGE('',*,*,#1887,.T.);
#359=ORIENTED_EDGE('',*,*,#1888,.F.);
#360=ORIENTED_EDGE('',*,*,#1878,.T.);
#361=ORIENTED_EDGE('',*,*,#1879,.F.);
#362=ORIENTED_EDGE('',*,*,#1888,.T.);
#363=ORIENTED_EDGE('',*,*,#1889,.F.);
#364=ORIENTED_EDGE('',*,*,#1890,.T.);
#365=ORIENTED_EDGE('',*,*,#1891,.T.);
#366=ORIENTED_EDGE('',*,*,#1873,.T.);
#367=ORIENTED_EDGE('',*,*,#1892,.F.);
#368=ORIENTED_EDGE('',*,*,#1884,.T.);
#369=ORIENTED_EDGE('',*,*,#1886,.T.);
#370=ORIENTED_EDGE('',*,*,#1881,.F.);
#371=ORIENTED_EDGE('',*,*,#1876,.F.);
#372=ORIENTED_EDGE('',*,*,#1893,.T.);
#373=ORIENTED_EDGE('',*,*,#1889,.T.);
#374=ORIENTED_EDGE('',*,*,#1887,.F.);
#375=ORIENTED_EDGE('',*,*,#1882,.F.);
#376=ORIENTED_EDGE('',*,*,#1894,.T.);
#377=ORIENTED_EDGE('',*,*,#1893,.F.);
#378=ORIENTED_EDGE('',*,*,#1875,.T.);
#379=ORIENTED_EDGE('',*,*,#1895,.F.);
#380=ORIENTED_EDGE('',*,*,#1890,.F.);
#381=ORIENTED_EDGE('',*,*,#1877,.F.);
#382=ORIENTED_EDGE('',*,*,#1894,.F.);
#383=ORIENTED_EDGE('',*,*,#1885,.T.);
#384=ORIENTED_EDGE('',*,*,#1892,.T.);
#385=ORIENTED_EDGE('',*,*,#1895,.T.);
#386=ORIENTED_EDGE('',*,*,#1874,.T.);
#387=ORIENTED_EDGE('',*,*,#1891,.F.);
#388=ORIENTED_EDGE('',*,*,#1880,.F.);
#389=ORIENTED_EDGE('',*,*,#1872,.F.);
#390=ORIENTED_EDGE('',*,*,#1896,.F.);
#391=ORIENTED_EDGE('',*,*,#1896,.T.);
#392=ORIENTED_EDGE('',*,*,#1871,.F.);
#393=ORIENTED_EDGE('',*,*,#1897,.F.);
#394=ORIENTED_EDGE('',*,*,#1897,.T.);
#395=ORIENTED_EDGE('',*,*,#1870,.F.);
#396=ORIENTED_EDGE('',*,*,#1898,.F.);
#397=ORIENTED_EDGE('',*,*,#1898,.T.);
#398=ORIENTED_EDGE('',*,*,#1899,.F.);
#399=ORIENTED_EDGE('',*,*,#1900,.F.);
#400=ORIENTED_EDGE('',*,*,#1901,.T.);
#401=ORIENTED_EDGE('',*,*,#1902,.T.);
#402=ORIENTED_EDGE('',*,*,#1903,.T.);
#403=ORIENTED_EDGE('',*,*,#1904,.F.);
#404=ORIENTED_EDGE('',*,*,#1905,.F.);
#405=ORIENTED_EDGE('',*,*,#1900,.T.);
#406=ORIENTED_EDGE('',*,*,#1906,.T.);
#407=ORIENTED_EDGE('',*,*,#1907,.F.);
#408=ORIENTED_EDGE('',*,*,#1908,.F.);
#409=ORIENTED_EDGE('',*,*,#1904,.T.);
#410=ORIENTED_EDGE('',*,*,#1909,.F.);
#411=ORIENTED_EDGE('',*,*,#1902,.F.);
#412=ORIENTED_EDGE('',*,*,#1910,.T.);
#413=ORIENTED_EDGE('',*,*,#1907,.T.);
#414=ORIENTED_EDGE('',*,*,#1899,.T.);
#415=ORIENTED_EDGE('',*,*,#1909,.T.);
#416=ORIENTED_EDGE('',*,*,#1906,.F.);
#417=ORIENTED_EDGE('',*,*,#1903,.F.);
#418=ORIENTED_EDGE('',*,*,#1901,.F.);
#419=ORIENTED_EDGE('',*,*,#1905,.T.);
#420=ORIENTED_EDGE('',*,*,#1908,.T.);
#421=ORIENTED_EDGE('',*,*,#1910,.F.);
#422=ORIENTED_EDGE('',*,*,#1911,.F.);
#423=ORIENTED_EDGE('',*,*,#1912,.F.);
#424=ORIENTED_EDGE('',*,*,#1913,.T.);
#425=ORIENTED_EDGE('',*,*,#1914,.T.);
#426=ORIENTED_EDGE('',*,*,#1915,.T.);
#427=ORIENTED_EDGE('',*,*,#1916,.F.);
#428=ORIENTED_EDGE('',*,*,#1917,.F.);
#429=ORIENTED_EDGE('',*,*,#1912,.T.);
#430=ORIENTED_EDGE('',*,*,#1918,.T.);
#431=ORIENTED_EDGE('',*,*,#1919,.F.);
#432=ORIENTED_EDGE('',*,*,#1920,.F.);
#433=ORIENTED_EDGE('',*,*,#1916,.T.);
#434=ORIENTED_EDGE('',*,*,#1921,.F.);
#435=ORIENTED_EDGE('',*,*,#1914,.F.);
#436=ORIENTED_EDGE('',*,*,#1922,.T.);
#437=ORIENTED_EDGE('',*,*,#1919,.T.);
#438=ORIENTED_EDGE('',*,*,#1911,.T.);
#439=ORIENTED_EDGE('',*,*,#1921,.T.);
#440=ORIENTED_EDGE('',*,*,#1918,.F.);
#441=ORIENTED_EDGE('',*,*,#1915,.F.);
#442=ORIENTED_EDGE('',*,*,#1913,.F.);
#443=ORIENTED_EDGE('',*,*,#1917,.T.);
#444=ORIENTED_EDGE('',*,*,#1920,.T.);
#445=ORIENTED_EDGE('',*,*,#1922,.F.);
#446=ORIENTED_EDGE('',*,*,#1923,.F.);
#447=ORIENTED_EDGE('',*,*,#1924,.F.);
#448=ORIENTED_EDGE('',*,*,#1925,.T.);
#449=ORIENTED_EDGE('',*,*,#1926,.T.);
#450=ORIENTED_EDGE('',*,*,#1927,.T.);
#451=ORIENTED_EDGE('',*,*,#1928,.F.);
#452=ORIENTED_EDGE('',*,*,#1929,.F.);
#453=ORIENTED_EDGE('',*,*,#1924,.T.);
#454=ORIENTED_EDGE('',*,*,#1930,.T.);
#455=ORIENTED_EDGE('',*,*,#1931,.F.);
#456=ORIENTED_EDGE('',*,*,#1932,.F.);
#457=ORIENTED_EDGE('',*,*,#1928,.T.);
#458=ORIENTED_EDGE('',*,*,#1933,.F.);
#459=ORIENTED_EDGE('',*,*,#1926,.F.);
#460=ORIENTED_EDGE('',*,*,#1934,.T.);
#461=ORIENTED_EDGE('',*,*,#1931,.T.);
#462=ORIENTED_EDGE('',*,*,#1923,.T.);
#463=ORIENTED_EDGE('',*,*,#1933,.T.);
#464=ORIENTED_EDGE('',*,*,#1930,.F.);
#465=ORIENTED_EDGE('',*,*,#1927,.F.);
#466=ORIENTED_EDGE('',*,*,#1925,.F.);
#467=ORIENTED_EDGE('',*,*,#1929,.T.);
#468=ORIENTED_EDGE('',*,*,#1932,.T.);
#469=ORIENTED_EDGE('',*,*,#1934,.F.);
#470=ORIENTED_EDGE('',*,*,#1935,.F.);
#471=ORIENTED_EDGE('',*,*,#1936,.F.);
#472=ORIENTED_EDGE('',*,*,#1937,.T.);
#473=ORIENTED_EDGE('',*,*,#1938,.T.);
#474=ORIENTED_EDGE('',*,*,#1939,.T.);
#475=ORIENTED_EDGE('',*,*,#1940,.F.);
#476=ORIENTED_EDGE('',*,*,#1941,.F.);
#477=ORIENTED_EDGE('',*,*,#1936,.T.);
#478=ORIENTED_EDGE('',*,*,#1942,.T.);
#479=ORIENTED_EDGE('',*,*,#1943,.F.);
#480=ORIENTED_EDGE('',*,*,#1944,.F.);
#481=ORIENTED_EDGE('',*,*,#1940,.T.);
#482=ORIENTED_EDGE('',*,*,#1945,.F.);
#483=ORIENTED_EDGE('',*,*,#1938,.F.);
#484=ORIENTED_EDGE('',*,*,#1946,.T.);
#485=ORIENTED_EDGE('',*,*,#1943,.T.);
#486=ORIENTED_EDGE('',*,*,#1935,.T.);
#487=ORIENTED_EDGE('',*,*,#1945,.T.);
#488=ORIENTED_EDGE('',*,*,#1942,.F.);
#489=ORIENTED_EDGE('',*,*,#1939,.F.);
#490=ORIENTED_EDGE('',*,*,#1937,.F.);
#491=ORIENTED_EDGE('',*,*,#1941,.T.);
#492=ORIENTED_EDGE('',*,*,#1944,.T.);
#493=ORIENTED_EDGE('',*,*,#1946,.F.);
#494=ORIENTED_EDGE('',*,*,#1947,.F.);
#495=ORIENTED_EDGE('',*,*,#1948,.F.);
#496=ORIENTED_EDGE('',*,*,#1949,.T.);
#497=ORIENTED_EDGE('',*,*,#1950,.T.);
#498=ORIENTED_EDGE('',*,*,#1951,.T.);
#499=ORIENTED_EDGE('',*,*,#1952,.F.);
#500=ORIENTED_EDGE('',*,*,#1953,.F.);
#501=ORIENTED_EDGE('',*,*,#1948,.T.);
#502=ORIENTED_EDGE('',*,*,#1954,.T.);
#503=ORIENTED_EDGE('',*,*,#1955,.F.);
#504=ORIENTED_EDGE('',*,*,#1956,.F.);
#505=ORIENTED_EDGE('',*,*,#1952,.T.);
#506=ORIENTED_EDGE('',*,*,#1957,.F.);
#507=ORIENTED_EDGE('',*,*,#1950,.F.);
#508=ORIENTED_EDGE('',*,*,#1958,.T.);
#509=ORIENTED_EDGE('',*,*,#1955,.T.);
#510=ORIENTED_EDGE('',*,*,#1947,.T.);
#511=ORIENTED_EDGE('',*,*,#1957,.T.);
#512=ORIENTED_EDGE('',*,*,#1954,.F.);
#513=ORIENTED_EDGE('',*,*,#1951,.F.);
#514=ORIENTED_EDGE('',*,*,#1949,.F.);
#515=ORIENTED_EDGE('',*,*,#1953,.T.);
#516=ORIENTED_EDGE('',*,*,#1956,.T.);
#517=ORIENTED_EDGE('',*,*,#1958,.F.);
#518=ORIENTED_EDGE('',*,*,#1959,.F.);
#519=ORIENTED_EDGE('',*,*,#1960,.F.);
#520=ORIENTED_EDGE('',*,*,#1961,.T.);
#521=ORIENTED_EDGE('',*,*,#1962,.T.);
#522=ORIENTED_EDGE('',*,*,#1963,.T.);
#523=ORIENTED_EDGE('',*,*,#1964,.F.);
#524=ORIENTED_EDGE('',*,*,#1965,.F.);
#525=ORIENTED_EDGE('',*,*,#1960,.T.);
#526=ORIENTED_EDGE('',*,*,#1966,.T.);
#527=ORIENTED_EDGE('',*,*,#1967,.F.);
#528=ORIENTED_EDGE('',*,*,#1968,.F.);
#529=ORIENTED_EDGE('',*,*,#1964,.T.);
#530=ORIENTED_EDGE('',*,*,#1969,.F.);
#531=ORIENTED_EDGE('',*,*,#1962,.F.);
#532=ORIENTED_EDGE('',*,*,#1970,.T.);
#533=ORIENTED_EDGE('',*,*,#1967,.T.);
#534=ORIENTED_EDGE('',*,*,#1959,.T.);
#535=ORIENTED_EDGE('',*,*,#1969,.T.);
#536=ORIENTED_EDGE('',*,*,#1966,.F.);
#537=ORIENTED_EDGE('',*,*,#1963,.F.);
#538=ORIENTED_EDGE('',*,*,#1961,.F.);
#539=ORIENTED_EDGE('',*,*,#1965,.T.);
#540=ORIENTED_EDGE('',*,*,#1968,.T.);
#541=ORIENTED_EDGE('',*,*,#1970,.F.);
#542=ORIENTED_EDGE('',*,*,#1971,.F.);
#543=ORIENTED_EDGE('',*,*,#1972,.F.);
#544=ORIENTED_EDGE('',*,*,#1973,.T.);
#545=ORIENTED_EDGE('',*,*,#1974,.T.);
#546=ORIENTED_EDGE('',*,*,#1975,.T.);
#547=ORIENTED_EDGE('',*,*,#1976,.F.);
#548=ORIENTED_EDGE('',*,*,#1977,.F.);
#549=ORIENTED_EDGE('',*,*,#1972,.T.);
#550=ORIENTED_EDGE('',*,*,#1978,.T.);
#551=ORIENTED_EDGE('',*,*,#1979,.F.);
#552=ORIENTED_EDGE('',*,*,#1980,.F.);
#553=ORIENTED_EDGE('',*,*,#1976,.T.);
#554=ORIENTED_EDGE('',*,*,#1981,.F.);
#555=ORIENTED_EDGE('',*,*,#1974,.F.);
#556=ORIENTED_EDGE('',*,*,#1982,.T.);
#557=ORIENTED_EDGE('',*,*,#1979,.T.);
#558=ORIENTED_EDGE('',*,*,#1971,.T.);
#559=ORIENTED_EDGE('',*,*,#1981,.T.);
#560=ORIENTED_EDGE('',*,*,#1978,.F.);
#561=ORIENTED_EDGE('',*,*,#1975,.F.);
#562=ORIENTED_EDGE('',*,*,#1973,.F.);
#563=ORIENTED_EDGE('',*,*,#1977,.T.);
#564=ORIENTED_EDGE('',*,*,#1980,.T.);
#565=ORIENTED_EDGE('',*,*,#1982,.F.);
#566=ORIENTED_EDGE('',*,*,#1983,.F.);
#567=ORIENTED_EDGE('',*,*,#1984,.F.);
#568=ORIENTED_EDGE('',*,*,#1985,.T.);
#569=ORIENTED_EDGE('',*,*,#1986,.T.);
#570=ORIENTED_EDGE('',*,*,#1987,.T.);
#571=ORIENTED_EDGE('',*,*,#1988,.F.);
#572=ORIENTED_EDGE('',*,*,#1989,.F.);
#573=ORIENTED_EDGE('',*,*,#1984,.T.);
#574=ORIENTED_EDGE('',*,*,#1990,.T.);
#575=ORIENTED_EDGE('',*,*,#1991,.F.);
#576=ORIENTED_EDGE('',*,*,#1992,.F.);
#577=ORIENTED_EDGE('',*,*,#1988,.T.);
#578=ORIENTED_EDGE('',*,*,#1993,.F.);
#579=ORIENTED_EDGE('',*,*,#1986,.F.);
#580=ORIENTED_EDGE('',*,*,#1994,.T.);
#581=ORIENTED_EDGE('',*,*,#1991,.T.);
#582=ORIENTED_EDGE('',*,*,#1983,.T.);
#583=ORIENTED_EDGE('',*,*,#1993,.T.);
#584=ORIENTED_EDGE('',*,*,#1990,.F.);
#585=ORIENTED_EDGE('',*,*,#1987,.F.);
#586=ORIENTED_EDGE('',*,*,#1985,.F.);
#587=ORIENTED_EDGE('',*,*,#1989,.T.);
#588=ORIENTED_EDGE('',*,*,#1992,.T.);
#589=ORIENTED_EDGE('',*,*,#1994,.F.);
#590=ORIENTED_EDGE('',*,*,#1995,.F.);
#591=ORIENTED_EDGE('',*,*,#1996,.F.);
#592=ORIENTED_EDGE('',*,*,#1997,.T.);
#593=ORIENTED_EDGE('',*,*,#1998,.T.);
#594=ORIENTED_EDGE('',*,*,#1999,.T.);
#595=ORIENTED_EDGE('',*,*,#2000,.F.);
#596=ORIENTED_EDGE('',*,*,#2001,.F.);
#597=ORIENTED_EDGE('',*,*,#1996,.T.);
#598=ORIENTED_EDGE('',*,*,#2002,.T.);
#599=ORIENTED_EDGE('',*,*,#2003,.F.);
#600=ORIENTED_EDGE('',*,*,#2004,.F.);
#601=ORIENTED_EDGE('',*,*,#2000,.T.);
#602=ORIENTED_EDGE('',*,*,#2005,.F.);
#603=ORIENTED_EDGE('',*,*,#1998,.F.);
#604=ORIENTED_EDGE('',*,*,#2006,.T.);
#605=ORIENTED_EDGE('',*,*,#2003,.T.);
#606=ORIENTED_EDGE('',*,*,#1995,.T.);
#607=ORIENTED_EDGE('',*,*,#2005,.T.);
#608=ORIENTED_EDGE('',*,*,#2002,.F.);
#609=ORIENTED_EDGE('',*,*,#1999,.F.);
#610=ORIENTED_EDGE('',*,*,#1997,.F.);
#611=ORIENTED_EDGE('',*,*,#2001,.T.);
#612=ORIENTED_EDGE('',*,*,#2004,.T.);
#613=ORIENTED_EDGE('',*,*,#2006,.F.);
#614=ORIENTED_EDGE('',*,*,#2007,.F.);
#615=ORIENTED_EDGE('',*,*,#2008,.F.);
#616=ORIENTED_EDGE('',*,*,#2009,.T.);
#617=ORIENTED_EDGE('',*,*,#2010,.T.);
#618=ORIENTED_EDGE('',*,*,#2011,.T.);
#619=ORIENTED_EDGE('',*,*,#2012,.F.);
#620=ORIENTED_EDGE('',*,*,#2013,.F.);
#621=ORIENTED_EDGE('',*,*,#2008,.T.);
#622=ORIENTED_EDGE('',*,*,#2014,.T.);
#623=ORIENTED_EDGE('',*,*,#2015,.F.);
#624=ORIENTED_EDGE('',*,*,#2016,.F.);
#625=ORIENTED_EDGE('',*,*,#2012,.T.);
#626=ORIENTED_EDGE('',*,*,#2017,.F.);
#627=ORIENTED_EDGE('',*,*,#2010,.F.);
#628=ORIENTED_EDGE('',*,*,#2018,.T.);
#629=ORIENTED_EDGE('',*,*,#2015,.T.);
#630=ORIENTED_EDGE('',*,*,#2007,.T.);
#631=ORIENTED_EDGE('',*,*,#2017,.T.);
#632=ORIENTED_EDGE('',*,*,#2014,.F.);
#633=ORIENTED_EDGE('',*,*,#2011,.F.);
#634=ORIENTED_EDGE('',*,*,#2009,.F.);
#635=ORIENTED_EDGE('',*,*,#2013,.T.);
#636=ORIENTED_EDGE('',*,*,#2016,.T.);
#637=ORIENTED_EDGE('',*,*,#2018,.F.);
#638=ORIENTED_EDGE('',*,*,#2019,.F.);
#639=ORIENTED_EDGE('',*,*,#2020,.F.);
#640=ORIENTED_EDGE('',*,*,#2021,.T.);
#641=ORIENTED_EDGE('',*,*,#2022,.T.);
#642=ORIENTED_EDGE('',*,*,#2023,.T.);
#643=ORIENTED_EDGE('',*,*,#2024,.F.);
#644=ORIENTED_EDGE('',*,*,#2025,.F.);
#645=ORIENTED_EDGE('',*,*,#2020,.T.);
#646=ORIENTED_EDGE('',*,*,#2026,.T.);
#647=ORIENTED_EDGE('',*,*,#2027,.F.);
#648=ORIENTED_EDGE('',*,*,#2028,.F.);
#649=ORIENTED_EDGE('',*,*,#2024,.T.);
#650=ORIENTED_EDGE('',*,*,#2029,.F.);
#651=ORIENTED_EDGE('',*,*,#2022,.F.);
#652=ORIENTED_EDGE('',*,*,#2030,.T.);
#653=ORIENTED_EDGE('',*,*,#2027,.T.);
#654=ORIENTED_EDGE('',*,*,#2019,.T.);
#655=ORIENTED_EDGE('',*,*,#2029,.T.);
#656=ORIENTED_EDGE('',*,*,#2026,.F.);
#657=ORIENTED_EDGE('',*,*,#2023,.F.);
#658=ORIENTED_EDGE('',*,*,#2021,.F.);
#659=ORIENTED_EDGE('',*,*,#2025,.T.);
#660=ORIENTED_EDGE('',*,*,#2028,.T.);
#661=ORIENTED_EDGE('',*,*,#2030,.F.);
#662=ORIENTED_EDGE('',*,*,#2031,.F.);
#663=ORIENTED_EDGE('',*,*,#2032,.F.);
#664=ORIENTED_EDGE('',*,*,#2033,.T.);
#665=ORIENTED_EDGE('',*,*,#2034,.T.);
#666=ORIENTED_EDGE('',*,*,#2035,.T.);
#667=ORIENTED_EDGE('',*,*,#2036,.F.);
#668=ORIENTED_EDGE('',*,*,#2037,.F.);
#669=ORIENTED_EDGE('',*,*,#2032,.T.);
#670=ORIENTED_EDGE('',*,*,#2038,.T.);
#671=ORIENTED_EDGE('',*,*,#2039,.F.);
#672=ORIENTED_EDGE('',*,*,#2040,.F.);
#673=ORIENTED_EDGE('',*,*,#2036,.T.);
#674=ORIENTED_EDGE('',*,*,#2041,.F.);
#675=ORIENTED_EDGE('',*,*,#2034,.F.);
#676=ORIENTED_EDGE('',*,*,#2042,.T.);
#677=ORIENTED_EDGE('',*,*,#2039,.T.);
#678=ORIENTED_EDGE('',*,*,#2031,.T.);
#679=ORIENTED_EDGE('',*,*,#2041,.T.);
#680=ORIENTED_EDGE('',*,*,#2038,.F.);
#681=ORIENTED_EDGE('',*,*,#2035,.F.);
#682=ORIENTED_EDGE('',*,*,#2033,.F.);
#683=ORIENTED_EDGE('',*,*,#2037,.T.);
#684=ORIENTED_EDGE('',*,*,#2040,.T.);
#685=ORIENTED_EDGE('',*,*,#2042,.F.);
#686=ORIENTED_EDGE('',*,*,#2043,.F.);
#687=ORIENTED_EDGE('',*,*,#2044,.F.);
#688=ORIENTED_EDGE('',*,*,#2045,.T.);
#689=ORIENTED_EDGE('',*,*,#2046,.T.);
#690=ORIENTED_EDGE('',*,*,#2047,.T.);
#691=ORIENTED_EDGE('',*,*,#2048,.F.);
#692=ORIENTED_EDGE('',*,*,#2049,.F.);
#693=ORIENTED_EDGE('',*,*,#2044,.T.);
#694=ORIENTED_EDGE('',*,*,#2050,.T.);
#695=ORIENTED_EDGE('',*,*,#2051,.F.);
#696=ORIENTED_EDGE('',*,*,#2052,.F.);
#697=ORIENTED_EDGE('',*,*,#2048,.T.);
#698=ORIENTED_EDGE('',*,*,#2053,.F.);
#699=ORIENTED_EDGE('',*,*,#2046,.F.);
#700=ORIENTED_EDGE('',*,*,#2054,.T.);
#701=ORIENTED_EDGE('',*,*,#2051,.T.);
#702=ORIENTED_EDGE('',*,*,#2043,.T.);
#703=ORIENTED_EDGE('',*,*,#2053,.T.);
#704=ORIENTED_EDGE('',*,*,#2050,.F.);
#705=ORIENTED_EDGE('',*,*,#2047,.F.);
#706=ORIENTED_EDGE('',*,*,#2045,.F.);
#707=ORIENTED_EDGE('',*,*,#2049,.T.);
#708=ORIENTED_EDGE('',*,*,#2052,.T.);
#709=ORIENTED_EDGE('',*,*,#2054,.F.);
#710=ORIENTED_EDGE('',*,*,#2055,.F.);
#711=ORIENTED_EDGE('',*,*,#2056,.F.);
#712=ORIENTED_EDGE('',*,*,#2057,.T.);
#713=ORIENTED_EDGE('',*,*,#2058,.T.);
#714=ORIENTED_EDGE('',*,*,#2059,.T.);
#715=ORIENTED_EDGE('',*,*,#2060,.F.);
#716=ORIENTED_EDGE('',*,*,#2061,.F.);
#717=ORIENTED_EDGE('',*,*,#2056,.T.);
#718=ORIENTED_EDGE('',*,*,#2062,.T.);
#719=ORIENTED_EDGE('',*,*,#2063,.F.);
#720=ORIENTED_EDGE('',*,*,#2064,.F.);
#721=ORIENTED_EDGE('',*,*,#2060,.T.);
#722=ORIENTED_EDGE('',*,*,#2065,.F.);
#723=ORIENTED_EDGE('',*,*,#2058,.F.);
#724=ORIENTED_EDGE('',*,*,#2066,.T.);
#725=ORIENTED_EDGE('',*,*,#2063,.T.);
#726=ORIENTED_EDGE('',*,*,#2055,.T.);
#727=ORIENTED_EDGE('',*,*,#2065,.T.);
#728=ORIENTED_EDGE('',*,*,#2062,.F.);
#729=ORIENTED_EDGE('',*,*,#2059,.F.);
#730=ORIENTED_EDGE('',*,*,#2057,.F.);
#731=ORIENTED_EDGE('',*,*,#2061,.T.);
#732=ORIENTED_EDGE('',*,*,#2064,.T.);
#733=ORIENTED_EDGE('',*,*,#2066,.F.);
#734=ORIENTED_EDGE('',*,*,#2067,.F.);
#735=ORIENTED_EDGE('',*,*,#2068,.T.);
#736=ORIENTED_EDGE('',*,*,#2067,.T.);
#737=ORIENTED_EDGE('',*,*,#2068,.F.);
#738=ORIENTED_EDGE('',*,*,#2069,.F.);
#739=ORIENTED_EDGE('',*,*,#2070,.T.);
#740=ORIENTED_EDGE('',*,*,#2069,.T.);
#741=ORIENTED_EDGE('',*,*,#2070,.F.);
#742=ORIENTED_EDGE('',*,*,#2071,.F.);
#743=ORIENTED_EDGE('',*,*,#2072,.T.);
#744=ORIENTED_EDGE('',*,*,#2071,.T.);
#745=ORIENTED_EDGE('',*,*,#2072,.F.);
#746=ORIENTED_EDGE('',*,*,#2073,.F.);
#747=ORIENTED_EDGE('',*,*,#2074,.T.);
#748=ORIENTED_EDGE('',*,*,#2073,.T.);
#749=ORIENTED_EDGE('',*,*,#2074,.F.);
#750=ORIENTED_EDGE('',*,*,#2075,.F.);
#751=ORIENTED_EDGE('',*,*,#2076,.T.);
#752=ORIENTED_EDGE('',*,*,#2075,.T.);
#753=ORIENTED_EDGE('',*,*,#2076,.F.);
#754=ORIENTED_EDGE('',*,*,#2077,.F.);
#755=ORIENTED_EDGE('',*,*,#2078,.T.);
#756=ORIENTED_EDGE('',*,*,#2077,.T.);
#757=ORIENTED_EDGE('',*,*,#2078,.F.);
#758=ORIENTED_EDGE('',*,*,#2079,.F.);
#759=ORIENTED_EDGE('',*,*,#2080,.T.);
#760=ORIENTED_EDGE('',*,*,#2079,.T.);
#761=ORIENTED_EDGE('',*,*,#2080,.F.);
#762=ORIENTED_EDGE('',*,*,#2081,.F.);
#763=ORIENTED_EDGE('',*,*,#2082,.T.);
#764=ORIENTED_EDGE('',*,*,#2081,.T.);
#765=ORIENTED_EDGE('',*,*,#2082,.F.);
#766=ORIENTED_EDGE('',*,*,#2083,.F.);
#767=ORIENTED_EDGE('',*,*,#2084,.T.);
#768=ORIENTED_EDGE('',*,*,#2083,.T.);
#769=ORIENTED_EDGE('',*,*,#2084,.F.);
#770=ORIENTED_EDGE('',*,*,#2085,.F.);
#771=ORIENTED_EDGE('',*,*,#2086,.F.);
#772=ORIENTED_EDGE('',*,*,#2087,.T.);
#773=ORIENTED_EDGE('',*,*,#2088,.T.);
#774=ORIENTED_EDGE('',*,*,#2089,.T.);
#775=ORIENTED_EDGE('',*,*,#2090,.F.);
#776=ORIENTED_EDGE('',*,*,#2091,.F.);
#777=ORIENTED_EDGE('',*,*,#2086,.T.);
#778=ORIENTED_EDGE('',*,*,#2092,.T.);
#779=ORIENTED_EDGE('',*,*,#2093,.F.);
#780=ORIENTED_EDGE('',*,*,#2094,.F.);
#781=ORIENTED_EDGE('',*,*,#2090,.T.);
#782=ORIENTED_EDGE('',*,*,#2095,.F.);
#783=ORIENTED_EDGE('',*,*,#2088,.F.);
#784=ORIENTED_EDGE('',*,*,#2096,.T.);
#785=ORIENTED_EDGE('',*,*,#2093,.T.);
#786=ORIENTED_EDGE('',*,*,#2085,.T.);
#787=ORIENTED_EDGE('',*,*,#2095,.T.);
#788=ORIENTED_EDGE('',*,*,#2092,.F.);
#789=ORIENTED_EDGE('',*,*,#2089,.F.);
#790=ORIENTED_EDGE('',*,*,#2087,.F.);
#791=ORIENTED_EDGE('',*,*,#2091,.T.);
#792=ORIENTED_EDGE('',*,*,#2094,.T.);
#793=ORIENTED_EDGE('',*,*,#2096,.F.);
#794=ORIENTED_EDGE('',*,*,#2097,.F.);
#795=ORIENTED_EDGE('',*,*,#2098,.T.);
#796=ORIENTED_EDGE('',*,*,#2099,.T.);
#797=ORIENTED_EDGE('',*,*,#2100,.F.);
#798=ORIENTED_EDGE('',*,*,#2101,.T.);
#799=ORIENTED_EDGE('',*,*,#2102,.T.);
#800=ORIENTED_EDGE('',*,*,#2103,.T.);
#801=ORIENTED_EDGE('',*,*,#2099,.F.);
#802=ORIENTED_EDGE('',*,*,#2104,.F.);
#803=ORIENTED_EDGE('',*,*,#2105,.T.);
#804=ORIENTED_EDGE('',*,*,#2106,.T.);
#805=ORIENTED_EDGE('',*,*,#2107,.F.);
#806=ORIENTED_EDGE('',*,*,#2108,.F.);
#807=ORIENTED_EDGE('',*,*,#2109,.T.);
#808=ORIENTED_EDGE('',*,*,#2110,.T.);
#809=ORIENTED_EDGE('',*,*,#2106,.F.);
#810=ORIENTED_EDGE('',*,*,#2105,.F.);
#811=ORIENTED_EDGE('',*,*,#2111,.T.);
#812=ORIENTED_EDGE('',*,*,#2112,.T.);
#813=ORIENTED_EDGE('',*,*,#2113,.T.);
#814=ORIENTED_EDGE('',*,*,#2114,.T.);
#815=ORIENTED_EDGE('',*,*,#2108,.T.);
#816=ORIENTED_EDGE('',*,*,#2115,.F.);
#817=ORIENTED_EDGE('',*,*,#2107,.T.);
#818=ORIENTED_EDGE('',*,*,#2110,.F.);
#819=ORIENTED_EDGE('',*,*,#2116,.F.);
#820=ORIENTED_EDGE('',*,*,#2100,.T.);
#821=ORIENTED_EDGE('',*,*,#2103,.F.);
#822=ORIENTED_EDGE('',*,*,#2117,.F.);
#823=ORIENTED_EDGE('',*,*,#2113,.F.);
#824=ORIENTED_EDGE('',*,*,#2118,.F.);
#825=ORIENTED_EDGE('',*,*,#2098,.F.);
#826=ORIENTED_EDGE('',*,*,#2119,.F.);
#827=ORIENTED_EDGE('',*,*,#2101,.F.);
#828=ORIENTED_EDGE('',*,*,#2118,.T.);
#829=ORIENTED_EDGE('',*,*,#2112,.F.);
#830=ORIENTED_EDGE('',*,*,#2120,.F.);
#831=ORIENTED_EDGE('',*,*,#2121,.F.);
#832=ORIENTED_EDGE('',*,*,#2122,.F.);
#833=ORIENTED_EDGE('',*,*,#2116,.T.);
#834=ORIENTED_EDGE('',*,*,#2109,.F.);
#835=ORIENTED_EDGE('',*,*,#2114,.F.);
#836=ORIENTED_EDGE('',*,*,#2117,.T.);
#837=ORIENTED_EDGE('',*,*,#2097,.T.);
#838=ORIENTED_EDGE('',*,*,#2115,.T.);
#839=ORIENTED_EDGE('',*,*,#2102,.F.);
#840=ORIENTED_EDGE('',*,*,#2119,.T.);
#841=ORIENTED_EDGE('',*,*,#2111,.F.);
#842=ORIENTED_EDGE('',*,*,#2104,.T.);
#843=ORIENTED_EDGE('',*,*,#2123,.F.);
#844=ORIENTED_EDGE('',*,*,#2122,.T.);
#845=ORIENTED_EDGE('',*,*,#2123,.T.);
#846=ORIENTED_EDGE('',*,*,#2124,.F.);
#847=ORIENTED_EDGE('',*,*,#2121,.T.);
#848=ORIENTED_EDGE('',*,*,#2124,.T.);
#849=ORIENTED_EDGE('',*,*,#2125,.F.);
#850=ORIENTED_EDGE('',*,*,#2120,.T.);
#851=ORIENTED_EDGE('',*,*,#2125,.T.);
#852=ORIENTED_EDGE('',*,*,#2126,.F.);
#853=ORIENTED_EDGE('',*,*,#2127,.F.);
#854=ORIENTED_EDGE('',*,*,#2128,.T.);
#855=ORIENTED_EDGE('',*,*,#2129,.T.);
#856=ORIENTED_EDGE('',*,*,#2130,.T.);
#857=ORIENTED_EDGE('',*,*,#2131,.F.);
#858=ORIENTED_EDGE('',*,*,#2132,.F.);
#859=ORIENTED_EDGE('',*,*,#2127,.T.);
#860=ORIENTED_EDGE('',*,*,#2133,.T.);
#861=ORIENTED_EDGE('',*,*,#2134,.F.);
#862=ORIENTED_EDGE('',*,*,#2135,.F.);
#863=ORIENTED_EDGE('',*,*,#2131,.T.);
#864=ORIENTED_EDGE('',*,*,#2136,.F.);
#865=ORIENTED_EDGE('',*,*,#2129,.F.);
#866=ORIENTED_EDGE('',*,*,#2137,.T.);
#867=ORIENTED_EDGE('',*,*,#2134,.T.);
#868=ORIENTED_EDGE('',*,*,#2126,.T.);
#869=ORIENTED_EDGE('',*,*,#2136,.T.);
#870=ORIENTED_EDGE('',*,*,#2133,.F.);
#871=ORIENTED_EDGE('',*,*,#2130,.F.);
#872=ORIENTED_EDGE('',*,*,#2128,.F.);
#873=ORIENTED_EDGE('',*,*,#2132,.T.);
#874=ORIENTED_EDGE('',*,*,#2135,.T.);
#875=ORIENTED_EDGE('',*,*,#2137,.F.);
#876=ORIENTED_EDGE('',*,*,#2138,.F.);
#877=ORIENTED_EDGE('',*,*,#2139,.F.);
#878=ORIENTED_EDGE('',*,*,#2140,.T.);
#879=ORIENTED_EDGE('',*,*,#2141,.T.);
#880=ORIENTED_EDGE('',*,*,#2142,.T.);
#881=ORIENTED_EDGE('',*,*,#2143,.F.);
#882=ORIENTED_EDGE('',*,*,#2144,.F.);
#883=ORIENTED_EDGE('',*,*,#2139,.T.);
#884=ORIENTED_EDGE('',*,*,#2145,.T.);
#885=ORIENTED_EDGE('',*,*,#2146,.F.);
#886=ORIENTED_EDGE('',*,*,#2147,.F.);
#887=ORIENTED_EDGE('',*,*,#2143,.T.);
#888=ORIENTED_EDGE('',*,*,#2148,.F.);
#889=ORIENTED_EDGE('',*,*,#2141,.F.);
#890=ORIENTED_EDGE('',*,*,#2149,.T.);
#891=ORIENTED_EDGE('',*,*,#2146,.T.);
#892=ORIENTED_EDGE('',*,*,#2138,.T.);
#893=ORIENTED_EDGE('',*,*,#2148,.T.);
#894=ORIENTED_EDGE('',*,*,#2145,.F.);
#895=ORIENTED_EDGE('',*,*,#2142,.F.);
#896=ORIENTED_EDGE('',*,*,#2140,.F.);
#897=ORIENTED_EDGE('',*,*,#2144,.T.);
#898=ORIENTED_EDGE('',*,*,#2147,.T.);
#899=ORIENTED_EDGE('',*,*,#2149,.F.);
#900=ORIENTED_EDGE('',*,*,#2150,.F.);
#901=ORIENTED_EDGE('',*,*,#2151,.F.);
#902=ORIENTED_EDGE('',*,*,#2152,.T.);
#903=ORIENTED_EDGE('',*,*,#2153,.T.);
#904=ORIENTED_EDGE('',*,*,#2154,.T.);
#905=ORIENTED_EDGE('',*,*,#2155,.F.);
#906=ORIENTED_EDGE('',*,*,#2156,.F.);
#907=ORIENTED_EDGE('',*,*,#2151,.T.);
#908=ORIENTED_EDGE('',*,*,#2157,.T.);
#909=ORIENTED_EDGE('',*,*,#2158,.F.);
#910=ORIENTED_EDGE('',*,*,#2159,.F.);
#911=ORIENTED_EDGE('',*,*,#2155,.T.);
#912=ORIENTED_EDGE('',*,*,#2160,.F.);
#913=ORIENTED_EDGE('',*,*,#2153,.F.);
#914=ORIENTED_EDGE('',*,*,#2161,.T.);
#915=ORIENTED_EDGE('',*,*,#2158,.T.);
#916=ORIENTED_EDGE('',*,*,#2150,.T.);
#917=ORIENTED_EDGE('',*,*,#2160,.T.);
#918=ORIENTED_EDGE('',*,*,#2157,.F.);
#919=ORIENTED_EDGE('',*,*,#2154,.F.);
#920=ORIENTED_EDGE('',*,*,#2152,.F.);
#921=ORIENTED_EDGE('',*,*,#2156,.T.);
#922=ORIENTED_EDGE('',*,*,#2159,.T.);
#923=ORIENTED_EDGE('',*,*,#2161,.F.);
#924=ORIENTED_EDGE('',*,*,#2162,.F.);
#925=ORIENTED_EDGE('',*,*,#2163,.F.);
#926=ORIENTED_EDGE('',*,*,#2164,.T.);
#927=ORIENTED_EDGE('',*,*,#2165,.T.);
#928=ORIENTED_EDGE('',*,*,#2166,.T.);
#929=ORIENTED_EDGE('',*,*,#2167,.F.);
#930=ORIENTED_EDGE('',*,*,#2168,.F.);
#931=ORIENTED_EDGE('',*,*,#2163,.T.);
#932=ORIENTED_EDGE('',*,*,#2169,.T.);
#933=ORIENTED_EDGE('',*,*,#2170,.F.);
#934=ORIENTED_EDGE('',*,*,#2171,.F.);
#935=ORIENTED_EDGE('',*,*,#2167,.T.);
#936=ORIENTED_EDGE('',*,*,#2172,.F.);
#937=ORIENTED_EDGE('',*,*,#2165,.F.);
#938=ORIENTED_EDGE('',*,*,#2173,.T.);
#939=ORIENTED_EDGE('',*,*,#2170,.T.);
#940=ORIENTED_EDGE('',*,*,#2162,.T.);
#941=ORIENTED_EDGE('',*,*,#2172,.T.);
#942=ORIENTED_EDGE('',*,*,#2169,.F.);
#943=ORIENTED_EDGE('',*,*,#2166,.F.);
#944=ORIENTED_EDGE('',*,*,#2164,.F.);
#945=ORIENTED_EDGE('',*,*,#2168,.T.);
#946=ORIENTED_EDGE('',*,*,#2171,.T.);
#947=ORIENTED_EDGE('',*,*,#2173,.F.);
#948=ORIENTED_EDGE('',*,*,#2174,.F.);
#949=ORIENTED_EDGE('',*,*,#2175,.F.);
#950=ORIENTED_EDGE('',*,*,#2176,.T.);
#951=ORIENTED_EDGE('',*,*,#2177,.T.);
#952=ORIENTED_EDGE('',*,*,#2178,.T.);
#953=ORIENTED_EDGE('',*,*,#2179,.F.);
#954=ORIENTED_EDGE('',*,*,#2180,.F.);
#955=ORIENTED_EDGE('',*,*,#2175,.T.);
#956=ORIENTED_EDGE('',*,*,#2181,.T.);
#957=ORIENTED_EDGE('',*,*,#2182,.F.);
#958=ORIENTED_EDGE('',*,*,#2183,.F.);
#959=ORIENTED_EDGE('',*,*,#2179,.T.);
#960=ORIENTED_EDGE('',*,*,#2184,.F.);
#961=ORIENTED_EDGE('',*,*,#2177,.F.);
#962=ORIENTED_EDGE('',*,*,#2185,.T.);
#963=ORIENTED_EDGE('',*,*,#2182,.T.);
#964=ORIENTED_EDGE('',*,*,#2174,.T.);
#965=ORIENTED_EDGE('',*,*,#2184,.T.);
#966=ORIENTED_EDGE('',*,*,#2181,.F.);
#967=ORIENTED_EDGE('',*,*,#2178,.F.);
#968=ORIENTED_EDGE('',*,*,#2176,.F.);
#969=ORIENTED_EDGE('',*,*,#2180,.T.);
#970=ORIENTED_EDGE('',*,*,#2183,.T.);
#971=ORIENTED_EDGE('',*,*,#2185,.F.);
#972=ORIENTED_EDGE('',*,*,#2186,.F.);
#973=ORIENTED_EDGE('',*,*,#2187,.F.);
#974=ORIENTED_EDGE('',*,*,#2188,.T.);
#975=ORIENTED_EDGE('',*,*,#2189,.T.);
#976=ORIENTED_EDGE('',*,*,#2190,.T.);
#977=ORIENTED_EDGE('',*,*,#2191,.F.);
#978=ORIENTED_EDGE('',*,*,#2192,.F.);
#979=ORIENTED_EDGE('',*,*,#2187,.T.);
#980=ORIENTED_EDGE('',*,*,#2193,.T.);
#981=ORIENTED_EDGE('',*,*,#2194,.F.);
#982=ORIENTED_EDGE('',*,*,#2195,.F.);
#983=ORIENTED_EDGE('',*,*,#2191,.T.);
#984=ORIENTED_EDGE('',*,*,#2196,.F.);
#985=ORIENTED_EDGE('',*,*,#2189,.F.);
#986=ORIENTED_EDGE('',*,*,#2197,.T.);
#987=ORIENTED_EDGE('',*,*,#2194,.T.);
#988=ORIENTED_EDGE('',*,*,#2186,.T.);
#989=ORIENTED_EDGE('',*,*,#2196,.T.);
#990=ORIENTED_EDGE('',*,*,#2193,.F.);
#991=ORIENTED_EDGE('',*,*,#2190,.F.);
#992=ORIENTED_EDGE('',*,*,#2188,.F.);
#993=ORIENTED_EDGE('',*,*,#2192,.T.);
#994=ORIENTED_EDGE('',*,*,#2195,.T.);
#995=ORIENTED_EDGE('',*,*,#2197,.F.);
#996=ORIENTED_EDGE('',*,*,#2198,.F.);
#997=ORIENTED_EDGE('',*,*,#2199,.F.);
#998=ORIENTED_EDGE('',*,*,#2200,.T.);
#999=ORIENTED_EDGE('',*,*,#2201,.T.);
#1000=ORIENTED_EDGE('',*,*,#2202,.T.);
#1001=ORIENTED_EDGE('',*,*,#2203,.F.);
#1002=ORIENTED_EDGE('',*,*,#2204,.F.);
#1003=ORIENTED_EDGE('',*,*,#2199,.T.);
#1004=ORIENTED_EDGE('',*,*,#2205,.T.);
#1005=ORIENTED_EDGE('',*,*,#2206,.F.);
#1006=ORIENTED_EDGE('',*,*,#2207,.F.);
#1007=ORIENTED_EDGE('',*,*,#2203,.T.);
#1008=ORIENTED_EDGE('',*,*,#2208,.F.);
#1009=ORIENTED_EDGE('',*,*,#2201,.F.);
#1010=ORIENTED_EDGE('',*,*,#2209,.T.);
#1011=ORIENTED_EDGE('',*,*,#2206,.T.);
#1012=ORIENTED_EDGE('',*,*,#2198,.T.);
#1013=ORIENTED_EDGE('',*,*,#2208,.T.);
#1014=ORIENTED_EDGE('',*,*,#2205,.F.);
#1015=ORIENTED_EDGE('',*,*,#2202,.F.);
#1016=ORIENTED_EDGE('',*,*,#2200,.F.);
#1017=ORIENTED_EDGE('',*,*,#2204,.T.);
#1018=ORIENTED_EDGE('',*,*,#2207,.T.);
#1019=ORIENTED_EDGE('',*,*,#2209,.F.);
#1020=ORIENTED_EDGE('',*,*,#2210,.F.);
#1021=ORIENTED_EDGE('',*,*,#2211,.F.);
#1022=ORIENTED_EDGE('',*,*,#2212,.T.);
#1023=ORIENTED_EDGE('',*,*,#2213,.T.);
#1024=ORIENTED_EDGE('',*,*,#2214,.T.);
#1025=ORIENTED_EDGE('',*,*,#2215,.F.);
#1026=ORIENTED_EDGE('',*,*,#2216,.F.);
#1027=ORIENTED_EDGE('',*,*,#2211,.T.);
#1028=ORIENTED_EDGE('',*,*,#2217,.T.);
#1029=ORIENTED_EDGE('',*,*,#2218,.F.);
#1030=ORIENTED_EDGE('',*,*,#2219,.F.);
#1031=ORIENTED_EDGE('',*,*,#2215,.T.);
#1032=ORIENTED_EDGE('',*,*,#2220,.F.);
#1033=ORIENTED_EDGE('',*,*,#2213,.F.);
#1034=ORIENTED_EDGE('',*,*,#2221,.T.);
#1035=ORIENTED_EDGE('',*,*,#2218,.T.);
#1036=ORIENTED_EDGE('',*,*,#2210,.T.);
#1037=ORIENTED_EDGE('',*,*,#2220,.T.);
#1038=ORIENTED_EDGE('',*,*,#2217,.F.);
#1039=ORIENTED_EDGE('',*,*,#2214,.F.);
#1040=ORIENTED_EDGE('',*,*,#2212,.F.);
#1041=ORIENTED_EDGE('',*,*,#2216,.T.);
#1042=ORIENTED_EDGE('',*,*,#2219,.T.);
#1043=ORIENTED_EDGE('',*,*,#2221,.F.);
#1044=ORIENTED_EDGE('',*,*,#2222,.F.);
#1045=ORIENTED_EDGE('',*,*,#2223,.F.);
#1046=ORIENTED_EDGE('',*,*,#2224,.T.);
#1047=ORIENTED_EDGE('',*,*,#2225,.T.);
#1048=ORIENTED_EDGE('',*,*,#2226,.T.);
#1049=ORIENTED_EDGE('',*,*,#2227,.F.);
#1050=ORIENTED_EDGE('',*,*,#2228,.F.);
#1051=ORIENTED_EDGE('',*,*,#2223,.T.);
#1052=ORIENTED_EDGE('',*,*,#2229,.T.);
#1053=ORIENTED_EDGE('',*,*,#2230,.F.);
#1054=ORIENTED_EDGE('',*,*,#2231,.F.);
#1055=ORIENTED_EDGE('',*,*,#2227,.T.);
#1056=ORIENTED_EDGE('',*,*,#2232,.F.);
#1057=ORIENTED_EDGE('',*,*,#2225,.F.);
#1058=ORIENTED_EDGE('',*,*,#2233,.T.);
#1059=ORIENTED_EDGE('',*,*,#2230,.T.);
#1060=ORIENTED_EDGE('',*,*,#2222,.T.);
#1061=ORIENTED_EDGE('',*,*,#2232,.T.);
#1062=ORIENTED_EDGE('',*,*,#2229,.F.);
#1063=ORIENTED_EDGE('',*,*,#2226,.F.);
#1064=ORIENTED_EDGE('',*,*,#2224,.F.);
#1065=ORIENTED_EDGE('',*,*,#2228,.T.);
#1066=ORIENTED_EDGE('',*,*,#2231,.T.);
#1067=ORIENTED_EDGE('',*,*,#2233,.F.);
#1068=ORIENTED_EDGE('',*,*,#2234,.F.);
#1069=ORIENTED_EDGE('',*,*,#2235,.F.);
#1070=ORIENTED_EDGE('',*,*,#2236,.T.);
#1071=ORIENTED_EDGE('',*,*,#2237,.T.);
#1072=ORIENTED_EDGE('',*,*,#2238,.T.);
#1073=ORIENTED_EDGE('',*,*,#2239,.F.);
#1074=ORIENTED_EDGE('',*,*,#2240,.F.);
#1075=ORIENTED_EDGE('',*,*,#2235,.T.);
#1076=ORIENTED_EDGE('',*,*,#2241,.T.);
#1077=ORIENTED_EDGE('',*,*,#2242,.F.);
#1078=ORIENTED_EDGE('',*,*,#2243,.F.);
#1079=ORIENTED_EDGE('',*,*,#2239,.T.);
#1080=ORIENTED_EDGE('',*,*,#2244,.F.);
#1081=ORIENTED_EDGE('',*,*,#2237,.F.);
#1082=ORIENTED_EDGE('',*,*,#2245,.T.);
#1083=ORIENTED_EDGE('',*,*,#2242,.T.);
#1084=ORIENTED_EDGE('',*,*,#2234,.T.);
#1085=ORIENTED_EDGE('',*,*,#2244,.T.);
#1086=ORIENTED_EDGE('',*,*,#2241,.F.);
#1087=ORIENTED_EDGE('',*,*,#2238,.F.);
#1088=ORIENTED_EDGE('',*,*,#2236,.F.);
#1089=ORIENTED_EDGE('',*,*,#2240,.T.);
#1090=ORIENTED_EDGE('',*,*,#2243,.T.);
#1091=ORIENTED_EDGE('',*,*,#2245,.F.);
#1092=ORIENTED_EDGE('',*,*,#2246,.F.);
#1093=ORIENTED_EDGE('',*,*,#2247,.F.);
#1094=ORIENTED_EDGE('',*,*,#2248,.T.);
#1095=ORIENTED_EDGE('',*,*,#2249,.T.);
#1096=ORIENTED_EDGE('',*,*,#2250,.T.);
#1097=ORIENTED_EDGE('',*,*,#2251,.F.);
#1098=ORIENTED_EDGE('',*,*,#2252,.F.);
#1099=ORIENTED_EDGE('',*,*,#2247,.T.);
#1100=ORIENTED_EDGE('',*,*,#2253,.T.);
#1101=ORIENTED_EDGE('',*,*,#2254,.F.);
#1102=ORIENTED_EDGE('',*,*,#2255,.F.);
#1103=ORIENTED_EDGE('',*,*,#2251,.T.);
#1104=ORIENTED_EDGE('',*,*,#2256,.F.);
#1105=ORIENTED_EDGE('',*,*,#2249,.F.);
#1106=ORIENTED_EDGE('',*,*,#2257,.T.);
#1107=ORIENTED_EDGE('',*,*,#2254,.T.);
#1108=ORIENTED_EDGE('',*,*,#2246,.T.);
#1109=ORIENTED_EDGE('',*,*,#2256,.T.);
#1110=ORIENTED_EDGE('',*,*,#2253,.F.);
#1111=ORIENTED_EDGE('',*,*,#2250,.F.);
#1112=ORIENTED_EDGE('',*,*,#2248,.F.);
#1113=ORIENTED_EDGE('',*,*,#2252,.T.);
#1114=ORIENTED_EDGE('',*,*,#2255,.T.);
#1115=ORIENTED_EDGE('',*,*,#2257,.F.);
#1116=ORIENTED_EDGE('',*,*,#2258,.F.);
#1117=ORIENTED_EDGE('',*,*,#2259,.F.);
#1118=ORIENTED_EDGE('',*,*,#2260,.T.);
#1119=ORIENTED_EDGE('',*,*,#2261,.T.);
#1120=ORIENTED_EDGE('',*,*,#2262,.T.);
#1121=ORIENTED_EDGE('',*,*,#2263,.F.);
#1122=ORIENTED_EDGE('',*,*,#2264,.F.);
#1123=ORIENTED_EDGE('',*,*,#2259,.T.);
#1124=ORIENTED_EDGE('',*,*,#2265,.T.);
#1125=ORIENTED_EDGE('',*,*,#2266,.F.);
#1126=ORIENTED_EDGE('',*,*,#2267,.F.);
#1127=ORIENTED_EDGE('',*,*,#2263,.T.);
#1128=ORIENTED_EDGE('',*,*,#2268,.F.);
#1129=ORIENTED_EDGE('',*,*,#2261,.F.);
#1130=ORIENTED_EDGE('',*,*,#2269,.T.);
#1131=ORIENTED_EDGE('',*,*,#2266,.T.);
#1132=ORIENTED_EDGE('',*,*,#2258,.T.);
#1133=ORIENTED_EDGE('',*,*,#2268,.T.);
#1134=ORIENTED_EDGE('',*,*,#2265,.F.);
#1135=ORIENTED_EDGE('',*,*,#2262,.F.);
#1136=ORIENTED_EDGE('',*,*,#2260,.F.);
#1137=ORIENTED_EDGE('',*,*,#2264,.T.);
#1138=ORIENTED_EDGE('',*,*,#2267,.T.);
#1139=ORIENTED_EDGE('',*,*,#2269,.F.);
#1140=ORIENTED_EDGE('',*,*,#2270,.F.);
#1141=ORIENTED_EDGE('',*,*,#2271,.F.);
#1142=ORIENTED_EDGE('',*,*,#2272,.T.);
#1143=ORIENTED_EDGE('',*,*,#2273,.T.);
#1144=ORIENTED_EDGE('',*,*,#2274,.T.);
#1145=ORIENTED_EDGE('',*,*,#2275,.F.);
#1146=ORIENTED_EDGE('',*,*,#2276,.F.);
#1147=ORIENTED_EDGE('',*,*,#2271,.T.);
#1148=ORIENTED_EDGE('',*,*,#2277,.T.);
#1149=ORIENTED_EDGE('',*,*,#2278,.F.);
#1150=ORIENTED_EDGE('',*,*,#2279,.F.);
#1151=ORIENTED_EDGE('',*,*,#2275,.T.);
#1152=ORIENTED_EDGE('',*,*,#2280,.F.);
#1153=ORIENTED_EDGE('',*,*,#2273,.F.);
#1154=ORIENTED_EDGE('',*,*,#2281,.T.);
#1155=ORIENTED_EDGE('',*,*,#2278,.T.);
#1156=ORIENTED_EDGE('',*,*,#2270,.T.);
#1157=ORIENTED_EDGE('',*,*,#2280,.T.);
#1158=ORIENTED_EDGE('',*,*,#2277,.F.);
#1159=ORIENTED_EDGE('',*,*,#2274,.F.);
#1160=ORIENTED_EDGE('',*,*,#2272,.F.);
#1161=ORIENTED_EDGE('',*,*,#2276,.T.);
#1162=ORIENTED_EDGE('',*,*,#2279,.T.);
#1163=ORIENTED_EDGE('',*,*,#2281,.F.);
#1164=ORIENTED_EDGE('',*,*,#2282,.F.);
#1165=ORIENTED_EDGE('',*,*,#2283,.F.);
#1166=ORIENTED_EDGE('',*,*,#2284,.T.);
#1167=ORIENTED_EDGE('',*,*,#2285,.T.);
#1168=ORIENTED_EDGE('',*,*,#2286,.T.);
#1169=ORIENTED_EDGE('',*,*,#2287,.F.);
#1170=ORIENTED_EDGE('',*,*,#2288,.F.);
#1171=ORIENTED_EDGE('',*,*,#2283,.T.);
#1172=ORIENTED_EDGE('',*,*,#2289,.T.);
#1173=ORIENTED_EDGE('',*,*,#2290,.F.);
#1174=ORIENTED_EDGE('',*,*,#2291,.F.);
#1175=ORIENTED_EDGE('',*,*,#2287,.T.);
#1176=ORIENTED_EDGE('',*,*,#2292,.F.);
#1177=ORIENTED_EDGE('',*,*,#2285,.F.);
#1178=ORIENTED_EDGE('',*,*,#2293,.T.);
#1179=ORIENTED_EDGE('',*,*,#2290,.T.);
#1180=ORIENTED_EDGE('',*,*,#2282,.T.);
#1181=ORIENTED_EDGE('',*,*,#2292,.T.);
#1182=ORIENTED_EDGE('',*,*,#2289,.F.);
#1183=ORIENTED_EDGE('',*,*,#2286,.F.);
#1184=ORIENTED_EDGE('',*,*,#2284,.F.);
#1185=ORIENTED_EDGE('',*,*,#2288,.T.);
#1186=ORIENTED_EDGE('',*,*,#2291,.T.);
#1187=ORIENTED_EDGE('',*,*,#2293,.F.);
#1188=ORIENTED_EDGE('',*,*,#2294,.F.);
#1189=ORIENTED_EDGE('',*,*,#2295,.F.);
#1190=ORIENTED_EDGE('',*,*,#2296,.T.);
#1191=ORIENTED_EDGE('',*,*,#2297,.T.);
#1192=ORIENTED_EDGE('',*,*,#2298,.T.);
#1193=ORIENTED_EDGE('',*,*,#2299,.F.);
#1194=ORIENTED_EDGE('',*,*,#2300,.F.);
#1195=ORIENTED_EDGE('',*,*,#2295,.T.);
#1196=ORIENTED_EDGE('',*,*,#2301,.T.);
#1197=ORIENTED_EDGE('',*,*,#2302,.F.);
#1198=ORIENTED_EDGE('',*,*,#2303,.F.);
#1199=ORIENTED_EDGE('',*,*,#2299,.T.);
#1200=ORIENTED_EDGE('',*,*,#2304,.F.);
#1201=ORIENTED_EDGE('',*,*,#2297,.F.);
#1202=ORIENTED_EDGE('',*,*,#2305,.T.);
#1203=ORIENTED_EDGE('',*,*,#2302,.T.);
#1204=ORIENTED_EDGE('',*,*,#2294,.T.);
#1205=ORIENTED_EDGE('',*,*,#2304,.T.);
#1206=ORIENTED_EDGE('',*,*,#2301,.F.);
#1207=ORIENTED_EDGE('',*,*,#2298,.F.);
#1208=ORIENTED_EDGE('',*,*,#2296,.F.);
#1209=ORIENTED_EDGE('',*,*,#2300,.T.);
#1210=ORIENTED_EDGE('',*,*,#2303,.T.);
#1211=ORIENTED_EDGE('',*,*,#2305,.F.);
#1212=ORIENTED_EDGE('',*,*,#2306,.F.);
#1213=ORIENTED_EDGE('',*,*,#2307,.T.);
#1214=ORIENTED_EDGE('',*,*,#2306,.T.);
#1215=ORIENTED_EDGE('',*,*,#2307,.F.);
#1216=ORIENTED_EDGE('',*,*,#2308,.F.);
#1217=ORIENTED_EDGE('',*,*,#2309,.T.);
#1218=ORIENTED_EDGE('',*,*,#2308,.T.);
#1219=ORIENTED_EDGE('',*,*,#2309,.F.);
#1220=ORIENTED_EDGE('',*,*,#2310,.F.);
#1221=ORIENTED_EDGE('',*,*,#2311,.T.);
#1222=ORIENTED_EDGE('',*,*,#2310,.T.);
#1223=ORIENTED_EDGE('',*,*,#2311,.F.);
#1224=ORIENTED_EDGE('',*,*,#2312,.F.);
#1225=ORIENTED_EDGE('',*,*,#2313,.T.);
#1226=ORIENTED_EDGE('',*,*,#2312,.T.);
#1227=ORIENTED_EDGE('',*,*,#2313,.F.);
#1228=ORIENTED_EDGE('',*,*,#2314,.F.);
#1229=ORIENTED_EDGE('',*,*,#2315,.T.);
#1230=ORIENTED_EDGE('',*,*,#2314,.T.);
#1231=ORIENTED_EDGE('',*,*,#2315,.F.);
#1232=ORIENTED_EDGE('',*,*,#2316,.F.);
#1233=ORIENTED_EDGE('',*,*,#2317,.T.);
#1234=ORIENTED_EDGE('',*,*,#2316,.T.);
#1235=ORIENTED_EDGE('',*,*,#2317,.F.);
#1236=ORIENTED_EDGE('',*,*,#2318,.F.);
#1237=ORIENTED_EDGE('',*,*,#2319,.T.);
#1238=ORIENTED_EDGE('',*,*,#2318,.T.);
#1239=ORIENTED_EDGE('',*,*,#2319,.F.);
#1240=ORIENTED_EDGE('',*,*,#2320,.F.);
#1241=ORIENTED_EDGE('',*,*,#2321,.T.);
#1242=ORIENTED_EDGE('',*,*,#2320,.T.);
#1243=ORIENTED_EDGE('',*,*,#2321,.F.);
#1244=ORIENTED_EDGE('',*,*,#2322,.F.);
#1245=ORIENTED_EDGE('',*,*,#2323,.T.);
#1246=ORIENTED_EDGE('',*,*,#2322,.T.);
#1247=ORIENTED_EDGE('',*,*,#2323,.F.);
#1248=ORIENTED_EDGE('',*,*,#2324,.F.);
#1249=ORIENTED_EDGE('',*,*,#2325,.F.);
#1250=ORIENTED_EDGE('',*,*,#2326,.T.);
#1251=ORIENTED_EDGE('',*,*,#2327,.T.);
#1252=ORIENTED_EDGE('',*,*,#2328,.T.);
#1253=ORIENTED_EDGE('',*,*,#2329,.F.);
#1254=ORIENTED_EDGE('',*,*,#2330,.F.);
#1255=ORIENTED_EDGE('',*,*,#2325,.T.);
#1256=ORIENTED_EDGE('',*,*,#2331,.T.);
#1257=ORIENTED_EDGE('',*,*,#2332,.F.);
#1258=ORIENTED_EDGE('',*,*,#2333,.F.);
#1259=ORIENTED_EDGE('',*,*,#2329,.T.);
#1260=ORIENTED_EDGE('',*,*,#2334,.F.);
#1261=ORIENTED_EDGE('',*,*,#2327,.F.);
#1262=ORIENTED_EDGE('',*,*,#2335,.T.);
#1263=ORIENTED_EDGE('',*,*,#2332,.T.);
#1264=ORIENTED_EDGE('',*,*,#2324,.T.);
#1265=ORIENTED_EDGE('',*,*,#2334,.T.);
#1266=ORIENTED_EDGE('',*,*,#2331,.F.);
#1267=ORIENTED_EDGE('',*,*,#2328,.F.);
#1268=ORIENTED_EDGE('',*,*,#2326,.F.);
#1269=ORIENTED_EDGE('',*,*,#2330,.T.);
#1270=ORIENTED_EDGE('',*,*,#2333,.T.);
#1271=ORIENTED_EDGE('',*,*,#2335,.F.);
#1272=ORIENTED_EDGE('',*,*,#2336,.F.);
#1273=ORIENTED_EDGE('',*,*,#2337,.F.);
#1274=ORIENTED_EDGE('',*,*,#2338,.T.);
#1275=ORIENTED_EDGE('',*,*,#2339,.T.);
#1276=ORIENTED_EDGE('',*,*,#2340,.T.);
#1277=ORIENTED_EDGE('',*,*,#2341,.F.);
#1278=ORIENTED_EDGE('',*,*,#2342,.F.);
#1279=ORIENTED_EDGE('',*,*,#2337,.T.);
#1280=ORIENTED_EDGE('',*,*,#2343,.T.);
#1281=ORIENTED_EDGE('',*,*,#2344,.F.);
#1282=ORIENTED_EDGE('',*,*,#2345,.F.);
#1283=ORIENTED_EDGE('',*,*,#2341,.T.);
#1284=ORIENTED_EDGE('',*,*,#2346,.F.);
#1285=ORIENTED_EDGE('',*,*,#2339,.F.);
#1286=ORIENTED_EDGE('',*,*,#2347,.T.);
#1287=ORIENTED_EDGE('',*,*,#2344,.T.);
#1288=ORIENTED_EDGE('',*,*,#2336,.T.);
#1289=ORIENTED_EDGE('',*,*,#2346,.T.);
#1290=ORIENTED_EDGE('',*,*,#2343,.F.);
#1291=ORIENTED_EDGE('',*,*,#2340,.F.);
#1292=ORIENTED_EDGE('',*,*,#2338,.F.);
#1293=ORIENTED_EDGE('',*,*,#2342,.T.);
#1294=ORIENTED_EDGE('',*,*,#2345,.T.);
#1295=ORIENTED_EDGE('',*,*,#2347,.F.);
#1296=ORIENTED_EDGE('',*,*,#2348,.F.);
#1297=ORIENTED_EDGE('',*,*,#2349,.F.);
#1298=ORIENTED_EDGE('',*,*,#2350,.T.);
#1299=ORIENTED_EDGE('',*,*,#2351,.T.);
#1300=ORIENTED_EDGE('',*,*,#2352,.T.);
#1301=ORIENTED_EDGE('',*,*,#2353,.F.);
#1302=ORIENTED_EDGE('',*,*,#2354,.F.);
#1303=ORIENTED_EDGE('',*,*,#2349,.T.);
#1304=ORIENTED_EDGE('',*,*,#2355,.T.);
#1305=ORIENTED_EDGE('',*,*,#2356,.F.);
#1306=ORIENTED_EDGE('',*,*,#2357,.F.);
#1307=ORIENTED_EDGE('',*,*,#2353,.T.);
#1308=ORIENTED_EDGE('',*,*,#2358,.F.);
#1309=ORIENTED_EDGE('',*,*,#2351,.F.);
#1310=ORIENTED_EDGE('',*,*,#2359,.T.);
#1311=ORIENTED_EDGE('',*,*,#2356,.T.);
#1312=ORIENTED_EDGE('',*,*,#2348,.T.);
#1313=ORIENTED_EDGE('',*,*,#2358,.T.);
#1314=ORIENTED_EDGE('',*,*,#2355,.F.);
#1315=ORIENTED_EDGE('',*,*,#2352,.F.);
#1316=ORIENTED_EDGE('',*,*,#2350,.F.);
#1317=ORIENTED_EDGE('',*,*,#2354,.T.);
#1318=ORIENTED_EDGE('',*,*,#2357,.T.);
#1319=ORIENTED_EDGE('',*,*,#2359,.F.);
#1320=ORIENTED_EDGE('',*,*,#2360,.F.);
#1321=ORIENTED_EDGE('',*,*,#2361,.F.);
#1322=ORIENTED_EDGE('',*,*,#2362,.F.);
#1323=ORIENTED_EDGE('',*,*,#2363,.F.);
#1324=ORIENTED_EDGE('',*,*,#2364,.F.);
#1325=ORIENTED_EDGE('',*,*,#2365,.T.);
#1326=ORIENTED_EDGE('',*,*,#2366,.F.);
#1327=ORIENTED_EDGE('',*,*,#2367,.T.);
#1328=ORIENTED_EDGE('',*,*,#2368,.F.);
#1329=ORIENTED_EDGE('',*,*,#2369,.T.);
#1330=ORIENTED_EDGE('',*,*,#2370,.T.);
#1331=ORIENTED_EDGE('',*,*,#2371,.F.);
#1332=ORIENTED_EDGE('',*,*,#2372,.T.);
#1333=ORIENTED_EDGE('',*,*,#2373,.T.);
#1334=ORIENTED_EDGE('',*,*,#2374,.T.);
#1335=ORIENTED_EDGE('',*,*,#2375,.T.);
#1336=ORIENTED_EDGE('',*,*,#2376,.F.);
#1337=ORIENTED_EDGE('',*,*,#2377,.T.);
#1338=ORIENTED_EDGE('',*,*,#2378,.F.);
#1339=ORIENTED_EDGE('',*,*,#2368,.T.);
#1340=ORIENTED_EDGE('',*,*,#2379,.T.);
#1341=ORIENTED_EDGE('',*,*,#2376,.T.);
#1342=ORIENTED_EDGE('',*,*,#2380,.T.);
#1343=ORIENTED_EDGE('',*,*,#2381,.F.);
#1344=ORIENTED_EDGE('',*,*,#2377,.F.);
#1345=ORIENTED_EDGE('',*,*,#2379,.F.);
#1346=ORIENTED_EDGE('',*,*,#2382,.F.);
#1347=ORIENTED_EDGE('',*,*,#2383,.F.);
#1348=ORIENTED_EDGE('',*,*,#2384,.T.);
#1349=ORIENTED_EDGE('',*,*,#2363,.T.);
#1350=ORIENTED_EDGE('',*,*,#2385,.F.);
#1351=ORIENTED_EDGE('',*,*,#2380,.F.);
#1352=ORIENTED_EDGE('',*,*,#2375,.F.);
#1353=ORIENTED_EDGE('',*,*,#2371,.T.);
#1354=ORIENTED_EDGE('',*,*,#2386,.F.);
#1355=ORIENTED_EDGE('',*,*,#2366,.T.);
#1356=ORIENTED_EDGE('',*,*,#2387,.F.);
#1357=ORIENTED_EDGE('',*,*,#2382,.T.);
#1358=ORIENTED_EDGE('',*,*,#2365,.F.);
#1359=ORIENTED_EDGE('',*,*,#2388,.F.);
#1360=ORIENTED_EDGE('',*,*,#2369,.F.);
#1361=ORIENTED_EDGE('',*,*,#2378,.T.);
#1362=ORIENTED_EDGE('',*,*,#2383,.T.);
#1363=ORIENTED_EDGE('',*,*,#2387,.T.);
#1364=ORIENTED_EDGE('',*,*,#2388,.T.);
#1365=ORIENTED_EDGE('',*,*,#2364,.T.);
#1366=ORIENTED_EDGE('',*,*,#2384,.F.);
#1367=ORIENTED_EDGE('',*,*,#2370,.F.);
#1368=ORIENTED_EDGE('',*,*,#2367,.F.);
#1369=ORIENTED_EDGE('',*,*,#2386,.T.);
#1370=ORIENTED_EDGE('',*,*,#2381,.T.);
#1371=ORIENTED_EDGE('',*,*,#2385,.T.);
#1372=ORIENTED_EDGE('',*,*,#2362,.T.);
#1373=ORIENTED_EDGE('',*,*,#2389,.F.);
#1374=ORIENTED_EDGE('',*,*,#2389,.T.);
#1375=ORIENTED_EDGE('',*,*,#2361,.T.);
#1376=ORIENTED_EDGE('',*,*,#2390,.F.);
#1377=ORIENTED_EDGE('',*,*,#2390,.T.);
#1378=ORIENTED_EDGE('',*,*,#2360,.T.);
#1379=ORIENTED_EDGE('',*,*,#2391,.F.);
#1380=ORIENTED_EDGE('',*,*,#2391,.T.);
#1381=ORIENTED_EDGE('',*,*,#2392,.F.);
#1382=ORIENTED_EDGE('',*,*,#2374,.F.);
#1383=ORIENTED_EDGE('',*,*,#2392,.T.);
#1384=ORIENTED_EDGE('',*,*,#2393,.F.);
#1385=ORIENTED_EDGE('',*,*,#2373,.F.);
#1386=ORIENTED_EDGE('',*,*,#2393,.T.);
#1387=ORIENTED_EDGE('',*,*,#2394,.F.);
#1388=ORIENTED_EDGE('',*,*,#2372,.F.);
#1389=ORIENTED_EDGE('',*,*,#2394,.T.);
#1390=ORIENTED_EDGE('',*,*,#2395,.F.);
#1391=ORIENTED_EDGE('',*,*,#2396,.F.);
#1392=ORIENTED_EDGE('',*,*,#2397,.T.);
#1393=ORIENTED_EDGE('',*,*,#2398,.T.);
#1394=ORIENTED_EDGE('',*,*,#2399,.T.);
#1395=ORIENTED_EDGE('',*,*,#2400,.F.);
#1396=ORIENTED_EDGE('',*,*,#2401,.F.);
#1397=ORIENTED_EDGE('',*,*,#2396,.T.);
#1398=ORIENTED_EDGE('',*,*,#2402,.T.);
#1399=ORIENTED_EDGE('',*,*,#2403,.F.);
#1400=ORIENTED_EDGE('',*,*,#2404,.F.);
#1401=ORIENTED_EDGE('',*,*,#2400,.T.);
#1402=ORIENTED_EDGE('',*,*,#2405,.F.);
#1403=ORIENTED_EDGE('',*,*,#2398,.F.);
#1404=ORIENTED_EDGE('',*,*,#2406,.T.);
#1405=ORIENTED_EDGE('',*,*,#2403,.T.);
#1406=ORIENTED_EDGE('',*,*,#2395,.T.);
#1407=ORIENTED_EDGE('',*,*,#2405,.T.);
#1408=ORIENTED_EDGE('',*,*,#2402,.F.);
#1409=ORIENTED_EDGE('',*,*,#2399,.F.);
#1410=ORIENTED_EDGE('',*,*,#2397,.F.);
#1411=ORIENTED_EDGE('',*,*,#2401,.T.);
#1412=ORIENTED_EDGE('',*,*,#2404,.T.);
#1413=ORIENTED_EDGE('',*,*,#2406,.F.);
#1414=ORIENTED_EDGE('',*,*,#2407,.F.);
#1415=ORIENTED_EDGE('',*,*,#2408,.F.);
#1416=ORIENTED_EDGE('',*,*,#2409,.T.);
#1417=ORIENTED_EDGE('',*,*,#2410,.T.);
#1418=ORIENTED_EDGE('',*,*,#2411,.T.);
#1419=ORIENTED_EDGE('',*,*,#2412,.F.);
#1420=ORIENTED_EDGE('',*,*,#2413,.F.);
#1421=ORIENTED_EDGE('',*,*,#2408,.T.);
#1422=ORIENTED_EDGE('',*,*,#2414,.T.);
#1423=ORIENTED_EDGE('',*,*,#2415,.F.);
#1424=ORIENTED_EDGE('',*,*,#2416,.F.);
#1425=ORIENTED_EDGE('',*,*,#2412,.T.);
#1426=ORIENTED_EDGE('',*,*,#2417,.F.);
#1427=ORIENTED_EDGE('',*,*,#2410,.F.);
#1428=ORIENTED_EDGE('',*,*,#2418,.T.);
#1429=ORIENTED_EDGE('',*,*,#2415,.T.);
#1430=ORIENTED_EDGE('',*,*,#2407,.T.);
#1431=ORIENTED_EDGE('',*,*,#2417,.T.);
#1432=ORIENTED_EDGE('',*,*,#2414,.F.);
#1433=ORIENTED_EDGE('',*,*,#2411,.F.);
#1434=ORIENTED_EDGE('',*,*,#2409,.F.);
#1435=ORIENTED_EDGE('',*,*,#2413,.T.);
#1436=ORIENTED_EDGE('',*,*,#2416,.T.);
#1437=ORIENTED_EDGE('',*,*,#2418,.F.);
#1438=ORIENTED_EDGE('',*,*,#2419,.F.);
#1439=ORIENTED_EDGE('',*,*,#2420,.F.);
#1440=ORIENTED_EDGE('',*,*,#2421,.T.);
#1441=ORIENTED_EDGE('',*,*,#2422,.T.);
#1442=ORIENTED_EDGE('',*,*,#2423,.T.);
#1443=ORIENTED_EDGE('',*,*,#2424,.F.);
#1444=ORIENTED_EDGE('',*,*,#2425,.F.);
#1445=ORIENTED_EDGE('',*,*,#2420,.T.);
#1446=ORIENTED_EDGE('',*,*,#2426,.T.);
#1447=ORIENTED_EDGE('',*,*,#2427,.F.);
#1448=ORIENTED_EDGE('',*,*,#2428,.F.);
#1449=ORIENTED_EDGE('',*,*,#2424,.T.);
#1450=ORIENTED_EDGE('',*,*,#2429,.F.);
#1451=ORIENTED_EDGE('',*,*,#2422,.F.);
#1452=ORIENTED_EDGE('',*,*,#2430,.T.);
#1453=ORIENTED_EDGE('',*,*,#2427,.T.);
#1454=ORIENTED_EDGE('',*,*,#2419,.T.);
#1455=ORIENTED_EDGE('',*,*,#2429,.T.);
#1456=ORIENTED_EDGE('',*,*,#2426,.F.);
#1457=ORIENTED_EDGE('',*,*,#2423,.F.);
#1458=ORIENTED_EDGE('',*,*,#2421,.F.);
#1459=ORIENTED_EDGE('',*,*,#2425,.T.);
#1460=ORIENTED_EDGE('',*,*,#2428,.T.);
#1461=ORIENTED_EDGE('',*,*,#2430,.F.);
#1462=ORIENTED_EDGE('',*,*,#2431,.T.);
#1463=ORIENTED_EDGE('',*,*,#2432,.T.);
#1464=ORIENTED_EDGE('',*,*,#2433,.F.);
#1465=ORIENTED_EDGE('',*,*,#2434,.T.);
#1466=ORIENTED_EDGE('',*,*,#2435,.T.);
#1467=ORIENTED_EDGE('',*,*,#2436,.F.);
#1468=ORIENTED_EDGE('',*,*,#2437,.F.);
#1469=ORIENTED_EDGE('',*,*,#2438,.T.);
#1470=ORIENTED_EDGE('',*,*,#2439,.F.);
#1471=ORIENTED_EDGE('',*,*,#2440,.F.);
#1472=ORIENTED_EDGE('',*,*,#2441,.F.);
#1473=ORIENTED_EDGE('',*,*,#2442,.T.);
#1474=ORIENTED_EDGE('',*,*,#2443,.T.);
#1475=ORIENTED_EDGE('',*,*,#2444,.F.);
#1476=ORIENTED_EDGE('',*,*,#2445,.F.);
#1477=ORIENTED_EDGE('',*,*,#2446,.T.);
#1478=ORIENTED_EDGE('',*,*,#2447,.F.);
#1479=ORIENTED_EDGE('',*,*,#2446,.F.);
#1480=ORIENTED_EDGE('',*,*,#2448,.F.);
#1481=ORIENTED_EDGE('',*,*,#2433,.T.);
#1482=ORIENTED_EDGE('',*,*,#2449,.F.);
#1483=ORIENTED_EDGE('',*,*,#2437,.T.);
#1484=ORIENTED_EDGE('',*,*,#2450,.T.);
#1485=ORIENTED_EDGE('',*,*,#2442,.F.);
#1486=ORIENTED_EDGE('',*,*,#2451,.F.);
#1487=ORIENTED_EDGE('',*,*,#2435,.F.);
#1488=ORIENTED_EDGE('',*,*,#2452,.T.);
#1489=ORIENTED_EDGE('',*,*,#2444,.T.);
#1490=ORIENTED_EDGE('',*,*,#2436,.T.);
#1491=ORIENTED_EDGE('',*,*,#2451,.T.);
#1492=ORIENTED_EDGE('',*,*,#2443,.F.);
#1493=ORIENTED_EDGE('',*,*,#2450,.F.);
#1494=ORIENTED_EDGE('',*,*,#2434,.F.);
#1495=ORIENTED_EDGE('',*,*,#2448,.T.);
#1496=ORIENTED_EDGE('',*,*,#2445,.T.);
#1497=ORIENTED_EDGE('',*,*,#2452,.F.);
#1498=ORIENTED_EDGE('',*,*,#2439,.T.);
#1499=ORIENTED_EDGE('',*,*,#2447,.T.);
#1500=ORIENTED_EDGE('',*,*,#2441,.T.);
#1501=ORIENTED_EDGE('',*,*,#2453,.F.);
#1502=ORIENTED_EDGE('',*,*,#2440,.T.);
#1503=ORIENTED_EDGE('',*,*,#2453,.T.);
#1504=ORIENTED_EDGE('',*,*,#2454,.F.);
#1505=ORIENTED_EDGE('',*,*,#2438,.F.);
#1506=ORIENTED_EDGE('',*,*,#2449,.T.);
#1507=ORIENTED_EDGE('',*,*,#2432,.F.);
#1508=ORIENTED_EDGE('',*,*,#2454,.T.);
#1509=ORIENTED_EDGE('',*,*,#2431,.F.);
#1510=ORIENTED_EDGE('',*,*,#2455,.F.);
#1511=ORIENTED_EDGE('',*,*,#2456,.F.);
#1512=ORIENTED_EDGE('',*,*,#2457,.T.);
#1513=ORIENTED_EDGE('',*,*,#2458,.T.);
#1514=ORIENTED_EDGE('',*,*,#2459,.F.);
#1515=ORIENTED_EDGE('',*,*,#2460,.T.);
#1516=ORIENTED_EDGE('',*,*,#2461,.F.);
#1517=ORIENTED_EDGE('',*,*,#2462,.F.);
#1518=ORIENTED_EDGE('',*,*,#2456,.T.);
#1519=ORIENTED_EDGE('',*,*,#2463,.T.);
#1520=ORIENTED_EDGE('',*,*,#2464,.F.);
#1521=ORIENTED_EDGE('',*,*,#2465,.T.);
#1522=ORIENTED_EDGE('',*,*,#2461,.T.);
#1523=ORIENTED_EDGE('',*,*,#2466,.T.);
#1524=ORIENTED_EDGE('',*,*,#2464,.T.);
#1525=ORIENTED_EDGE('',*,*,#2467,.T.);
#1526=ORIENTED_EDGE('',*,*,#2468,.F.);
#1527=ORIENTED_EDGE('',*,*,#2469,.T.);
#1528=ORIENTED_EDGE('',*,*,#2470,.F.);
#1529=ORIENTED_EDGE('',*,*,#2471,.F.);
#1530=ORIENTED_EDGE('',*,*,#2472,.F.);
#1531=ORIENTED_EDGE('',*,*,#2473,.T.);
#1532=ORIENTED_EDGE('',*,*,#2474,.F.);
#1533=ORIENTED_EDGE('',*,*,#2468,.T.);
#1534=ORIENTED_EDGE('',*,*,#2475,.F.);
#1535=ORIENTED_EDGE('',*,*,#2458,.F.);
#1536=ORIENTED_EDGE('',*,*,#2476,.T.);
#1537=ORIENTED_EDGE('',*,*,#2470,.T.);
#1538=ORIENTED_EDGE('',*,*,#2455,.T.);
#1539=ORIENTED_EDGE('',*,*,#2475,.T.);
#1540=ORIENTED_EDGE('',*,*,#2467,.F.);
#1541=ORIENTED_EDGE('',*,*,#2463,.F.);
#1542=ORIENTED_EDGE('',*,*,#2457,.F.);
#1543=ORIENTED_EDGE('',*,*,#2462,.T.);
#1544=ORIENTED_EDGE('',*,*,#2471,.T.);
#1545=ORIENTED_EDGE('',*,*,#2476,.F.);
#1546=ORIENTED_EDGE('',*,*,#2472,.T.);
#1547=ORIENTED_EDGE('',*,*,#2469,.F.);
#1548=ORIENTED_EDGE('',*,*,#2474,.T.);
#1549=ORIENTED_EDGE('',*,*,#2477,.F.);
#1550=ORIENTED_EDGE('',*,*,#2477,.T.);
#1551=ORIENTED_EDGE('',*,*,#2473,.F.);
#1552=ORIENTED_EDGE('',*,*,#2459,.T.);
#1553=ORIENTED_EDGE('',*,*,#2478,.T.);
#1554=ORIENTED_EDGE('',*,*,#2478,.F.);
#1555=ORIENTED_EDGE('',*,*,#2465,.F.);
#1556=ORIENTED_EDGE('',*,*,#2466,.F.);
#1557=ORIENTED_EDGE('',*,*,#2460,.F.);
#1558=ORIENTED_EDGE('',*,*,#2479,.T.);
#1559=ORIENTED_EDGE('',*,*,#2480,.T.);
#1560=ORIENTED_EDGE('',*,*,#2481,.F.);
#1561=ORIENTED_EDGE('',*,*,#2482,.T.);
#1562=ORIENTED_EDGE('',*,*,#2483,.T.);
#1563=ORIENTED_EDGE('',*,*,#2484,.F.);
#1564=ORIENTED_EDGE('',*,*,#2485,.F.);
#1565=ORIENTED_EDGE('',*,*,#2486,.T.);
#1566=ORIENTED_EDGE('',*,*,#2487,.F.);
#1567=ORIENTED_EDGE('',*,*,#2485,.T.);
#1568=ORIENTED_EDGE('',*,*,#2488,.T.);
#1569=ORIENTED_EDGE('',*,*,#2489,.F.);
#1570=ORIENTED_EDGE('',*,*,#2490,.F.);
#1571=ORIENTED_EDGE('',*,*,#2481,.T.);
#1572=ORIENTED_EDGE('',*,*,#2491,.F.);
#1573=ORIENTED_EDGE('',*,*,#2492,.T.);
#1574=ORIENTED_EDGE('',*,*,#2493,.F.);
#1575=ORIENTED_EDGE('',*,*,#2494,.F.);
#1576=ORIENTED_EDGE('',*,*,#2489,.T.);
#1577=ORIENTED_EDGE('',*,*,#2495,.T.);
#1578=ORIENTED_EDGE('',*,*,#2496,.F.);
#1579=ORIENTED_EDGE('',*,*,#2497,.T.);
#1580=ORIENTED_EDGE('',*,*,#2498,.F.);
#1581=ORIENTED_EDGE('',*,*,#2491,.T.);
#1582=ORIENTED_EDGE('',*,*,#2499,.F.);
#1583=ORIENTED_EDGE('',*,*,#2483,.F.);
#1584=ORIENTED_EDGE('',*,*,#2500,.T.);
#1585=ORIENTED_EDGE('',*,*,#2493,.T.);
#1586=ORIENTED_EDGE('',*,*,#2484,.T.);
#1587=ORIENTED_EDGE('',*,*,#2499,.T.);
#1588=ORIENTED_EDGE('',*,*,#2495,.F.);
#1589=ORIENTED_EDGE('',*,*,#2488,.F.);
#1590=ORIENTED_EDGE('',*,*,#2482,.F.);
#1591=ORIENTED_EDGE('',*,*,#2490,.T.);
#1592=ORIENTED_EDGE('',*,*,#2494,.T.);
#1593=ORIENTED_EDGE('',*,*,#2500,.F.);
#1594=ORIENTED_EDGE('',*,*,#2501,.F.);
#1595=ORIENTED_EDGE('',*,*,#2486,.F.);
#1596=ORIENTED_EDGE('',*,*,#2487,.T.);
#1597=ORIENTED_EDGE('',*,*,#2480,.F.);
#1598=ORIENTED_EDGE('',*,*,#2501,.T.);
#1599=ORIENTED_EDGE('',*,*,#2479,.F.);
#1600=ORIENTED_EDGE('',*,*,#2496,.T.);
#1601=ORIENTED_EDGE('',*,*,#2492,.F.);
#1602=ORIENTED_EDGE('',*,*,#2498,.T.);
#1603=ORIENTED_EDGE('',*,*,#2502,.F.);
#1604=ORIENTED_EDGE('',*,*,#2502,.T.);
#1605=ORIENTED_EDGE('',*,*,#2497,.F.);
#1606=ORIENTED_EDGE('',*,*,#2503,.F.);
#1607=ORIENTED_EDGE('',*,*,#2504,.F.);
#1608=ORIENTED_EDGE('',*,*,#2505,.T.);
#1609=ORIENTED_EDGE('',*,*,#2506,.T.);
#1610=ORIENTED_EDGE('',*,*,#2507,.T.);
#1611=ORIENTED_EDGE('',*,*,#2508,.F.);
#1612=ORIENTED_EDGE('',*,*,#2509,.F.);
#1613=ORIENTED_EDGE('',*,*,#2504,.T.);
#1614=ORIENTED_EDGE('',*,*,#2510,.T.);
#1615=ORIENTED_EDGE('',*,*,#2511,.F.);
#1616=ORIENTED_EDGE('',*,*,#2512,.F.);
#1617=ORIENTED_EDGE('',*,*,#2508,.T.);
#1618=ORIENTED_EDGE('',*,*,#2513,.F.);
#1619=ORIENTED_EDGE('',*,*,#2506,.F.);
#1620=ORIENTED_EDGE('',*,*,#2514,.T.);
#1621=ORIENTED_EDGE('',*,*,#2511,.T.);
#1622=ORIENTED_EDGE('',*,*,#2503,.T.);
#1623=ORIENTED_EDGE('',*,*,#2513,.T.);
#1624=ORIENTED_EDGE('',*,*,#2510,.F.);
#1625=ORIENTED_EDGE('',*,*,#2507,.F.);
#1626=ORIENTED_EDGE('',*,*,#2505,.F.);
#1627=ORIENTED_EDGE('',*,*,#2509,.T.);
#1628=ORIENTED_EDGE('',*,*,#2512,.T.);
#1629=ORIENTED_EDGE('',*,*,#2514,.F.);
#1630=ORIENTED_EDGE('',*,*,#2515,.F.);
#1631=ORIENTED_EDGE('',*,*,#2516,.F.);
#1632=ORIENTED_EDGE('',*,*,#2517,.T.);
#1633=ORIENTED_EDGE('',*,*,#2518,.T.);
#1634=ORIENTED_EDGE('',*,*,#2519,.T.);
#1635=ORIENTED_EDGE('',*,*,#2520,.F.);
#1636=ORIENTED_EDGE('',*,*,#2521,.F.);
#1637=ORIENTED_EDGE('',*,*,#2516,.T.);
#1638=ORIENTED_EDGE('',*,*,#2522,.T.);
#1639=ORIENTED_EDGE('',*,*,#2523,.F.);
#1640=ORIENTED_EDGE('',*,*,#2524,.F.);
#1641=ORIENTED_EDGE('',*,*,#2520,.T.);
#1642=ORIENTED_EDGE('',*,*,#2525,.F.);
#1643=ORIENTED_EDGE('',*,*,#2518,.F.);
#1644=ORIENTED_EDGE('',*,*,#2526,.T.);
#1645=ORIENTED_EDGE('',*,*,#2523,.T.);
#1646=ORIENTED_EDGE('',*,*,#2515,.T.);
#1647=ORIENTED_EDGE('',*,*,#2525,.T.);
#1648=ORIENTED_EDGE('',*,*,#2522,.F.);
#1649=ORIENTED_EDGE('',*,*,#2519,.F.);
#1650=ORIENTED_EDGE('',*,*,#2517,.F.);
#1651=ORIENTED_EDGE('',*,*,#2521,.T.);
#1652=ORIENTED_EDGE('',*,*,#2524,.T.);
#1653=ORIENTED_EDGE('',*,*,#2526,.F.);
#1654=ORIENTED_EDGE('',*,*,#2527,.F.);
#1655=ORIENTED_EDGE('',*,*,#2528,.F.);
#1656=ORIENTED_EDGE('',*,*,#2529,.T.);
#1657=ORIENTED_EDGE('',*,*,#2530,.T.);
#1658=ORIENTED_EDGE('',*,*,#2531,.T.);
#1659=ORIENTED_EDGE('',*,*,#2532,.F.);
#1660=ORIENTED_EDGE('',*,*,#2533,.F.);
#1661=ORIENTED_EDGE('',*,*,#2528,.T.);
#1662=ORIENTED_EDGE('',*,*,#2534,.T.);
#1663=ORIENTED_EDGE('',*,*,#2535,.F.);
#1664=ORIENTED_EDGE('',*,*,#2536,.F.);
#1665=ORIENTED_EDGE('',*,*,#2532,.T.);
#1666=ORIENTED_EDGE('',*,*,#2537,.F.);
#1667=ORIENTED_EDGE('',*,*,#2530,.F.);
#1668=ORIENTED_EDGE('',*,*,#2538,.T.);
#1669=ORIENTED_EDGE('',*,*,#2535,.T.);
#1670=ORIENTED_EDGE('',*,*,#2527,.T.);
#1671=ORIENTED_EDGE('',*,*,#2537,.T.);
#1672=ORIENTED_EDGE('',*,*,#2534,.F.);
#1673=ORIENTED_EDGE('',*,*,#2531,.F.);
#1674=ORIENTED_EDGE('',*,*,#2529,.F.);
#1675=ORIENTED_EDGE('',*,*,#2533,.T.);
#1676=ORIENTED_EDGE('',*,*,#2536,.T.);
#1677=ORIENTED_EDGE('',*,*,#2538,.F.);
#1678=ORIENTED_EDGE('',*,*,#2539,.F.);
#1679=ORIENTED_EDGE('',*,*,#2540,.F.);
#1680=ORIENTED_EDGE('',*,*,#2541,.F.);
#1681=ORIENTED_EDGE('',*,*,#2542,.T.);
#1682=ORIENTED_EDGE('',*,*,#2543,.T.);
#1683=ORIENTED_EDGE('',*,*,#2544,.F.);
#1684=ORIENTED_EDGE('',*,*,#2545,.F.);
#1685=ORIENTED_EDGE('',*,*,#2546,.T.);
#1686=ORIENTED_EDGE('',*,*,#2547,.F.);
#1687=ORIENTED_EDGE('',*,*,#2548,.F.);
#1688=ORIENTED_EDGE('',*,*,#2549,.T.);
#1689=ORIENTED_EDGE('',*,*,#2550,.T.);
#1690=ORIENTED_EDGE('',*,*,#2551,.F.);
#1691=ORIENTED_EDGE('',*,*,#2546,.F.);
#1692=ORIENTED_EDGE('',*,*,#2552,.F.);
#1693=ORIENTED_EDGE('',*,*,#2548,.T.);
#1694=ORIENTED_EDGE('',*,*,#2553,.T.);
#1695=ORIENTED_EDGE('',*,*,#2542,.F.);
#1696=ORIENTED_EDGE('',*,*,#2554,.F.);
#1697=ORIENTED_EDGE('',*,*,#2550,.F.);
#1698=ORIENTED_EDGE('',*,*,#2555,.T.);
#1699=ORIENTED_EDGE('',*,*,#2544,.T.);
#1700=ORIENTED_EDGE('',*,*,#2547,.T.);
#1701=ORIENTED_EDGE('',*,*,#2554,.T.);
#1702=ORIENTED_EDGE('',*,*,#2543,.F.);
#1703=ORIENTED_EDGE('',*,*,#2553,.F.);
#1704=ORIENTED_EDGE('',*,*,#2549,.F.);
#1705=ORIENTED_EDGE('',*,*,#2552,.T.);
#1706=ORIENTED_EDGE('',*,*,#2545,.T.);
#1707=ORIENTED_EDGE('',*,*,#2555,.F.);
#1708=ORIENTED_EDGE('',*,*,#2539,.T.);
#1709=ORIENTED_EDGE('',*,*,#2551,.T.);
#1710=ORIENTED_EDGE('',*,*,#2541,.T.);
#1711=ORIENTED_EDGE('',*,*,#2556,.F.);
#1712=ORIENTED_EDGE('',*,*,#2540,.T.);
#1713=ORIENTED_EDGE('',*,*,#2556,.T.);
#1714=ORIENTED_EDGE('',*,*,#2557,.T.);
#1715=ORIENTED_EDGE('',*,*,#2558,.T.);
#1716=ORIENTED_EDGE('',*,*,#2559,.F.);
#1717=ORIENTED_EDGE('',*,*,#2560,.T.);
#1718=ORIENTED_EDGE('',*,*,#2561,.T.);
#1719=ORIENTED_EDGE('',*,*,#2562,.F.);
#1720=ORIENTED_EDGE('',*,*,#2563,.F.);
#1721=ORIENTED_EDGE('',*,*,#2564,.T.);
#1722=ORIENTED_EDGE('',*,*,#2565,.F.);
#1723=ORIENTED_EDGE('',*,*,#2566,.F.);
#1724=ORIENTED_EDGE('',*,*,#2567,.F.);
#1725=ORIENTED_EDGE('',*,*,#2568,.T.);
#1726=ORIENTED_EDGE('',*,*,#2569,.T.);
#1727=ORIENTED_EDGE('',*,*,#2570,.F.);
#1728=ORIENTED_EDGE('',*,*,#2571,.F.);
#1729=ORIENTED_EDGE('',*,*,#2572,.T.);
#1730=ORIENTED_EDGE('',*,*,#2573,.F.);
#1731=ORIENTED_EDGE('',*,*,#2572,.F.);
#1732=ORIENTED_EDGE('',*,*,#2574,.F.);
#1733=ORIENTED_EDGE('',*,*,#2559,.T.);
#1734=ORIENTED_EDGE('',*,*,#2575,.F.);
#1735=ORIENTED_EDGE('',*,*,#2563,.T.);
#1736=ORIENTED_EDGE('',*,*,#2576,.T.);
#1737=ORIENTED_EDGE('',*,*,#2568,.F.);
#1738=ORIENTED_EDGE('',*,*,#2577,.F.);
#1739=ORIENTED_EDGE('',*,*,#2561,.F.);
#1740=ORIENTED_EDGE('',*,*,#2578,.T.);
#1741=ORIENTED_EDGE('',*,*,#2570,.T.);
#1742=ORIENTED_EDGE('',*,*,#2562,.T.);
#1743=ORIENTED_EDGE('',*,*,#2577,.T.);
#1744=ORIENTED_EDGE('',*,*,#2569,.F.);
#1745=ORIENTED_EDGE('',*,*,#2576,.F.);
#1746=ORIENTED_EDGE('',*,*,#2560,.F.);
#1747=ORIENTED_EDGE('',*,*,#2574,.T.);
#1748=ORIENTED_EDGE('',*,*,#2571,.T.);
#1749=ORIENTED_EDGE('',*,*,#2578,.F.);
#1750=ORIENTED_EDGE('',*,*,#2565,.T.);
#1751=ORIENTED_EDGE('',*,*,#2573,.T.);
#1752=ORIENTED_EDGE('',*,*,#2567,.T.);
#1753=ORIENTED_EDGE('',*,*,#2579,.F.);
#1754=ORIENTED_EDGE('',*,*,#2566,.T.);
#1755=ORIENTED_EDGE('',*,*,#2579,.T.);
#1756=ORIENTED_EDGE('',*,*,#2580,.F.);
#1757=ORIENTED_EDGE('',*,*,#2564,.F.);
#1758=ORIENTED_EDGE('',*,*,#2575,.T.);
#1759=ORIENTED_EDGE('',*,*,#2558,.F.);
#1760=ORIENTED_EDGE('',*,*,#2580,.T.);
#1761=ORIENTED_EDGE('',*,*,#2557,.F.);
#1762=ORIENTED_EDGE('',*,*,#2581,.F.);
#1763=ORIENTED_EDGE('',*,*,#2582,.F.);
#1764=ORIENTED_EDGE('',*,*,#2583,.T.);
#1765=ORIENTED_EDGE('',*,*,#2584,.T.);
#1766=ORIENTED_EDGE('',*,*,#2585,.F.);
#1767=ORIENTED_EDGE('',*,*,#2586,.T.);
#1768=ORIENTED_EDGE('',*,*,#2587,.F.);
#1769=ORIENTED_EDGE('',*,*,#2588,.F.);
#1770=ORIENTED_EDGE('',*,*,#2582,.T.);
#1771=ORIENTED_EDGE('',*,*,#2589,.T.);
#1772=ORIENTED_EDGE('',*,*,#2590,.F.);
#1773=ORIENTED_EDGE('',*,*,#2591,.T.);
#1774=ORIENTED_EDGE('',*,*,#2587,.T.);
#1775=ORIENTED_EDGE('',*,*,#2592,.T.);
#1776=ORIENTED_EDGE('',*,*,#2590,.T.);
#1777=ORIENTED_EDGE('',*,*,#2593,.T.);
#1778=ORIENTED_EDGE('',*,*,#2594,.F.);
#1779=ORIENTED_EDGE('',*,*,#2595,.T.);
#1780=ORIENTED_EDGE('',*,*,#2596,.F.);
#1781=ORIENTED_EDGE('',*,*,#2597,.F.);
#1782=ORIENTED_EDGE('',*,*,#2598,.F.);
#1783=ORIENTED_EDGE('',*,*,#2599,.T.);
#1784=ORIENTED_EDGE('',*,*,#2600,.F.);
#1785=ORIENTED_EDGE('',*,*,#2594,.T.);
#1786=ORIENTED_EDGE('',*,*,#2601,.F.);
#1787=ORIENTED_EDGE('',*,*,#2584,.F.);
#1788=ORIENTED_EDGE('',*,*,#2602,.T.);
#1789=ORIENTED_EDGE('',*,*,#2596,.T.);
#1790=ORIENTED_EDGE('',*,*,#2581,.T.);
#1791=ORIENTED_EDGE('',*,*,#2601,.T.);
#1792=ORIENTED_EDGE('',*,*,#2593,.F.);
#1793=ORIENTED_EDGE('',*,*,#2589,.F.);
#1794=ORIENTED_EDGE('',*,*,#2583,.F.);
#1795=ORIENTED_EDGE('',*,*,#2588,.T.);
#1796=ORIENTED_EDGE('',*,*,#2597,.T.);
#1797=ORIENTED_EDGE('',*,*,#2602,.F.);
#1798=ORIENTED_EDGE('',*,*,#2598,.T.);
#1799=ORIENTED_EDGE('',*,*,#2595,.F.);
#1800=ORIENTED_EDGE('',*,*,#2600,.T.);
#1801=ORIENTED_EDGE('',*,*,#2603,.F.);
#1802=ORIENTED_EDGE('',*,*,#2603,.T.);
#1803=ORIENTED_EDGE('',*,*,#2599,.F.);
#1804=ORIENTED_EDGE('',*,*,#2585,.T.);
#1805=ORIENTED_EDGE('',*,*,#2604,.T.);
#1806=ORIENTED_EDGE('',*,*,#2604,.F.);
#1807=ORIENTED_EDGE('',*,*,#2591,.F.);
#1808=ORIENTED_EDGE('',*,*,#2592,.F.);
#1809=ORIENTED_EDGE('',*,*,#2586,.F.);
#1810=ORIENTED_EDGE('',*,*,#2605,.F.);
#1811=ORIENTED_EDGE('',*,*,#2606,.F.);
#1812=ORIENTED_EDGE('',*,*,#2607,.T.);
#1813=ORIENTED_EDGE('',*,*,#2608,.T.);
#1814=ORIENTED_EDGE('',*,*,#2609,.F.);
#1815=ORIENTED_EDGE('',*,*,#2610,.T.);
#1816=ORIENTED_EDGE('',*,*,#2611,.F.);
#1817=ORIENTED_EDGE('',*,*,#2612,.F.);
#1818=ORIENTED_EDGE('',*,*,#2606,.T.);
#1819=ORIENTED_EDGE('',*,*,#2613,.T.);
#1820=ORIENTED_EDGE('',*,*,#2614,.F.);
#1821=ORIENTED_EDGE('',*,*,#2615,.T.);
#1822=ORIENTED_EDGE('',*,*,#2611,.T.);
#1823=ORIENTED_EDGE('',*,*,#2616,.T.);
#1824=ORIENTED_EDGE('',*,*,#2614,.T.);
#1825=ORIENTED_EDGE('',*,*,#2617,.T.);
#1826=ORIENTED_EDGE('',*,*,#2618,.F.);
#1827=ORIENTED_EDGE('',*,*,#2619,.F.);
#1828=ORIENTED_EDGE('',*,*,#2620,.F.);
#1829=ORIENTED_EDGE('',*,*,#2608,.F.);
#1830=ORIENTED_EDGE('',*,*,#2621,.T.);
#1831=ORIENTED_EDGE('',*,*,#2618,.T.);
#1832=ORIENTED_EDGE('',*,*,#2605,.T.);
#1833=ORIENTED_EDGE('',*,*,#2620,.T.);
#1834=ORIENTED_EDGE('',*,*,#2617,.F.);
#1835=ORIENTED_EDGE('',*,*,#2613,.F.);
#1836=ORIENTED_EDGE('',*,*,#2607,.F.);
#1837=ORIENTED_EDGE('',*,*,#2612,.T.);
#1838=ORIENTED_EDGE('',*,*,#2619,.T.);
#1839=ORIENTED_EDGE('',*,*,#2621,.F.);
#1840=ORIENTED_EDGE('',*,*,#2609,.T.);
#1841=ORIENTED_EDGE('',*,*,#2622,.T.);
#1842=ORIENTED_EDGE('',*,*,#2622,.F.);
#1843=ORIENTED_EDGE('',*,*,#2615,.F.);
#1844=ORIENTED_EDGE('',*,*,#2616,.F.);
#1845=ORIENTED_EDGE('',*,*,#2610,.F.);
#1846=EDGE_CURVE('',#2623,#2624,#3160,.T.);
#1847=EDGE_CURVE('',#2625,#2623,#3161,.T.);
#1848=EDGE_CURVE('',#2625,#2626,#3162,.T.);
#1849=EDGE_CURVE('',#2626,#2624,#3163,.T.);
#1850=EDGE_CURVE('',#2623,#2627,#3164,.T.);
#1851=EDGE_CURVE('',#2628,#2627,#3165,.T.);
#1852=EDGE_CURVE('',#2625,#2628,#3166,.F.);
#1853=EDGE_CURVE('',#2627,#2629,#3167,.T.);
#1854=EDGE_CURVE('',#2630,#2629,#3168,.T.);
#1855=EDGE_CURVE('',#2628,#2630,#3169,.T.);
#1856=EDGE_CURVE('',#2624,#2629,#3170,.T.);
#1857=EDGE_CURVE('',#2626,#2630,#3171,.F.);
#1858=EDGE_CURVE('',#2631,#2632,#3172,.T.);
#1859=EDGE_CURVE('',#2633,#2631,#3173,.T.);
#1860=EDGE_CURVE('',#2633,#2634,#3174,.T.);
#1861=EDGE_CURVE('',#2634,#2632,#3175,.T.);
#1862=EDGE_CURVE('',#2631,#2635,#3176,.T.);
#1863=EDGE_CURVE('',#2636,#2635,#3177,.T.);
#1864=EDGE_CURVE('',#2633,#2636,#3178,.F.);
#1865=EDGE_CURVE('',#2635,#2637,#3179,.T.);
#1866=EDGE_CURVE('',#2638,#2637,#3180,.T.);
#1867=EDGE_CURVE('',#2636,#2638,#3181,.T.);
#1868=EDGE_CURVE('',#2632,#2637,#3182,.T.);
#1869=EDGE_CURVE('',#2634,#2638,#3183,.F.);
#1870=EDGE_CURVE('',#2639,#2639,#61,.F.);
#1871=EDGE_CURVE('',#2640,#2640,#62,.F.);
#1872=EDGE_CURVE('',#2641,#2641,#63,.F.);
#1873=EDGE_CURVE('',#2642,#2643,#3184,.T.);
#1874=EDGE_CURVE('',#2644,#2642,#3185,.T.);
#1875=EDGE_CURVE('',#2645,#2644,#64,.F.);
#1876=EDGE_CURVE('',#2645,#2646,#3186,.T.);
#1877=EDGE_CURVE('',#2646,#2643,#3187,.T.);
#1878=EDGE_CURVE('',#2647,#2648,#3188,.T.);
#1879=EDGE_CURVE('',#2647,#2649,#3189,.F.);
#1880=EDGE_CURVE('',#2649,#2650,#3190,.T.);
#1881=EDGE_CURVE('',#2650,#2648,#3191,.T.);
#1882=EDGE_CURVE('',#2651,#2652,#3192,.T.);
#1883=EDGE_CURVE('',#2652,#2653,#3193,.T.);
#1884=EDGE_CURVE('',#2654,#2653,#3194,.T.);
#1885=EDGE_CURVE('',#2651,#2654,#3195,.T.);
#1886=EDGE_CURVE('',#2653,#2648,#3196,.T.);
#1887=EDGE_CURVE('',#2652,#2655,#3197,.T.);
#1888=EDGE_CURVE('',#2647,#2655,#65,.F.);
#1889=EDGE_CURVE('',#2656,#2655,#3198,.T.);
#1890=EDGE_CURVE('',#2656,#2649,#10,.T.);
#1891=EDGE_CURVE('',#2650,#2642,#3199,.T.);
#1892=EDGE_CURVE('',#2654,#2643,#3200,.T.);
#1893=EDGE_CURVE('',#2645,#2656,#3201,.F.);
#1894=EDGE_CURVE('',#2651,#2646,#3202,.T.);
#1895=EDGE_CURVE('',#2649,#2644,#3203,.T.);
#1896=EDGE_CURVE('',#2657,#2657,#66,.T.);
#1897=EDGE_CURVE('',#2658,#2658,#67,.T.);
#1898=EDGE_CURVE('',#2659,#2659,#68,.T.);
#1899=EDGE_CURVE('',#2660,#2661,#3204,.T.);
#1900=EDGE_CURVE('',#2662,#2660,#3205,.T.);
#1901=EDGE_CURVE('',#2662,#2663,#3206,.T.);
#1902=EDGE_CURVE('',#2663,#2661,#3207,.T.);
#1903=EDGE_CURVE('',#2660,#2664,#3208,.T.);
#1904=EDGE_CURVE('',#2665,#2664,#3209,.T.);
#1905=EDGE_CURVE('',#2662,#2665,#3210,.F.);
#1906=EDGE_CURVE('',#2664,#2666,#3211,.T.);
#1907=EDGE_CURVE('',#2667,#2666,#3212,.T.);
#1908=EDGE_CURVE('',#2665,#2667,#3213,.T.);
#1909=EDGE_CURVE('',#2661,#2666,#3214,.T.);
#1910=EDGE_CURVE('',#2663,#2667,#3215,.F.);
#1911=EDGE_CURVE('',#2668,#2669,#3216,.T.);
#1912=EDGE_CURVE('',#2670,#2668,#3217,.T.);
#1913=EDGE_CURVE('',#2670,#2671,#3218,.T.);
#1914=EDGE_CURVE('',#2671,#2669,#3219,.T.);
#1915=EDGE_CURVE('',#2668,#2672,#3220,.T.);
#1916=EDGE_CURVE('',#2673,#2672,#3221,.T.);
#1917=EDGE_CURVE('',#2670,#2673,#3222,.F.);
#1918=EDGE_CURVE('',#2672,#2674,#3223,.T.);
#1919=EDGE_CURVE('',#2675,#2674,#3224,.T.);
#1920=EDGE_CURVE('',#2673,#2675,#3225,.T.);
#1921=EDGE_CURVE('',#2669,#2674,#3226,.T.);
#1922=EDGE_CURVE('',#2671,#2675,#3227,.F.);
#1923=EDGE_CURVE('',#2676,#2677,#3228,.T.);
#1924=EDGE_CURVE('',#2678,#2676,#3229,.T.);
#1925=EDGE_CURVE('',#2678,#2679,#3230,.T.);
#1926=EDGE_CURVE('',#2679,#2677,#3231,.T.);
#1927=EDGE_CURVE('',#2676,#2680,#3232,.T.);
#1928=EDGE_CURVE('',#2681,#2680,#3233,.T.);
#1929=EDGE_CURVE('',#2678,#2681,#3234,.F.);
#1930=EDGE_CURVE('',#2680,#2682,#3235,.T.);
#1931=EDGE_CURVE('',#2683,#2682,#3236,.T.);
#1932=EDGE_CURVE('',#2681,#2683,#3237,.T.);
#1933=EDGE_CURVE('',#2677,#2682,#3238,.T.);
#1934=EDGE_CURVE('',#2679,#2683,#3239,.F.);
#1935=EDGE_CURVE('',#2684,#2685,#3240,.T.);
#1936=EDGE_CURVE('',#2686,#2684,#3241,.T.);
#1937=EDGE_CURVE('',#2686,#2687,#3242,.T.);
#1938=EDGE_CURVE('',#2687,#2685,#3243,.T.);
#1939=EDGE_CURVE('',#2684,#2688,#3244,.T.);
#1940=EDGE_CURVE('',#2689,#2688,#3245,.T.);
#1941=EDGE_CURVE('',#2686,#2689,#3246,.F.);
#1942=EDGE_CURVE('',#2688,#2690,#3247,.T.);
#1943=EDGE_CURVE('',#2691,#2690,#3248,.T.);
#1944=EDGE_CURVE('',#2689,#2691,#3249,.T.);
#1945=EDGE_CURVE('',#2685,#2690,#3250,.T.);
#1946=EDGE_CURVE('',#2687,#2691,#3251,.F.);
#1947=EDGE_CURVE('',#2692,#2693,#3252,.T.);
#1948=EDGE_CURVE('',#2694,#2692,#3253,.T.);
#1949=EDGE_CURVE('',#2694,#2695,#3254,.T.);
#1950=EDGE_CURVE('',#2695,#2693,#3255,.T.);
#1951=EDGE_CURVE('',#2692,#2696,#3256,.T.);
#1952=EDGE_CURVE('',#2697,#2696,#3257,.T.);
#1953=EDGE_CURVE('',#2694,#2697,#3258,.F.);
#1954=EDGE_CURVE('',#2696,#2698,#3259,.T.);
#1955=EDGE_CURVE('',#2699,#2698,#3260,.T.);
#1956=EDGE_CURVE('',#2697,#2699,#3261,.T.);
#1957=EDGE_CURVE('',#2693,#2698,#3262,.T.);
#1958=EDGE_CURVE('',#2695,#2699,#3263,.F.);
#1959=EDGE_CURVE('',#2700,#2701,#3264,.T.);
#1960=EDGE_CURVE('',#2702,#2700,#3265,.T.);
#1961=EDGE_CURVE('',#2702,#2703,#3266,.T.);
#1962=EDGE_CURVE('',#2703,#2701,#3267,.T.);
#1963=EDGE_CURVE('',#2700,#2704,#3268,.T.);
#1964=EDGE_CURVE('',#2705,#2704,#3269,.T.);
#1965=EDGE_CURVE('',#2702,#2705,#3270,.F.);
#1966=EDGE_CURVE('',#2704,#2706,#3271,.T.);
#1967=EDGE_CURVE('',#2707,#2706,#3272,.T.);
#1968=EDGE_CURVE('',#2705,#2707,#3273,.T.);
#1969=EDGE_CURVE('',#2701,#2706,#3274,.T.);
#1970=EDGE_CURVE('',#2703,#2707,#3275,.F.);
#1971=EDGE_CURVE('',#2708,#2709,#3276,.T.);
#1972=EDGE_CURVE('',#2710,#2708,#3277,.T.);
#1973=EDGE_CURVE('',#2710,#2711,#3278,.T.);
#1974=EDGE_CURVE('',#2711,#2709,#3279,.T.);
#1975=EDGE_CURVE('',#2708,#2712,#3280,.T.);
#1976=EDGE_CURVE('',#2713,#2712,#3281,.T.);
#1977=EDGE_CURVE('',#2710,#2713,#3282,.F.);
#1978=EDGE_CURVE('',#2712,#2714,#3283,.T.);
#1979=EDGE_CURVE('',#2715,#2714,#3284,.T.);
#1980=EDGE_CURVE('',#2713,#2715,#3285,.T.);
#1981=EDGE_CURVE('',#2709,#2714,#3286,.T.);
#1982=EDGE_CURVE('',#2711,#2715,#3287,.F.);
#1983=EDGE_CURVE('',#2716,#2717,#3288,.T.);
#1984=EDGE_CURVE('',#2718,#2716,#3289,.T.);
#1985=EDGE_CURVE('',#2718,#2719,#3290,.T.);
#1986=EDGE_CURVE('',#2719,#2717,#3291,.T.);
#1987=EDGE_CURVE('',#2716,#2720,#3292,.T.);
#1988=EDGE_CURVE('',#2721,#2720,#3293,.T.);
#1989=EDGE_CURVE('',#2718,#2721,#3294,.F.);
#1990=EDGE_CURVE('',#2720,#2722,#3295,.T.);
#1991=EDGE_CURVE('',#2723,#2722,#3296,.T.);
#1992=EDGE_CURVE('',#2721,#2723,#3297,.T.);
#1993=EDGE_CURVE('',#2717,#2722,#3298,.T.);
#1994=EDGE_CURVE('',#2719,#2723,#3299,.F.);
#1995=EDGE_CURVE('',#2724,#2725,#3300,.T.);
#1996=EDGE_CURVE('',#2726,#2724,#3301,.T.);
#1997=EDGE_CURVE('',#2726,#2727,#3302,.T.);
#1998=EDGE_CURVE('',#2727,#2725,#3303,.T.);
#1999=EDGE_CURVE('',#2724,#2728,#3304,.T.);
#2000=EDGE_CURVE('',#2729,#2728,#3305,.T.);
#2001=EDGE_CURVE('',#2726,#2729,#3306,.F.);
#2002=EDGE_CURVE('',#2728,#2730,#3307,.T.);
#2003=EDGE_CURVE('',#2731,#2730,#3308,.T.);
#2004=EDGE_CURVE('',#2729,#2731,#3309,.T.);
#2005=EDGE_CURVE('',#2725,#2730,#3310,.T.);
#2006=EDGE_CURVE('',#2727,#2731,#3311,.F.);
#2007=EDGE_CURVE('',#2732,#2733,#3312,.T.);
#2008=EDGE_CURVE('',#2734,#2732,#3313,.T.);
#2009=EDGE_CURVE('',#2734,#2735,#3314,.T.);
#2010=EDGE_CURVE('',#2735,#2733,#3315,.T.);
#2011=EDGE_CURVE('',#2732,#2736,#3316,.T.);
#2012=EDGE_CURVE('',#2737,#2736,#3317,.T.);
#2013=EDGE_CURVE('',#2734,#2737,#3318,.F.);
#2014=EDGE_CURVE('',#2736,#2738,#3319,.T.);
#2015=EDGE_CURVE('',#2739,#2738,#3320,.T.);
#2016=EDGE_CURVE('',#2737,#2739,#3321,.T.);
#2017=EDGE_CURVE('',#2733,#2738,#3322,.T.);
#2018=EDGE_CURVE('',#2735,#2739,#3323,.F.);
#2019=EDGE_CURVE('',#2740,#2741,#3324,.T.);
#2020=EDGE_CURVE('',#2742,#2740,#3325,.T.);
#2021=EDGE_CURVE('',#2742,#2743,#3326,.T.);
#2022=EDGE_CURVE('',#2743,#2741,#3327,.T.);
#2023=EDGE_CURVE('',#2740,#2744,#3328,.T.);
#2024=EDGE_CURVE('',#2745,#2744,#3329,.T.);
#2025=EDGE_CURVE('',#2742,#2745,#3330,.F.);
#2026=EDGE_CURVE('',#2744,#2746,#3331,.T.);
#2027=EDGE_CURVE('',#2747,#2746,#3332,.T.);
#2028=EDGE_CURVE('',#2745,#2747,#3333,.T.);
#2029=EDGE_CURVE('',#2741,#2746,#3334,.T.);
#2030=EDGE_CURVE('',#2743,#2747,#3335,.F.);
#2031=EDGE_CURVE('',#2748,#2749,#3336,.T.);
#2032=EDGE_CURVE('',#2750,#2748,#3337,.T.);
#2033=EDGE_CURVE('',#2750,#2751,#3338,.T.);
#2034=EDGE_CURVE('',#2751,#2749,#3339,.T.);
#2035=EDGE_CURVE('',#2748,#2752,#3340,.T.);
#2036=EDGE_CURVE('',#2753,#2752,#3341,.T.);
#2037=EDGE_CURVE('',#2750,#2753,#3342,.F.);
#2038=EDGE_CURVE('',#2752,#2754,#3343,.T.);
#2039=EDGE_CURVE('',#2755,#2754,#3344,.T.);
#2040=EDGE_CURVE('',#2753,#2755,#3345,.T.);
#2041=EDGE_CURVE('',#2749,#2754,#3346,.T.);
#2042=EDGE_CURVE('',#2751,#2755,#3347,.F.);
#2043=EDGE_CURVE('',#2756,#2757,#3348,.T.);
#2044=EDGE_CURVE('',#2758,#2756,#3349,.T.);
#2045=EDGE_CURVE('',#2758,#2759,#3350,.T.);
#2046=EDGE_CURVE('',#2759,#2757,#3351,.T.);
#2047=EDGE_CURVE('',#2756,#2760,#3352,.T.);
#2048=EDGE_CURVE('',#2761,#2760,#3353,.T.);
#2049=EDGE_CURVE('',#2758,#2761,#3354,.F.);
#2050=EDGE_CURVE('',#2760,#2762,#3355,.T.);
#2051=EDGE_CURVE('',#2763,#2762,#3356,.T.);
#2052=EDGE_CURVE('',#2761,#2763,#3357,.T.);
#2053=EDGE_CURVE('',#2757,#2762,#3358,.T.);
#2054=EDGE_CURVE('',#2759,#2763,#3359,.F.);
#2055=EDGE_CURVE('',#2764,#2765,#3360,.T.);
#2056=EDGE_CURVE('',#2766,#2764,#3361,.T.);
#2057=EDGE_CURVE('',#2766,#2767,#3362,.T.);
#2058=EDGE_CURVE('',#2767,#2765,#3363,.T.);
#2059=EDGE_CURVE('',#2764,#2768,#3364,.T.);
#2060=EDGE_CURVE('',#2769,#2768,#3365,.T.);
#2061=EDGE_CURVE('',#2766,#2769,#3366,.F.);
#2062=EDGE_CURVE('',#2768,#2770,#3367,.T.);
#2063=EDGE_CURVE('',#2771,#2770,#3368,.T.);
#2064=EDGE_CURVE('',#2769,#2771,#3369,.T.);
#2065=EDGE_CURVE('',#2765,#2770,#3370,.T.);
#2066=EDGE_CURVE('',#2767,#2771,#3371,.F.);
#2067=EDGE_CURVE('',#2772,#2772,#69,.T.);
#2068=EDGE_CURVE('',#2773,#2773,#70,.T.);
#2069=EDGE_CURVE('',#2774,#2774,#71,.T.);
#2070=EDGE_CURVE('',#2775,#2775,#72,.T.);
#2071=EDGE_CURVE('',#2776,#2776,#73,.T.);
#2072=EDGE_CURVE('',#2777,#2777,#74,.T.);
#2073=EDGE_CURVE('',#2778,#2778,#75,.T.);
#2074=EDGE_CURVE('',#2779,#2779,#76,.T.);
#2075=EDGE_CURVE('',#2780,#2780,#77,.T.);
#2076=EDGE_CURVE('',#2781,#2781,#78,.T.);
#2077=EDGE_CURVE('',#2782,#2782,#79,.T.);
#2078=EDGE_CURVE('',#2783,#2783,#80,.T.);
#2079=EDGE_CURVE('',#2784,#2784,#81,.T.);
#2080=EDGE_CURVE('',#2785,#2785,#82,.T.);
#2081=EDGE_CURVE('',#2786,#2786,#83,.T.);
#2082=EDGE_CURVE('',#2787,#2787,#84,.T.);
#2083=EDGE_CURVE('',#2788,#2788,#85,.T.);
#2084=EDGE_CURVE('',#2789,#2789,#86,.T.);
#2085=EDGE_CURVE('',#2790,#2791,#3372,.T.);
#2086=EDGE_CURVE('',#2792,#2790,#3373,.T.);
#2087=EDGE_CURVE('',#2792,#2793,#3374,.T.);
#2088=EDGE_CURVE('',#2793,#2791,#3375,.T.);
#2089=EDGE_CURVE('',#2790,#2794,#3376,.T.);
#2090=EDGE_CURVE('',#2795,#2794,#3377,.T.);
#2091=EDGE_CURVE('',#2792,#2795,#3378,.F.);
#2092=EDGE_CURVE('',#2794,#2796,#3379,.T.);
#2093=EDGE_CURVE('',#2797,#2796,#3380,.T.);
#2094=EDGE_CURVE('',#2795,#2797,#3381,.T.);
#2095=EDGE_CURVE('',#2791,#2796,#3382,.T.);
#2096=EDGE_CURVE('',#2793,#2797,#3383,.F.);
#2097=EDGE_CURVE('',#2798,#2799,#3384,.T.);
#2098=EDGE_CURVE('',#2798,#2800,#3385,.T.);
#2099=EDGE_CURVE('',#2800,#2801,#3386,.T.);
#2100=EDGE_CURVE('',#2799,#2801,#3387,.T.);
#2101=EDGE_CURVE('',#2800,#2802,#3388,.F.);
#2102=EDGE_CURVE('',#2802,#2803,#3389,.T.);
#2103=EDGE_CURVE('',#2803,#2801,#3390,.T.);
#2104=EDGE_CURVE('',#2804,#2805,#3391,.T.);
#2105=EDGE_CURVE('',#2804,#2806,#3392,.T.);
#2106=EDGE_CURVE('',#2806,#2807,#3393,.T.);
#2107=EDGE_CURVE('',#2805,#2807,#3394,.T.);
#2108=EDGE_CURVE('',#2808,#2806,#3395,.T.);
#2109=EDGE_CURVE('',#2808,#2809,#3396,.T.);
#2110=EDGE_CURVE('',#2809,#2807,#3397,.T.);
#2111=EDGE_CURVE('',#2804,#2810,#3398,.T.);
#2112=EDGE_CURVE('',#2810,#2811,#3399,.T.);
#2113=EDGE_CURVE('',#2811,#2812,#3400,.F.);
#2114=EDGE_CURVE('',#2812,#2808,#3401,.T.);
#2115=EDGE_CURVE('',#2805,#2803,#3402,.T.);
#2116=EDGE_CURVE('',#2799,#2809,#3403,.T.);
#2117=EDGE_CURVE('',#2812,#2798,#87,.F.);
#2118=EDGE_CURVE('',#2800,#2811,#11,.F.);
#2119=EDGE_CURVE('',#2802,#2810,#88,.F.);
#2120=EDGE_CURVE('',#2813,#2813,#89,.F.);
#2121=EDGE_CURVE('',#2814,#2814,#90,.F.);
#2122=EDGE_CURVE('',#2815,#2815,#91,.F.);
#2123=EDGE_CURVE('',#2816,#2816,#92,.T.);
#2124=EDGE_CURVE('',#2817,#2817,#93,.T.);
#2125=EDGE_CURVE('',#2818,#2818,#94,.T.);
#2126=EDGE_CURVE('',#2819,#2820,#3404,.T.);
#2127=EDGE_CURVE('',#2821,#2819,#3405,.T.);
#2128=EDGE_CURVE('',#2821,#2822,#3406,.T.);
#2129=EDGE_CURVE('',#2822,#2820,#3407,.T.);
#2130=EDGE_CURVE('',#2819,#2823,#3408,.T.);
#2131=EDGE_CURVE('',#2824,#2823,#3409,.T.);
#2132=EDGE_CURVE('',#2821,#2824,#3410,.F.);
#2133=EDGE_CURVE('',#2823,#2825,#3411,.T.);
#2134=EDGE_CURVE('',#2826,#2825,#3412,.T.);
#2135=EDGE_CURVE('',#2824,#2826,#3413,.T.);
#2136=EDGE_CURVE('',#2820,#2825,#3414,.T.);
#2137=EDGE_CURVE('',#2822,#2826,#3415,.F.);
#2138=EDGE_CURVE('',#2827,#2828,#3416,.T.);
#2139=EDGE_CURVE('',#2829,#2827,#3417,.T.);
#2140=EDGE_CURVE('',#2829,#2830,#3418,.T.);
#2141=EDGE_CURVE('',#2830,#2828,#3419,.T.);
#2142=EDGE_CURVE('',#2827,#2831,#3420,.T.);
#2143=EDGE_CURVE('',#2832,#2831,#3421,.T.);
#2144=EDGE_CURVE('',#2829,#2832,#3422,.F.);
#2145=EDGE_CURVE('',#2831,#2833,#3423,.T.);
#2146=EDGE_CURVE('',#2834,#2833,#3424,.T.);
#2147=EDGE_CURVE('',#2832,#2834,#3425,.T.);
#2148=EDGE_CURVE('',#2828,#2833,#3426,.T.);
#2149=EDGE_CURVE('',#2830,#2834,#3427,.F.);
#2150=EDGE_CURVE('',#2835,#2836,#3428,.T.);
#2151=EDGE_CURVE('',#2837,#2835,#3429,.T.);
#2152=EDGE_CURVE('',#2837,#2838,#3430,.T.);
#2153=EDGE_CURVE('',#2838,#2836,#3431,.T.);
#2154=EDGE_CURVE('',#2835,#2839,#3432,.T.);
#2155=EDGE_CURVE('',#2840,#2839,#3433,.T.);
#2156=EDGE_CURVE('',#2837,#2840,#3434,.F.);
#2157=EDGE_CURVE('',#2839,#2841,#3435,.T.);
#2158=EDGE_CURVE('',#2842,#2841,#3436,.T.);
#2159=EDGE_CURVE('',#2840,#2842,#3437,.T.);
#2160=EDGE_CURVE('',#2836,#2841,#3438,.T.);
#2161=EDGE_CURVE('',#2838,#2842,#3439,.F.);
#2162=EDGE_CURVE('',#2843,#2844,#3440,.T.);
#2163=EDGE_CURVE('',#2845,#2843,#3441,.T.);
#2164=EDGE_CURVE('',#2845,#2846,#3442,.T.);
#2165=EDGE_CURVE('',#2846,#2844,#3443,.T.);
#2166=EDGE_CURVE('',#2843,#2847,#3444,.T.);
#2167=EDGE_CURVE('',#2848,#2847,#3445,.T.);
#2168=EDGE_CURVE('',#2845,#2848,#3446,.F.);
#2169=EDGE_CURVE('',#2847,#2849,#3447,.T.);
#2170=EDGE_CURVE('',#2850,#2849,#3448,.T.);
#2171=EDGE_CURVE('',#2848,#2850,#3449,.T.);
#2172=EDGE_CURVE('',#2844,#2849,#3450,.T.);
#2173=EDGE_CURVE('',#2846,#2850,#3451,.F.);
#2174=EDGE_CURVE('',#2851,#2852,#3452,.T.);
#2175=EDGE_CURVE('',#2853,#2851,#3453,.T.);
#2176=EDGE_CURVE('',#2853,#2854,#3454,.T.);
#2177=EDGE_CURVE('',#2854,#2852,#3455,.T.);
#2178=EDGE_CURVE('',#2851,#2855,#3456,.T.);
#2179=EDGE_CURVE('',#2856,#2855,#3457,.T.);
#2180=EDGE_CURVE('',#2853,#2856,#3458,.F.);
#2181=EDGE_CURVE('',#2855,#2857,#3459,.T.);
#2182=EDGE_CURVE('',#2858,#2857,#3460,.T.);
#2183=EDGE_CURVE('',#2856,#2858,#3461,.T.);
#2184=EDGE_CURVE('',#2852,#2857,#3462,.T.);
#2185=EDGE_CURVE('',#2854,#2858,#3463,.F.);
#2186=EDGE_CURVE('',#2859,#2860,#3464,.T.);
#2187=EDGE_CURVE('',#2861,#2859,#3465,.T.);
#2188=EDGE_CURVE('',#2861,#2862,#3466,.T.);
#2189=EDGE_CURVE('',#2862,#2860,#3467,.T.);
#2190=EDGE_CURVE('',#2859,#2863,#3468,.T.);
#2191=EDGE_CURVE('',#2864,#2863,#3469,.T.);
#2192=EDGE_CURVE('',#2861,#2864,#3470,.F.);
#2193=EDGE_CURVE('',#2863,#2865,#3471,.T.);
#2194=EDGE_CURVE('',#2866,#2865,#3472,.T.);
#2195=EDGE_CURVE('',#2864,#2866,#3473,.T.);
#2196=EDGE_CURVE('',#2860,#2865,#3474,.T.);
#2197=EDGE_CURVE('',#2862,#2866,#3475,.F.);
#2198=EDGE_CURVE('',#2867,#2868,#3476,.T.);
#2199=EDGE_CURVE('',#2869,#2867,#3477,.T.);
#2200=EDGE_CURVE('',#2869,#2870,#3478,.T.);
#2201=EDGE_CURVE('',#2870,#2868,#3479,.T.);
#2202=EDGE_CURVE('',#2867,#2871,#3480,.T.);
#2203=EDGE_CURVE('',#2872,#2871,#3481,.T.);
#2204=EDGE_CURVE('',#2869,#2872,#3482,.F.);
#2205=EDGE_CURVE('',#2871,#2873,#3483,.T.);
#2206=EDGE_CURVE('',#2874,#2873,#3484,.T.);
#2207=EDGE_CURVE('',#2872,#2874,#3485,.T.);
#2208=EDGE_CURVE('',#2868,#2873,#3486,.T.);
#2209=EDGE_CURVE('',#2870,#2874,#3487,.F.);
#2210=EDGE_CURVE('',#2875,#2876,#3488,.T.);
#2211=EDGE_CURVE('',#2877,#2875,#3489,.T.);
#2212=EDGE_CURVE('',#2877,#2878,#3490,.T.);
#2213=EDGE_CURVE('',#2878,#2876,#3491,.T.);
#2214=EDGE_CURVE('',#2875,#2879,#3492,.T.);
#2215=EDGE_CURVE('',#2880,#2879,#3493,.T.);
#2216=EDGE_CURVE('',#2877,#2880,#3494,.F.);
#2217=EDGE_CURVE('',#2879,#2881,#3495,.T.);
#2218=EDGE_CURVE('',#2882,#2881,#3496,.T.);
#2219=EDGE_CURVE('',#2880,#2882,#3497,.T.);
#2220=EDGE_CURVE('',#2876,#2881,#3498,.T.);
#2221=EDGE_CURVE('',#2878,#2882,#3499,.F.);
#2222=EDGE_CURVE('',#2883,#2884,#3500,.T.);
#2223=EDGE_CURVE('',#2885,#2883,#3501,.T.);
#2224=EDGE_CURVE('',#2885,#2886,#3502,.T.);
#2225=EDGE_CURVE('',#2886,#2884,#3503,.T.);
#2226=EDGE_CURVE('',#2883,#2887,#3504,.T.);
#2227=EDGE_CURVE('',#2888,#2887,#3505,.T.);
#2228=EDGE_CURVE('',#2885,#2888,#3506,.F.);
#2229=EDGE_CURVE('',#2887,#2889,#3507,.T.);
#2230=EDGE_CURVE('',#2890,#2889,#3508,.T.);
#2231=EDGE_CURVE('',#2888,#2890,#3509,.T.);
#2232=EDGE_CURVE('',#2884,#2889,#3510,.T.);
#2233=EDGE_CURVE('',#2886,#2890,#3511,.F.);
#2234=EDGE_CURVE('',#2891,#2892,#3512,.T.);
#2235=EDGE_CURVE('',#2893,#2891,#3513,.T.);
#2236=EDGE_CURVE('',#2893,#2894,#3514,.T.);
#2237=EDGE_CURVE('',#2894,#2892,#3515,.T.);
#2238=EDGE_CURVE('',#2891,#2895,#3516,.T.);
#2239=EDGE_CURVE('',#2896,#2895,#3517,.T.);
#2240=EDGE_CURVE('',#2893,#2896,#3518,.F.);
#2241=EDGE_CURVE('',#2895,#2897,#3519,.T.);
#2242=EDGE_CURVE('',#2898,#2897,#3520,.T.);
#2243=EDGE_CURVE('',#2896,#2898,#3521,.T.);
#2244=EDGE_CURVE('',#2892,#2897,#3522,.T.);
#2245=EDGE_CURVE('',#2894,#2898,#3523,.F.);
#2246=EDGE_CURVE('',#2899,#2900,#3524,.T.);
#2247=EDGE_CURVE('',#2901,#2899,#3525,.T.);
#2248=EDGE_CURVE('',#2901,#2902,#3526,.T.);
#2249=EDGE_CURVE('',#2902,#2900,#3527,.T.);
#2250=EDGE_CURVE('',#2899,#2903,#3528,.T.);
#2251=EDGE_CURVE('',#2904,#2903,#3529,.T.);
#2252=EDGE_CURVE('',#2901,#2904,#3530,.F.);
#2253=EDGE_CURVE('',#2903,#2905,#3531,.T.);
#2254=EDGE_CURVE('',#2906,#2905,#3532,.T.);
#2255=EDGE_CURVE('',#2904,#2906,#3533,.T.);
#2256=EDGE_CURVE('',#2900,#2905,#3534,.T.);
#2257=EDGE_CURVE('',#2902,#2906,#3535,.F.);
#2258=EDGE_CURVE('',#2907,#2908,#3536,.T.);
#2259=EDGE_CURVE('',#2909,#2907,#3537,.T.);
#2260=EDGE_CURVE('',#2909,#2910,#3538,.T.);
#2261=EDGE_CURVE('',#2910,#2908,#3539,.T.);
#2262=EDGE_CURVE('',#2907,#2911,#3540,.T.);
#2263=EDGE_CURVE('',#2912,#2911,#3541,.T.);
#2264=EDGE_CURVE('',#2909,#2912,#3542,.F.);
#2265=EDGE_CURVE('',#2911,#2913,#3543,.T.);
#2266=EDGE_CURVE('',#2914,#2913,#3544,.T.);
#2267=EDGE_CURVE('',#2912,#2914,#3545,.T.);
#2268=EDGE_CURVE('',#2908,#2913,#3546,.T.);
#2269=EDGE_CURVE('',#2910,#2914,#3547,.F.);
#2270=EDGE_CURVE('',#2915,#2916,#3548,.T.);
#2271=EDGE_CURVE('',#2917,#2915,#3549,.T.);
#2272=EDGE_CURVE('',#2917,#2918,#3550,.T.);
#2273=EDGE_CURVE('',#2918,#2916,#3551,.T.);
#2274=EDGE_CURVE('',#2915,#2919,#3552,.T.);
#2275=EDGE_CURVE('',#2920,#2919,#3553,.T.);
#2276=EDGE_CURVE('',#2917,#2920,#3554,.F.);
#2277=EDGE_CURVE('',#2919,#2921,#3555,.T.);
#2278=EDGE_CURVE('',#2922,#2921,#3556,.T.);
#2279=EDGE_CURVE('',#2920,#2922,#3557,.T.);
#2280=EDGE_CURVE('',#2916,#2921,#3558,.T.);
#2281=EDGE_CURVE('',#2918,#2922,#3559,.F.);
#2282=EDGE_CURVE('',#2923,#2924,#3560,.T.);
#2283=EDGE_CURVE('',#2925,#2923,#3561,.T.);
#2284=EDGE_CURVE('',#2925,#2926,#3562,.T.);
#2285=EDGE_CURVE('',#2926,#2924,#3563,.T.);
#2286=EDGE_CURVE('',#2923,#2927,#3564,.T.);
#2287=EDGE_CURVE('',#2928,#2927,#3565,.T.);
#2288=EDGE_CURVE('',#2925,#2928,#3566,.F.);
#2289=EDGE_CURVE('',#2927,#2929,#3567,.T.);
#2290=EDGE_CURVE('',#2930,#2929,#3568,.T.);
#2291=EDGE_CURVE('',#2928,#2930,#3569,.T.);
#2292=EDGE_CURVE('',#2924,#2929,#3570,.T.);
#2293=EDGE_CURVE('',#2926,#2930,#3571,.F.);
#2294=EDGE_CURVE('',#2931,#2932,#3572,.T.);
#2295=EDGE_CURVE('',#2933,#2931,#3573,.T.);
#2296=EDGE_CURVE('',#2933,#2934,#3574,.T.);
#2297=EDGE_CURVE('',#2934,#2932,#3575,.T.);
#2298=EDGE_CURVE('',#2931,#2935,#3576,.T.);
#2299=EDGE_CURVE('',#2936,#2935,#3577,.T.);
#2300=EDGE_CURVE('',#2933,#2936,#3578,.F.);
#2301=EDGE_CURVE('',#2935,#2937,#3579,.T.);
#2302=EDGE_CURVE('',#2938,#2937,#3580,.T.);
#2303=EDGE_CURVE('',#2936,#2938,#3581,.T.);
#2304=EDGE_CURVE('',#2932,#2937,#3582,.T.);
#2305=EDGE_CURVE('',#2934,#2938,#3583,.F.);
#2306=EDGE_CURVE('',#2939,#2939,#95,.T.);
#2307=EDGE_CURVE('',#2940,#2940,#96,.T.);
#2308=EDGE_CURVE('',#2941,#2941,#97,.T.);
#2309=EDGE_CURVE('',#2942,#2942,#98,.T.);
#2310=EDGE_CURVE('',#2943,#2943,#99,.T.);
#2311=EDGE_CURVE('',#2944,#2944,#100,.T.);
#2312=EDGE_CURVE('',#2945,#2945,#101,.T.);
#2313=EDGE_CURVE('',#2946,#2946,#102,.T.);
#2314=EDGE_CURVE('',#2947,#2947,#103,.T.);
#2315=EDGE_CURVE('',#2948,#2948,#104,.T.);
#2316=EDGE_CURVE('',#2949,#2949,#105,.T.);
#2317=EDGE_CURVE('',#2950,#2950,#106,.T.);
#2318=EDGE_CURVE('',#2951,#2951,#107,.T.);
#2319=EDGE_CURVE('',#2952,#2952,#108,.T.);
#2320=EDGE_CURVE('',#2953,#2953,#109,.T.);
#2321=EDGE_CURVE('',#2954,#2954,#110,.T.);
#2322=EDGE_CURVE('',#2955,#2955,#111,.T.);
#2323=EDGE_CURVE('',#2956,#2956,#112,.T.);
#2324=EDGE_CURVE('',#2957,#2958,#3584,.T.);
#2325=EDGE_CURVE('',#2959,#2957,#3585,.T.);
#2326=EDGE_CURVE('',#2959,#2960,#3586,.T.);
#2327=EDGE_CURVE('',#2960,#2958,#3587,.T.);
#2328=EDGE_CURVE('',#2957,#2961,#3588,.T.);
#2329=EDGE_CURVE('',#2962,#2961,#3589,.T.);
#2330=EDGE_CURVE('',#2959,#2962,#3590,.F.);
#2331=EDGE_CURVE('',#2961,#2963,#3591,.T.);
#2332=EDGE_CURVE('',#2964,#2963,#3592,.T.);
#2333=EDGE_CURVE('',#2962,#2964,#3593,.T.);
#2334=EDGE_CURVE('',#2958,#2963,#3594,.T.);
#2335=EDGE_CURVE('',#2960,#2964,#3595,.F.);
#2336=EDGE_CURVE('',#2965,#2966,#3596,.T.);
#2337=EDGE_CURVE('',#2967,#2965,#3597,.T.);
#2338=EDGE_CURVE('',#2967,#2968,#3598,.T.);
#2339=EDGE_CURVE('',#2968,#2966,#3599,.T.);
#2340=EDGE_CURVE('',#2965,#2969,#3600,.T.);
#2341=EDGE_CURVE('',#2970,#2969,#3601,.T.);
#2342=EDGE_CURVE('',#2967,#2970,#3602,.F.);
#2343=EDGE_CURVE('',#2969,#2971,#3603,.T.);
#2344=EDGE_CURVE('',#2972,#2971,#3604,.T.);
#2345=EDGE_CURVE('',#2970,#2972,#3605,.T.);
#2346=EDGE_CURVE('',#2966,#2971,#3606,.T.);
#2347=EDGE_CURVE('',#2968,#2972,#3607,.F.);
#2348=EDGE_CURVE('',#2973,#2974,#3608,.T.);
#2349=EDGE_CURVE('',#2975,#2973,#3609,.T.);
#2350=EDGE_CURVE('',#2975,#2976,#3610,.T.);
#2351=EDGE_CURVE('',#2976,#2974,#3611,.T.);
#2352=EDGE_CURVE('',#2973,#2977,#3612,.T.);
#2353=EDGE_CURVE('',#2978,#2977,#3613,.T.);
#2354=EDGE_CURVE('',#2975,#2978,#3614,.F.);
#2355=EDGE_CURVE('',#2977,#2979,#3615,.T.);
#2356=EDGE_CURVE('',#2980,#2979,#3616,.T.);
#2357=EDGE_CURVE('',#2978,#2980,#3617,.T.);
#2358=EDGE_CURVE('',#2974,#2979,#3618,.T.);
#2359=EDGE_CURVE('',#2976,#2980,#3619,.F.);
#2360=EDGE_CURVE('',#2981,#2981,#113,.T.);
#2361=EDGE_CURVE('',#2982,#2982,#114,.T.);
#2362=EDGE_CURVE('',#2983,#2983,#115,.T.);
#2363=EDGE_CURVE('',#2984,#2985,#3620,.T.);
#2364=EDGE_CURVE('',#2986,#2984,#3621,.T.);
#2365=EDGE_CURVE('',#2986,#2987,#3622,.T.);
#2366=EDGE_CURVE('',#2988,#2987,#116,.F.);
#2367=EDGE_CURVE('',#2988,#2985,#3623,.T.);
#2368=EDGE_CURVE('',#2989,#2990,#3624,.T.);
#2369=EDGE_CURVE('',#2989,#2991,#3625,.T.);
#2370=EDGE_CURVE('',#2991,#2992,#3626,.T.);
#2371=EDGE_CURVE('',#2990,#2992,#3627,.T.);
#2372=EDGE_CURVE('',#2993,#2993,#117,.T.);
#2373=EDGE_CURVE('',#2994,#2994,#118,.T.);
#2374=EDGE_CURVE('',#2995,#2995,#119,.T.);
#2375=EDGE_CURVE('',#2990,#2996,#3628,.T.);
#2376=EDGE_CURVE('',#2997,#2996,#3629,.T.);
#2377=EDGE_CURVE('',#2997,#2998,#120,.F.);
#2378=EDGE_CURVE('',#2989,#2998,#3630,.T.);
#2379=EDGE_CURVE('',#2999,#2997,#3631,.F.);
#2380=EDGE_CURVE('',#2996,#3000,#3632,.T.);
#2381=EDGE_CURVE('',#2999,#3000,#3633,.T.);
#2382=EDGE_CURVE('',#3001,#2999,#12,.T.);
#2383=EDGE_CURVE('',#2998,#3001,#3634,.T.);
#2384=EDGE_CURVE('',#2992,#2984,#3635,.T.);
#2385=EDGE_CURVE('',#3000,#2985,#3636,.T.);
#2386=EDGE_CURVE('',#2988,#2999,#3637,.F.);
#2387=EDGE_CURVE('',#3001,#2987,#3638,.T.);
#2388=EDGE_CURVE('',#2991,#2986,#3639,.T.);
#2389=EDGE_CURVE('',#3002,#3002,#121,.T.);
#2390=EDGE_CURVE('',#3003,#3003,#122,.T.);
#2391=EDGE_CURVE('',#3004,#3004,#123,.T.);
#2392=EDGE_CURVE('',#3005,#3005,#124,.T.);
#2393=EDGE_CURVE('',#3006,#3006,#125,.T.);
#2394=EDGE_CURVE('',#3007,#3007,#126,.T.);
#2395=EDGE_CURVE('',#3008,#3009,#3640,.T.);
#2396=EDGE_CURVE('',#3010,#3008,#3641,.T.);
#2397=EDGE_CURVE('',#3010,#3011,#3642,.T.);
#2398=EDGE_CURVE('',#3011,#3009,#3643,.T.);
#2399=EDGE_CURVE('',#3008,#3012,#3644,.T.);
#2400=EDGE_CURVE('',#3013,#3012,#3645,.T.);
#2401=EDGE_CURVE('',#3010,#3013,#3646,.F.);
#2402=EDGE_CURVE('',#3012,#3014,#3647,.T.);
#2403=EDGE_CURVE('',#3015,#3014,#3648,.T.);
#2404=EDGE_CURVE('',#3013,#3015,#3649,.T.);
#2405=EDGE_CURVE('',#3009,#3014,#3650,.T.);
#2406=EDGE_CURVE('',#3011,#3015,#3651,.F.);
#2407=EDGE_CURVE('',#3016,#3017,#3652,.T.);
#2408=EDGE_CURVE('',#3018,#3016,#3653,.T.);
#2409=EDGE_CURVE('',#3018,#3019,#3654,.T.);
#2410=EDGE_CURVE('',#3019,#3017,#3655,.T.);
#2411=EDGE_CURVE('',#3016,#3020,#3656,.T.);
#2412=EDGE_CURVE('',#3021,#3020,#3657,.T.);
#2413=EDGE_CURVE('',#3018,#3021,#3658,.F.);
#2414=EDGE_CURVE('',#3020,#3022,#3659,.T.);
#2415=EDGE_CURVE('',#3023,#3022,#3660,.T.);
#2416=EDGE_CURVE('',#3021,#3023,#3661,.T.);
#2417=EDGE_CURVE('',#3017,#3022,#3662,.T.);
#2418=EDGE_CURVE('',#3019,#3023,#3663,.F.);
#2419=EDGE_CURVE('',#3024,#3025,#3664,.T.);
#2420=EDGE_CURVE('',#3026,#3024,#3665,.T.);
#2421=EDGE_CURVE('',#3026,#3027,#3666,.T.);
#2422=EDGE_CURVE('',#3027,#3025,#3667,.T.);
#2423=EDGE_CURVE('',#3024,#3028,#3668,.T.);
#2424=EDGE_CURVE('',#3029,#3028,#3669,.T.);
#2425=EDGE_CURVE('',#3026,#3029,#3670,.F.);
#2426=EDGE_CURVE('',#3028,#3030,#3671,.T.);
#2427=EDGE_CURVE('',#3031,#3030,#3672,.T.);
#2428=EDGE_CURVE('',#3029,#3031,#3673,.T.);
#2429=EDGE_CURVE('',#3025,#3030,#3674,.T.);
#2430=EDGE_CURVE('',#3027,#3031,#3675,.F.);
#2431=EDGE_CURVE('',#3032,#3033,#3676,.T.);
#2432=EDGE_CURVE('',#3033,#3034,#3677,.F.);
#2433=EDGE_CURVE('',#3035,#3034,#3678,.T.);
#2434=EDGE_CURVE('',#3035,#3036,#3679,.T.);
#2435=EDGE_CURVE('',#3036,#3037,#3680,.T.);
#2436=EDGE_CURVE('',#3038,#3037,#3681,.T.);
#2437=EDGE_CURVE('',#3039,#3038,#3682,.T.);
#2438=EDGE_CURVE('',#3039,#3032,#3683,.T.);
#2439=EDGE_CURVE('',#3040,#3041,#3684,.F.);
#2440=EDGE_CURVE('',#3042,#3040,#3685,.T.);
#2441=EDGE_CURVE('',#3043,#3042,#3686,.T.);
#2442=EDGE_CURVE('',#3043,#3044,#3687,.T.);
#2443=EDGE_CURVE('',#3044,#3045,#3688,.T.);
#2444=EDGE_CURVE('',#3046,#3045,#3689,.T.);
#2445=EDGE_CURVE('',#3047,#3046,#3690,.T.);
#2446=EDGE_CURVE('',#3047,#3041,#3691,.T.);
#2447=EDGE_CURVE('',#3041,#3043,#127,.F.);
#2448=EDGE_CURVE('',#3035,#3047,#3692,.F.);
#2449=EDGE_CURVE('',#3039,#3034,#128,.F.);
#2450=EDGE_CURVE('',#3038,#3044,#3693,.T.);
#2451=EDGE_CURVE('',#3037,#3045,#3694,.T.);
#2452=EDGE_CURVE('',#3036,#3046,#3695,.F.);
#2453=EDGE_CURVE('',#3040,#3042,#129,.T.);
#2454=EDGE_CURVE('',#3032,#3033,#130,.T.);
#2455=EDGE_CURVE('',#3048,#3049,#3696,.T.);
#2456=EDGE_CURVE('',#3050,#3048,#3697,.T.);
#2457=EDGE_CURVE('',#3050,#3051,#3698,.T.);
#2458=EDGE_CURVE('',#3051,#3049,#3699,.T.);
#2459=EDGE_CURVE('',#3052,#3053,#3700,.T.);
#2460=EDGE_CURVE('',#3052,#3054,#3701,.T.);
#2461=EDGE_CURVE('',#3055,#3054,#3702,.T.);
#2462=EDGE_CURVE('',#3050,#3055,#3703,.F.);
#2463=EDGE_CURVE('',#3048,#3056,#3704,.T.);
#2464=EDGE_CURVE('',#3057,#3056,#3705,.T.);
#2465=EDGE_CURVE('',#3057,#3053,#3706,.F.);
#2466=EDGE_CURVE('',#3054,#3057,#131,.T.);
#2467=EDGE_CURVE('',#3056,#3058,#3707,.T.);
#2468=EDGE_CURVE('',#3059,#3058,#3708,.T.);
#2469=EDGE_CURVE('',#3059,#3060,#132,.T.);
#2470=EDGE_CURVE('',#3061,#3060,#3709,.T.);
#2471=EDGE_CURVE('',#3055,#3061,#3710,.T.);
#2472=EDGE_CURVE('',#3062,#3060,#3711,.T.);
#2473=EDGE_CURVE('',#3062,#3063,#3712,.T.);
#2474=EDGE_CURVE('',#3059,#3063,#3713,.F.);
#2475=EDGE_CURVE('',#3049,#3058,#3714,.T.);
#2476=EDGE_CURVE('',#3051,#3061,#3715,.F.);
#2477=EDGE_CURVE('',#3062,#3063,#133,.T.);
#2478=EDGE_CURVE('',#3053,#3052,#134,.T.);
#2479=EDGE_CURVE('',#3064,#3065,#3716,.T.);
#2480=EDGE_CURVE('',#3065,#3066,#3717,.F.);
#2481=EDGE_CURVE('',#3067,#3066,#3718,.T.);
#2482=EDGE_CURVE('',#3067,#3068,#3719,.T.);
#2483=EDGE_CURVE('',#3068,#3069,#3720,.T.);
#2484=EDGE_CURVE('',#3070,#3069,#3721,.T.);
#2485=EDGE_CURVE('',#3071,#3070,#3722,.T.);
#2486=EDGE_CURVE('',#3071,#3064,#3723,.T.);
#2487=EDGE_CURVE('',#3071,#3066,#135,.F.);
#2488=EDGE_CURVE('',#3070,#3072,#3724,.T.);
#2489=EDGE_CURVE('',#3073,#3072,#3725,.T.);
#2490=EDGE_CURVE('',#3067,#3073,#3726,.F.);
#2491=EDGE_CURVE('',#3074,#3075,#3727,.T.);
#2492=EDGE_CURVE('',#3074,#3076,#136,.T.);
#2493=EDGE_CURVE('',#3077,#3076,#3728,.T.);
#2494=EDGE_CURVE('',#3073,#3077,#3729,.T.);
#2495=EDGE_CURVE('',#3072,#3075,#3730,.T.);
#2496=EDGE_CURVE('',#3078,#3076,#3731,.T.);
#2497=EDGE_CURVE('',#3078,#3079,#3732,.T.);
#2498=EDGE_CURVE('',#3074,#3079,#3733,.F.);
#2499=EDGE_CURVE('',#3069,#3075,#3734,.T.);
#2500=EDGE_CURVE('',#3068,#3077,#3735,.F.);
#2501=EDGE_CURVE('',#3064,#3065,#137,.T.);
#2502=EDGE_CURVE('',#3078,#3079,#138,.T.);
#2503=EDGE_CURVE('',#3080,#3081,#3736,.T.);
#2504=EDGE_CURVE('',#3082,#3080,#3737,.T.);
#2505=EDGE_CURVE('',#3082,#3083,#3738,.T.);
#2506=EDGE_CURVE('',#3083,#3081,#3739,.T.);
#2507=EDGE_CURVE('',#3080,#3084,#3740,.T.);
#2508=EDGE_CURVE('',#3085,#3084,#3741,.T.);
#2509=EDGE_CURVE('',#3082,#3085,#3742,.F.);
#2510=EDGE_CURVE('',#3084,#3086,#3743,.T.);
#2511=EDGE_CURVE('',#3087,#3086,#3744,.T.);
#2512=EDGE_CURVE('',#3085,#3087,#3745,.T.);
#2513=EDGE_CURVE('',#3081,#3086,#3746,.T.);
#2514=EDGE_CURVE('',#3083,#3087,#3747,.F.);
#2515=EDGE_CURVE('',#3088,#3089,#3748,.T.);
#2516=EDGE_CURVE('',#3090,#3088,#3749,.T.);
#2517=EDGE_CURVE('',#3090,#3091,#3750,.T.);
#2518=EDGE_CURVE('',#3091,#3089,#3751,.T.);
#2519=EDGE_CURVE('',#3088,#3092,#3752,.T.);
#2520=EDGE_CURVE('',#3093,#3092,#3753,.T.);
#2521=EDGE_CURVE('',#3090,#3093,#3754,.F.);
#2522=EDGE_CURVE('',#3092,#3094,#3755,.T.);
#2523=EDGE_CURVE('',#3095,#3094,#3756,.T.);
#2524=EDGE_CURVE('',#3093,#3095,#3757,.T.);
#2525=EDGE_CURVE('',#3089,#3094,#3758,.T.);
#2526=EDGE_CURVE('',#3091,#3095,#3759,.F.);
#2527=EDGE_CURVE('',#3096,#3097,#3760,.T.);
#2528=EDGE_CURVE('',#3098,#3096,#3761,.T.);
#2529=EDGE_CURVE('',#3098,#3099,#3762,.T.);
#2530=EDGE_CURVE('',#3099,#3097,#3763,.T.);
#2531=EDGE_CURVE('',#3096,#3100,#3764,.T.);
#2532=EDGE_CURVE('',#3101,#3100,#3765,.T.);
#2533=EDGE_CURVE('',#3098,#3101,#3766,.F.);
#2534=EDGE_CURVE('',#3100,#3102,#3767,.T.);
#2535=EDGE_CURVE('',#3103,#3102,#3768,.T.);
#2536=EDGE_CURVE('',#3101,#3103,#3769,.T.);
#2537=EDGE_CURVE('',#3097,#3102,#3770,.T.);
#2538=EDGE_CURVE('',#3099,#3103,#3771,.F.);
#2539=EDGE_CURVE('',#3104,#3105,#3772,.F.);
#2540=EDGE_CURVE('',#3106,#3104,#3773,.T.);
#2541=EDGE_CURVE('',#3107,#3106,#3774,.T.);
#2542=EDGE_CURVE('',#3107,#3108,#3775,.T.);
#2543=EDGE_CURVE('',#3108,#3109,#3776,.T.);
#2544=EDGE_CURVE('',#3110,#3109,#3777,.T.);
#2545=EDGE_CURVE('',#3111,#3110,#3778,.T.);
#2546=EDGE_CURVE('',#3111,#3105,#3779,.T.);
#2547=EDGE_CURVE('',#3112,#3113,#3780,.T.);
#2548=EDGE_CURVE('',#3114,#3112,#3781,.T.);
#2549=EDGE_CURVE('',#3114,#3115,#3782,.T.);
#2550=EDGE_CURVE('',#3115,#3113,#3783,.T.);
#2551=EDGE_CURVE('',#3105,#3107,#139,.F.);
#2552=EDGE_CURVE('',#3114,#3111,#3784,.F.);
#2553=EDGE_CURVE('',#3112,#3108,#3785,.T.);
#2554=EDGE_CURVE('',#3113,#3109,#3786,.T.);
#2555=EDGE_CURVE('',#3115,#3110,#3787,.F.);
#2556=EDGE_CURVE('',#3104,#3106,#140,.T.);
#2557=EDGE_CURVE('',#3116,#3117,#3788,.T.);
#2558=EDGE_CURVE('',#3117,#3118,#3789,.F.);
#2559=EDGE_CURVE('',#3119,#3118,#3790,.T.);
#2560=EDGE_CURVE('',#3119,#3120,#3791,.T.);
#2561=EDGE_CURVE('',#3120,#3121,#3792,.T.);
#2562=EDGE_CURVE('',#3122,#3121,#3793,.T.);
#2563=EDGE_CURVE('',#3123,#3122,#3794,.T.);
#2564=EDGE_CURVE('',#3123,#3116,#3795,.T.);
#2565=EDGE_CURVE('',#3124,#3125,#3796,.F.);
#2566=EDGE_CURVE('',#3126,#3124,#3797,.T.);
#2567=EDGE_CURVE('',#3127,#3126,#3798,.T.);
#2568=EDGE_CURVE('',#3127,#3128,#3799,.T.);
#2569=EDGE_CURVE('',#3128,#3129,#3800,.T.);
#2570=EDGE_CURVE('',#3130,#3129,#3801,.T.);
#2571=EDGE_CURVE('',#3131,#3130,#3802,.T.);
#2572=EDGE_CURVE('',#3131,#3125,#3803,.T.);
#2573=EDGE_CURVE('',#3125,#3127,#141,.F.);
#2574=EDGE_CURVE('',#3119,#3131,#3804,.F.);
#2575=EDGE_CURVE('',#3123,#3118,#142,.F.);
#2576=EDGE_CURVE('',#3122,#3128,#3805,.T.);
#2577=EDGE_CURVE('',#3121,#3129,#3806,.T.);
#2578=EDGE_CURVE('',#3120,#3130,#3807,.F.);
#2579=EDGE_CURVE('',#3124,#3126,#143,.T.);
#2580=EDGE_CURVE('',#3116,#3117,#144,.T.);
#2581=EDGE_CURVE('',#3132,#3133,#3808,.T.);
#2582=EDGE_CURVE('',#3134,#3132,#3809,.T.);
#2583=EDGE_CURVE('',#3134,#3135,#3810,.T.);
#2584=EDGE_CURVE('',#3135,#3133,#3811,.T.);
#2585=EDGE_CURVE('',#3136,#3137,#3812,.T.);
#2586=EDGE_CURVE('',#3136,#3138,#3813,.T.);
#2587=EDGE_CURVE('',#3139,#3138,#3814,.T.);
#2588=EDGE_CURVE('',#3134,#3139,#3815,.F.);
#2589=EDGE_CURVE('',#3132,#3140,#3816,.T.);
#2590=EDGE_CURVE('',#3141,#3140,#3817,.T.);
#2591=EDGE_CURVE('',#3141,#3137,#3818,.F.);
#2592=EDGE_CURVE('',#3138,#3141,#145,.T.);
#2593=EDGE_CURVE('',#3140,#3142,#3819,.T.);
#2594=EDGE_CURVE('',#3143,#3142,#3820,.T.);
#2595=EDGE_CURVE('',#3143,#3144,#146,.T.);
#2596=EDGE_CURVE('',#3145,#3144,#3821,.T.);
#2597=EDGE_CURVE('',#3139,#3145,#3822,.T.);
#2598=EDGE_CURVE('',#3146,#3144,#3823,.T.);
#2599=EDGE_CURVE('',#3146,#3147,#3824,.T.);
#2600=EDGE_CURVE('',#3143,#3147,#3825,.F.);
#2601=EDGE_CURVE('',#3133,#3142,#3826,.T.);
#2602=EDGE_CURVE('',#3135,#3145,#3827,.F.);
#2603=EDGE_CURVE('',#3146,#3147,#147,.T.);
#2604=EDGE_CURVE('',#3137,#3136,#148,.T.);
#2605=EDGE_CURVE('',#3148,#3149,#3828,.T.);
#2606=EDGE_CURVE('',#3150,#3148,#3829,.T.);
#2607=EDGE_CURVE('',#3150,#3151,#3830,.T.);
#2608=EDGE_CURVE('',#3151,#3149,#3831,.T.);
#2609=EDGE_CURVE('',#3152,#3153,#3832,.T.);
#2610=EDGE_CURVE('',#3152,#3154,#3833,.T.);
#2611=EDGE_CURVE('',#3155,#3154,#3834,.T.);
#2612=EDGE_CURVE('',#3150,#3155,#3835,.F.);
#2613=EDGE_CURVE('',#3148,#3156,#3836,.T.);
#2614=EDGE_CURVE('',#3157,#3156,#3837,.T.);
#2615=EDGE_CURVE('',#3157,#3153,#3838,.F.);
#2616=EDGE_CURVE('',#3154,#3157,#149,.T.);
#2617=EDGE_CURVE('',#3156,#3158,#3839,.T.);
#2618=EDGE_CURVE('',#3159,#3158,#3840,.T.);
#2619=EDGE_CURVE('',#3155,#3159,#3841,.T.);
#2620=EDGE_CURVE('',#3149,#3158,#3842,.T.);
#2621=EDGE_CURVE('',#3151,#3159,#3843,.F.);
#2622=EDGE_CURVE('',#3153,#3152,#150,.T.);
#2623=VERTEX_POINT('',#9437);
#2624=VERTEX_POINT('',#9438);
#2625=VERTEX_POINT('',#9440);
#2626=VERTEX_POINT('',#9442);
#2627=VERTEX_POINT('',#9446);
#2628=VERTEX_POINT('',#9448);
#2629=VERTEX_POINT('',#9452);
#2630=VERTEX_POINT('',#9454);
#2631=VERTEX_POINT('',#9464);
#2632=VERTEX_POINT('',#9465);
#2633=VERTEX_POINT('',#9467);
#2634=VERTEX_POINT('',#9469);
#2635=VERTEX_POINT('',#9473);
#2636=VERTEX_POINT('',#9475);
#2637=VERTEX_POINT('',#9479);
#2638=VERTEX_POINT('',#9481);
#2639=VERTEX_POINT('',#9491);
#2640=VERTEX_POINT('',#9493);
#2641=VERTEX_POINT('',#9495);
#2642=VERTEX_POINT('',#9497);
#2643=VERTEX_POINT('',#9498);
#2644=VERTEX_POINT('',#9500);
#2645=VERTEX_POINT('',#9502);
#2646=VERTEX_POINT('',#9504);
#2647=VERTEX_POINT('',#9508);
#2648=VERTEX_POINT('',#9509);
#2649=VERTEX_POINT('',#9511);
#2650=VERTEX_POINT('',#9513);
#2651=VERTEX_POINT('',#9517);
#2652=VERTEX_POINT('',#9518);
#2653=VERTEX_POINT('',#9520);
#2654=VERTEX_POINT('',#9522);
#2655=VERTEX_POINT('',#9527);
#2656=VERTEX_POINT('',#9531);
#2657=VERTEX_POINT('',#9545);
#2658=VERTEX_POINT('',#9549);
#2659=VERTEX_POINT('',#9553);
#2660=VERTEX_POINT('',#9558);
#2661=VERTEX_POINT('',#9559);
#2662=VERTEX_POINT('',#9561);
#2663=VERTEX_POINT('',#9563);
#2664=VERTEX_POINT('',#9567);
#2665=VERTEX_POINT('',#9569);
#2666=VERTEX_POINT('',#9573);
#2667=VERTEX_POINT('',#9575);
#2668=VERTEX_POINT('',#9585);
#2669=VERTEX_POINT('',#9586);
#2670=VERTEX_POINT('',#9588);
#2671=VERTEX_POINT('',#9590);
#2672=VERTEX_POINT('',#9594);
#2673=VERTEX_POINT('',#9596);
#2674=VERTEX_POINT('',#9600);
#2675=VERTEX_POINT('',#9602);
#2676=VERTEX_POINT('',#9612);
#2677=VERTEX_POINT('',#9613);
#2678=VERTEX_POINT('',#9615);
#2679=VERTEX_POINT('',#9617);
#2680=VERTEX_POINT('',#9621);
#2681=VERTEX_POINT('',#9623);
#2682=VERTEX_POINT('',#9627);
#2683=VERTEX_POINT('',#9629);
#2684=VERTEX_POINT('',#9639);
#2685=VERTEX_POINT('',#9640);
#2686=VERTEX_POINT('',#9642);
#2687=VERTEX_POINT('',#9644);
#2688=VERTEX_POINT('',#9648);
#2689=VERTEX_POINT('',#9650);
#2690=VERTEX_POINT('',#9654);
#2691=VERTEX_POINT('',#9656);
#2692=VERTEX_POINT('',#9666);
#2693=VERTEX_POINT('',#9667);
#2694=VERTEX_POINT('',#9669);
#2695=VERTEX_POINT('',#9671);
#2696=VERTEX_POINT('',#9675);
#2697=VERTEX_POINT('',#9677);
#2698=VERTEX_POINT('',#9681);
#2699=VERTEX_POINT('',#9683);
#2700=VERTEX_POINT('',#9693);
#2701=VERTEX_POINT('',#9694);
#2702=VERTEX_POINT('',#9696);
#2703=VERTEX_POINT('',#9698);
#2704=VERTEX_POINT('',#9702);
#2705=VERTEX_POINT('',#9704);
#2706=VERTEX_POINT('',#9708);
#2707=VERTEX_POINT('',#9710);
#2708=VERTEX_POINT('',#9720);
#2709=VERTEX_POINT('',#9721);
#2710=VERTEX_POINT('',#9723);
#2711=VERTEX_POINT('',#9725);
#2712=VERTEX_POINT('',#9729);
#2713=VERTEX_POINT('',#9731);
#2714=VERTEX_POINT('',#9735);
#2715=VERTEX_POINT('',#9737);
#2716=VERTEX_POINT('',#9747);
#2717=VERTEX_POINT('',#9748);
#2718=VERTEX_POINT('',#9750);
#2719=VERTEX_POINT('',#9752);
#2720=VERTEX_POINT('',#9756);
#2721=VERTEX_POINT('',#9758);
#2722=VERTEX_POINT('',#9762);
#2723=VERTEX_POINT('',#9764);
#2724=VERTEX_POINT('',#9774);
#2725=VERTEX_POINT('',#9775);
#2726=VERTEX_POINT('',#9777);
#2727=VERTEX_POINT('',#9779);
#2728=VERTEX_POINT('',#9783);
#2729=VERTEX_POINT('',#9785);
#2730=VERTEX_POINT('',#9789);
#2731=VERTEX_POINT('',#9791);
#2732=VERTEX_POINT('',#9801);
#2733=VERTEX_POINT('',#9802);
#2734=VERTEX_POINT('',#9804);
#2735=VERTEX_POINT('',#9806);
#2736=VERTEX_POINT('',#9810);
#2737=VERTEX_POINT('',#9812);
#2738=VERTEX_POINT('',#9816);
#2739=VERTEX_POINT('',#9818);
#2740=VERTEX_POINT('',#9828);
#2741=VERTEX_POINT('',#9829);
#2742=VERTEX_POINT('',#9831);
#2743=VERTEX_POINT('',#9833);
#2744=VERTEX_POINT('',#9837);
#2745=VERTEX_POINT('',#9839);
#2746=VERTEX_POINT('',#9843);
#2747=VERTEX_POINT('',#9845);
#2748=VERTEX_POINT('',#9855);
#2749=VERTEX_POINT('',#9856);
#2750=VERTEX_POINT('',#9858);
#2751=VERTEX_POINT('',#9860);
#2752=VERTEX_POINT('',#9864);
#2753=VERTEX_POINT('',#9866);
#2754=VERTEX_POINT('',#9870);
#2755=VERTEX_POINT('',#9872);
#2756=VERTEX_POINT('',#9882);
#2757=VERTEX_POINT('',#9883);
#2758=VERTEX_POINT('',#9885);
#2759=VERTEX_POINT('',#9887);
#2760=VERTEX_POINT('',#9891);
#2761=VERTEX_POINT('',#9893);
#2762=VERTEX_POINT('',#9897);
#2763=VERTEX_POINT('',#9899);
#2764=VERTEX_POINT('',#9909);
#2765=VERTEX_POINT('',#9910);
#2766=VERTEX_POINT('',#9912);
#2767=VERTEX_POINT('',#9914);
#2768=VERTEX_POINT('',#9918);
#2769=VERTEX_POINT('',#9920);
#2770=VERTEX_POINT('',#9924);
#2771=VERTEX_POINT('',#9926);
#2772=VERTEX_POINT('',#9936);
#2773=VERTEX_POINT('',#9938);
#2774=VERTEX_POINT('',#9944);
#2775=VERTEX_POINT('',#9946);
#2776=VERTEX_POINT('',#9952);
#2777=VERTEX_POINT('',#9954);
#2778=VERTEX_POINT('',#9960);
#2779=VERTEX_POINT('',#9962);
#2780=VERTEX_POINT('',#9968);
#2781=VERTEX_POINT('',#9970);
#2782=VERTEX_POINT('',#9976);
#2783=VERTEX_POINT('',#9978);
#2784=VERTEX_POINT('',#9984);
#2785=VERTEX_POINT('',#9986);
#2786=VERTEX_POINT('',#9992);
#2787=VERTEX_POINT('',#9994);
#2788=VERTEX_POINT('',#10000);
#2789=VERTEX_POINT('',#10002);
#2790=VERTEX_POINT('',#10008);
#2791=VERTEX_POINT('',#10009);
#2792=VERTEX_POINT('',#10011);
#2793=VERTEX_POINT('',#10013);
#2794=VERTEX_POINT('',#10017);
#2795=VERTEX_POINT('',#10019);
#2796=VERTEX_POINT('',#10023);
#2797=VERTEX_POINT('',#10025);
#2798=VERTEX_POINT('',#10035);
#2799=VERTEX_POINT('',#10036);
#2800=VERTEX_POINT('',#10038);
#2801=VERTEX_POINT('',#10040);
#2802=VERTEX_POINT('',#10044);
#2803=VERTEX_POINT('',#10046);
#2804=VERTEX_POINT('',#10050);
#2805=VERTEX_POINT('',#10051);
#2806=VERTEX_POINT('',#10053);
#2807=VERTEX_POINT('',#10055);
#2808=VERTEX_POINT('',#10059);
#2809=VERTEX_POINT('',#10061);
#2810=VERTEX_POINT('',#10065);
#2811=VERTEX_POINT('',#10067);
#2812=VERTEX_POINT('',#10069);
#2813=VERTEX_POINT('',#10081);
#2814=VERTEX_POINT('',#10083);
#2815=VERTEX_POINT('',#10085);
#2816=VERTEX_POINT('',#10089);
#2817=VERTEX_POINT('',#10093);
#2818=VERTEX_POINT('',#10097);
#2819=VERTEX_POINT('',#10102);
#2820=VERTEX_POINT('',#10103);
#2821=VERTEX_POINT('',#10105);
#2822=VERTEX_POINT('',#10107);
#2823=VERTEX_POINT('',#10111);
#2824=VERTEX_POINT('',#10113);
#2825=VERTEX_POINT('',#10117);
#2826=VERTEX_POINT('',#10119);
#2827=VERTEX_POINT('',#10129);
#2828=VERTEX_POINT('',#10130);
#2829=VERTEX_POINT('',#10132);
#2830=VERTEX_POINT('',#10134);
#2831=VERTEX_POINT('',#10138);
#2832=VERTEX_POINT('',#10140);
#2833=VERTEX_POINT('',#10144);
#2834=VERTEX_POINT('',#10146);
#2835=VERTEX_POINT('',#10156);
#2836=VERTEX_POINT('',#10157);
#2837=VERTEX_POINT('',#10159);
#2838=VERTEX_POINT('',#10161);
#2839=VERTEX_POINT('',#10165);
#2840=VERTEX_POINT('',#10167);
#2841=VERTEX_POINT('',#10171);
#2842=VERTEX_POINT('',#10173);
#2843=VERTEX_POINT('',#10183);
#2844=VERTEX_POINT('',#10184);
#2845=VERTEX_POINT('',#10186);
#2846=VERTEX_POINT('',#10188);
#2847=VERTEX_POINT('',#10192);
#2848=VERTEX_POINT('',#10194);
#2849=VERTEX_POINT('',#10198);
#2850=VERTEX_POINT('',#10200);
#2851=VERTEX_POINT('',#10210);
#2852=VERTEX_POINT('',#10211);
#2853=VERTEX_POINT('',#10213);
#2854=VERTEX_POINT('',#10215);
#2855=VERTEX_POINT('',#10219);
#2856=VERTEX_POINT('',#10221);
#2857=VERTEX_POINT('',#10225);
#2858=VERTEX_POINT('',#10227);
#2859=VERTEX_POINT('',#10237);
#2860=VERTEX_POINT('',#10238);
#2861=VERTEX_POINT('',#10240);
#2862=VERTEX_POINT('',#10242);
#2863=VERTEX_POINT('',#10246);
#2864=VERTEX_POINT('',#10248);
#2865=VERTEX_POINT('',#10252);
#2866=VERTEX_POINT('',#10254);
#2867=VERTEX_POINT('',#10264);
#2868=VERTEX_POINT('',#10265);
#2869=VERTEX_POINT('',#10267);
#2870=VERTEX_POINT('',#10269);
#2871=VERTEX_POINT('',#10273);
#2872=VERTEX_POINT('',#10275);
#2873=VERTEX_POINT('',#10279);
#2874=VERTEX_POINT('',#10281);
#2875=VERTEX_POINT('',#10291);
#2876=VERTEX_POINT('',#10292);
#2877=VERTEX_POINT('',#10294);
#2878=VERTEX_POINT('',#10296);
#2879=VERTEX_POINT('',#10300);
#2880=VERTEX_POINT('',#10302);
#2881=VERTEX_POINT('',#10306);
#2882=VERTEX_POINT('',#10308);
#2883=VERTEX_POINT('',#10318);
#2884=VERTEX_POINT('',#10319);
#2885=VERTEX_POINT('',#10321);
#2886=VERTEX_POINT('',#10323);
#2887=VERTEX_POINT('',#10327);
#2888=VERTEX_POINT('',#10329);
#2889=VERTEX_POINT('',#10333);
#2890=VERTEX_POINT('',#10335);
#2891=VERTEX_POINT('',#10345);
#2892=VERTEX_POINT('',#10346);
#2893=VERTEX_POINT('',#10348);
#2894=VERTEX_POINT('',#10350);
#2895=VERTEX_POINT('',#10354);
#2896=VERTEX_POINT('',#10356);
#2897=VERTEX_POINT('',#10360);
#2898=VERTEX_POINT('',#10362);
#2899=VERTEX_POINT('',#10372);
#2900=VERTEX_POINT('',#10373);
#2901=VERTEX_POINT('',#10375);
#2902=VERTEX_POINT('',#10377);
#2903=VERTEX_POINT('',#10381);
#2904=VERTEX_POINT('',#10383);
#2905=VERTEX_POINT('',#10387);
#2906=VERTEX_POINT('',#10389);
#2907=VERTEX_POINT('',#10399);
#2908=VERTEX_POINT('',#10400);
#2909=VERTEX_POINT('',#10402);
#2910=VERTEX_POINT('',#10404);
#2911=VERTEX_POINT('',#10408);
#2912=VERTEX_POINT('',#10410);
#2913=VERTEX_POINT('',#10414);
#2914=VERTEX_POINT('',#10416);
#2915=VERTEX_POINT('',#10426);
#2916=VERTEX_POINT('',#10427);
#2917=VERTEX_POINT('',#10429);
#2918=VERTEX_POINT('',#10431);
#2919=VERTEX_POINT('',#10435);
#2920=VERTEX_POINT('',#10437);
#2921=VERTEX_POINT('',#10441);
#2922=VERTEX_POINT('',#10443);
#2923=VERTEX_POINT('',#10453);
#2924=VERTEX_POINT('',#10454);
#2925=VERTEX_POINT('',#10456);
#2926=VERTEX_POINT('',#10458);
#2927=VERTEX_POINT('',#10462);
#2928=VERTEX_POINT('',#10464);
#2929=VERTEX_POINT('',#10468);
#2930=VERTEX_POINT('',#10470);
#2931=VERTEX_POINT('',#10480);
#2932=VERTEX_POINT('',#10481);
#2933=VERTEX_POINT('',#10483);
#2934=VERTEX_POINT('',#10485);
#2935=VERTEX_POINT('',#10489);
#2936=VERTEX_POINT('',#10491);
#2937=VERTEX_POINT('',#10495);
#2938=VERTEX_POINT('',#10497);
#2939=VERTEX_POINT('',#10507);
#2940=VERTEX_POINT('',#10509);
#2941=VERTEX_POINT('',#10515);
#2942=VERTEX_POINT('',#10517);
#2943=VERTEX_POINT('',#10523);
#2944=VERTEX_POINT('',#10525);
#2945=VERTEX_POINT('',#10531);
#2946=VERTEX_POINT('',#10533);
#2947=VERTEX_POINT('',#10539);
#2948=VERTEX_POINT('',#10541);
#2949=VERTEX_POINT('',#10547);
#2950=VERTEX_POINT('',#10549);
#2951=VERTEX_POINT('',#10555);
#2952=VERTEX_POINT('',#10557);
#2953=VERTEX_POINT('',#10563);
#2954=VERTEX_POINT('',#10565);
#2955=VERTEX_POINT('',#10571);
#2956=VERTEX_POINT('',#10573);
#2957=VERTEX_POINT('',#10579);
#2958=VERTEX_POINT('',#10580);
#2959=VERTEX_POINT('',#10582);
#2960=VERTEX_POINT('',#10584);
#2961=VERTEX_POINT('',#10588);
#2962=VERTEX_POINT('',#10590);
#2963=VERTEX_POINT('',#10594);
#2964=VERTEX_POINT('',#10596);
#2965=VERTEX_POINT('',#10606);
#2966=VERTEX_POINT('',#10607);
#2967=VERTEX_POINT('',#10609);
#2968=VERTEX_POINT('',#10611);
#2969=VERTEX_POINT('',#10615);
#2970=VERTEX_POINT('',#10617);
#2971=VERTEX_POINT('',#10621);
#2972=VERTEX_POINT('',#10623);
#2973=VERTEX_POINT('',#10633);
#2974=VERTEX_POINT('',#10634);
#2975=VERTEX_POINT('',#10636);
#2976=VERTEX_POINT('',#10638);
#2977=VERTEX_POINT('',#10642);
#2978=VERTEX_POINT('',#10644);
#2979=VERTEX_POINT('',#10648);
#2980=VERTEX_POINT('',#10650);
#2981=VERTEX_POINT('',#10660);
#2982=VERTEX_POINT('',#10662);
#2983=VERTEX_POINT('',#10664);
#2984=VERTEX_POINT('',#10666);
#2985=VERTEX_POINT('',#10667);
#2986=VERTEX_POINT('',#10669);
#2987=VERTEX_POINT('',#10671);
#2988=VERTEX_POINT('',#10673);
#2989=VERTEX_POINT('',#10677);
#2990=VERTEX_POINT('',#10678);
#2991=VERTEX_POINT('',#10680);
#2992=VERTEX_POINT('',#10682);
#2993=VERTEX_POINT('',#10686);
#2994=VERTEX_POINT('',#10688);
#2995=VERTEX_POINT('',#10690);
#2996=VERTEX_POINT('',#10692);
#2997=VERTEX_POINT('',#10694);
#2998=VERTEX_POINT('',#10696);
#2999=VERTEX_POINT('',#10700);
#3000=VERTEX_POINT('',#10702);
#3001=VERTEX_POINT('',#10706);
#3002=VERTEX_POINT('',#10720);
#3003=VERTEX_POINT('',#10724);
#3004=VERTEX_POINT('',#10728);
#3005=VERTEX_POINT('',#10732);
#3006=VERTEX_POINT('',#10736);
#3007=VERTEX_POINT('',#10740);
#3008=VERTEX_POINT('',#10745);
#3009=VERTEX_POINT('',#10746);
#3010=VERTEX_POINT('',#10748);
#3011=VERTEX_POINT('',#10750);
#3012=VERTEX_POINT('',#10754);
#3013=VERTEX_POINT('',#10756);
#3014=VERTEX_POINT('',#10760);
#3015=VERTEX_POINT('',#10762);
#3016=VERTEX_POINT('',#10772);
#3017=VERTEX_POINT('',#10773);
#3018=VERTEX_POINT('',#10775);
#3019=VERTEX_POINT('',#10777);
#3020=VERTEX_POINT('',#10781);
#3021=VERTEX_POINT('',#10783);
#3022=VERTEX_POINT('',#10787);
#3023=VERTEX_POINT('',#10789);
#3024=VERTEX_POINT('',#10799);
#3025=VERTEX_POINT('',#10800);
#3026=VERTEX_POINT('',#10802);
#3027=VERTEX_POINT('',#10804);
#3028=VERTEX_POINT('',#10808);
#3029=VERTEX_POINT('',#10810);
#3030=VERTEX_POINT('',#10814);
#3031=VERTEX_POINT('',#10816);
#3032=VERTEX_POINT('',#10826);
#3033=VERTEX_POINT('',#10827);
#3034=VERTEX_POINT('',#10829);
#3035=VERTEX_POINT('',#10831);
#3036=VERTEX_POINT('',#10833);
#3037=VERTEX_POINT('',#10835);
#3038=VERTEX_POINT('',#10837);
#3039=VERTEX_POINT('',#10839);
#3040=VERTEX_POINT('',#10843);
#3041=VERTEX_POINT('',#10844);
#3042=VERTEX_POINT('',#10846);
#3043=VERTEX_POINT('',#10848);
#3044=VERTEX_POINT('',#10850);
#3045=VERTEX_POINT('',#10852);
#3046=VERTEX_POINT('',#10854);
#3047=VERTEX_POINT('',#10856);
#3048=VERTEX_POINT('',#10877);
#3049=VERTEX_POINT('',#10878);
#3050=VERTEX_POINT('',#10880);
#3051=VERTEX_POINT('',#10882);
#3052=VERTEX_POINT('',#10886);
#3053=VERTEX_POINT('',#10887);
#3054=VERTEX_POINT('',#10889);
#3055=VERTEX_POINT('',#10891);
#3056=VERTEX_POINT('',#10894);
#3057=VERTEX_POINT('',#10896);
#3058=VERTEX_POINT('',#10901);
#3059=VERTEX_POINT('',#10903);
#3060=VERTEX_POINT('',#10905);
#3061=VERTEX_POINT('',#10907);
#3062=VERTEX_POINT('',#10911);
#3063=VERTEX_POINT('',#10913);
#3064=VERTEX_POINT('',#10928);
#3065=VERTEX_POINT('',#10929);
#3066=VERTEX_POINT('',#10931);
#3067=VERTEX_POINT('',#10933);
#3068=VERTEX_POINT('',#10935);
#3069=VERTEX_POINT('',#10937);
#3070=VERTEX_POINT('',#10939);
#3071=VERTEX_POINT('',#10941);
#3072=VERTEX_POINT('',#10946);
#3073=VERTEX_POINT('',#10948);
#3074=VERTEX_POINT('',#10952);
#3075=VERTEX_POINT('',#10953);
#3076=VERTEX_POINT('',#10955);
#3077=VERTEX_POINT('',#10957);
#3078=VERTEX_POINT('',#10962);
#3079=VERTEX_POINT('',#10964);
#3080=VERTEX_POINT('',#10979);
#3081=VERTEX_POINT('',#10980);
#3082=VERTEX_POINT('',#10982);
#3083=VERTEX_POINT('',#10984);
#3084=VERTEX_POINT('',#10988);
#3085=VERTEX_POINT('',#10990);
#3086=VERTEX_POINT('',#10994);
#3087=VERTEX_POINT('',#10996);
#3088=VERTEX_POINT('',#11006);
#3089=VERTEX_POINT('',#11007);
#3090=VERTEX_POINT('',#11009);
#3091=VERTEX_POINT('',#11011);
#3092=VERTEX_POINT('',#11015);
#3093=VERTEX_POINT('',#11017);
#3094=VERTEX_POINT('',#11021);
#3095=VERTEX_POINT('',#11023);
#3096=VERTEX_POINT('',#11033);
#3097=VERTEX_POINT('',#11034);
#3098=VERTEX_POINT('',#11036);
#3099=VERTEX_POINT('',#11038);
#3100=VERTEX_POINT('',#11042);
#3101=VERTEX_POINT('',#11044);
#3102=VERTEX_POINT('',#11048);
#3103=VERTEX_POINT('',#11050);
#3104=VERTEX_POINT('',#11060);
#3105=VERTEX_POINT('',#11061);
#3106=VERTEX_POINT('',#11063);
#3107=VERTEX_POINT('',#11065);
#3108=VERTEX_POINT('',#11067);
#3109=VERTEX_POINT('',#11069);
#3110=VERTEX_POINT('',#11071);
#3111=VERTEX_POINT('',#11073);
#3112=VERTEX_POINT('',#11077);
#3113=VERTEX_POINT('',#11078);
#3114=VERTEX_POINT('',#11080);
#3115=VERTEX_POINT('',#11082);
#3116=VERTEX_POINT('',#11099);
#3117=VERTEX_POINT('',#11100);
#3118=VERTEX_POINT('',#11102);
#3119=VERTEX_POINT('',#11104);
#3120=VERTEX_POINT('',#11106);
#3121=VERTEX_POINT('',#11108);
#3122=VERTEX_POINT('',#11110);
#3123=VERTEX_POINT('',#11112);
#3124=VERTEX_POINT('',#11116);
#3125=VERTEX_POINT('',#11117);
#3126=VERTEX_POINT('',#11119);
#3127=VERTEX_POINT('',#11121);
#3128=VERTEX_POINT('',#11123);
#3129=VERTEX_POINT('',#11125);
#3130=VERTEX_POINT('',#11127);
#3131=VERTEX_POINT('',#11129);
#3132=VERTEX_POINT('',#11150);
#3133=VERTEX_POINT('',#11151);
#3134=VERTEX_POINT('',#11153);
#3135=VERTEX_POINT('',#11155);
#3136=VERTEX_POINT('',#11159);
#3137=VERTEX_POINT('',#11160);
#3138=VERTEX_POINT('',#11162);
#3139=VERTEX_POINT('',#11164);
#3140=VERTEX_POINT('',#11167);
#3141=VERTEX_POINT('',#11169);
#3142=VERTEX_POINT('',#11174);
#3143=VERTEX_POINT('',#11176);
#3144=VERTEX_POINT('',#11178);
#3145=VERTEX_POINT('',#11180);
#3146=VERTEX_POINT('',#11184);
#3147=VERTEX_POINT('',#11186);
#3148=VERTEX_POINT('',#11201);
#3149=VERTEX_POINT('',#11202);
#3150=VERTEX_POINT('',#11204);
#3151=VERTEX_POINT('',#11206);
#3152=VERTEX_POINT('',#11210);
#3153=VERTEX_POINT('',#11211);
#3154=VERTEX_POINT('',#11213);
#3155=VERTEX_POINT('',#11215);
#3156=VERTEX_POINT('',#11218);
#3157=VERTEX_POINT('',#11220);
#3158=VERTEX_POINT('',#11225);
#3159=VERTEX_POINT('',#11227);
#3160=LINE('',#9436,#3844);
#3161=LINE('',#9439,#3845);
#3162=LINE('',#9441,#3846);
#3163=LINE('',#9443,#3847);
#3164=LINE('',#9445,#3848);
#3165=LINE('',#9447,#3849);
#3166=LINE('',#9449,#3850);
#3167=LINE('',#9451,#3851);
#3168=LINE('',#9453,#3852);
#3169=LINE('',#9455,#3853);
#3170=LINE('',#9457,#3854);
#3171=LINE('',#9458,#3855);
#3172=LINE('',#9463,#3856);
#3173=LINE('',#9466,#3857);
#3174=LINE('',#9468,#3858);
#3175=LINE('',#9470,#3859);
#3176=LINE('',#9472,#3860);
#3177=LINE('',#9474,#3861);
#3178=LINE('',#9476,#3862);
#3179=LINE('',#9478,#3863);
#3180=LINE('',#9480,#3864);
#3181=LINE('',#9482,#3865);
#3182=LINE('',#9484,#3866);
#3183=LINE('',#9485,#3867);
#3184=LINE('',#9496,#3868);
#3185=LINE('',#9499,#3869);
#3186=LINE('',#9503,#3870);
#3187=LINE('',#9505,#3871);
#3188=LINE('',#9507,#3872);
#3189=LINE('',#9510,#3873);
#3190=LINE('',#9512,#3874);
#3191=LINE('',#9514,#3875);
#3192=LINE('',#9516,#3876);
#3193=LINE('',#9519,#3877);
#3194=LINE('',#9521,#3878);
#3195=LINE('',#9523,#3879);
#3196=LINE('',#9525,#3880);
#3197=LINE('',#9526,#3881);
#3198=LINE('',#9530,#3882);
#3199=LINE('',#9534,#3883);
#3200=LINE('',#9535,#3884);
#3201=LINE('',#9537,#3885);
#3202=LINE('',#9538,#3886);
#3203=LINE('',#9540,#3887);
#3204=LINE('',#9557,#3888);
#3205=LINE('',#9560,#3889);
#3206=LINE('',#9562,#3890);
#3207=LINE('',#9564,#3891);
#3208=LINE('',#9566,#3892);
#3209=LINE('',#9568,#3893);
#3210=LINE('',#9570,#3894);
#3211=LINE('',#9572,#3895);
#3212=LINE('',#9574,#3896);
#3213=LINE('',#9576,#3897);
#3214=LINE('',#9578,#3898);
#3215=LINE('',#9579,#3899);
#3216=LINE('',#9584,#3900);
#3217=LINE('',#9587,#3901);
#3218=LINE('',#9589,#3902);
#3219=LINE('',#9591,#3903);
#3220=LINE('',#9593,#3904);
#3221=LINE('',#9595,#3905);
#3222=LINE('',#9597,#3906);
#3223=LINE('',#9599,#3907);
#3224=LINE('',#9601,#3908);
#3225=LINE('',#9603,#3909);
#3226=LINE('',#9605,#3910);
#3227=LINE('',#9606,#3911);
#3228=LINE('',#9611,#3912);
#3229=LINE('',#9614,#3913);
#3230=LINE('',#9616,#3914);
#3231=LINE('',#9618,#3915);
#3232=LINE('',#9620,#3916);
#3233=LINE('',#9622,#3917);
#3234=LINE('',#9624,#3918);
#3235=LINE('',#9626,#3919);
#3236=LINE('',#9628,#3920);
#3237=LINE('',#9630,#3921);
#3238=LINE('',#9632,#3922);
#3239=LINE('',#9633,#3923);
#3240=LINE('',#9638,#3924);
#3241=LINE('',#9641,#3925);
#3242=LINE('',#9643,#3926);
#3243=LINE('',#9645,#3927);
#3244=LINE('',#9647,#3928);
#3245=LINE('',#9649,#3929);
#3246=LINE('',#9651,#3930);
#3247=LINE('',#9653,#3931);
#3248=LINE('',#9655,#3932);
#3249=LINE('',#9657,#3933);
#3250=LINE('',#9659,#3934);
#3251=LINE('',#9660,#3935);
#3252=LINE('',#9665,#3936);
#3253=LINE('',#9668,#3937);
#3254=LINE('',#9670,#3938);
#3255=LINE('',#9672,#3939);
#3256=LINE('',#9674,#3940);
#3257=LINE('',#9676,#3941);
#3258=LINE('',#9678,#3942);
#3259=LINE('',#9680,#3943);
#3260=LINE('',#9682,#3944);
#3261=LINE('',#9684,#3945);
#3262=LINE('',#9686,#3946);
#3263=LINE('',#9687,#3947);
#3264=LINE('',#9692,#3948);
#3265=LINE('',#9695,#3949);
#3266=LINE('',#9697,#3950);
#3267=LINE('',#9699,#3951);
#3268=LINE('',#9701,#3952);
#3269=LINE('',#9703,#3953);
#3270=LINE('',#9705,#3954);
#3271=LINE('',#9707,#3955);
#3272=LINE('',#9709,#3956);
#3273=LINE('',#9711,#3957);
#3274=LINE('',#9713,#3958);
#3275=LINE('',#9714,#3959);
#3276=LINE('',#9719,#3960);
#3277=LINE('',#9722,#3961);
#3278=LINE('',#9724,#3962);
#3279=LINE('',#9726,#3963);
#3280=LINE('',#9728,#3964);
#3281=LINE('',#9730,#3965);
#3282=LINE('',#9732,#3966);
#3283=LINE('',#9734,#3967);
#3284=LINE('',#9736,#3968);
#3285=LINE('',#9738,#3969);
#3286=LINE('',#9740,#3970);
#3287=LINE('',#9741,#3971);
#3288=LINE('',#9746,#3972);
#3289=LINE('',#9749,#3973);
#3290=LINE('',#9751,#3974);
#3291=LINE('',#9753,#3975);
#3292=LINE('',#9755,#3976);
#3293=LINE('',#9757,#3977);
#3294=LINE('',#9759,#3978);
#3295=LINE('',#9761,#3979);
#3296=LINE('',#9763,#3980);
#3297=LINE('',#9765,#3981);
#3298=LINE('',#9767,#3982);
#3299=LINE('',#9768,#3983);
#3300=LINE('',#9773,#3984);
#3301=LINE('',#9776,#3985);
#3302=LINE('',#9778,#3986);
#3303=LINE('',#9780,#3987);
#3304=LINE('',#9782,#3988);
#3305=LINE('',#9784,#3989);
#3306=LINE('',#9786,#3990);
#3307=LINE('',#9788,#3991);
#3308=LINE('',#9790,#3992);
#3309=LINE('',#9792,#3993);
#3310=LINE('',#9794,#3994);
#3311=LINE('',#9795,#3995);
#3312=LINE('',#9800,#3996);
#3313=LINE('',#9803,#3997);
#3314=LINE('',#9805,#3998);
#3315=LINE('',#9807,#3999);
#3316=LINE('',#9809,#4000);
#3317=LINE('',#9811,#4001);
#3318=LINE('',#9813,#4002);
#3319=LINE('',#9815,#4003);
#3320=LINE('',#9817,#4004);
#3321=LINE('',#9819,#4005);
#3322=LINE('',#9821,#4006);
#3323=LINE('',#9822,#4007);
#3324=LINE('',#9827,#4008);
#3325=LINE('',#9830,#4009);
#3326=LINE('',#9832,#4010);
#3327=LINE('',#9834,#4011);
#3328=LINE('',#9836,#4012);
#3329=LINE('',#9838,#4013);
#3330=LINE('',#9840,#4014);
#3331=LINE('',#9842,#4015);
#3332=LINE('',#9844,#4016);
#3333=LINE('',#9846,#4017);
#3334=LINE('',#9848,#4018);
#3335=LINE('',#9849,#4019);
#3336=LINE('',#9854,#4020);
#3337=LINE('',#9857,#4021);
#3338=LINE('',#9859,#4022);
#3339=LINE('',#9861,#4023);
#3340=LINE('',#9863,#4024);
#3341=LINE('',#9865,#4025);
#3342=LINE('',#9867,#4026);
#3343=LINE('',#9869,#4027);
#3344=LINE('',#9871,#4028);
#3345=LINE('',#9873,#4029);
#3346=LINE('',#9875,#4030);
#3347=LINE('',#9876,#4031);
#3348=LINE('',#9881,#4032);
#3349=LINE('',#9884,#4033);
#3350=LINE('',#9886,#4034);
#3351=LINE('',#9888,#4035);
#3352=LINE('',#9890,#4036);
#3353=LINE('',#9892,#4037);
#3354=LINE('',#9894,#4038);
#3355=LINE('',#9896,#4039);
#3356=LINE('',#9898,#4040);
#3357=LINE('',#9900,#4041);
#3358=LINE('',#9902,#4042);
#3359=LINE('',#9903,#4043);
#3360=LINE('',#9908,#4044);
#3361=LINE('',#9911,#4045);
#3362=LINE('',#9913,#4046);
#3363=LINE('',#9915,#4047);
#3364=LINE('',#9917,#4048);
#3365=LINE('',#9919,#4049);
#3366=LINE('',#9921,#4050);
#3367=LINE('',#9923,#4051);
#3368=LINE('',#9925,#4052);
#3369=LINE('',#9927,#4053);
#3370=LINE('',#9929,#4054);
#3371=LINE('',#9930,#4055);
#3372=LINE('',#10007,#4056);
#3373=LINE('',#10010,#4057);
#3374=LINE('',#10012,#4058);
#3375=LINE('',#10014,#4059);
#3376=LINE('',#10016,#4060);
#3377=LINE('',#10018,#4061);
#3378=LINE('',#10020,#4062);
#3379=LINE('',#10022,#4063);
#3380=LINE('',#10024,#4064);
#3381=LINE('',#10026,#4065);
#3382=LINE('',#10028,#4066);
#3383=LINE('',#10029,#4067);
#3384=LINE('',#10034,#4068);
#3385=LINE('',#10037,#4069);
#3386=LINE('',#10039,#4070);
#3387=LINE('',#10041,#4071);
#3388=LINE('',#10043,#4072);
#3389=LINE('',#10045,#4073);
#3390=LINE('',#10047,#4074);
#3391=LINE('',#10049,#4075);
#3392=LINE('',#10052,#4076);
#3393=LINE('',#10054,#4077);
#3394=LINE('',#10056,#4078);
#3395=LINE('',#10058,#4079);
#3396=LINE('',#10060,#4080);
#3397=LINE('',#10062,#4081);
#3398=LINE('',#10064,#4082);
#3399=LINE('',#10066,#4083);
#3400=LINE('',#10068,#4084);
#3401=LINE('',#10070,#4085);
#3402=LINE('',#10072,#4086);
#3403=LINE('',#10073,#4087);
#3404=LINE('',#10101,#4088);
#3405=LINE('',#10104,#4089);
#3406=LINE('',#10106,#4090);
#3407=LINE('',#10108,#4091);
#3408=LINE('',#10110,#4092);
#3409=LINE('',#10112,#4093);
#3410=LINE('',#10114,#4094);
#3411=LINE('',#10116,#4095);
#3412=LINE('',#10118,#4096);
#3413=LINE('',#10120,#4097);
#3414=LINE('',#10122,#4098);
#3415=LINE('',#10123,#4099);
#3416=LINE('',#10128,#4100);
#3417=LINE('',#10131,#4101);
#3418=LINE('',#10133,#4102);
#3419=LINE('',#10135,#4103);
#3420=LINE('',#10137,#4104);
#3421=LINE('',#10139,#4105);
#3422=LINE('',#10141,#4106);
#3423=LINE('',#10143,#4107);
#3424=LINE('',#10145,#4108);
#3425=LINE('',#10147,#4109);
#3426=LINE('',#10149,#4110);
#3427=LINE('',#10150,#4111);
#3428=LINE('',#10155,#4112);
#3429=LINE('',#10158,#4113);
#3430=LINE('',#10160,#4114);
#3431=LINE('',#10162,#4115);
#3432=LINE('',#10164,#4116);
#3433=LINE('',#10166,#4117);
#3434=LINE('',#10168,#4118);
#3435=LINE('',#10170,#4119);
#3436=LINE('',#10172,#4120);
#3437=LINE('',#10174,#4121);
#3438=LINE('',#10176,#4122);
#3439=LINE('',#10177,#4123);
#3440=LINE('',#10182,#4124);
#3441=LINE('',#10185,#4125);
#3442=LINE('',#10187,#4126);
#3443=LINE('',#10189,#4127);
#3444=LINE('',#10191,#4128);
#3445=LINE('',#10193,#4129);
#3446=LINE('',#10195,#4130);
#3447=LINE('',#10197,#4131);
#3448=LINE('',#10199,#4132);
#3449=LINE('',#10201,#4133);
#3450=LINE('',#10203,#4134);
#3451=LINE('',#10204,#4135);
#3452=LINE('',#10209,#4136);
#3453=LINE('',#10212,#4137);
#3454=LINE('',#10214,#4138);
#3455=LINE('',#10216,#4139);
#3456=LINE('',#10218,#4140);
#3457=LINE('',#10220,#4141);
#3458=LINE('',#10222,#4142);
#3459=LINE('',#10224,#4143);
#3460=LINE('',#10226,#4144);
#3461=LINE('',#10228,#4145);
#3462=LINE('',#10230,#4146);
#3463=LINE('',#10231,#4147);
#3464=LINE('',#10236,#4148);
#3465=LINE('',#10239,#4149);
#3466=LINE('',#10241,#4150);
#3467=LINE('',#10243,#4151);
#3468=LINE('',#10245,#4152);
#3469=LINE('',#10247,#4153);
#3470=LINE('',#10249,#4154);
#3471=LINE('',#10251,#4155);
#3472=LINE('',#10253,#4156);
#3473=LINE('',#10255,#4157);
#3474=LINE('',#10257,#4158);
#3475=LINE('',#10258,#4159);
#3476=LINE('',#10263,#4160);
#3477=LINE('',#10266,#4161);
#3478=LINE('',#10268,#4162);
#3479=LINE('',#10270,#4163);
#3480=LINE('',#10272,#4164);
#3481=LINE('',#10274,#4165);
#3482=LINE('',#10276,#4166);
#3483=LINE('',#10278,#4167);
#3484=LINE('',#10280,#4168);
#3485=LINE('',#10282,#4169);
#3486=LINE('',#10284,#4170);
#3487=LINE('',#10285,#4171);
#3488=LINE('',#10290,#4172);
#3489=LINE('',#10293,#4173);
#3490=LINE('',#10295,#4174);
#3491=LINE('',#10297,#4175);
#3492=LINE('',#10299,#4176);
#3493=LINE('',#10301,#4177);
#3494=LINE('',#10303,#4178);
#3495=LINE('',#10305,#4179);
#3496=LINE('',#10307,#4180);
#3497=LINE('',#10309,#4181);
#3498=LINE('',#10311,#4182);
#3499=LINE('',#10312,#4183);
#3500=LINE('',#10317,#4184);
#3501=LINE('',#10320,#4185);
#3502=LINE('',#10322,#4186);
#3503=LINE('',#10324,#4187);
#3504=LINE('',#10326,#4188);
#3505=LINE('',#10328,#4189);
#3506=LINE('',#10330,#4190);
#3507=LINE('',#10332,#4191);
#3508=LINE('',#10334,#4192);
#3509=LINE('',#10336,#4193);
#3510=LINE('',#10338,#4194);
#3511=LINE('',#10339,#4195);
#3512=LINE('',#10344,#4196);
#3513=LINE('',#10347,#4197);
#3514=LINE('',#10349,#4198);
#3515=LINE('',#10351,#4199);
#3516=LINE('',#10353,#4200);
#3517=LINE('',#10355,#4201);
#3518=LINE('',#10357,#4202);
#3519=LINE('',#10359,#4203);
#3520=LINE('',#10361,#4204);
#3521=LINE('',#10363,#4205);
#3522=LINE('',#10365,#4206);
#3523=LINE('',#10366,#4207);
#3524=LINE('',#10371,#4208);
#3525=LINE('',#10374,#4209);
#3526=LINE('',#10376,#4210);
#3527=LINE('',#10378,#4211);
#3528=LINE('',#10380,#4212);
#3529=LINE('',#10382,#4213);
#3530=LINE('',#10384,#4214);
#3531=LINE('',#10386,#4215);
#3532=LINE('',#10388,#4216);
#3533=LINE('',#10390,#4217);
#3534=LINE('',#10392,#4218);
#3535=LINE('',#10393,#4219);
#3536=LINE('',#10398,#4220);
#3537=LINE('',#10401,#4221);
#3538=LINE('',#10403,#4222);
#3539=LINE('',#10405,#4223);
#3540=LINE('',#10407,#4224);
#3541=LINE('',#10409,#4225);
#3542=LINE('',#10411,#4226);
#3543=LINE('',#10413,#4227);
#3544=LINE('',#10415,#4228);
#3545=LINE('',#10417,#4229);
#3546=LINE('',#10419,#4230);
#3547=LINE('',#10420,#4231);
#3548=LINE('',#10425,#4232);
#3549=LINE('',#10428,#4233);
#3550=LINE('',#10430,#4234);
#3551=LINE('',#10432,#4235);
#3552=LINE('',#10434,#4236);
#3553=LINE('',#10436,#4237);
#3554=LINE('',#10438,#4238);
#3555=LINE('',#10440,#4239);
#3556=LINE('',#10442,#4240);
#3557=LINE('',#10444,#4241);
#3558=LINE('',#10446,#4242);
#3559=LINE('',#10447,#4243);
#3560=LINE('',#10452,#4244);
#3561=LINE('',#10455,#4245);
#3562=LINE('',#10457,#4246);
#3563=LINE('',#10459,#4247);
#3564=LINE('',#10461,#4248);
#3565=LINE('',#10463,#4249);
#3566=LINE('',#10465,#4250);
#3567=LINE('',#10467,#4251);
#3568=LINE('',#10469,#4252);
#3569=LINE('',#10471,#4253);
#3570=LINE('',#10473,#4254);
#3571=LINE('',#10474,#4255);
#3572=LINE('',#10479,#4256);
#3573=LINE('',#10482,#4257);
#3574=LINE('',#10484,#4258);
#3575=LINE('',#10486,#4259);
#3576=LINE('',#10488,#4260);
#3577=LINE('',#10490,#4261);
#3578=LINE('',#10492,#4262);
#3579=LINE('',#10494,#4263);
#3580=LINE('',#10496,#4264);
#3581=LINE('',#10498,#4265);
#3582=LINE('',#10500,#4266);
#3583=LINE('',#10501,#4267);
#3584=LINE('',#10578,#4268);
#3585=LINE('',#10581,#4269);
#3586=LINE('',#10583,#4270);
#3587=LINE('',#10585,#4271);
#3588=LINE('',#10587,#4272);
#3589=LINE('',#10589,#4273);
#3590=LINE('',#10591,#4274);
#3591=LINE('',#10593,#4275);
#3592=LINE('',#10595,#4276);
#3593=LINE('',#10597,#4277);
#3594=LINE('',#10599,#4278);
#3595=LINE('',#10600,#4279);
#3596=LINE('',#10605,#4280);
#3597=LINE('',#10608,#4281);
#3598=LINE('',#10610,#4282);
#3599=LINE('',#10612,#4283);
#3600=LINE('',#10614,#4284);
#3601=LINE('',#10616,#4285);
#3602=LINE('',#10618,#4286);
#3603=LINE('',#10620,#4287);
#3604=LINE('',#10622,#4288);
#3605=LINE('',#10624,#4289);
#3606=LINE('',#10626,#4290);
#3607=LINE('',#10627,#4291);
#3608=LINE('',#10632,#4292);
#3609=LINE('',#10635,#4293);
#3610=LINE('',#10637,#4294);
#3611=LINE('',#10639,#4295);
#3612=LINE('',#10641,#4296);
#3613=LINE('',#10643,#4297);
#3614=LINE('',#10645,#4298);
#3615=LINE('',#10647,#4299);
#3616=LINE('',#10649,#4300);
#3617=LINE('',#10651,#4301);
#3618=LINE('',#10653,#4302);
#3619=LINE('',#10654,#4303);
#3620=LINE('',#10665,#4304);
#3621=LINE('',#10668,#4305);
#3622=LINE('',#10670,#4306);
#3623=LINE('',#10674,#4307);
#3624=LINE('',#10676,#4308);
#3625=LINE('',#10679,#4309);
#3626=LINE('',#10681,#4310);
#3627=LINE('',#10683,#4311);
#3628=LINE('',#10691,#4312);
#3629=LINE('',#10693,#4313);
#3630=LINE('',#10697,#4314);
#3631=LINE('',#10699,#4315);
#3632=LINE('',#10701,#4316);
#3633=LINE('',#10703,#4317);
#3634=LINE('',#10707,#4318);
#3635=LINE('',#10709,#4319);
#3636=LINE('',#10710,#4320);
#3637=LINE('',#10712,#4321);
#3638=LINE('',#10713,#4322);
#3639=LINE('',#10715,#4323);
#3640=LINE('',#10744,#4324);
#3641=LINE('',#10747,#4325);
#3642=LINE('',#10749,#4326);
#3643=LINE('',#10751,#4327);
#3644=LINE('',#10753,#4328);
#3645=LINE('',#10755,#4329);
#3646=LINE('',#10757,#4330);
#3647=LINE('',#10759,#4331);
#3648=LINE('',#10761,#4332);
#3649=LINE('',#10763,#4333);
#3650=LINE('',#10765,#4334);
#3651=LINE('',#10766,#4335);
#3652=LINE('',#10771,#4336);
#3653=LINE('',#10774,#4337);
#3654=LINE('',#10776,#4338);
#3655=LINE('',#10778,#4339);
#3656=LINE('',#10780,#4340);
#3657=LINE('',#10782,#4341);
#3658=LINE('',#10784,#4342);
#3659=LINE('',#10786,#4343);
#3660=LINE('',#10788,#4344);
#3661=LINE('',#10790,#4345);
#3662=LINE('',#10792,#4346);
#3663=LINE('',#10793,#4347);
#3664=LINE('',#10798,#4348);
#3665=LINE('',#10801,#4349);
#3666=LINE('',#10803,#4350);
#3667=LINE('',#10805,#4351);
#3668=LINE('',#10807,#4352);
#3669=LINE('',#10809,#4353);
#3670=LINE('',#10811,#4354);
#3671=LINE('',#10813,#4355);
#3672=LINE('',#10815,#4356);
#3673=LINE('',#10817,#4357);
#3674=LINE('',#10819,#4358);
#3675=LINE('',#10820,#4359);
#3676=LINE('',#10825,#4360);
#3677=LINE('',#10828,#4361);
#3678=LINE('',#10830,#4362);
#3679=LINE('',#10832,#4363);
#3680=LINE('',#10834,#4364);
#3681=LINE('',#10836,#4365);
#3682=LINE('',#10838,#4366);
#3683=LINE('',#10840,#4367);
#3684=LINE('',#10842,#4368);
#3685=LINE('',#10845,#4369);
#3686=LINE('',#10847,#4370);
#3687=LINE('',#10849,#4371);
#3688=LINE('',#10851,#4372);
#3689=LINE('',#10853,#4373);
#3690=LINE('',#10855,#4374);
#3691=LINE('',#10857,#4375);
#3692=LINE('',#10860,#4376);
#3693=LINE('',#10862,#4377);
#3694=LINE('',#10864,#4378);
#3695=LINE('',#10865,#4379);
#3696=LINE('',#10876,#4380);
#3697=LINE('',#10879,#4381);
#3698=LINE('',#10881,#4382);
#3699=LINE('',#10883,#4383);
#3700=LINE('',#10885,#4384);
#3701=LINE('',#10888,#4385);
#3702=LINE('',#10890,#4386);
#3703=LINE('',#10892,#4387);
#3704=LINE('',#10893,#4388);
#3705=LINE('',#10895,#4389);
#3706=LINE('',#10897,#4390);
#3707=LINE('',#10900,#4391);
#3708=LINE('',#10902,#4392);
#3709=LINE('',#10906,#4393);
#3710=LINE('',#10908,#4394);
#3711=LINE('',#10910,#4395);
#3712=LINE('',#10912,#4396);
#3713=LINE('',#10914,#4397);
#3714=LINE('',#10915,#4398);
#3715=LINE('',#10916,#4399);
#3716=LINE('',#10927,#4400);
#3717=LINE('',#10930,#4401);
#3718=LINE('',#10932,#4402);
#3719=LINE('',#10934,#4403);
#3720=LINE('',#10936,#4404);
#3721=LINE('',#10938,#4405);
#3722=LINE('',#10940,#4406);
#3723=LINE('',#10942,#4407);
#3724=LINE('',#10945,#4408);
#3725=LINE('',#10947,#4409);
#3726=LINE('',#10949,#4410);
#3727=LINE('',#10951,#4411);
#3728=LINE('',#10956,#4412);
#3729=LINE('',#10958,#4413);
#3730=LINE('',#10959,#4414);
#3731=LINE('',#10961,#4415);
#3732=LINE('',#10963,#4416);
#3733=LINE('',#10965,#4417);
#3734=LINE('',#10966,#4418);
#3735=LINE('',#10967,#4419);
#3736=LINE('',#10978,#4420);
#3737=LINE('',#10981,#4421);
#3738=LINE('',#10983,#4422);
#3739=LINE('',#10985,#4423);
#3740=LINE('',#10987,#4424);
#3741=LINE('',#10989,#4425);
#3742=LINE('',#10991,#4426);
#3743=LINE('',#10993,#4427);
#3744=LINE('',#10995,#4428);
#3745=LINE('',#10997,#4429);
#3746=LINE('',#10999,#4430);
#3747=LINE('',#11000,#4431);
#3748=LINE('',#11005,#4432);
#3749=LINE('',#11008,#4433);
#3750=LINE('',#11010,#4434);
#3751=LINE('',#11012,#4435);
#3752=LINE('',#11014,#4436);
#3753=LINE('',#11016,#4437);
#3754=LINE('',#11018,#4438);
#3755=LINE('',#11020,#4439);
#3756=LINE('',#11022,#4440);
#3757=LINE('',#11024,#4441);
#3758=LINE('',#11026,#4442);
#3759=LINE('',#11027,#4443);
#3760=LINE('',#11032,#4444);
#3761=LINE('',#11035,#4445);
#3762=LINE('',#11037,#4446);
#3763=LINE('',#11039,#4447);
#3764=LINE('',#11041,#4448);
#3765=LINE('',#11043,#4449);
#3766=LINE('',#11045,#4450);
#3767=LINE('',#11047,#4451);
#3768=LINE('',#11049,#4452);
#3769=LINE('',#11051,#4453);
#3770=LINE('',#11053,#4454);
#3771=LINE('',#11054,#4455);
#3772=LINE('',#11059,#4456);
#3773=LINE('',#11062,#4457);
#3774=LINE('',#11064,#4458);
#3775=LINE('',#11066,#4459);
#3776=LINE('',#11068,#4460);
#3777=LINE('',#11070,#4461);
#3778=LINE('',#11072,#4462);
#3779=LINE('',#11074,#4463);
#3780=LINE('',#11076,#4464);
#3781=LINE('',#11079,#4465);
#3782=LINE('',#11081,#4466);
#3783=LINE('',#11083,#4467);
#3784=LINE('',#11086,#4468);
#3785=LINE('',#11087,#4469);
#3786=LINE('',#11089,#4470);
#3787=LINE('',#11090,#4471);
#3788=LINE('',#11098,#4472);
#3789=LINE('',#11101,#4473);
#3790=LINE('',#11103,#4474);
#3791=LINE('',#11105,#4475);
#3792=LINE('',#11107,#4476);
#3793=LINE('',#11109,#4477);
#3794=LINE('',#11111,#4478);
#3795=LINE('',#11113,#4479);
#3796=LINE('',#11115,#4480);
#3797=LINE('',#11118,#4481);
#3798=LINE('',#11120,#4482);
#3799=LINE('',#11122,#4483);
#3800=LINE('',#11124,#4484);
#3801=LINE('',#11126,#4485);
#3802=LINE('',#11128,#4486);
#3803=LINE('',#11130,#4487);
#3804=LINE('',#11133,#4488);
#3805=LINE('',#11135,#4489);
#3806=LINE('',#11137,#4490);
#3807=LINE('',#11138,#4491);
#3808=LINE('',#11149,#4492);
#3809=LINE('',#11152,#4493);
#3810=LINE('',#11154,#4494);
#3811=LINE('',#11156,#4495);
#3812=LINE('',#11158,#4496);
#3813=LINE('',#11161,#4497);
#3814=LINE('',#11163,#4498);
#3815=LINE('',#11165,#4499);
#3816=LINE('',#11166,#4500);
#3817=LINE('',#11168,#4501);
#3818=LINE('',#11170,#4502);
#3819=LINE('',#11173,#4503);
#3820=LINE('',#11175,#4504);
#3821=LINE('',#11179,#4505);
#3822=LINE('',#11181,#4506);
#3823=LINE('',#11183,#4507);
#3824=LINE('',#11185,#4508);
#3825=LINE('',#11187,#4509);
#3826=LINE('',#11188,#4510);
#3827=LINE('',#11189,#4511);
#3828=LINE('',#11200,#4512);
#3829=LINE('',#11203,#4513);
#3830=LINE('',#11205,#4514);
#3831=LINE('',#11207,#4515);
#3832=LINE('',#11209,#4516);
#3833=LINE('',#11212,#4517);
#3834=LINE('',#11214,#4518);
#3835=LINE('',#11216,#4519);
#3836=LINE('',#11217,#4520);
#3837=LINE('',#11219,#4521);
#3838=LINE('',#11221,#4522);
#3839=LINE('',#11224,#4523);
#3840=LINE('',#11226,#4524);
#3841=LINE('',#11228,#4525);
#3842=LINE('',#11230,#4526);
#3843=LINE('',#11231,#4527);
#3844=VECTOR('',#7590,1.);
#3845=VECTOR('',#7591,1.);
#3846=VECTOR('',#7592,1.);
#3847=VECTOR('',#7593,1.);
#3848=VECTOR('',#7596,1.);
#3849=VECTOR('',#7597,1.);
#3850=VECTOR('',#7598,1.);
#3851=VECTOR('',#7601,1.);
#3852=VECTOR('',#7602,1.);
#3853=VECTOR('',#7603,1.);
#3854=VECTOR('',#7606,1.);
#3855=VECTOR('',#7607,1.);
#3856=VECTOR('',#7616,1.);
#3857=VECTOR('',#7617,1.);
#3858=VECTOR('',#7618,1.);
#3859=VECTOR('',#7619,1.);
#3860=VECTOR('',#7622,1.);
#3861=VECTOR('',#7623,1.);
#3862=VECTOR('',#7624,1.);
#3863=VECTOR('',#7627,1.);
#3864=VECTOR('',#7628,1.);
#3865=VECTOR('',#7629,1.);
#3866=VECTOR('',#7632,1.);
#3867=VECTOR('',#7633,1.);
#3868=VECTOR('',#7648,1.);
#3869=VECTOR('',#7649,1.);
#3870=VECTOR('',#7652,1.);
#3871=VECTOR('',#7653,1.);
#3872=VECTOR('',#7656,1.);
#3873=VECTOR('',#7657,1.);
#3874=VECTOR('',#7658,1.);
#3875=VECTOR('',#7659,1.);
#3876=VECTOR('',#7662,1.);
#3877=VECTOR('',#7663,1.);
#3878=VECTOR('',#7664,1.);
#3879=VECTOR('',#7665,1.);
#3880=VECTOR('',#7668,1.);
#3881=VECTOR('',#7669,1.);
#3882=VECTOR('',#7674,1.);
#3883=VECTOR('',#7679,1.);
#3884=VECTOR('',#7680,1.);
#3885=VECTOR('',#7683,1.);
#3886=VECTOR('',#7684,1.);
#3887=VECTOR('',#7687,1.);
#3888=VECTOR('',#7714,1.);
#3889=VECTOR('',#7715,1.);
#3890=VECTOR('',#7716,1.);
#3891=VECTOR('',#7717,1.);
#3892=VECTOR('',#7720,1.);
#3893=VECTOR('',#7721,1.);
#3894=VECTOR('',#7722,1.);
#3895=VECTOR('',#7725,1.);
#3896=VECTOR('',#7726,1.);
#3897=VECTOR('',#7727,1.);
#3898=VECTOR('',#7730,1.);
#3899=VECTOR('',#7731,1.);
#3900=VECTOR('',#7740,1.);
#3901=VECTOR('',#7741,1.);
#3902=VECTOR('',#7742,1.);
#3903=VECTOR('',#7743,1.);
#3904=VECTOR('',#7746,1.);
#3905=VECTOR('',#7747,1.);
#3906=VECTOR('',#7748,1.);
#3907=VECTOR('',#7751,1.);
#3908=VECTOR('',#7752,1.);
#3909=VECTOR('',#7753,1.);
#3910=VECTOR('',#7756,1.);
#3911=VECTOR('',#7757,1.);
#3912=VECTOR('',#7766,1.);
#3913=VECTOR('',#7767,1.);
#3914=VECTOR('',#7768,1.);
#3915=VECTOR('',#7769,1.);
#3916=VECTOR('',#7772,1.);
#3917=VECTOR('',#7773,1.);
#3918=VECTOR('',#7774,1.);
#3919=VECTOR('',#7777,1.);
#3920=VECTOR('',#7778,1.);
#3921=VECTOR('',#7779,1.);
#3922=VECTOR('',#7782,1.);
#3923=VECTOR('',#7783,1.);
#3924=VECTOR('',#7792,1.);
#3925=VECTOR('',#7793,1.);
#3926=VECTOR('',#7794,1.);
#3927=VECTOR('',#7795,1.);
#3928=VECTOR('',#7798,1.);
#3929=VECTOR('',#7799,1.);
#3930=VECTOR('',#7800,1.);
#3931=VECTOR('',#7803,1.);
#3932=VECTOR('',#7804,1.);
#3933=VECTOR('',#7805,1.);
#3934=VECTOR('',#7808,1.);
#3935=VECTOR('',#7809,1.);
#3936=VECTOR('',#7818,1.);
#3937=VECTOR('',#7819,1.);
#3938=VECTOR('',#7820,1.);
#3939=VECTOR('',#7821,1.);
#3940=VECTOR('',#7824,1.);
#3941=VECTOR('',#7825,1.);
#3942=VECTOR('',#7826,1.);
#3943=VECTOR('',#7829,1.);
#3944=VECTOR('',#7830,1.);
#3945=VECTOR('',#7831,1.);
#3946=VECTOR('',#7834,1.);
#3947=VECTOR('',#7835,1.);
#3948=VECTOR('',#7844,1.);
#3949=VECTOR('',#7845,1.);
#3950=VECTOR('',#7846,1.);
#3951=VECTOR('',#7847,1.);
#3952=VECTOR('',#7850,1.);
#3953=VECTOR('',#7851,1.);
#3954=VECTOR('',#7852,1.);
#3955=VECTOR('',#7855,1.);
#3956=VECTOR('',#7856,1.);
#3957=VECTOR('',#7857,1.);
#3958=VECTOR('',#7860,1.);
#3959=VECTOR('',#7861,1.);
#3960=VECTOR('',#7870,1.);
#3961=VECTOR('',#7871,1.);
#3962=VECTOR('',#7872,1.);
#3963=VECTOR('',#7873,1.);
#3964=VECTOR('',#7876,1.);
#3965=VECTOR('',#7877,1.);
#3966=VECTOR('',#7878,1.);
#3967=VECTOR('',#7881,1.);
#3968=VECTOR('',#7882,1.);
#3969=VECTOR('',#7883,1.);
#3970=VECTOR('',#7886,1.);
#3971=VECTOR('',#7887,1.);
#3972=VECTOR('',#7896,1.);
#3973=VECTOR('',#7897,1.);
#3974=VECTOR('',#7898,1.);
#3975=VECTOR('',#7899,1.);
#3976=VECTOR('',#7902,1.);
#3977=VECTOR('',#7903,1.);
#3978=VECTOR('',#7904,1.);
#3979=VECTOR('',#7907,1.);
#3980=VECTOR('',#7908,1.);
#3981=VECTOR('',#7909,1.);
#3982=VECTOR('',#7912,1.);
#3983=VECTOR('',#7913,1.);
#3984=VECTOR('',#7922,1.);
#3985=VECTOR('',#7923,1.);
#3986=VECTOR('',#7924,1.);
#3987=VECTOR('',#7925,1.);
#3988=VECTOR('',#7928,1.);
#3989=VECTOR('',#7929,1.);
#3990=VECTOR('',#7930,1.);
#3991=VECTOR('',#7933,1.);
#3992=VECTOR('',#7934,1.);
#3993=VECTOR('',#7935,1.);
#3994=VECTOR('',#7938,1.);
#3995=VECTOR('',#7939,1.);
#3996=VECTOR('',#7948,1.);
#3997=VECTOR('',#7949,1.);
#3998=VECTOR('',#7950,1.);
#3999=VECTOR('',#7951,1.);
#4000=VECTOR('',#7954,1.);
#4001=VECTOR('',#7955,1.);
#4002=VECTOR('',#7956,1.);
#4003=VECTOR('',#7959,1.);
#4004=VECTOR('',#7960,1.);
#4005=VECTOR('',#7961,1.);
#4006=VECTOR('',#7964,1.);
#4007=VECTOR('',#7965,1.);
#4008=VECTOR('',#7974,1.);
#4009=VECTOR('',#7975,1.);
#4010=VECTOR('',#7976,1.);
#4011=VECTOR('',#7977,1.);
#4012=VECTOR('',#7980,1.);
#4013=VECTOR('',#7981,1.);
#4014=VECTOR('',#7982,1.);
#4015=VECTOR('',#7985,1.);
#4016=VECTOR('',#7986,1.);
#4017=VECTOR('',#7987,1.);
#4018=VECTOR('',#7990,1.);
#4019=VECTOR('',#7991,1.);
#4020=VECTOR('',#8000,1.);
#4021=VECTOR('',#8001,1.);
#4022=VECTOR('',#8002,1.);
#4023=VECTOR('',#8003,1.);
#4024=VECTOR('',#8006,1.);
#4025=VECTOR('',#8007,1.);
#4026=VECTOR('',#8008,1.);
#4027=VECTOR('',#8011,1.);
#4028=VECTOR('',#8012,1.);
#4029=VECTOR('',#8013,1.);
#4030=VECTOR('',#8016,1.);
#4031=VECTOR('',#8017,1.);
#4032=VECTOR('',#8026,1.);
#4033=VECTOR('',#8027,1.);
#4034=VECTOR('',#8028,1.);
#4035=VECTOR('',#8029,1.);
#4036=VECTOR('',#8032,1.);
#4037=VECTOR('',#8033,1.);
#4038=VECTOR('',#8034,1.);
#4039=VECTOR('',#8037,1.);
#4040=VECTOR('',#8038,1.);
#4041=VECTOR('',#8039,1.);
#4042=VECTOR('',#8042,1.);
#4043=VECTOR('',#8043,1.);
#4044=VECTOR('',#8052,1.);
#4045=VECTOR('',#8053,1.);
#4046=VECTOR('',#8054,1.);
#4047=VECTOR('',#8055,1.);
#4048=VECTOR('',#8058,1.);
#4049=VECTOR('',#8059,1.);
#4050=VECTOR('',#8060,1.);
#4051=VECTOR('',#8063,1.);
#4052=VECTOR('',#8064,1.);
#4053=VECTOR('',#8065,1.);
#4054=VECTOR('',#8068,1.);
#4055=VECTOR('',#8069,1.);
#4056=VECTOR('',#8186,1.);
#4057=VECTOR('',#8187,1.);
#4058=VECTOR('',#8188,1.);
#4059=VECTOR('',#8189,1.);
#4060=VECTOR('',#8192,1.);
#4061=VECTOR('',#8193,1.);
#4062=VECTOR('',#8194,1.);
#4063=VECTOR('',#8197,1.);
#4064=VECTOR('',#8198,1.);
#4065=VECTOR('',#8199,1.);
#4066=VECTOR('',#8202,1.);
#4067=VECTOR('',#8203,1.);
#4068=VECTOR('',#8212,1.);
#4069=VECTOR('',#8213,1.);
#4070=VECTOR('',#8214,1.);
#4071=VECTOR('',#8215,1.);
#4072=VECTOR('',#8218,1.);
#4073=VECTOR('',#8219,1.);
#4074=VECTOR('',#8220,1.);
#4075=VECTOR('',#8223,1.);
#4076=VECTOR('',#8224,1.);
#4077=VECTOR('',#8225,1.);
#4078=VECTOR('',#8226,1.);
#4079=VECTOR('',#8229,1.);
#4080=VECTOR('',#8230,1.);
#4081=VECTOR('',#8231,1.);
#4082=VECTOR('',#8234,1.);
#4083=VECTOR('',#8235,1.);
#4084=VECTOR('',#8236,1.);
#4085=VECTOR('',#8237,1.);
#4086=VECTOR('',#8240,1.);
#4087=VECTOR('',#8241,1.);
#4088=VECTOR('',#8284,1.);
#4089=VECTOR('',#8285,1.);
#4090=VECTOR('',#8286,1.);
#4091=VECTOR('',#8287,1.);
#4092=VECTOR('',#8290,1.);
#4093=VECTOR('',#8291,1.);
#4094=VECTOR('',#8292,1.);
#4095=VECTOR('',#8295,1.);
#4096=VECTOR('',#8296,1.);
#4097=VECTOR('',#8297,1.);
#4098=VECTOR('',#8300,1.);
#4099=VECTOR('',#8301,1.);
#4100=VECTOR('',#8310,1.);
#4101=VECTOR('',#8311,1.);
#4102=VECTOR('',#8312,1.);
#4103=VECTOR('',#8313,1.);
#4104=VECTOR('',#8316,1.);
#4105=VECTOR('',#8317,1.);
#4106=VECTOR('',#8318,1.);
#4107=VECTOR('',#8321,1.);
#4108=VECTOR('',#8322,1.);
#4109=VECTOR('',#8323,1.);
#4110=VECTOR('',#8326,1.);
#4111=VECTOR('',#8327,1.);
#4112=VECTOR('',#8336,1.);
#4113=VECTOR('',#8337,1.);
#4114=VECTOR('',#8338,1.);
#4115=VECTOR('',#8339,1.);
#4116=VECTOR('',#8342,1.);
#4117=VECTOR('',#8343,1.);
#4118=VECTOR('',#8344,1.);
#4119=VECTOR('',#8347,1.);
#4120=VECTOR('',#8348,1.);
#4121=VECTOR('',#8349,1.);
#4122=VECTOR('',#8352,1.);
#4123=VECTOR('',#8353,1.);
#4124=VECTOR('',#8362,1.);
#4125=VECTOR('',#8363,1.);
#4126=VECTOR('',#8364,1.);
#4127=VECTOR('',#8365,1.);
#4128=VECTOR('',#8368,1.);
#4129=VECTOR('',#8369,1.);
#4130=VECTOR('',#8370,1.);
#4131=VECTOR('',#8373,1.);
#4132=VECTOR('',#8374,1.);
#4133=VECTOR('',#8375,1.);
#4134=VECTOR('',#8378,1.);
#4135=VECTOR('',#8379,1.);
#4136=VECTOR('',#8388,1.);
#4137=VECTOR('',#8389,1.);
#4138=VECTOR('',#8390,1.);
#4139=VECTOR('',#8391,1.);
#4140=VECTOR('',#8394,1.);
#4141=VECTOR('',#8395,1.);
#4142=VECTOR('',#8396,1.);
#4143=VECTOR('',#8399,1.);
#4144=VECTOR('',#8400,1.);
#4145=VECTOR('',#8401,1.);
#4146=VECTOR('',#8404,1.);
#4147=VECTOR('',#8405,1.);
#4148=VECTOR('',#8414,1.);
#4149=VECTOR('',#8415,1.);
#4150=VECTOR('',#8416,1.);
#4151=VECTOR('',#8417,1.);
#4152=VECTOR('',#8420,1.);
#4153=VECTOR('',#8421,1.);
#4154=VECTOR('',#8422,1.);
#4155=VECTOR('',#8425,1.);
#4156=VECTOR('',#8426,1.);
#4157=VECTOR('',#8427,1.);
#4158=VECTOR('',#8430,1.);
#4159=VECTOR('',#8431,1.);
#4160=VECTOR('',#8440,1.);
#4161=VECTOR('',#8441,1.);
#4162=VECTOR('',#8442,1.);
#4163=VECTOR('',#8443,1.);
#4164=VECTOR('',#8446,1.);
#4165=VECTOR('',#8447,1.);
#4166=VECTOR('',#8448,1.);
#4167=VECTOR('',#8451,1.);
#4168=VECTOR('',#8452,1.);
#4169=VECTOR('',#8453,1.);
#4170=VECTOR('',#8456,1.);
#4171=VECTOR('',#8457,1.);
#4172=VECTOR('',#8466,1.);
#4173=VECTOR('',#8467,1.);
#4174=VECTOR('',#8468,1.);
#4175=VECTOR('',#8469,1.);
#4176=VECTOR('',#8472,1.);
#4177=VECTOR('',#8473,1.);
#4178=VECTOR('',#8474,1.);
#4179=VECTOR('',#8477,1.);
#4180=VECTOR('',#8478,1.);
#4181=VECTOR('',#8479,1.);
#4182=VECTOR('',#8482,1.);
#4183=VECTOR('',#8483,1.);
#4184=VECTOR('',#8492,1.);
#4185=VECTOR('',#8493,1.);
#4186=VECTOR('',#8494,1.);
#4187=VECTOR('',#8495,1.);
#4188=VECTOR('',#8498,1.);
#4189=VECTOR('',#8499,1.);
#4190=VECTOR('',#8500,1.);
#4191=VECTOR('',#8503,1.);
#4192=VECTOR('',#8504,1.);
#4193=VECTOR('',#8505,1.);
#4194=VECTOR('',#8508,1.);
#4195=VECTOR('',#8509,1.);
#4196=VECTOR('',#8518,1.);
#4197=VECTOR('',#8519,1.);
#4198=VECTOR('',#8520,1.);
#4199=VECTOR('',#8521,1.);
#4200=VECTOR('',#8524,1.);
#4201=VECTOR('',#8525,1.);
#4202=VECTOR('',#8526,1.);
#4203=VECTOR('',#8529,1.);
#4204=VECTOR('',#8530,1.);
#4205=VECTOR('',#8531,1.);
#4206=VECTOR('',#8534,1.);
#4207=VECTOR('',#8535,1.);
#4208=VECTOR('',#8544,1.);
#4209=VECTOR('',#8545,1.);
#4210=VECTOR('',#8546,1.);
#4211=VECTOR('',#8547,1.);
#4212=VECTOR('',#8550,1.);
#4213=VECTOR('',#8551,1.);
#4214=VECTOR('',#8552,1.);
#4215=VECTOR('',#8555,1.);
#4216=VECTOR('',#8556,1.);
#4217=VECTOR('',#8557,1.);
#4218=VECTOR('',#8560,1.);
#4219=VECTOR('',#8561,1.);
#4220=VECTOR('',#8570,1.);
#4221=VECTOR('',#8571,1.);
#4222=VECTOR('',#8572,1.);
#4223=VECTOR('',#8573,1.);
#4224=VECTOR('',#8576,1.);
#4225=VECTOR('',#8577,1.);
#4226=VECTOR('',#8578,1.);
#4227=VECTOR('',#8581,1.);
#4228=VECTOR('',#8582,1.);
#4229=VECTOR('',#8583,1.);
#4230=VECTOR('',#8586,1.);
#4231=VECTOR('',#8587,1.);
#4232=VECTOR('',#8596,1.);
#4233=VECTOR('',#8597,1.);
#4234=VECTOR('',#8598,1.);
#4235=VECTOR('',#8599,1.);
#4236=VECTOR('',#8602,1.);
#4237=VECTOR('',#8603,1.);
#4238=VECTOR('',#8604,1.);
#4239=VECTOR('',#8607,1.);
#4240=VECTOR('',#8608,1.);
#4241=VECTOR('',#8609,1.);
#4242=VECTOR('',#8612,1.);
#4243=VECTOR('',#8613,1.);
#4244=VECTOR('',#8622,1.);
#4245=VECTOR('',#8623,1.);
#4246=VECTOR('',#8624,1.);
#4247=VECTOR('',#8625,1.);
#4248=VECTOR('',#8628,1.);
#4249=VECTOR('',#8629,1.);
#4250=VECTOR('',#8630,1.);
#4251=VECTOR('',#8633,1.);
#4252=VECTOR('',#8634,1.);
#4253=VECTOR('',#8635,1.);
#4254=VECTOR('',#8638,1.);
#4255=VECTOR('',#8639,1.);
#4256=VECTOR('',#8648,1.);
#4257=VECTOR('',#8649,1.);
#4258=VECTOR('',#8650,1.);
#4259=VECTOR('',#8651,1.);
#4260=VECTOR('',#8654,1.);
#4261=VECTOR('',#8655,1.);
#4262=VECTOR('',#8656,1.);
#4263=VECTOR('',#8659,1.);
#4264=VECTOR('',#8660,1.);
#4265=VECTOR('',#8661,1.);
#4266=VECTOR('',#8664,1.);
#4267=VECTOR('',#8665,1.);
#4268=VECTOR('',#8782,1.);
#4269=VECTOR('',#8783,1.);
#4270=VECTOR('',#8784,1.);
#4271=VECTOR('',#8785,1.);
#4272=VECTOR('',#8788,1.);
#4273=VECTOR('',#8789,1.);
#4274=VECTOR('',#8790,1.);
#4275=VECTOR('',#8793,1.);
#4276=VECTOR('',#8794,1.);
#4277=VECTOR('',#8795,1.);
#4278=VECTOR('',#8798,1.);
#4279=VECTOR('',#8799,1.);
#4280=VECTOR('',#8808,1.);
#4281=VECTOR('',#8809,1.);
#4282=VECTOR('',#8810,1.);
#4283=VECTOR('',#8811,1.);
#4284=VECTOR('',#8814,1.);
#4285=VECTOR('',#8815,1.);
#4286=VECTOR('',#8816,1.);
#4287=VECTOR('',#8819,1.);
#4288=VECTOR('',#8820,1.);
#4289=VECTOR('',#8821,1.);
#4290=VECTOR('',#8824,1.);
#4291=VECTOR('',#8825,1.);
#4292=VECTOR('',#8834,1.);
#4293=VECTOR('',#8835,1.);
#4294=VECTOR('',#8836,1.);
#4295=VECTOR('',#8837,1.);
#4296=VECTOR('',#8840,1.);
#4297=VECTOR('',#8841,1.);
#4298=VECTOR('',#8842,1.);
#4299=VECTOR('',#8845,1.);
#4300=VECTOR('',#8846,1.);
#4301=VECTOR('',#8847,1.);
#4302=VECTOR('',#8850,1.);
#4303=VECTOR('',#8851,1.);
#4304=VECTOR('',#8866,1.);
#4305=VECTOR('',#8867,1.);
#4306=VECTOR('',#8868,1.);
#4307=VECTOR('',#8871,1.);
#4308=VECTOR('',#8874,1.);
#4309=VECTOR('',#8875,1.);
#4310=VECTOR('',#8876,1.);
#4311=VECTOR('',#8877,1.);
#4312=VECTOR('',#8886,1.);
#4313=VECTOR('',#8887,1.);
#4314=VECTOR('',#8890,1.);
#4315=VECTOR('',#8893,1.);
#4316=VECTOR('',#8894,1.);
#4317=VECTOR('',#8895,1.);
#4318=VECTOR('',#8900,1.);
#4319=VECTOR('',#8903,1.);
#4320=VECTOR('',#8904,1.);
#4321=VECTOR('',#8907,1.);
#4322=VECTOR('',#8908,1.);
#4323=VECTOR('',#8911,1.);
#4324=VECTOR('',#8956,1.);
#4325=VECTOR('',#8957,1.);
#4326=VECTOR('',#8958,1.);
#4327=VECTOR('',#8959,1.);
#4328=VECTOR('',#8962,1.);
#4329=VECTOR('',#8963,1.);
#4330=VECTOR('',#8964,1.);
#4331=VECTOR('',#8967,1.);
#4332=VECTOR('',#8968,1.);
#4333=VECTOR('',#8969,1.);
#4334=VECTOR('',#8972,1.);
#4335=VECTOR('',#8973,1.);
#4336=VECTOR('',#8982,1.);
#4337=VECTOR('',#8983,1.);
#4338=VECTOR('',#8984,1.);
#4339=VECTOR('',#8985,1.);
#4340=VECTOR('',#8988,1.);
#4341=VECTOR('',#8989,1.);
#4342=VECTOR('',#8990,1.);
#4343=VECTOR('',#8993,1.);
#4344=VECTOR('',#8994,1.);
#4345=VECTOR('',#8995,1.);
#4346=VECTOR('',#8998,1.);
#4347=VECTOR('',#8999,1.);
#4348=VECTOR('',#9008,1.);
#4349=VECTOR('',#9009,1.);
#4350=VECTOR('',#9010,1.);
#4351=VECTOR('',#9011,1.);
#4352=VECTOR('',#9014,1.);
#4353=VECTOR('',#9015,1.);
#4354=VECTOR('',#9016,1.);
#4355=VECTOR('',#9019,1.);
#4356=VECTOR('',#9020,1.);
#4357=VECTOR('',#9021,1.);
#4358=VECTOR('',#9024,1.);
#4359=VECTOR('',#9025,1.);
#4360=VECTOR('',#9034,1.);
#4361=VECTOR('',#9035,1.);
#4362=VECTOR('',#9036,1.);
#4363=VECTOR('',#9037,1.);
#4364=VECTOR('',#9038,1.);
#4365=VECTOR('',#9039,1.);
#4366=VECTOR('',#9040,1.);
#4367=VECTOR('',#9041,1.);
#4368=VECTOR('',#9044,1.);
#4369=VECTOR('',#9045,1.);
#4370=VECTOR('',#9046,1.);
#4371=VECTOR('',#9047,1.);
#4372=VECTOR('',#9048,1.);
#4373=VECTOR('',#9049,1.);
#4374=VECTOR('',#9050,1.);
#4375=VECTOR('',#9051,1.);
#4376=VECTOR('',#9056,1.);
#4377=VECTOR('',#9059,1.);
#4378=VECTOR('',#9062,1.);
#4379=VECTOR('',#9063,1.);
#4380=VECTOR('',#9084,1.);
#4381=VECTOR('',#9085,1.);
#4382=VECTOR('',#9086,1.);
#4383=VECTOR('',#9087,1.);
#4384=VECTOR('',#9090,1.);
#4385=VECTOR('',#9091,1.);
#4386=VECTOR('',#9092,1.);
#4387=VECTOR('',#9093,1.);
#4388=VECTOR('',#9094,1.);
#4389=VECTOR('',#9095,1.);
#4390=VECTOR('',#9096,1.);
#4391=VECTOR('',#9101,1.);
#4392=VECTOR('',#9102,1.);
#4393=VECTOR('',#9105,1.);
#4394=VECTOR('',#9106,1.);
#4395=VECTOR('',#9109,1.);
#4396=VECTOR('',#9110,1.);
#4397=VECTOR('',#9111,1.);
#4398=VECTOR('',#9112,1.);
#4399=VECTOR('',#9113,1.);
#4400=VECTOR('',#9134,1.);
#4401=VECTOR('',#9135,1.);
#4402=VECTOR('',#9136,1.);
#4403=VECTOR('',#9137,1.);
#4404=VECTOR('',#9138,1.);
#4405=VECTOR('',#9139,1.);
#4406=VECTOR('',#9140,1.);
#4407=VECTOR('',#9141,1.);
#4408=VECTOR('',#9146,1.);
#4409=VECTOR('',#9147,1.);
#4410=VECTOR('',#9148,1.);
#4411=VECTOR('',#9151,1.);
#4412=VECTOR('',#9154,1.);
#4413=VECTOR('',#9155,1.);
#4414=VECTOR('',#9156,1.);
#4415=VECTOR('',#9159,1.);
#4416=VECTOR('',#9160,1.);
#4417=VECTOR('',#9161,1.);
#4418=VECTOR('',#9162,1.);
#4419=VECTOR('',#9163,1.);
#4420=VECTOR('',#9184,1.);
#4421=VECTOR('',#9185,1.);
#4422=VECTOR('',#9186,1.);
#4423=VECTOR('',#9187,1.);
#4424=VECTOR('',#9190,1.);
#4425=VECTOR('',#9191,1.);
#4426=VECTOR('',#9192,1.);
#4427=VECTOR('',#9195,1.);
#4428=VECTOR('',#9196,1.);
#4429=VECTOR('',#9197,1.);
#4430=VECTOR('',#9200,1.);
#4431=VECTOR('',#9201,1.);
#4432=VECTOR('',#9210,1.);
#4433=VECTOR('',#9211,1.);
#4434=VECTOR('',#9212,1.);
#4435=VECTOR('',#9213,1.);
#4436=VECTOR('',#9216,1.);
#4437=VECTOR('',#9217,1.);
#4438=VECTOR('',#9218,1.);
#4439=VECTOR('',#9221,1.);
#4440=VECTOR('',#9222,1.);
#4441=VECTOR('',#9223,1.);
#4442=VECTOR('',#9226,1.);
#4443=VECTOR('',#9227,1.);
#4444=VECTOR('',#9236,1.);
#4445=VECTOR('',#9237,1.);
#4446=VECTOR('',#9238,1.);
#4447=VECTOR('',#9239,1.);
#4448=VECTOR('',#9242,1.);
#4449=VECTOR('',#9243,1.);
#4450=VECTOR('',#9244,1.);
#4451=VECTOR('',#9247,1.);
#4452=VECTOR('',#9248,1.);
#4453=VECTOR('',#9249,1.);
#4454=VECTOR('',#9252,1.);
#4455=VECTOR('',#9253,1.);
#4456=VECTOR('',#9262,1.);
#4457=VECTOR('',#9263,1.);
#4458=VECTOR('',#9264,1.);
#4459=VECTOR('',#9265,1.);
#4460=VECTOR('',#9266,1.);
#4461=VECTOR('',#9267,1.);
#4462=VECTOR('',#9268,1.);
#4463=VECTOR('',#9269,1.);
#4464=VECTOR('',#9272,1.);
#4465=VECTOR('',#9273,1.);
#4466=VECTOR('',#9274,1.);
#4467=VECTOR('',#9275,1.);
#4468=VECTOR('',#9280,1.);
#4469=VECTOR('',#9281,1.);
#4470=VECTOR('',#9284,1.);
#4471=VECTOR('',#9285,1.);
#4472=VECTOR('',#9300,1.);
#4473=VECTOR('',#9301,1.);
#4474=VECTOR('',#9302,1.);
#4475=VECTOR('',#9303,1.);
#4476=VECTOR('',#9304,1.);
#4477=VECTOR('',#9305,1.);
#4478=VECTOR('',#9306,1.);
#4479=VECTOR('',#9307,1.);
#4480=VECTOR('',#9310,1.);
#4481=VECTOR('',#9311,1.);
#4482=VECTOR('',#9312,1.);
#4483=VECTOR('',#9313,1.);
#4484=VECTOR('',#9314,1.);
#4485=VECTOR('',#9315,1.);
#4486=VECTOR('',#9316,1.);
#4487=VECTOR('',#9317,1.);
#4488=VECTOR('',#9322,1.);
#4489=VECTOR('',#9325,1.);
#4490=VECTOR('',#9328,1.);
#4491=VECTOR('',#9329,1.);
#4492=VECTOR('',#9350,1.);
#4493=VECTOR('',#9351,1.);
#4494=VECTOR('',#9352,1.);
#4495=VECTOR('',#9353,1.);
#4496=VECTOR('',#9356,1.);
#4497=VECTOR('',#9357,1.);
#4498=VECTOR('',#9358,1.);
#4499=VECTOR('',#9359,1.);
#4500=VECTOR('',#9360,1.);
#4501=VECTOR('',#9361,1.);
#4502=VECTOR('',#9362,1.);
#4503=VECTOR('',#9367,1.);
#4504=VECTOR('',#9368,1.);
#4505=VECTOR('',#9371,1.);
#4506=VECTOR('',#9372,1.);
#4507=VECTOR('',#9375,1.);
#4508=VECTOR('',#9376,1.);
#4509=VECTOR('',#9377,1.);
#4510=VECTOR('',#9378,1.);
#4511=VECTOR('',#9379,1.);
#4512=VECTOR('',#9400,1.);
#4513=VECTOR('',#9401,1.);
#4514=VECTOR('',#9402,1.);
#4515=VECTOR('',#9403,1.);
#4516=VECTOR('',#9406,1.);
#4517=VECTOR('',#9407,1.);
#4518=VECTOR('',#9408,1.);
#4519=VECTOR('',#9409,1.);
#4520=VECTOR('',#9410,1.);
#4521=VECTOR('',#9411,1.);
#4522=VECTOR('',#9412,1.);
#4523=VECTOR('',#9417,1.);
#4524=VECTOR('',#9418,1.);
#4525=VECTOR('',#9419,1.);
#4526=VECTOR('',#9422,1.);
#4527=VECTOR('',#9423,1.);
#4528=EDGE_LOOP('',(#292,#293,#294,#295));
#4529=EDGE_LOOP('',(#296,#297,#298,#299));
#4530=EDGE_LOOP('',(#300,#301,#302,#303));
#4531=EDGE_LOOP('',(#304,#305,#306,#307));
#4532=EDGE_LOOP('',(#308,#309,#310,#311));
#4533=EDGE_LOOP('',(#312,#313,#314,#315));
#4534=EDGE_LOOP('',(#316,#317,#318,#319));
#4535=EDGE_LOOP('',(#320,#321,#322,#323));
#4536=EDGE_LOOP('',(#324,#325,#326,#327));
#4537=EDGE_LOOP('',(#328,#329,#330,#331));
#4538=EDGE_LOOP('',(#332,#333,#334,#335));
#4539=EDGE_LOOP('',(#336,#337,#338,#339));
#4540=EDGE_LOOP('',(#340));
#4541=EDGE_LOOP('',(#341));
#4542=EDGE_LOOP('',(#342));
#4543=EDGE_LOOP('',(#343,#344,#345,#346,#347));
#4544=EDGE_LOOP('',(#348,#349,#350,#351));
#4545=EDGE_LOOP('',(#352,#353,#354,#355));
#4546=EDGE_LOOP('',(#356,#357,#358,#359,#360));
#4547=EDGE_LOOP('',(#361,#362,#363,#364));
#4548=EDGE_LOOP('',(#365,#366,#367,#368,#369,#370));
#4549=EDGE_LOOP('',(#371,#372,#373,#374,#375,#376));
#4550=EDGE_LOOP('',(#377,#378,#379,#380));
#4551=EDGE_LOOP('',(#381,#382,#383,#384));
#4552=EDGE_LOOP('',(#385,#386,#387,#388));
#4553=EDGE_LOOP('',(#389));
#4554=EDGE_LOOP('',(#390));
#4555=EDGE_LOOP('',(#391));
#4556=EDGE_LOOP('',(#392));
#4557=EDGE_LOOP('',(#393));
#4558=EDGE_LOOP('',(#394));
#4559=EDGE_LOOP('',(#395));
#4560=EDGE_LOOP('',(#396));
#4561=EDGE_LOOP('',(#397));
#4562=EDGE_LOOP('',(#398,#399,#400,#401));
#4563=EDGE_LOOP('',(#402,#403,#404,#405));
#4564=EDGE_LOOP('',(#406,#407,#408,#409));
#4565=EDGE_LOOP('',(#410,#411,#412,#413));
#4566=EDGE_LOOP('',(#414,#415,#416,#417));
#4567=EDGE_LOOP('',(#418,#419,#420,#421));
#4568=EDGE_LOOP('',(#422,#423,#424,#425));
#4569=EDGE_LOOP('',(#426,#427,#428,#429));
#4570=EDGE_LOOP('',(#430,#431,#432,#433));
#4571=EDGE_LOOP('',(#434,#435,#436,#437));
#4572=EDGE_LOOP('',(#438,#439,#440,#441));
#4573=EDGE_LOOP('',(#442,#443,#444,#445));
#4574=EDGE_LOOP('',(#446,#447,#448,#449));
#4575=EDGE_LOOP('',(#450,#451,#452,#453));
#4576=EDGE_LOOP('',(#454,#455,#456,#457));
#4577=EDGE_LOOP('',(#458,#459,#460,#461));
#4578=EDGE_LOOP('',(#462,#463,#464,#465));
#4579=EDGE_LOOP('',(#466,#467,#468,#469));
#4580=EDGE_LOOP('',(#470,#471,#472,#473));
#4581=EDGE_LOOP('',(#474,#475,#476,#477));
#4582=EDGE_LOOP('',(#478,#479,#480,#481));
#4583=EDGE_LOOP('',(#482,#483,#484,#485));
#4584=EDGE_LOOP('',(#486,#487,#488,#489));
#4585=EDGE_LOOP('',(#490,#491,#492,#493));
#4586=EDGE_LOOP('',(#494,#495,#496,#497));
#4587=EDGE_LOOP('',(#498,#499,#500,#501));
#4588=EDGE_LOOP('',(#502,#503,#504,#505));
#4589=EDGE_LOOP('',(#506,#507,#508,#509));
#4590=EDGE_LOOP('',(#510,#511,#512,#513));
#4591=EDGE_LOOP('',(#514,#515,#516,#517));
#4592=EDGE_LOOP('',(#518,#519,#520,#521));
#4593=EDGE_LOOP('',(#522,#523,#524,#525));
#4594=EDGE_LOOP('',(#526,#527,#528,#529));
#4595=EDGE_LOOP('',(#530,#531,#532,#533));
#4596=EDGE_LOOP('',(#534,#535,#536,#537));
#4597=EDGE_LOOP('',(#538,#539,#540,#541));
#4598=EDGE_LOOP('',(#542,#543,#544,#545));
#4599=EDGE_LOOP('',(#546,#547,#548,#549));
#4600=EDGE_LOOP('',(#550,#551,#552,#553));
#4601=EDGE_LOOP('',(#554,#555,#556,#557));
#4602=EDGE_LOOP('',(#558,#559,#560,#561));
#4603=EDGE_LOOP('',(#562,#563,#564,#565));
#4604=EDGE_LOOP('',(#566,#567,#568,#569));
#4605=EDGE_LOOP('',(#570,#571,#572,#573));
#4606=EDGE_LOOP('',(#574,#575,#576,#577));
#4607=EDGE_LOOP('',(#578,#579,#580,#581));
#4608=EDGE_LOOP('',(#582,#583,#584,#585));
#4609=EDGE_LOOP('',(#586,#587,#588,#589));
#4610=EDGE_LOOP('',(#590,#591,#592,#593));
#4611=EDGE_LOOP('',(#594,#595,#596,#597));
#4612=EDGE_LOOP('',(#598,#599,#600,#601));
#4613=EDGE_LOOP('',(#602,#603,#604,#605));
#4614=EDGE_LOOP('',(#606,#607,#608,#609));
#4615=EDGE_LOOP('',(#610,#611,#612,#613));
#4616=EDGE_LOOP('',(#614,#615,#616,#617));
#4617=EDGE_LOOP('',(#618,#619,#620,#621));
#4618=EDGE_LOOP('',(#622,#623,#624,#625));
#4619=EDGE_LOOP('',(#626,#627,#628,#629));
#4620=EDGE_LOOP('',(#630,#631,#632,#633));
#4621=EDGE_LOOP('',(#634,#635,#636,#637));
#4622=EDGE_LOOP('',(#638,#639,#640,#641));
#4623=EDGE_LOOP('',(#642,#643,#644,#645));
#4624=EDGE_LOOP('',(#646,#647,#648,#649));
#4625=EDGE_LOOP('',(#650,#651,#652,#653));
#4626=EDGE_LOOP('',(#654,#655,#656,#657));
#4627=EDGE_LOOP('',(#658,#659,#660,#661));
#4628=EDGE_LOOP('',(#662,#663,#664,#665));
#4629=EDGE_LOOP('',(#666,#667,#668,#669));
#4630=EDGE_LOOP('',(#670,#671,#672,#673));
#4631=EDGE_LOOP('',(#674,#675,#676,#677));
#4632=EDGE_LOOP('',(#678,#679,#680,#681));
#4633=EDGE_LOOP('',(#682,#683,#684,#685));
#4634=EDGE_LOOP('',(#686,#687,#688,#689));
#4635=EDGE_LOOP('',(#690,#691,#692,#693));
#4636=EDGE_LOOP('',(#694,#695,#696,#697));
#4637=EDGE_LOOP('',(#698,#699,#700,#701));
#4638=EDGE_LOOP('',(#702,#703,#704,#705));
#4639=EDGE_LOOP('',(#706,#707,#708,#709));
#4640=EDGE_LOOP('',(#710,#711,#712,#713));
#4641=EDGE_LOOP('',(#714,#715,#716,#717));
#4642=EDGE_LOOP('',(#718,#719,#720,#721));
#4643=EDGE_LOOP('',(#722,#723,#724,#725));
#4644=EDGE_LOOP('',(#726,#727,#728,#729));
#4645=EDGE_LOOP('',(#730,#731,#732,#733));
#4646=EDGE_LOOP('',(#734));
#4647=EDGE_LOOP('',(#735));
#4648=EDGE_LOOP('',(#736));
#4649=EDGE_LOOP('',(#737));
#4650=EDGE_LOOP('',(#738));
#4651=EDGE_LOOP('',(#739));
#4652=EDGE_LOOP('',(#740));
#4653=EDGE_LOOP('',(#741));
#4654=EDGE_LOOP('',(#742));
#4655=EDGE_LOOP('',(#743));
#4656=EDGE_LOOP('',(#744));
#4657=EDGE_LOOP('',(#745));
#4658=EDGE_LOOP('',(#746));
#4659=EDGE_LOOP('',(#747));
#4660=EDGE_LOOP('',(#748));
#4661=EDGE_LOOP('',(#749));
#4662=EDGE_LOOP('',(#750));
#4663=EDGE_LOOP('',(#751));
#4664=EDGE_LOOP('',(#752));
#4665=EDGE_LOOP('',(#753));
#4666=EDGE_LOOP('',(#754));
#4667=EDGE_LOOP('',(#755));
#4668=EDGE_LOOP('',(#756));
#4669=EDGE_LOOP('',(#757));
#4670=EDGE_LOOP('',(#758));
#4671=EDGE_LOOP('',(#759));
#4672=EDGE_LOOP('',(#760));
#4673=EDGE_LOOP('',(#761));
#4674=EDGE_LOOP('',(#762));
#4675=EDGE_LOOP('',(#763));
#4676=EDGE_LOOP('',(#764));
#4677=EDGE_LOOP('',(#765));
#4678=EDGE_LOOP('',(#766));
#4679=EDGE_LOOP('',(#767));
#4680=EDGE_LOOP('',(#768));
#4681=EDGE_LOOP('',(#769));
#4682=EDGE_LOOP('',(#770,#771,#772,#773));
#4683=EDGE_LOOP('',(#774,#775,#776,#777));
#4684=EDGE_LOOP('',(#778,#779,#780,#781));
#4685=EDGE_LOOP('',(#782,#783,#784,#785));
#4686=EDGE_LOOP('',(#786,#787,#788,#789));
#4687=EDGE_LOOP('',(#790,#791,#792,#793));
#4688=EDGE_LOOP('',(#794,#795,#796,#797));
#4689=EDGE_LOOP('',(#798,#799,#800,#801));
#4690=EDGE_LOOP('',(#802,#803,#804,#805));
#4691=EDGE_LOOP('',(#806,#807,#808,#809));
#4692=EDGE_LOOP('',(#810,#811,#812,#813,#814,#815));
#4693=EDGE_LOOP('',(#816,#817,#818,#819,#820,#821));
#4694=EDGE_LOOP('',(#822,#823,#824,#825));
#4695=EDGE_LOOP('',(#826,#827,#828,#829));
#4696=EDGE_LOOP('',(#830));
#4697=EDGE_LOOP('',(#831));
#4698=EDGE_LOOP('',(#832));
#4699=EDGE_LOOP('',(#833,#834,#835,#836,#837));
#4700=EDGE_LOOP('',(#838,#839,#840,#841,#842));
#4701=EDGE_LOOP('',(#843));
#4702=EDGE_LOOP('',(#844));
#4703=EDGE_LOOP('',(#845));
#4704=EDGE_LOOP('',(#846));
#4705=EDGE_LOOP('',(#847));
#4706=EDGE_LOOP('',(#848));
#4707=EDGE_LOOP('',(#849));
#4708=EDGE_LOOP('',(#850));
#4709=EDGE_LOOP('',(#851));
#4710=EDGE_LOOP('',(#852,#853,#854,#855));
#4711=EDGE_LOOP('',(#856,#857,#858,#859));
#4712=EDGE_LOOP('',(#860,#861,#862,#863));
#4713=EDGE_LOOP('',(#864,#865,#866,#867));
#4714=EDGE_LOOP('',(#868,#869,#870,#871));
#4715=EDGE_LOOP('',(#872,#873,#874,#875));
#4716=EDGE_LOOP('',(#876,#877,#878,#879));
#4717=EDGE_LOOP('',(#880,#881,#882,#883));
#4718=EDGE_LOOP('',(#884,#885,#886,#887));
#4719=EDGE_LOOP('',(#888,#889,#890,#891));
#4720=EDGE_LOOP('',(#892,#893,#894,#895));
#4721=EDGE_LOOP('',(#896,#897,#898,#899));
#4722=EDGE_LOOP('',(#900,#901,#902,#903));
#4723=EDGE_LOOP('',(#904,#905,#906,#907));
#4724=EDGE_LOOP('',(#908,#909,#910,#911));
#4725=EDGE_LOOP('',(#912,#913,#914,#915));
#4726=EDGE_LOOP('',(#916,#917,#918,#919));
#4727=EDGE_LOOP('',(#920,#921,#922,#923));
#4728=EDGE_LOOP('',(#924,#925,#926,#927));
#4729=EDGE_LOOP('',(#928,#929,#930,#931));
#4730=EDGE_LOOP('',(#932,#933,#934,#935));
#4731=EDGE_LOOP('',(#936,#937,#938,#939));
#4732=EDGE_LOOP('',(#940,#941,#942,#943));
#4733=EDGE_LOOP('',(#944,#945,#946,#947));
#4734=EDGE_LOOP('',(#948,#949,#950,#951));
#4735=EDGE_LOOP('',(#952,#953,#954,#955));
#4736=EDGE_LOOP('',(#956,#957,#958,#959));
#4737=EDGE_LOOP('',(#960,#961,#962,#963));
#4738=EDGE_LOOP('',(#964,#965,#966,#967));
#4739=EDGE_LOOP('',(#968,#969,#970,#971));
#4740=EDGE_LOOP('',(#972,#973,#974,#975));
#4741=EDGE_LOOP('',(#976,#977,#978,#979));
#4742=EDGE_LOOP('',(#980,#981,#982,#983));
#4743=EDGE_LOOP('',(#984,#985,#986,#987));
#4744=EDGE_LOOP('',(#988,#989,#990,#991));
#4745=EDGE_LOOP('',(#992,#993,#994,#995));
#4746=EDGE_LOOP('',(#996,#997,#998,#999));
#4747=EDGE_LOOP('',(#1000,#1001,#1002,#1003));
#4748=EDGE_LOOP('',(#1004,#1005,#1006,#1007));
#4749=EDGE_LOOP('',(#1008,#1009,#1010,#1011));
#4750=EDGE_LOOP('',(#1012,#1013,#1014,#1015));
#4751=EDGE_LOOP('',(#1016,#1017,#1018,#1019));
#4752=EDGE_LOOP('',(#1020,#1021,#1022,#1023));
#4753=EDGE_LOOP('',(#1024,#1025,#1026,#1027));
#4754=EDGE_LOOP('',(#1028,#1029,#1030,#1031));
#4755=EDGE_LOOP('',(#1032,#1033,#1034,#1035));
#4756=EDGE_LOOP('',(#1036,#1037,#1038,#1039));
#4757=EDGE_LOOP('',(#1040,#1041,#1042,#1043));
#4758=EDGE_LOOP('',(#1044,#1045,#1046,#1047));
#4759=EDGE_LOOP('',(#1048,#1049,#1050,#1051));
#4760=EDGE_LOOP('',(#1052,#1053,#1054,#1055));
#4761=EDGE_LOOP('',(#1056,#1057,#1058,#1059));
#4762=EDGE_LOOP('',(#1060,#1061,#1062,#1063));
#4763=EDGE_LOOP('',(#1064,#1065,#1066,#1067));
#4764=EDGE_LOOP('',(#1068,#1069,#1070,#1071));
#4765=EDGE_LOOP('',(#1072,#1073,#1074,#1075));
#4766=EDGE_LOOP('',(#1076,#1077,#1078,#1079));
#4767=EDGE_LOOP('',(#1080,#1081,#1082,#1083));
#4768=EDGE_LOOP('',(#1084,#1085,#1086,#1087));
#4769=EDGE_LOOP('',(#1088,#1089,#1090,#1091));
#4770=EDGE_LOOP('',(#1092,#1093,#1094,#1095));
#4771=EDGE_LOOP('',(#1096,#1097,#1098,#1099));
#4772=EDGE_LOOP('',(#1100,#1101,#1102,#1103));
#4773=EDGE_LOOP('',(#1104,#1105,#1106,#1107));
#4774=EDGE_LOOP('',(#1108,#1109,#1110,#1111));
#4775=EDGE_LOOP('',(#1112,#1113,#1114,#1115));
#4776=EDGE_LOOP('',(#1116,#1117,#1118,#1119));
#4777=EDGE_LOOP('',(#1120,#1121,#1122,#1123));
#4778=EDGE_LOOP('',(#1124,#1125,#1126,#1127));
#4779=EDGE_LOOP('',(#1128,#1129,#1130,#1131));
#4780=EDGE_LOOP('',(#1132,#1133,#1134,#1135));
#4781=EDGE_LOOP('',(#1136,#1137,#1138,#1139));
#4782=EDGE_LOOP('',(#1140,#1141,#1142,#1143));
#4783=EDGE_LOOP('',(#1144,#1145,#1146,#1147));
#4784=EDGE_LOOP('',(#1148,#1149,#1150,#1151));
#4785=EDGE_LOOP('',(#1152,#1153,#1154,#1155));
#4786=EDGE_LOOP('',(#1156,#1157,#1158,#1159));
#4787=EDGE_LOOP('',(#1160,#1161,#1162,#1163));
#4788=EDGE_LOOP('',(#1164,#1165,#1166,#1167));
#4789=EDGE_LOOP('',(#1168,#1169,#1170,#1171));
#4790=EDGE_LOOP('',(#1172,#1173,#1174,#1175));
#4791=EDGE_LOOP('',(#1176,#1177,#1178,#1179));
#4792=EDGE_LOOP('',(#1180,#1181,#1182,#1183));
#4793=EDGE_LOOP('',(#1184,#1185,#1186,#1187));
#4794=EDGE_LOOP('',(#1188,#1189,#1190,#1191));
#4795=EDGE_LOOP('',(#1192,#1193,#1194,#1195));
#4796=EDGE_LOOP('',(#1196,#1197,#1198,#1199));
#4797=EDGE_LOOP('',(#1200,#1201,#1202,#1203));
#4798=EDGE_LOOP('',(#1204,#1205,#1206,#1207));
#4799=EDGE_LOOP('',(#1208,#1209,#1210,#1211));
#4800=EDGE_LOOP('',(#1212));
#4801=EDGE_LOOP('',(#1213));
#4802=EDGE_LOOP('',(#1214));
#4803=EDGE_LOOP('',(#1215));
#4804=EDGE_LOOP('',(#1216));
#4805=EDGE_LOOP('',(#1217));
#4806=EDGE_LOOP('',(#1218));
#4807=EDGE_LOOP('',(#1219));
#4808=EDGE_LOOP('',(#1220));
#4809=EDGE_LOOP('',(#1221));
#4810=EDGE_LOOP('',(#1222));
#4811=EDGE_LOOP('',(#1223));
#4812=EDGE_LOOP('',(#1224));
#4813=EDGE_LOOP('',(#1225));
#4814=EDGE_LOOP('',(#1226));
#4815=EDGE_LOOP('',(#1227));
#4816=EDGE_LOOP('',(#1228));
#4817=EDGE_LOOP('',(#1229));
#4818=EDGE_LOOP('',(#1230));
#4819=EDGE_LOOP('',(#1231));
#4820=EDGE_LOOP('',(#1232));
#4821=EDGE_LOOP('',(#1233));
#4822=EDGE_LOOP('',(#1234));
#4823=EDGE_LOOP('',(#1235));
#4824=EDGE_LOOP('',(#1236));
#4825=EDGE_LOOP('',(#1237));
#4826=EDGE_LOOP('',(#1238));
#4827=EDGE_LOOP('',(#1239));
#4828=EDGE_LOOP('',(#1240));
#4829=EDGE_LOOP('',(#1241));
#4830=EDGE_LOOP('',(#1242));
#4831=EDGE_LOOP('',(#1243));
#4832=EDGE_LOOP('',(#1244));
#4833=EDGE_LOOP('',(#1245));
#4834=EDGE_LOOP('',(#1246));
#4835=EDGE_LOOP('',(#1247));
#4836=EDGE_LOOP('',(#1248,#1249,#1250,#1251));
#4837=EDGE_LOOP('',(#1252,#1253,#1254,#1255));
#4838=EDGE_LOOP('',(#1256,#1257,#1258,#1259));
#4839=EDGE_LOOP('',(#1260,#1261,#1262,#1263));
#4840=EDGE_LOOP('',(#1264,#1265,#1266,#1267));
#4841=EDGE_LOOP('',(#1268,#1269,#1270,#1271));
#4842=EDGE_LOOP('',(#1272,#1273,#1274,#1275));
#4843=EDGE_LOOP('',(#1276,#1277,#1278,#1279));
#4844=EDGE_LOOP('',(#1280,#1281,#1282,#1283));
#4845=EDGE_LOOP('',(#1284,#1285,#1286,#1287));
#4846=EDGE_LOOP('',(#1288,#1289,#1290,#1291));
#4847=EDGE_LOOP('',(#1292,#1293,#1294,#1295));
#4848=EDGE_LOOP('',(#1296,#1297,#1298,#1299));
#4849=EDGE_LOOP('',(#1300,#1301,#1302,#1303));
#4850=EDGE_LOOP('',(#1304,#1305,#1306,#1307));
#4851=EDGE_LOOP('',(#1308,#1309,#1310,#1311));
#4852=EDGE_LOOP('',(#1312,#1313,#1314,#1315));
#4853=EDGE_LOOP('',(#1316,#1317,#1318,#1319));
#4854=EDGE_LOOP('',(#1320));
#4855=EDGE_LOOP('',(#1321));
#4856=EDGE_LOOP('',(#1322));
#4857=EDGE_LOOP('',(#1323,#1324,#1325,#1326,#1327));
#4858=EDGE_LOOP('',(#1328,#1329,#1330,#1331));
#4859=EDGE_LOOP('',(#1332));
#4860=EDGE_LOOP('',(#1333));
#4861=EDGE_LOOP('',(#1334));
#4862=EDGE_LOOP('',(#1335,#1336,#1337,#1338,#1339));
#4863=EDGE_LOOP('',(#1340,#1341,#1342,#1343));
#4864=EDGE_LOOP('',(#1344,#1345,#1346,#1347));
#4865=EDGE_LOOP('',(#1348,#1349,#1350,#1351,#1352,#1353));
#4866=EDGE_LOOP('',(#1354,#1355,#1356,#1357));
#4867=EDGE_LOOP('',(#1358,#1359,#1360,#1361,#1362,#1363));
#4868=EDGE_LOOP('',(#1364,#1365,#1366,#1367));
#4869=EDGE_LOOP('',(#1368,#1369,#1370,#1371));
#4870=EDGE_LOOP('',(#1372));
#4871=EDGE_LOOP('',(#1373));
#4872=EDGE_LOOP('',(#1374));
#4873=EDGE_LOOP('',(#1375));
#4874=EDGE_LOOP('',(#1376));
#4875=EDGE_LOOP('',(#1377));
#4876=EDGE_LOOP('',(#1378));
#4877=EDGE_LOOP('',(#1379));
#4878=EDGE_LOOP('',(#1380));
#4879=EDGE_LOOP('',(#1381));
#4880=EDGE_LOOP('',(#1382));
#4881=EDGE_LOOP('',(#1383));
#4882=EDGE_LOOP('',(#1384));
#4883=EDGE_LOOP('',(#1385));
#4884=EDGE_LOOP('',(#1386));
#4885=EDGE_LOOP('',(#1387));
#4886=EDGE_LOOP('',(#1388));
#4887=EDGE_LOOP('',(#1389));
#4888=EDGE_LOOP('',(#1390,#1391,#1392,#1393));
#4889=EDGE_LOOP('',(#1394,#1395,#1396,#1397));
#4890=EDGE_LOOP('',(#1398,#1399,#1400,#1401));
#4891=EDGE_LOOP('',(#1402,#1403,#1404,#1405));
#4892=EDGE_LOOP('',(#1406,#1407,#1408,#1409));
#4893=EDGE_LOOP('',(#1410,#1411,#1412,#1413));
#4894=EDGE_LOOP('',(#1414,#1415,#1416,#1417));
#4895=EDGE_LOOP('',(#1418,#1419,#1420,#1421));
#4896=EDGE_LOOP('',(#1422,#1423,#1424,#1425));
#4897=EDGE_LOOP('',(#1426,#1427,#1428,#1429));
#4898=EDGE_LOOP('',(#1430,#1431,#1432,#1433));
#4899=EDGE_LOOP('',(#1434,#1435,#1436,#1437));
#4900=EDGE_LOOP('',(#1438,#1439,#1440,#1441));
#4901=EDGE_LOOP('',(#1442,#1443,#1444,#1445));
#4902=EDGE_LOOP('',(#1446,#1447,#1448,#1449));
#4903=EDGE_LOOP('',(#1450,#1451,#1452,#1453));
#4904=EDGE_LOOP('',(#1454,#1455,#1456,#1457));
#4905=EDGE_LOOP('',(#1458,#1459,#1460,#1461));
#4906=EDGE_LOOP('',(#1462,#1463,#1464,#1465,#1466,#1467,#1468,#1469));
#4907=EDGE_LOOP('',(#1470,#1471,#1472,#1473,#1474,#1475,#1476,#1477));
#4908=EDGE_LOOP('',(#1478,#1479,#1480,#1481,#1482,#1483,#1484,#1485));
#4909=EDGE_LOOP('',(#1486,#1487,#1488,#1489));
#4910=EDGE_LOOP('',(#1490,#1491,#1492,#1493));
#4911=EDGE_LOOP('',(#1494,#1495,#1496,#1497));
#4912=EDGE_LOOP('',(#1498,#1499,#1500,#1501));
#4913=EDGE_LOOP('',(#1502,#1503));
#4914=EDGE_LOOP('',(#1504,#1505,#1506,#1507));
#4915=EDGE_LOOP('',(#1508,#1509));
#4916=EDGE_LOOP('',(#1510,#1511,#1512,#1513));
#4917=EDGE_LOOP('',(#1514,#1515,#1516,#1517,#1518,#1519,#1520,#1521));
#4918=EDGE_LOOP('',(#1522,#1523,#1524,#1525,#1526,#1527,#1528,#1529));
#4919=EDGE_LOOP('',(#1530,#1531,#1532,#1533,#1534,#1535,#1536,#1537));
#4920=EDGE_LOOP('',(#1538,#1539,#1540,#1541));
#4921=EDGE_LOOP('',(#1542,#1543,#1544,#1545));
#4922=EDGE_LOOP('',(#1546,#1547,#1548,#1549));
#4923=EDGE_LOOP('',(#1550,#1551));
#4924=EDGE_LOOP('',(#1552,#1553));
#4925=EDGE_LOOP('',(#1554,#1555,#1556,#1557));
#4926=EDGE_LOOP('',(#1558,#1559,#1560,#1561,#1562,#1563,#1564,#1565));
#4927=EDGE_LOOP('',(#1566,#1567,#1568,#1569,#1570,#1571));
#4928=EDGE_LOOP('',(#1572,#1573,#1574,#1575,#1576,#1577));
#4929=EDGE_LOOP('',(#1578,#1579,#1580,#1581,#1582,#1583,#1584,#1585));
#4930=EDGE_LOOP('',(#1586,#1587,#1588,#1589));
#4931=EDGE_LOOP('',(#1590,#1591,#1592,#1593));
#4932=EDGE_LOOP('',(#1594,#1595,#1596,#1597));
#4933=EDGE_LOOP('',(#1598,#1599));
#4934=EDGE_LOOP('',(#1600,#1601,#1602,#1603));
#4935=EDGE_LOOP('',(#1604,#1605));
#4936=EDGE_LOOP('',(#1606,#1607,#1608,#1609));
#4937=EDGE_LOOP('',(#1610,#1611,#1612,#1613));
#4938=EDGE_LOOP('',(#1614,#1615,#1616,#1617));
#4939=EDGE_LOOP('',(#1618,#1619,#1620,#1621));
#4940=EDGE_LOOP('',(#1622,#1623,#1624,#1625));
#4941=EDGE_LOOP('',(#1626,#1627,#1628,#1629));
#4942=EDGE_LOOP('',(#1630,#1631,#1632,#1633));
#4943=EDGE_LOOP('',(#1634,#1635,#1636,#1637));
#4944=EDGE_LOOP('',(#1638,#1639,#1640,#1641));
#4945=EDGE_LOOP('',(#1642,#1643,#1644,#1645));
#4946=EDGE_LOOP('',(#1646,#1647,#1648,#1649));
#4947=EDGE_LOOP('',(#1650,#1651,#1652,#1653));
#4948=EDGE_LOOP('',(#1654,#1655,#1656,#1657));
#4949=EDGE_LOOP('',(#1658,#1659,#1660,#1661));
#4950=EDGE_LOOP('',(#1662,#1663,#1664,#1665));
#4951=EDGE_LOOP('',(#1666,#1667,#1668,#1669));
#4952=EDGE_LOOP('',(#1670,#1671,#1672,#1673));
#4953=EDGE_LOOP('',(#1674,#1675,#1676,#1677));
#4954=EDGE_LOOP('',(#1678,#1679,#1680,#1681,#1682,#1683,#1684,#1685));
#4955=EDGE_LOOP('',(#1686,#1687,#1688,#1689));
#4956=EDGE_LOOP('',(#1690,#1691,#1692,#1693,#1694,#1695));
#4957=EDGE_LOOP('',(#1696,#1697,#1698,#1699));
#4958=EDGE_LOOP('',(#1700,#1701,#1702,#1703));
#4959=EDGE_LOOP('',(#1704,#1705,#1706,#1707));
#4960=EDGE_LOOP('',(#1708,#1709,#1710,#1711));
#4961=EDGE_LOOP('',(#1712,#1713));
#4962=EDGE_LOOP('',(#1714,#1715,#1716,#1717,#1718,#1719,#1720,#1721));
#4963=EDGE_LOOP('',(#1722,#1723,#1724,#1725,#1726,#1727,#1728,#1729));
#4964=EDGE_LOOP('',(#1730,#1731,#1732,#1733,#1734,#1735,#1736,#1737));
#4965=EDGE_LOOP('',(#1738,#1739,#1740,#1741));
#4966=EDGE_LOOP('',(#1742,#1743,#1744,#1745));
#4967=EDGE_LOOP('',(#1746,#1747,#1748,#1749));
#4968=EDGE_LOOP('',(#1750,#1751,#1752,#1753));
#4969=EDGE_LOOP('',(#1754,#1755));
#4970=EDGE_LOOP('',(#1756,#1757,#1758,#1759));
#4971=EDGE_LOOP('',(#1760,#1761));
#4972=EDGE_LOOP('',(#1762,#1763,#1764,#1765));
#4973=EDGE_LOOP('',(#1766,#1767,#1768,#1769,#1770,#1771,#1772,#1773));
#4974=EDGE_LOOP('',(#1774,#1775,#1776,#1777,#1778,#1779,#1780,#1781));
#4975=EDGE_LOOP('',(#1782,#1783,#1784,#1785,#1786,#1787,#1788,#1789));
#4976=EDGE_LOOP('',(#1790,#1791,#1792,#1793));
#4977=EDGE_LOOP('',(#1794,#1795,#1796,#1797));
#4978=EDGE_LOOP('',(#1798,#1799,#1800,#1801));
#4979=EDGE_LOOP('',(#1802,#1803));
#4980=EDGE_LOOP('',(#1804,#1805));
#4981=EDGE_LOOP('',(#1806,#1807,#1808,#1809));
#4982=EDGE_LOOP('',(#1810,#1811,#1812,#1813));
#4983=EDGE_LOOP('',(#1814,#1815,#1816,#1817,#1818,#1819,#1820,#1821));
#4984=EDGE_LOOP('',(#1822,#1823,#1824,#1825,#1826,#1827));
#4985=EDGE_LOOP('',(#1828,#1829,#1830,#1831));
#4986=EDGE_LOOP('',(#1832,#1833,#1834,#1835));
#4987=EDGE_LOOP('',(#1836,#1837,#1838,#1839));
#4988=EDGE_LOOP('',(#1840,#1841));
#4989=EDGE_LOOP('',(#1842,#1843,#1844,#1845));
#4990=FACE_BOUND('',#4528,.T.);
#4991=FACE_BOUND('',#4529,.T.);
#4992=FACE_BOUND('',#4530,.T.);
#4993=FACE_BOUND('',#4531,.T.);
#4994=FACE_BOUND('',#4532,.T.);
#4995=FACE_BOUND('',#4533,.T.);
#4996=FACE_BOUND('',#4534,.T.);
#4997=FACE_BOUND('',#4535,.T.);
#4998=FACE_BOUND('',#4536,.T.);
#4999=FACE_BOUND('',#4537,.T.);
#5000=FACE_BOUND('',#4538,.T.);
#5001=FACE_BOUND('',#4539,.T.);
#5002=FACE_BOUND('',#4540,.T.);
#5003=FACE_BOUND('',#4541,.T.);
#5004=FACE_BOUND('',#4542,.T.);
#5005=FACE_BOUND('',#4543,.T.);
#5006=FACE_BOUND('',#4544,.T.);
#5007=FACE_BOUND('',#4545,.T.);
#5008=FACE_BOUND('',#4546,.T.);
#5009=FACE_BOUND('',#4547,.T.);
#5010=FACE_BOUND('',#4548,.T.);
#5011=FACE_BOUND('',#4549,.T.);
#5012=FACE_BOUND('',#4550,.T.);
#5013=FACE_BOUND('',#4551,.T.);
#5014=FACE_BOUND('',#4552,.T.);
#5015=FACE_BOUND('',#4553,.T.);
#5016=FACE_BOUND('',#4554,.T.);
#5017=FACE_BOUND('',#4555,.T.);
#5018=FACE_BOUND('',#4556,.T.);
#5019=FACE_BOUND('',#4557,.T.);
#5020=FACE_BOUND('',#4558,.T.);
#5021=FACE_BOUND('',#4559,.T.);
#5022=FACE_BOUND('',#4560,.T.);
#5023=FACE_BOUND('',#4561,.T.);
#5024=FACE_BOUND('',#4562,.T.);
#5025=FACE_BOUND('',#4563,.T.);
#5026=FACE_BOUND('',#4564,.T.);
#5027=FACE_BOUND('',#4565,.T.);
#5028=FACE_BOUND('',#4566,.T.);
#5029=FACE_BOUND('',#4567,.T.);
#5030=FACE_BOUND('',#4568,.T.);
#5031=FACE_BOUND('',#4569,.T.);
#5032=FACE_BOUND('',#4570,.T.);
#5033=FACE_BOUND('',#4571,.T.);
#5034=FACE_BOUND('',#4572,.T.);
#5035=FACE_BOUND('',#4573,.T.);
#5036=FACE_BOUND('',#4574,.T.);
#5037=FACE_BOUND('',#4575,.T.);
#5038=FACE_BOUND('',#4576,.T.);
#5039=FACE_BOUND('',#4577,.T.);
#5040=FACE_BOUND('',#4578,.T.);
#5041=FACE_BOUND('',#4579,.T.);
#5042=FACE_BOUND('',#4580,.T.);
#5043=FACE_BOUND('',#4581,.T.);
#5044=FACE_BOUND('',#4582,.T.);
#5045=FACE_BOUND('',#4583,.T.);
#5046=FACE_BOUND('',#4584,.T.);
#5047=FACE_BOUND('',#4585,.T.);
#5048=FACE_BOUND('',#4586,.T.);
#5049=FACE_BOUND('',#4587,.T.);
#5050=FACE_BOUND('',#4588,.T.);
#5051=FACE_BOUND('',#4589,.T.);
#5052=FACE_BOUND('',#4590,.T.);
#5053=FACE_BOUND('',#4591,.T.);
#5054=FACE_BOUND('',#4592,.T.);
#5055=FACE_BOUND('',#4593,.T.);
#5056=FACE_BOUND('',#4594,.T.);
#5057=FACE_BOUND('',#4595,.T.);
#5058=FACE_BOUND('',#4596,.T.);
#5059=FACE_BOUND('',#4597,.T.);
#5060=FACE_BOUND('',#4598,.T.);
#5061=FACE_BOUND('',#4599,.T.);
#5062=FACE_BOUND('',#4600,.T.);
#5063=FACE_BOUND('',#4601,.T.);
#5064=FACE_BOUND('',#4602,.T.);
#5065=FACE_BOUND('',#4603,.T.);
#5066=FACE_BOUND('',#4604,.T.);
#5067=FACE_BOUND('',#4605,.T.);
#5068=FACE_BOUND('',#4606,.T.);
#5069=FACE_BOUND('',#4607,.T.);
#5070=FACE_BOUND('',#4608,.T.);
#5071=FACE_BOUND('',#4609,.T.);
#5072=FACE_BOUND('',#4610,.T.);
#5073=FACE_BOUND('',#4611,.T.);
#5074=FACE_BOUND('',#4612,.T.);
#5075=FACE_BOUND('',#4613,.T.);
#5076=FACE_BOUND('',#4614,.T.);
#5077=FACE_BOUND('',#4615,.T.);
#5078=FACE_BOUND('',#4616,.T.);
#5079=FACE_BOUND('',#4617,.T.);
#5080=FACE_BOUND('',#4618,.T.);
#5081=FACE_BOUND('',#4619,.T.);
#5082=FACE_BOUND('',#4620,.T.);
#5083=FACE_BOUND('',#4621,.T.);
#5084=FACE_BOUND('',#4622,.T.);
#5085=FACE_BOUND('',#4623,.T.);
#5086=FACE_BOUND('',#4624,.T.);
#5087=FACE_BOUND('',#4625,.T.);
#5088=FACE_BOUND('',#4626,.T.);
#5089=FACE_BOUND('',#4627,.T.);
#5090=FACE_BOUND('',#4628,.T.);
#5091=FACE_BOUND('',#4629,.T.);
#5092=FACE_BOUND('',#4630,.T.);
#5093=FACE_BOUND('',#4631,.T.);
#5094=FACE_BOUND('',#4632,.T.);
#5095=FACE_BOUND('',#4633,.T.);
#5096=FACE_BOUND('',#4634,.T.);
#5097=FACE_BOUND('',#4635,.T.);
#5098=FACE_BOUND('',#4636,.T.);
#5099=FACE_BOUND('',#4637,.T.);
#5100=FACE_BOUND('',#4638,.T.);
#5101=FACE_BOUND('',#4639,.T.);
#5102=FACE_BOUND('',#4640,.T.);
#5103=FACE_BOUND('',#4641,.T.);
#5104=FACE_BOUND('',#4642,.T.);
#5105=FACE_BOUND('',#4643,.T.);
#5106=FACE_BOUND('',#4644,.T.);
#5107=FACE_BOUND('',#4645,.T.);
#5108=FACE_BOUND('',#4646,.T.);
#5109=FACE_BOUND('',#4647,.T.);
#5110=FACE_BOUND('',#4648,.T.);
#5111=FACE_BOUND('',#4649,.T.);
#5112=FACE_BOUND('',#4650,.T.);
#5113=FACE_BOUND('',#4651,.T.);
#5114=FACE_BOUND('',#4652,.T.);
#5115=FACE_BOUND('',#4653,.T.);
#5116=FACE_BOUND('',#4654,.T.);
#5117=FACE_BOUND('',#4655,.T.);
#5118=FACE_BOUND('',#4656,.T.);
#5119=FACE_BOUND('',#4657,.T.);
#5120=FACE_BOUND('',#4658,.T.);
#5121=FACE_BOUND('',#4659,.T.);
#5122=FACE_BOUND('',#4660,.T.);
#5123=FACE_BOUND('',#4661,.T.);
#5124=FACE_BOUND('',#4662,.T.);
#5125=FACE_BOUND('',#4663,.T.);
#5126=FACE_BOUND('',#4664,.T.);
#5127=FACE_BOUND('',#4665,.T.);
#5128=FACE_BOUND('',#4666,.T.);
#5129=FACE_BOUND('',#4667,.T.);
#5130=FACE_BOUND('',#4668,.T.);
#5131=FACE_BOUND('',#4669,.T.);
#5132=FACE_BOUND('',#4670,.T.);
#5133=FACE_BOUND('',#4671,.T.);
#5134=FACE_BOUND('',#4672,.T.);
#5135=FACE_BOUND('',#4673,.T.);
#5136=FACE_BOUND('',#4674,.T.);
#5137=FACE_BOUND('',#4675,.T.);
#5138=FACE_BOUND('',#4676,.T.);
#5139=FACE_BOUND('',#4677,.T.);
#5140=FACE_BOUND('',#4678,.T.);
#5141=FACE_BOUND('',#4679,.T.);
#5142=FACE_BOUND('',#4680,.T.);
#5143=FACE_BOUND('',#4681,.T.);
#5144=FACE_BOUND('',#4682,.T.);
#5145=FACE_BOUND('',#4683,.T.);
#5146=FACE_BOUND('',#4684,.T.);
#5147=FACE_BOUND('',#4685,.T.);
#5148=FACE_BOUND('',#4686,.T.);
#5149=FACE_BOUND('',#4687,.T.);
#5150=FACE_BOUND('',#4688,.T.);
#5151=FACE_BOUND('',#4689,.T.);
#5152=FACE_BOUND('',#4690,.T.);
#5153=FACE_BOUND('',#4691,.T.);
#5154=FACE_BOUND('',#4692,.T.);
#5155=FACE_BOUND('',#4693,.T.);
#5156=FACE_BOUND('',#4694,.T.);
#5157=FACE_BOUND('',#4695,.T.);
#5158=FACE_BOUND('',#4696,.T.);
#5159=FACE_BOUND('',#4697,.T.);
#5160=FACE_BOUND('',#4698,.T.);
#5161=FACE_BOUND('',#4699,.T.);
#5162=FACE_BOUND('',#4700,.T.);
#5163=FACE_BOUND('',#4701,.T.);
#5164=FACE_BOUND('',#4702,.T.);
#5165=FACE_BOUND('',#4703,.T.);
#5166=FACE_BOUND('',#4704,.T.);
#5167=FACE_BOUND('',#4705,.T.);
#5168=FACE_BOUND('',#4706,.T.);
#5169=FACE_BOUND('',#4707,.T.);
#5170=FACE_BOUND('',#4708,.T.);
#5171=FACE_BOUND('',#4709,.T.);
#5172=FACE_BOUND('',#4710,.T.);
#5173=FACE_BOUND('',#4711,.T.);
#5174=FACE_BOUND('',#4712,.T.);
#5175=FACE_BOUND('',#4713,.T.);
#5176=FACE_BOUND('',#4714,.T.);
#5177=FACE_BOUND('',#4715,.T.);
#5178=FACE_BOUND('',#4716,.T.);
#5179=FACE_BOUND('',#4717,.T.);
#5180=FACE_BOUND('',#4718,.T.);
#5181=FACE_BOUND('',#4719,.T.);
#5182=FACE_BOUND('',#4720,.T.);
#5183=FACE_BOUND('',#4721,.T.);
#5184=FACE_BOUND('',#4722,.T.);
#5185=FACE_BOUND('',#4723,.T.);
#5186=FACE_BOUND('',#4724,.T.);
#5187=FACE_BOUND('',#4725,.T.);
#5188=FACE_BOUND('',#4726,.T.);
#5189=FACE_BOUND('',#4727,.T.);
#5190=FACE_BOUND('',#4728,.T.);
#5191=FACE_BOUND('',#4729,.T.);
#5192=FACE_BOUND('',#4730,.T.);
#5193=FACE_BOUND('',#4731,.T.);
#5194=FACE_BOUND('',#4732,.T.);
#5195=FACE_BOUND('',#4733,.T.);
#5196=FACE_BOUND('',#4734,.T.);
#5197=FACE_BOUND('',#4735,.T.);
#5198=FACE_BOUND('',#4736,.T.);
#5199=FACE_BOUND('',#4737,.T.);
#5200=FACE_BOUND('',#4738,.T.);
#5201=FACE_BOUND('',#4739,.T.);
#5202=FACE_BOUND('',#4740,.T.);
#5203=FACE_BOUND('',#4741,.T.);
#5204=FACE_BOUND('',#4742,.T.);
#5205=FACE_BOUND('',#4743,.T.);
#5206=FACE_BOUND('',#4744,.T.);
#5207=FACE_BOUND('',#4745,.T.);
#5208=FACE_BOUND('',#4746,.T.);
#5209=FACE_BOUND('',#4747,.T.);
#5210=FACE_BOUND('',#4748,.T.);
#5211=FACE_BOUND('',#4749,.T.);
#5212=FACE_BOUND('',#4750,.T.);
#5213=FACE_BOUND('',#4751,.T.);
#5214=FACE_BOUND('',#4752,.T.);
#5215=FACE_BOUND('',#4753,.T.);
#5216=FACE_BOUND('',#4754,.T.);
#5217=FACE_BOUND('',#4755,.T.);
#5218=FACE_BOUND('',#4756,.T.);
#5219=FACE_BOUND('',#4757,.T.);
#5220=FACE_BOUND('',#4758,.T.);
#5221=FACE_BOUND('',#4759,.T.);
#5222=FACE_BOUND('',#4760,.T.);
#5223=FACE_BOUND('',#4761,.T.);
#5224=FACE_BOUND('',#4762,.T.);
#5225=FACE_BOUND('',#4763,.T.);
#5226=FACE_BOUND('',#4764,.T.);
#5227=FACE_BOUND('',#4765,.T.);
#5228=FACE_BOUND('',#4766,.T.);
#5229=FACE_BOUND('',#4767,.T.);
#5230=FACE_BOUND('',#4768,.T.);
#5231=FACE_BOUND('',#4769,.T.);
#5232=FACE_BOUND('',#4770,.T.);
#5233=FACE_BOUND('',#4771,.T.);
#5234=FACE_BOUND('',#4772,.T.);
#5235=FACE_BOUND('',#4773,.T.);
#5236=FACE_BOUND('',#4774,.T.);
#5237=FACE_BOUND('',#4775,.T.);
#5238=FACE_BOUND('',#4776,.T.);
#5239=FACE_BOUND('',#4777,.T.);
#5240=FACE_BOUND('',#4778,.T.);
#5241=FACE_BOUND('',#4779,.T.);
#5242=FACE_BOUND('',#4780,.T.);
#5243=FACE_BOUND('',#4781,.T.);
#5244=FACE_BOUND('',#4782,.T.);
#5245=FACE_BOUND('',#4783,.T.);
#5246=FACE_BOUND('',#4784,.T.);
#5247=FACE_BOUND('',#4785,.T.);
#5248=FACE_BOUND('',#4786,.T.);
#5249=FACE_BOUND('',#4787,.T.);
#5250=FACE_BOUND('',#4788,.T.);
#5251=FACE_BOUND('',#4789,.T.);
#5252=FACE_BOUND('',#4790,.T.);
#5253=FACE_BOUND('',#4791,.T.);
#5254=FACE_BOUND('',#4792,.T.);
#5255=FACE_BOUND('',#4793,.T.);
#5256=FACE_BOUND('',#4794,.T.);
#5257=FACE_BOUND('',#4795,.T.);
#5258=FACE_BOUND('',#4796,.T.);
#5259=FACE_BOUND('',#4797,.T.);
#5260=FACE_BOUND('',#4798,.T.);
#5261=FACE_BOUND('',#4799,.T.);
#5262=FACE_BOUND('',#4800,.T.);
#5263=FACE_BOUND('',#4801,.T.);
#5264=FACE_BOUND('',#4802,.T.);
#5265=FACE_BOUND('',#4803,.T.);
#5266=FACE_BOUND('',#4804,.T.);
#5267=FACE_BOUND('',#4805,.T.);
#5268=FACE_BOUND('',#4806,.T.);
#5269=FACE_BOUND('',#4807,.T.);
#5270=FACE_BOUND('',#4808,.T.);
#5271=FACE_BOUND('',#4809,.T.);
#5272=FACE_BOUND('',#4810,.T.);
#5273=FACE_BOUND('',#4811,.T.);
#5274=FACE_BOUND('',#4812,.T.);
#5275=FACE_BOUND('',#4813,.T.);
#5276=FACE_BOUND('',#4814,.T.);
#5277=FACE_BOUND('',#4815,.T.);
#5278=FACE_BOUND('',#4816,.T.);
#5279=FACE_BOUND('',#4817,.T.);
#5280=FACE_BOUND('',#4818,.T.);
#5281=FACE_BOUND('',#4819,.T.);
#5282=FACE_BOUND('',#4820,.T.);
#5283=FACE_BOUND('',#4821,.T.);
#5284=FACE_BOUND('',#4822,.T.);
#5285=FACE_BOUND('',#4823,.T.);
#5286=FACE_BOUND('',#4824,.T.);
#5287=FACE_BOUND('',#4825,.T.);
#5288=FACE_BOUND('',#4826,.T.);
#5289=FACE_BOUND('',#4827,.T.);
#5290=FACE_BOUND('',#4828,.T.);
#5291=FACE_BOUND('',#4829,.T.);
#5292=FACE_BOUND('',#4830,.T.);
#5293=FACE_BOUND('',#4831,.T.);
#5294=FACE_BOUND('',#4832,.T.);
#5295=FACE_BOUND('',#4833,.T.);
#5296=FACE_BOUND('',#4834,.T.);
#5297=FACE_BOUND('',#4835,.T.);
#5298=FACE_BOUND('',#4836,.T.);
#5299=FACE_BOUND('',#4837,.T.);
#5300=FACE_BOUND('',#4838,.T.);
#5301=FACE_BOUND('',#4839,.T.);
#5302=FACE_BOUND('',#4840,.T.);
#5303=FACE_BOUND('',#4841,.T.);
#5304=FACE_BOUND('',#4842,.T.);
#5305=FACE_BOUND('',#4843,.T.);
#5306=FACE_BOUND('',#4844,.T.);
#5307=FACE_BOUND('',#4845,.T.);
#5308=FACE_BOUND('',#4846,.T.);
#5309=FACE_BOUND('',#4847,.T.);
#5310=FACE_BOUND('',#4848,.T.);
#5311=FACE_BOUND('',#4849,.T.);
#5312=FACE_BOUND('',#4850,.T.);
#5313=FACE_BOUND('',#4851,.T.);
#5314=FACE_BOUND('',#4852,.T.);
#5315=FACE_BOUND('',#4853,.T.);
#5316=FACE_BOUND('',#4854,.T.);
#5317=FACE_BOUND('',#4855,.T.);
#5318=FACE_BOUND('',#4856,.T.);
#5319=FACE_BOUND('',#4857,.T.);
#5320=FACE_BOUND('',#4858,.T.);
#5321=FACE_BOUND('',#4859,.T.);
#5322=FACE_BOUND('',#4860,.T.);
#5323=FACE_BOUND('',#4861,.T.);
#5324=FACE_BOUND('',#4862,.T.);
#5325=FACE_BOUND('',#4863,.T.);
#5326=FACE_BOUND('',#4864,.T.);
#5327=FACE_BOUND('',#4865,.T.);
#5328=FACE_BOUND('',#4866,.T.);
#5329=FACE_BOUND('',#4867,.T.);
#5330=FACE_BOUND('',#4868,.T.);
#5331=FACE_BOUND('',#4869,.T.);
#5332=FACE_BOUND('',#4870,.T.);
#5333=FACE_BOUND('',#4871,.T.);
#5334=FACE_BOUND('',#4872,.T.);
#5335=FACE_BOUND('',#4873,.T.);
#5336=FACE_BOUND('',#4874,.T.);
#5337=FACE_BOUND('',#4875,.T.);
#5338=FACE_BOUND('',#4876,.T.);
#5339=FACE_BOUND('',#4877,.T.);
#5340=FACE_BOUND('',#4878,.T.);
#5341=FACE_BOUND('',#4879,.T.);
#5342=FACE_BOUND('',#4880,.T.);
#5343=FACE_BOUND('',#4881,.T.);
#5344=FACE_BOUND('',#4882,.T.);
#5345=FACE_BOUND('',#4883,.T.);
#5346=FACE_BOUND('',#4884,.T.);
#5347=FACE_BOUND('',#4885,.T.);
#5348=FACE_BOUND('',#4886,.T.);
#5349=FACE_BOUND('',#4887,.T.);
#5350=FACE_BOUND('',#4888,.T.);
#5351=FACE_BOUND('',#4889,.T.);
#5352=FACE_BOUND('',#4890,.T.);
#5353=FACE_BOUND('',#4891,.T.);
#5354=FACE_BOUND('',#4892,.T.);
#5355=FACE_BOUND('',#4893,.T.);
#5356=FACE_BOUND('',#4894,.T.);
#5357=FACE_BOUND('',#4895,.T.);
#5358=FACE_BOUND('',#4896,.T.);
#5359=FACE_BOUND('',#4897,.T.);
#5360=FACE_BOUND('',#4898,.T.);
#5361=FACE_BOUND('',#4899,.T.);
#5362=FACE_BOUND('',#4900,.T.);
#5363=FACE_BOUND('',#4901,.T.);
#5364=FACE_BOUND('',#4902,.T.);
#5365=FACE_BOUND('',#4903,.T.);
#5366=FACE_BOUND('',#4904,.T.);
#5367=FACE_BOUND('',#4905,.T.);
#5368=FACE_BOUND('',#4906,.T.);
#5369=FACE_BOUND('',#4907,.T.);
#5370=FACE_BOUND('',#4908,.T.);
#5371=FACE_BOUND('',#4909,.T.);
#5372=FACE_BOUND('',#4910,.T.);
#5373=FACE_BOUND('',#4911,.T.);
#5374=FACE_BOUND('',#4912,.T.);
#5375=FACE_BOUND('',#4913,.T.);
#5376=FACE_BOUND('',#4914,.T.);
#5377=FACE_BOUND('',#4915,.T.);
#5378=FACE_BOUND('',#4916,.T.);
#5379=FACE_BOUND('',#4917,.T.);
#5380=FACE_BOUND('',#4918,.T.);
#5381=FACE_BOUND('',#4919,.T.);
#5382=FACE_BOUND('',#4920,.T.);
#5383=FACE_BOUND('',#4921,.T.);
#5384=FACE_BOUND('',#4922,.T.);
#5385=FACE_BOUND('',#4923,.T.);
#5386=FACE_BOUND('',#4924,.T.);
#5387=FACE_BOUND('',#4925,.T.);
#5388=FACE_BOUND('',#4926,.T.);
#5389=FACE_BOUND('',#4927,.T.);
#5390=FACE_BOUND('',#4928,.T.);
#5391=FACE_BOUND('',#4929,.T.);
#5392=FACE_BOUND('',#4930,.T.);
#5393=FACE_BOUND('',#4931,.T.);
#5394=FACE_BOUND('',#4932,.T.);
#5395=FACE_BOUND('',#4933,.T.);
#5396=FACE_BOUND('',#4934,.T.);
#5397=FACE_BOUND('',#4935,.T.);
#5398=FACE_BOUND('',#4936,.T.);
#5399=FACE_BOUND('',#4937,.T.);
#5400=FACE_BOUND('',#4938,.T.);
#5401=FACE_BOUND('',#4939,.T.);
#5402=FACE_BOUND('',#4940,.T.);
#5403=FACE_BOUND('',#4941,.T.);
#5404=FACE_BOUND('',#4942,.T.);
#5405=FACE_BOUND('',#4943,.T.);
#5406=FACE_BOUND('',#4944,.T.);
#5407=FACE_BOUND('',#4945,.T.);
#5408=FACE_BOUND('',#4946,.T.);
#5409=FACE_BOUND('',#4947,.T.);
#5410=FACE_BOUND('',#4948,.T.);
#5411=FACE_BOUND('',#4949,.T.);
#5412=FACE_BOUND('',#4950,.T.);
#5413=FACE_BOUND('',#4951,.T.);
#5414=FACE_BOUND('',#4952,.T.);
#5415=FACE_BOUND('',#4953,.T.);
#5416=FACE_BOUND('',#4954,.T.);
#5417=FACE_BOUND('',#4955,.T.);
#5418=FACE_BOUND('',#4956,.T.);
#5419=FACE_BOUND('',#4957,.T.);
#5420=FACE_BOUND('',#4958,.T.);
#5421=FACE_BOUND('',#4959,.T.);
#5422=FACE_BOUND('',#4960,.T.);
#5423=FACE_BOUND('',#4961,.T.);
#5424=FACE_BOUND('',#4962,.T.);
#5425=FACE_BOUND('',#4963,.T.);
#5426=FACE_BOUND('',#4964,.T.);
#5427=FACE_BOUND('',#4965,.T.);
#5428=FACE_BOUND('',#4966,.T.);
#5429=FACE_BOUND('',#4967,.T.);
#5430=FACE_BOUND('',#4968,.T.);
#5431=FACE_BOUND('',#4969,.T.);
#5432=FACE_BOUND('',#4970,.T.);
#5433=FACE_BOUND('',#4971,.T.);
#5434=FACE_BOUND('',#4972,.T.);
#5435=FACE_BOUND('',#4973,.T.);
#5436=FACE_BOUND('',#4974,.T.);
#5437=FACE_BOUND('',#4975,.T.);
#5438=FACE_BOUND('',#4976,.T.);
#5439=FACE_BOUND('',#4977,.T.);
#5440=FACE_BOUND('',#4978,.T.);
#5441=FACE_BOUND('',#4979,.T.);
#5442=FACE_BOUND('',#4980,.T.);
#5443=FACE_BOUND('',#4981,.T.);
#5444=FACE_BOUND('',#4982,.T.);
#5445=FACE_BOUND('',#4983,.T.);
#5446=FACE_BOUND('',#4984,.T.);
#5447=FACE_BOUND('',#4985,.T.);
#5448=FACE_BOUND('',#4986,.T.);
#5449=FACE_BOUND('',#4987,.T.);
#5450=FACE_BOUND('',#4988,.T.);
#5451=FACE_BOUND('',#4989,.T.);
#5452=PLANE('',#7005);
#5453=PLANE('',#7006);
#5454=PLANE('',#7007);
#5455=PLANE('',#7008);
#5456=PLANE('',#7009);
#5457=PLANE('',#7010);
#5458=PLANE('',#7012);
#5459=PLANE('',#7013);
#5460=PLANE('',#7014);
#5461=PLANE('',#7015);
#5462=PLANE('',#7016);
#5463=PLANE('',#7017);
#5464=PLANE('',#7019);
#5465=PLANE('',#7024);
#5466=PLANE('',#7025);
#5467=PLANE('',#7026);
#5468=PLANE('',#7030);
#5469=PLANE('',#7031);
#5470=PLANE('',#7033);
#5471=PLANE('',#7034);
#5472=PLANE('',#7037);
#5473=PLANE('',#7040);
#5474=PLANE('',#7043);
#5475=PLANE('',#7045);
#5476=PLANE('',#7046);
#5477=PLANE('',#7047);
#5478=PLANE('',#7048);
#5479=PLANE('',#7049);
#5480=PLANE('',#7050);
#5481=PLANE('',#7052);
#5482=PLANE('',#7053);
#5483=PLANE('',#7054);
#5484=PLANE('',#7055);
#5485=PLANE('',#7056);
#5486=PLANE('',#7057);
#5487=PLANE('',#7059);
#5488=PLANE('',#7060);
#5489=PLANE('',#7061);
#5490=PLANE('',#7062);
#5491=PLANE('',#7063);
#5492=PLANE('',#7064);
#5493=PLANE('',#7066);
#5494=PLANE('',#7067);
#5495=PLANE('',#7068);
#5496=PLANE('',#7069);
#5497=PLANE('',#7070);
#5498=PLANE('',#7071);
#5499=PLANE('',#7073);
#5500=PLANE('',#7074);
#5501=PLANE('',#7075);
#5502=PLANE('',#7076);
#5503=PLANE('',#7077);
#5504=PLANE('',#7078);
#5505=PLANE('',#7080);
#5506=PLANE('',#7081);
#5507=PLANE('',#7082);
#5508=PLANE('',#7083);
#5509=PLANE('',#7084);
#5510=PLANE('',#7085);
#5511=PLANE('',#7087);
#5512=PLANE('',#7088);
#5513=PLANE('',#7089);
#5514=PLANE('',#7090);
#5515=PLANE('',#7091);
#5516=PLANE('',#7092);
#5517=PLANE('',#7094);
#5518=PLANE('',#7095);
#5519=PLANE('',#7096);
#5520=PLANE('',#7097);
#5521=PLANE('',#7098);
#5522=PLANE('',#7099);
#5523=PLANE('',#7101);
#5524=PLANE('',#7102);
#5525=PLANE('',#7103);
#5526=PLANE('',#7104);
#5527=PLANE('',#7105);
#5528=PLANE('',#7106);
#5529=PLANE('',#7108);
#5530=PLANE('',#7109);
#5531=PLANE('',#7110);
#5532=PLANE('',#7111);
#5533=PLANE('',#7112);
#5534=PLANE('',#7113);
#5535=PLANE('',#7115);
#5536=PLANE('',#7116);
#5537=PLANE('',#7117);
#5538=PLANE('',#7118);
#5539=PLANE('',#7119);
#5540=PLANE('',#7120);
#5541=PLANE('',#7122);
#5542=PLANE('',#7123);
#5543=PLANE('',#7124);
#5544=PLANE('',#7125);
#5545=PLANE('',#7126);
#5546=PLANE('',#7127);
#5547=PLANE('',#7129);
#5548=PLANE('',#7130);
#5549=PLANE('',#7131);
#5550=PLANE('',#7132);
#5551=PLANE('',#7133);
#5552=PLANE('',#7134);
#5553=PLANE('',#7136);
#5554=PLANE('',#7137);
#5555=PLANE('',#7138);
#5556=PLANE('',#7139);
#5557=PLANE('',#7140);
#5558=PLANE('',#7141);
#5559=PLANE('',#7146);
#5560=PLANE('',#7147);
#5561=PLANE('',#7152);
#5562=PLANE('',#7153);
#5563=PLANE('',#7158);
#5564=PLANE('',#7159);
#5565=PLANE('',#7164);
#5566=PLANE('',#7165);
#5567=PLANE('',#7170);
#5568=PLANE('',#7171);
#5569=PLANE('',#7176);
#5570=PLANE('',#7177);
#5571=PLANE('',#7182);
#5572=PLANE('',#7183);
#5573=PLANE('',#7188);
#5574=PLANE('',#7189);
#5575=PLANE('',#7194);
#5576=PLANE('',#7195);
#5577=PLANE('',#7197);
#5578=PLANE('',#7198);
#5579=PLANE('',#7199);
#5580=PLANE('',#7200);
#5581=PLANE('',#7201);
#5582=PLANE('',#7202);
#5583=PLANE('',#7204);
#5584=PLANE('',#7205);
#5585=PLANE('',#7206);
#5586=PLANE('',#7207);
#5587=PLANE('',#7208);
#5588=PLANE('',#7209);
#5589=PLANE('',#7215);
#5590=PLANE('',#7219);
#5591=PLANE('',#7222);
#5592=PLANE('',#7225);
#5593=PLANE('',#7228);
#5594=PLANE('',#7230);
#5595=PLANE('',#7231);
#5596=PLANE('',#7232);
#5597=PLANE('',#7233);
#5598=PLANE('',#7234);
#5599=PLANE('',#7235);
#5600=PLANE('',#7237);
#5601=PLANE('',#7238);
#5602=PLANE('',#7239);
#5603=PLANE('',#7240);
#5604=PLANE('',#7241);
#5605=PLANE('',#7242);
#5606=PLANE('',#7244);
#5607=PLANE('',#7245);
#5608=PLANE('',#7246);
#5609=PLANE('',#7247);
#5610=PLANE('',#7248);
#5611=PLANE('',#7249);
#5612=PLANE('',#7251);
#5613=PLANE('',#7252);
#5614=PLANE('',#7253);
#5615=PLANE('',#7254);
#5616=PLANE('',#7255);
#5617=PLANE('',#7256);
#5618=PLANE('',#7258);
#5619=PLANE('',#7259);
#5620=PLANE('',#7260);
#5621=PLANE('',#7261);
#5622=PLANE('',#7262);
#5623=PLANE('',#7263);
#5624=PLANE('',#7265);
#5625=PLANE('',#7266);
#5626=PLANE('',#7267);
#5627=PLANE('',#7268);
#5628=PLANE('',#7269);
#5629=PLANE('',#7270);
#5630=PLANE('',#7272);
#5631=PLANE('',#7273);
#5632=PLANE('',#7274);
#5633=PLANE('',#7275);
#5634=PLANE('',#7276);
#5635=PLANE('',#7277);
#5636=PLANE('',#7279);
#5637=PLANE('',#7280);
#5638=PLANE('',#7281);
#5639=PLANE('',#7282);
#5640=PLANE('',#7283);
#5641=PLANE('',#7284);
#5642=PLANE('',#7286);
#5643=PLANE('',#7287);
#5644=PLANE('',#7288);
#5645=PLANE('',#7289);
#5646=PLANE('',#7290);
#5647=PLANE('',#7291);
#5648=PLANE('',#7293);
#5649=PLANE('',#7294);
#5650=PLANE('',#7295);
#5651=PLANE('',#7296);
#5652=PLANE('',#7297);
#5653=PLANE('',#7298);
#5654=PLANE('',#7300);
#5655=PLANE('',#7301);
#5656=PLANE('',#7302);
#5657=PLANE('',#7303);
#5658=PLANE('',#7304);
#5659=PLANE('',#7305);
#5660=PLANE('',#7307);
#5661=PLANE('',#7308);
#5662=PLANE('',#7309);
#5663=PLANE('',#7310);
#5664=PLANE('',#7311);
#5665=PLANE('',#7312);
#5666=PLANE('',#7314);
#5667=PLANE('',#7315);
#5668=PLANE('',#7316);
#5669=PLANE('',#7317);
#5670=PLANE('',#7318);
#5671=PLANE('',#7319);
#5672=PLANE('',#7321);
#5673=PLANE('',#7322);
#5674=PLANE('',#7323);
#5675=PLANE('',#7324);
#5676=PLANE('',#7325);
#5677=PLANE('',#7326);
#5678=PLANE('',#7328);
#5679=PLANE('',#7329);
#5680=PLANE('',#7330);
#5681=PLANE('',#7331);
#5682=PLANE('',#7332);
#5683=PLANE('',#7333);
#5684=PLANE('',#7338);
#5685=PLANE('',#7339);
#5686=PLANE('',#7344);
#5687=PLANE('',#7345);
#5688=PLANE('',#7350);
#5689=PLANE('',#7351);
#5690=PLANE('',#7356);
#5691=PLANE('',#7357);
#5692=PLANE('',#7362);
#5693=PLANE('',#7363);
#5694=PLANE('',#7368);
#5695=PLANE('',#7369);
#5696=PLANE('',#7374);
#5697=PLANE('',#7375);
#5698=PLANE('',#7380);
#5699=PLANE('',#7381);
#5700=PLANE('',#7386);
#5701=PLANE('',#7387);
#5702=PLANE('',#7389);
#5703=PLANE('',#7390);
#5704=PLANE('',#7391);
#5705=PLANE('',#7392);
#5706=PLANE('',#7393);
#5707=PLANE('',#7394);
#5708=PLANE('',#7396);
#5709=PLANE('',#7397);
#5710=PLANE('',#7398);
#5711=PLANE('',#7399);
#5712=PLANE('',#7400);
#5713=PLANE('',#7401);
#5714=PLANE('',#7403);
#5715=PLANE('',#7404);
#5716=PLANE('',#7405);
#5717=PLANE('',#7406);
#5718=PLANE('',#7407);
#5719=PLANE('',#7408);
#5720=PLANE('',#7410);
#5721=PLANE('',#7415);
#5722=PLANE('',#7416);
#5723=PLANE('',#7421);
#5724=PLANE('',#7424);
#5725=PLANE('',#7426);
#5726=PLANE('',#7427);
#5727=PLANE('',#7428);
#5728=PLANE('',#7431);
#5729=PLANE('',#7434);
#5730=PLANE('',#7437);
#5731=PLANE('',#7440);
#5732=PLANE('',#7443);
#5733=PLANE('',#7446);
#5734=PLANE('',#7448);
#5735=PLANE('',#7449);
#5736=PLANE('',#7450);
#5737=PLANE('',#7451);
#5738=PLANE('',#7452);
#5739=PLANE('',#7453);
#5740=PLANE('',#7455);
#5741=PLANE('',#7456);
#5742=PLANE('',#7457);
#5743=PLANE('',#7458);
#5744=PLANE('',#7459);
#5745=PLANE('',#7460);
#5746=PLANE('',#7462);
#5747=PLANE('',#7463);
#5748=PLANE('',#7464);
#5749=PLANE('',#7465);
#5750=PLANE('',#7466);
#5751=PLANE('',#7467);
#5752=PLANE('',#7469);
#5753=PLANE('',#7470);
#5754=PLANE('',#7471);
#5755=PLANE('',#7474);
#5756=PLANE('',#7475);
#5757=PLANE('',#7476);
#5758=PLANE('',#7479);
#5759=PLANE('',#7482);
#5760=PLANE('',#7484);
#5761=PLANE('',#7485);
#5762=PLANE('',#7486);
#5763=PLANE('',#7489);
#5764=PLANE('',#7490);
#5765=PLANE('',#7491);
#5766=PLANE('',#7494);
#5767=PLANE('',#7495);
#5768=PLANE('',#7499);
#5769=PLANE('',#7500);
#5770=PLANE('',#7502);
#5771=PLANE('',#7504);
#5772=PLANE('',#7505);
#5773=PLANE('',#7506);
#5774=PLANE('',#7509);
#5775=PLANE('',#7512);
#5776=PLANE('',#7514);
#5777=PLANE('',#7515);
#5778=PLANE('',#7516);
#5779=PLANE('',#7517);
#5780=PLANE('',#7518);
#5781=PLANE('',#7519);
#5782=PLANE('',#7521);
#5783=PLANE('',#7522);
#5784=PLANE('',#7523);
#5785=PLANE('',#7524);
#5786=PLANE('',#7525);
#5787=PLANE('',#7526);
#5788=PLANE('',#7528);
#5789=PLANE('',#7529);
#5790=PLANE('',#7530);
#5791=PLANE('',#7531);
#5792=PLANE('',#7532);
#5793=PLANE('',#7533);
#5794=PLANE('',#7535);
#5795=PLANE('',#7536);
#5796=PLANE('',#7537);
#5797=PLANE('',#7539);
#5798=PLANE('',#7540);
#5799=PLANE('',#7541);
#5800=PLANE('',#7544);
#5801=PLANE('',#7546);
#5802=PLANE('',#7547);
#5803=PLANE('',#7548);
#5804=PLANE('',#7551);
#5805=PLANE('',#7552);
#5806=PLANE('',#7553);
#5807=PLANE('',#7556);
#5808=PLANE('',#7559);
#5809=PLANE('',#7561);
#5810=PLANE('',#7562);
#5811=PLANE('',#7563);
#5812=PLANE('',#7566);
#5813=PLANE('',#7567);
#5814=PLANE('',#7568);
#5815=PLANE('',#7571);
#5816=PLANE('',#7572);
#5817=PLANE('',#7576);
#5818=PLANE('',#7577);
#5819=PLANE('',#7578);
#5820=PLANE('',#7580);
#5821=PLANE('',#7581);
#5822=PLANE('',#7582);
#5823=PLANE('',#7583);
#5824=ADVANCED_FACE('',(#4990),#5452,.T.);
#5825=ADVANCED_FACE('',(#4991),#5453,.F.);
#5826=ADVANCED_FACE('',(#4992),#5454,.F.);
#5827=ADVANCED_FACE('',(#4993),#5455,.T.);
#5828=ADVANCED_FACE('',(#4994),#5456,.F.);
#5829=ADVANCED_FACE('',(#4995),#5457,.T.);
#5830=ADVANCED_FACE('',(#4996),#5458,.T.);
#5831=ADVANCED_FACE('',(#4997),#5459,.F.);
#5832=ADVANCED_FACE('',(#4998),#5460,.F.);
#5833=ADVANCED_FACE('',(#4999),#5461,.T.);
#5834=ADVANCED_FACE('',(#5000),#5462,.F.);
#5835=ADVANCED_FACE('',(#5001),#5463,.T.);
#5836=ADVANCED_FACE('',(#5002,#5003,#5004,#5005),#5464,.T.);
#5837=ADVANCED_FACE('',(#5006),#5465,.F.);
#5838=ADVANCED_FACE('',(#5007),#5466,.T.);
#5839=ADVANCED_FACE('',(#5008),#5467,.T.);
#5840=ADVANCED_FACE('',(#5009),#13,.T.);
#5841=ADVANCED_FACE('',(#5010),#5468,.T.);
#5842=ADVANCED_FACE('',(#5011),#5469,.F.);
#5843=ADVANCED_FACE('',(#5012),#14,.T.);
#5844=ADVANCED_FACE('',(#5013),#5470,.F.);
#5845=ADVANCED_FACE('',(#5014),#5471,.T.);
#5846=ADVANCED_FACE('',(#5015,#5016),#15,.T.);
#5847=ADVANCED_FACE('',(#5017),#5472,.T.);
#5848=ADVANCED_FACE('',(#5018,#5019),#16,.T.);
#5849=ADVANCED_FACE('',(#5020),#5473,.T.);
#5850=ADVANCED_FACE('',(#5021,#5022),#17,.T.);
#5851=ADVANCED_FACE('',(#5023),#5474,.T.);
#5852=ADVANCED_FACE('',(#5024),#5475,.T.);
#5853=ADVANCED_FACE('',(#5025),#5476,.F.);
#5854=ADVANCED_FACE('',(#5026),#5477,.F.);
#5855=ADVANCED_FACE('',(#5027),#5478,.T.);
#5856=ADVANCED_FACE('',(#5028),#5479,.F.);
#5857=ADVANCED_FACE('',(#5029),#5480,.T.);
#5858=ADVANCED_FACE('',(#5030),#5481,.T.);
#5859=ADVANCED_FACE('',(#5031),#5482,.F.);
#5860=ADVANCED_FACE('',(#5032),#5483,.F.);
#5861=ADVANCED_FACE('',(#5033),#5484,.T.);
#5862=ADVANCED_FACE('',(#5034),#5485,.F.);
#5863=ADVANCED_FACE('',(#5035),#5486,.T.);
#5864=ADVANCED_FACE('',(#5036),#5487,.T.);
#5865=ADVANCED_FACE('',(#5037),#5488,.F.);
#5866=ADVANCED_FACE('',(#5038),#5489,.F.);
#5867=ADVANCED_FACE('',(#5039),#5490,.T.);
#5868=ADVANCED_FACE('',(#5040),#5491,.F.);
#5869=ADVANCED_FACE('',(#5041),#5492,.T.);
#5870=ADVANCED_FACE('',(#5042),#5493,.T.);
#5871=ADVANCED_FACE('',(#5043),#5494,.F.);
#5872=ADVANCED_FACE('',(#5044),#5495,.F.);
#5873=ADVANCED_FACE('',(#5045),#5496,.T.);
#5874=ADVANCED_FACE('',(#5046),#5497,.F.);
#5875=ADVANCED_FACE('',(#5047),#5498,.T.);
#5876=ADVANCED_FACE('',(#5048),#5499,.T.);
#5877=ADVANCED_FACE('',(#5049),#5500,.F.);
#5878=ADVANCED_FACE('',(#5050),#5501,.F.);
#5879=ADVANCED_FACE('',(#5051),#5502,.T.);
#5880=ADVANCED_FACE('',(#5052),#5503,.F.);
#5881=ADVANCED_FACE('',(#5053),#5504,.T.);
#5882=ADVANCED_FACE('',(#5054),#5505,.T.);
#5883=ADVANCED_FACE('',(#5055),#5506,.F.);
#5884=ADVANCED_FACE('',(#5056),#5507,.F.);
#5885=ADVANCED_FACE('',(#5057),#5508,.T.);
#5886=ADVANCED_FACE('',(#5058),#5509,.F.);
#5887=ADVANCED_FACE('',(#5059),#5510,.T.);
#5888=ADVANCED_FACE('',(#5060),#5511,.T.);
#5889=ADVANCED_FACE('',(#5061),#5512,.F.);
#5890=ADVANCED_FACE('',(#5062),#5513,.F.);
#5891=ADVANCED_FACE('',(#5063),#5514,.T.);
#5892=ADVANCED_FACE('',(#5064),#5515,.F.);
#5893=ADVANCED_FACE('',(#5065),#5516,.T.);
#5894=ADVANCED_FACE('',(#5066),#5517,.T.);
#5895=ADVANCED_FACE('',(#5067),#5518,.F.);
#5896=ADVANCED_FACE('',(#5068),#5519,.F.);
#5897=ADVANCED_FACE('',(#5069),#5520,.T.);
#5898=ADVANCED_FACE('',(#5070),#5521,.F.);
#5899=ADVANCED_FACE('',(#5071),#5522,.T.);
#5900=ADVANCED_FACE('',(#5072),#5523,.T.);
#5901=ADVANCED_FACE('',(#5073),#5524,.F.);
#5902=ADVANCED_FACE('',(#5074),#5525,.F.);
#5903=ADVANCED_FACE('',(#5075),#5526,.T.);
#5904=ADVANCED_FACE('',(#5076),#5527,.F.);
#5905=ADVANCED_FACE('',(#5077),#5528,.T.);
#5906=ADVANCED_FACE('',(#5078),#5529,.T.);
#5907=ADVANCED_FACE('',(#5079),#5530,.F.);
#5908=ADVANCED_FACE('',(#5080),#5531,.F.);
#5909=ADVANCED_FACE('',(#5081),#5532,.T.);
#5910=ADVANCED_FACE('',(#5082),#5533,.F.);
#5911=ADVANCED_FACE('',(#5083),#5534,.T.);
#5912=ADVANCED_FACE('',(#5084),#5535,.T.);
#5913=ADVANCED_FACE('',(#5085),#5536,.F.);
#5914=ADVANCED_FACE('',(#5086),#5537,.F.);
#5915=ADVANCED_FACE('',(#5087),#5538,.T.);
#5916=ADVANCED_FACE('',(#5088),#5539,.F.);
#5917=ADVANCED_FACE('',(#5089),#5540,.T.);
#5918=ADVANCED_FACE('',(#5090),#5541,.T.);
#5919=ADVANCED_FACE('',(#5091),#5542,.F.);
#5920=ADVANCED_FACE('',(#5092),#5543,.F.);
#5921=ADVANCED_FACE('',(#5093),#5544,.T.);
#5922=ADVANCED_FACE('',(#5094),#5545,.F.);
#5923=ADVANCED_FACE('',(#5095),#5546,.T.);
#5924=ADVANCED_FACE('',(#5096),#5547,.T.);
#5925=ADVANCED_FACE('',(#5097),#5548,.F.);
#5926=ADVANCED_FACE('',(#5098),#5549,.F.);
#5927=ADVANCED_FACE('',(#5099),#5550,.T.);
#5928=ADVANCED_FACE('',(#5100),#5551,.F.);
#5929=ADVANCED_FACE('',(#5101),#5552,.T.);
#5930=ADVANCED_FACE('',(#5102),#5553,.T.);
#5931=ADVANCED_FACE('',(#5103),#5554,.F.);
#5932=ADVANCED_FACE('',(#5104),#5555,.F.);
#5933=ADVANCED_FACE('',(#5105),#5556,.T.);
#5934=ADVANCED_FACE('',(#5106),#5557,.F.);
#5935=ADVANCED_FACE('',(#5107),#5558,.T.);
#5936=ADVANCED_FACE('',(#5108,#5109),#18,.T.);
#5937=ADVANCED_FACE('',(#5110),#5559,.T.);
#5938=ADVANCED_FACE('',(#5111),#5560,.F.);
#5939=ADVANCED_FACE('',(#5112,#5113),#19,.T.);
#5940=ADVANCED_FACE('',(#5114),#5561,.T.);
#5941=ADVANCED_FACE('',(#5115),#5562,.F.);
#5942=ADVANCED_FACE('',(#5116,#5117),#20,.T.);
#5943=ADVANCED_FACE('',(#5118),#5563,.T.);
#5944=ADVANCED_FACE('',(#5119),#5564,.F.);
#5945=ADVANCED_FACE('',(#5120,#5121),#21,.T.);
#5946=ADVANCED_FACE('',(#5122),#5565,.T.);
#5947=ADVANCED_FACE('',(#5123),#5566,.F.);
#5948=ADVANCED_FACE('',(#5124,#5125),#22,.T.);
#5949=ADVANCED_FACE('',(#5126),#5567,.T.);
#5950=ADVANCED_FACE('',(#5127),#5568,.F.);
#5951=ADVANCED_FACE('',(#5128,#5129),#23,.T.);
#5952=ADVANCED_FACE('',(#5130),#5569,.T.);
#5953=ADVANCED_FACE('',(#5131),#5570,.F.);
#5954=ADVANCED_FACE('',(#5132,#5133),#24,.T.);
#5955=ADVANCED_FACE('',(#5134),#5571,.T.);
#5956=ADVANCED_FACE('',(#5135),#5572,.F.);
#5957=ADVANCED_FACE('',(#5136,#5137),#25,.T.);
#5958=ADVANCED_FACE('',(#5138),#5573,.T.);
#5959=ADVANCED_FACE('',(#5139),#5574,.F.);
#5960=ADVANCED_FACE('',(#5140,#5141),#26,.T.);
#5961=ADVANCED_FACE('',(#5142),#5575,.T.);
#5962=ADVANCED_FACE('',(#5143),#5576,.F.);
#5963=ADVANCED_FACE('',(#5144),#5577,.T.);
#5964=ADVANCED_FACE('',(#5145),#5578,.F.);
#5965=ADVANCED_FACE('',(#5146),#5579,.F.);
#5966=ADVANCED_FACE('',(#5147),#5580,.T.);
#5967=ADVANCED_FACE('',(#5148),#5581,.F.);
#5968=ADVANCED_FACE('',(#5149),#5582,.T.);
#5969=ADVANCED_FACE('',(#5150),#5583,.T.);
#5970=ADVANCED_FACE('',(#5151),#5584,.F.);
#5971=ADVANCED_FACE('',(#5152),#5585,.T.);
#5972=ADVANCED_FACE('',(#5153),#5586,.F.);
#5973=ADVANCED_FACE('',(#5154),#5587,.F.);
#5974=ADVANCED_FACE('',(#5155),#5588,.T.);
#5975=ADVANCED_FACE('',(#5156),#27,.T.);
#5976=ADVANCED_FACE('',(#5157),#28,.T.);
#5977=ADVANCED_FACE('',(#5158,#5159,#5160,#5161),#5589,.F.);
#5978=ADVANCED_FACE('',(#5162),#5590,.F.);
#5979=ADVANCED_FACE('',(#5163,#5164),#29,.T.);
#5980=ADVANCED_FACE('',(#5165),#5591,.T.);
#5981=ADVANCED_FACE('',(#5166,#5167),#30,.T.);
#5982=ADVANCED_FACE('',(#5168),#5592,.T.);
#5983=ADVANCED_FACE('',(#5169,#5170),#31,.T.);
#5984=ADVANCED_FACE('',(#5171),#5593,.T.);
#5985=ADVANCED_FACE('',(#5172),#5594,.T.);
#5986=ADVANCED_FACE('',(#5173),#5595,.F.);
#5987=ADVANCED_FACE('',(#5174),#5596,.F.);
#5988=ADVANCED_FACE('',(#5175),#5597,.T.);
#5989=ADVANCED_FACE('',(#5176),#5598,.F.);
#5990=ADVANCED_FACE('',(#5177),#5599,.T.);
#5991=ADVANCED_FACE('',(#5178),#5600,.T.);
#5992=ADVANCED_FACE('',(#5179),#5601,.F.);
#5993=ADVANCED_FACE('',(#5180),#5602,.F.);
#5994=ADVANCED_FACE('',(#5181),#5603,.T.);
#5995=ADVANCED_FACE('',(#5182),#5604,.F.);
#5996=ADVANCED_FACE('',(#5183),#5605,.T.);
#5997=ADVANCED_FACE('',(#5184),#5606,.T.);
#5998=ADVANCED_FACE('',(#5185),#5607,.F.);
#5999=ADVANCED_FACE('',(#5186),#5608,.F.);
#6000=ADVANCED_FACE('',(#5187),#5609,.T.);
#6001=ADVANCED_FACE('',(#5188),#5610,.F.);
#6002=ADVANCED_FACE('',(#5189),#5611,.T.);
#6003=ADVANCED_FACE('',(#5190),#5612,.T.);
#6004=ADVANCED_FACE('',(#5191),#5613,.F.);
#6005=ADVANCED_FACE('',(#5192),#5614,.F.);
#6006=ADVANCED_FACE('',(#5193),#5615,.T.);
#6007=ADVANCED_FACE('',(#5194),#5616,.F.);
#6008=ADVANCED_FACE('',(#5195),#5617,.T.);
#6009=ADVANCED_FACE('',(#5196),#5618,.T.);
#6010=ADVANCED_FACE('',(#5197),#5619,.F.);
#6011=ADVANCED_FACE('',(#5198),#5620,.F.);
#6012=ADVANCED_FACE('',(#5199),#5621,.T.);
#6013=ADVANCED_FACE('',(#5200),#5622,.F.);
#6014=ADVANCED_FACE('',(#5201),#5623,.T.);
#6015=ADVANCED_FACE('',(#5202),#5624,.T.);
#6016=ADVANCED_FACE('',(#5203),#5625,.F.);
#6017=ADVANCED_FACE('',(#5204),#5626,.F.);
#6018=ADVANCED_FACE('',(#5205),#5627,.T.);
#6019=ADVANCED_FACE('',(#5206),#5628,.F.);
#6020=ADVANCED_FACE('',(#5207),#5629,.T.);
#6021=ADVANCED_FACE('',(#5208),#5630,.T.);
#6022=ADVANCED_FACE('',(#5209),#5631,.F.);
#6023=ADVANCED_FACE('',(#5210),#5632,.F.);
#6024=ADVANCED_FACE('',(#5211),#5633,.T.);
#6025=ADVANCED_FACE('',(#5212),#5634,.F.);
#6026=ADVANCED_FACE('',(#5213),#5635,.T.);
#6027=ADVANCED_FACE('',(#5214),#5636,.T.);
#6028=ADVANCED_FACE('',(#5215),#5637,.F.);
#6029=ADVANCED_FACE('',(#5216),#5638,.F.);
#6030=ADVANCED_FACE('',(#5217),#5639,.T.);
#6031=ADVANCED_FACE('',(#5218),#5640,.F.);
#6032=ADVANCED_FACE('',(#5219),#5641,.T.);
#6033=ADVANCED_FACE('',(#5220),#5642,.T.);
#6034=ADVANCED_FACE('',(#5221),#5643,.F.);
#6035=ADVANCED_FACE('',(#5222),#5644,.F.);
#6036=ADVANCED_FACE('',(#5223),#5645,.T.);
#6037=ADVANCED_FACE('',(#5224),#5646,.F.);
#6038=ADVANCED_FACE('',(#5225),#5647,.T.);
#6039=ADVANCED_FACE('',(#5226),#5648,.T.);
#6040=ADVANCED_FACE('',(#5227),#5649,.F.);
#6041=ADVANCED_FACE('',(#5228),#5650,.F.);
#6042=ADVANCED_FACE('',(#5229),#5651,.T.);
#6043=ADVANCED_FACE('',(#5230),#5652,.F.);
#6044=ADVANCED_FACE('',(#5231),#5653,.T.);
#6045=ADVANCED_FACE('',(#5232),#5654,.T.);
#6046=ADVANCED_FACE('',(#5233),#5655,.F.);
#6047=ADVANCED_FACE('',(#5234),#5656,.F.);
#6048=ADVANCED_FACE('',(#5235),#5657,.T.);
#6049=ADVANCED_FACE('',(#5236),#5658,.F.);
#6050=ADVANCED_FACE('',(#5237),#5659,.T.);
#6051=ADVANCED_FACE('',(#5238),#5660,.T.);
#6052=ADVANCED_FACE('',(#5239),#5661,.F.);
#6053=ADVANCED_FACE('',(#5240),#5662,.F.);
#6054=ADVANCED_FACE('',(#5241),#5663,.T.);
#6055=ADVANCED_FACE('',(#5242),#5664,.F.);
#6056=ADVANCED_FACE('',(#5243),#5665,.T.);
#6057=ADVANCED_FACE('',(#5244),#5666,.T.);
#6058=ADVANCED_FACE('',(#5245),#5667,.F.);
#6059=ADVANCED_FACE('',(#5246),#5668,.F.);
#6060=ADVANCED_FACE('',(#5247),#5669,.T.);
#6061=ADVANCED_FACE('',(#5248),#5670,.F.);
#6062=ADVANCED_FACE('',(#5249),#5671,.T.);
#6063=ADVANCED_FACE('',(#5250),#5672,.T.);
#6064=ADVANCED_FACE('',(#5251),#5673,.F.);
#6065=ADVANCED_FACE('',(#5252),#5674,.F.);
#6066=ADVANCED_FACE('',(#5253),#5675,.T.);
#6067=ADVANCED_FACE('',(#5254),#5676,.F.);
#6068=ADVANCED_FACE('',(#5255),#5677,.T.);
#6069=ADVANCED_FACE('',(#5256),#5678,.T.);
#6070=ADVANCED_FACE('',(#5257),#5679,.F.);
#6071=ADVANCED_FACE('',(#5258),#5680,.F.);
#6072=ADVANCED_FACE('',(#5259),#5681,.T.);
#6073=ADVANCED_FACE('',(#5260),#5682,.F.);
#6074=ADVANCED_FACE('',(#5261),#5683,.T.);
#6075=ADVANCED_FACE('',(#5262,#5263),#32,.T.);
#6076=ADVANCED_FACE('',(#5264),#5684,.T.);
#6077=ADVANCED_FACE('',(#5265),#5685,.F.);
#6078=ADVANCED_FACE('',(#5266,#5267),#33,.T.);
#6079=ADVANCED_FACE('',(#5268),#5686,.T.);
#6080=ADVANCED_FACE('',(#5269),#5687,.F.);
#6081=ADVANCED_FACE('',(#5270,#5271),#34,.T.);
#6082=ADVANCED_FACE('',(#5272),#5688,.T.);
#6083=ADVANCED_FACE('',(#5273),#5689,.F.);
#6084=ADVANCED_FACE('',(#5274,#5275),#35,.T.);
#6085=ADVANCED_FACE('',(#5276),#5690,.T.);
#6086=ADVANCED_FACE('',(#5277),#5691,.F.);
#6087=ADVANCED_FACE('',(#5278,#5279),#36,.T.);
#6088=ADVANCED_FACE('',(#5280),#5692,.T.);
#6089=ADVANCED_FACE('',(#5281),#5693,.F.);
#6090=ADVANCED_FACE('',(#5282,#5283),#37,.T.);
#6091=ADVANCED_FACE('',(#5284),#5694,.T.);
#6092=ADVANCED_FACE('',(#5285),#5695,.F.);
#6093=ADVANCED_FACE('',(#5286,#5287),#38,.T.);
#6094=ADVANCED_FACE('',(#5288),#5696,.T.);
#6095=ADVANCED_FACE('',(#5289),#5697,.F.);
#6096=ADVANCED_FACE('',(#5290,#5291),#39,.T.);
#6097=ADVANCED_FACE('',(#5292),#5698,.T.);
#6098=ADVANCED_FACE('',(#5293),#5699,.F.);
#6099=ADVANCED_FACE('',(#5294,#5295),#40,.T.);
#6100=ADVANCED_FACE('',(#5296),#5700,.T.);
#6101=ADVANCED_FACE('',(#5297),#5701,.F.);
#6102=ADVANCED_FACE('',(#5298),#5702,.T.);
#6103=ADVANCED_FACE('',(#5299),#5703,.F.);
#6104=ADVANCED_FACE('',(#5300),#5704,.F.);
#6105=ADVANCED_FACE('',(#5301),#5705,.T.);
#6106=ADVANCED_FACE('',(#5302),#5706,.F.);
#6107=ADVANCED_FACE('',(#5303),#5707,.T.);
#6108=ADVANCED_FACE('',(#5304),#5708,.T.);
#6109=ADVANCED_FACE('',(#5305),#5709,.F.);
#6110=ADVANCED_FACE('',(#5306),#5710,.F.);
#6111=ADVANCED_FACE('',(#5307),#5711,.T.);
#6112=ADVANCED_FACE('',(#5308),#5712,.F.);
#6113=ADVANCED_FACE('',(#5309),#5713,.T.);
#6114=ADVANCED_FACE('',(#5310),#5714,.T.);
#6115=ADVANCED_FACE('',(#5311),#5715,.F.);
#6116=ADVANCED_FACE('',(#5312),#5716,.F.);
#6117=ADVANCED_FACE('',(#5313),#5717,.T.);
#6118=ADVANCED_FACE('',(#5314),#5718,.F.);
#6119=ADVANCED_FACE('',(#5315),#5719,.T.);
#6120=ADVANCED_FACE('',(#5316,#5317,#5318,#5319),#5720,.T.);
#6121=ADVANCED_FACE('',(#5320),#5721,.T.);
#6122=ADVANCED_FACE('',(#5321,#5322,#5323,#5324),#5722,.F.);
#6123=ADVANCED_FACE('',(#5325),#5723,.F.);
#6124=ADVANCED_FACE('',(#5326),#41,.T.);
#6125=ADVANCED_FACE('',(#5327),#5724,.T.);
#6126=ADVANCED_FACE('',(#5328),#42,.T.);
#6127=ADVANCED_FACE('',(#5329),#5725,.F.);
#6128=ADVANCED_FACE('',(#5330),#5726,.T.);
#6129=ADVANCED_FACE('',(#5331),#5727,.F.);
#6130=ADVANCED_FACE('',(#5332,#5333),#43,.F.);
#6131=ADVANCED_FACE('',(#5334),#5728,.T.);
#6132=ADVANCED_FACE('',(#5335,#5336),#44,.F.);
#6133=ADVANCED_FACE('',(#5337),#5729,.T.);
#6134=ADVANCED_FACE('',(#5338,#5339),#45,.F.);
#6135=ADVANCED_FACE('',(#5340),#5730,.T.);
#6136=ADVANCED_FACE('',(#5341,#5342),#46,.F.);
#6137=ADVANCED_FACE('',(#5343),#5731,.T.);
#6138=ADVANCED_FACE('',(#5344,#5345),#47,.F.);
#6139=ADVANCED_FACE('',(#5346),#5732,.T.);
#6140=ADVANCED_FACE('',(#5347,#5348),#48,.F.);
#6141=ADVANCED_FACE('',(#5349),#5733,.T.);
#6142=ADVANCED_FACE('',(#5350),#5734,.T.);
#6143=ADVANCED_FACE('',(#5351),#5735,.F.);
#6144=ADVANCED_FACE('',(#5352),#5736,.F.);
#6145=ADVANCED_FACE('',(#5353),#5737,.T.);
#6146=ADVANCED_FACE('',(#5354),#5738,.F.);
#6147=ADVANCED_FACE('',(#5355),#5739,.T.);
#6148=ADVANCED_FACE('',(#5356),#5740,.T.);
#6149=ADVANCED_FACE('',(#5357),#5741,.F.);
#6150=ADVANCED_FACE('',(#5358),#5742,.F.);
#6151=ADVANCED_FACE('',(#5359),#5743,.T.);
#6152=ADVANCED_FACE('',(#5360),#5744,.F.);
#6153=ADVANCED_FACE('',(#5361),#5745,.T.);
#6154=ADVANCED_FACE('',(#5362),#5746,.T.);
#6155=ADVANCED_FACE('',(#5363),#5747,.F.);
#6156=ADVANCED_FACE('',(#5364),#5748,.F.);
#6157=ADVANCED_FACE('',(#5365),#5749,.T.);
#6158=ADVANCED_FACE('',(#5366),#5750,.F.);
#6159=ADVANCED_FACE('',(#5367),#5751,.T.);
#6160=ADVANCED_FACE('',(#5368),#5752,.T.);
#6161=ADVANCED_FACE('',(#5369),#5753,.F.);
#6162=ADVANCED_FACE('',(#5370),#5754,.F.);
#6163=ADVANCED_FACE('',(#5371),#5755,.T.);
#6164=ADVANCED_FACE('',(#5372),#5756,.F.);
#6165=ADVANCED_FACE('',(#5373),#5757,.T.);
#6166=ADVANCED_FACE('',(#5374),#49,.F.);
#6167=ADVANCED_FACE('',(#5375),#5758,.T.);
#6168=ADVANCED_FACE('',(#5376),#50,.F.);
#6169=ADVANCED_FACE('',(#5377),#5759,.T.);
#6170=ADVANCED_FACE('',(#5378),#5760,.T.);
#6171=ADVANCED_FACE('',(#5379),#5761,.F.);
#6172=ADVANCED_FACE('',(#5380),#5762,.F.);
#6173=ADVANCED_FACE('',(#5381),#5763,.T.);
#6174=ADVANCED_FACE('',(#5382),#5764,.F.);
#6175=ADVANCED_FACE('',(#5383),#5765,.T.);
#6176=ADVANCED_FACE('',(#5384),#51,.F.);
#6177=ADVANCED_FACE('',(#5385),#5766,.T.);
#6178=ADVANCED_FACE('',(#5386),#5767,.T.);
#6179=ADVANCED_FACE('',(#5387),#52,.F.);
#6180=ADVANCED_FACE('',(#5388),#5768,.T.);
#6181=ADVANCED_FACE('',(#5389),#5769,.F.);
#6182=ADVANCED_FACE('',(#5390),#5770,.F.);
#6183=ADVANCED_FACE('',(#5391),#5771,.T.);
#6184=ADVANCED_FACE('',(#5392),#5772,.F.);
#6185=ADVANCED_FACE('',(#5393),#5773,.T.);
#6186=ADVANCED_FACE('',(#5394),#53,.F.);
#6187=ADVANCED_FACE('',(#5395),#5774,.T.);
#6188=ADVANCED_FACE('',(#5396),#54,.F.);
#6189=ADVANCED_FACE('',(#5397),#5775,.T.);
#6190=ADVANCED_FACE('',(#5398),#5776,.T.);
#6191=ADVANCED_FACE('',(#5399),#5777,.F.);
#6192=ADVANCED_FACE('',(#5400),#5778,.F.);
#6193=ADVANCED_FACE('',(#5401),#5779,.T.);
#6194=ADVANCED_FACE('',(#5402),#5780,.F.);
#6195=ADVANCED_FACE('',(#5403),#5781,.T.);
#6196=ADVANCED_FACE('',(#5404),#5782,.T.);
#6197=ADVANCED_FACE('',(#5405),#5783,.F.);
#6198=ADVANCED_FACE('',(#5406),#5784,.F.);
#6199=ADVANCED_FACE('',(#5407),#5785,.T.);
#6200=ADVANCED_FACE('',(#5408),#5786,.F.);
#6201=ADVANCED_FACE('',(#5409),#5787,.T.);
#6202=ADVANCED_FACE('',(#5410),#5788,.T.);
#6203=ADVANCED_FACE('',(#5411),#5789,.F.);
#6204=ADVANCED_FACE('',(#5412),#5790,.F.);
#6205=ADVANCED_FACE('',(#5413),#5791,.T.);
#6206=ADVANCED_FACE('',(#5414),#5792,.F.);
#6207=ADVANCED_FACE('',(#5415),#5793,.T.);
#6208=ADVANCED_FACE('',(#5416),#5794,.F.);
#6209=ADVANCED_FACE('',(#5417),#5795,.T.);
#6210=ADVANCED_FACE('',(#5418),#5796,.F.);
#6211=ADVANCED_FACE('',(#5419),#5797,.T.);
#6212=ADVANCED_FACE('',(#5420),#5798,.F.);
#6213=ADVANCED_FACE('',(#5421),#5799,.T.);
#6214=ADVANCED_FACE('',(#5422),#55,.F.);
#6215=ADVANCED_FACE('',(#5423),#5800,.T.);
#6216=ADVANCED_FACE('',(#5424),#5801,.T.);
#6217=ADVANCED_FACE('',(#5425),#5802,.F.);
#6218=ADVANCED_FACE('',(#5426),#5803,.F.);
#6219=ADVANCED_FACE('',(#5427),#5804,.T.);
#6220=ADVANCED_FACE('',(#5428),#5805,.F.);
#6221=ADVANCED_FACE('',(#5429),#5806,.T.);
#6222=ADVANCED_FACE('',(#5430),#56,.F.);
#6223=ADVANCED_FACE('',(#5431),#5807,.T.);
#6224=ADVANCED_FACE('',(#5432),#57,.F.);
#6225=ADVANCED_FACE('',(#5433),#5808,.T.);
#6226=ADVANCED_FACE('',(#5434),#5809,.T.);
#6227=ADVANCED_FACE('',(#5435),#5810,.F.);
#6228=ADVANCED_FACE('',(#5436),#5811,.F.);
#6229=ADVANCED_FACE('',(#5437),#5812,.T.);
#6230=ADVANCED_FACE('',(#5438),#5813,.F.);
#6231=ADVANCED_FACE('',(#5439),#5814,.T.);
#6232=ADVANCED_FACE('',(#5440),#58,.F.);
#6233=ADVANCED_FACE('',(#5441),#5815,.T.);
#6234=ADVANCED_FACE('',(#5442),#5816,.T.);
#6235=ADVANCED_FACE('',(#5443),#59,.F.);
#6236=ADVANCED_FACE('',(#5444),#5817,.T.);
#6237=ADVANCED_FACE('',(#5445),#5818,.F.);
#6238=ADVANCED_FACE('',(#5446),#5819,.F.);
#6239=ADVANCED_FACE('',(#5447),#5820,.T.);
#6240=ADVANCED_FACE('',(#5448),#5821,.F.);
#6241=ADVANCED_FACE('',(#5449),#5822,.T.);
#6242=ADVANCED_FACE('',(#5450),#5823,.T.);
#6243=ADVANCED_FACE('',(#5451),#60,.F.);
#6244=CLOSED_SHELL('',(#5824,#5825,#5826,#5827,#5828,#5829));
#6245=CLOSED_SHELL('',(#5830,#5831,#5832,#5833,#5834,#5835));
#6246=CLOSED_SHELL('',(#5836,#5837,#5838,#5839,#5840,#5841,#5842,#5843,
#5844,#5845,#5846,#5847,#5848,#5849,#5850,#5851));
#6247=CLOSED_SHELL('',(#5852,#5853,#5854,#5855,#5856,#5857));
#6248=CLOSED_SHELL('',(#5858,#5859,#5860,#5861,#5862,#5863));
#6249=CLOSED_SHELL('',(#5864,#5865,#5866,#5867,#5868,#5869));
#6250=CLOSED_SHELL('',(#5870,#5871,#5872,#5873,#5874,#5875));
#6251=CLOSED_SHELL('',(#5876,#5877,#5878,#5879,#5880,#5881));
#6252=CLOSED_SHELL('',(#5882,#5883,#5884,#5885,#5886,#5887));
#6253=CLOSED_SHELL('',(#5888,#5889,#5890,#5891,#5892,#5893));
#6254=CLOSED_SHELL('',(#5894,#5895,#5896,#5897,#5898,#5899));
#6255=CLOSED_SHELL('',(#5900,#5901,#5902,#5903,#5904,#5905));
#6256=CLOSED_SHELL('',(#5906,#5907,#5908,#5909,#5910,#5911));
#6257=CLOSED_SHELL('',(#5912,#5913,#5914,#5915,#5916,#5917));
#6258=CLOSED_SHELL('',(#5918,#5919,#5920,#5921,#5922,#5923));
#6259=CLOSED_SHELL('',(#5924,#5925,#5926,#5927,#5928,#5929));
#6260=CLOSED_SHELL('',(#5930,#5931,#5932,#5933,#5934,#5935));
#6261=CLOSED_SHELL('',(#5936,#5937,#5938));
#6262=CLOSED_SHELL('',(#5939,#5940,#5941));
#6263=CLOSED_SHELL('',(#5942,#5943,#5944));
#6264=CLOSED_SHELL('',(#5945,#5946,#5947));
#6265=CLOSED_SHELL('',(#5948,#5949,#5950));
#6266=CLOSED_SHELL('',(#5951,#5952,#5953));
#6267=CLOSED_SHELL('',(#5954,#5955,#5956));
#6268=CLOSED_SHELL('',(#5957,#5958,#5959));
#6269=CLOSED_SHELL('',(#5960,#5961,#5962));
#6270=CLOSED_SHELL('',(#5963,#5964,#5965,#5966,#5967,#5968));
#6271=CLOSED_SHELL('',(#5969,#5970,#5971,#5972,#5973,#5974,#5975,#5976,
#5977,#5978,#5979,#5980,#5981,#5982,#5983,#5984));
#6272=CLOSED_SHELL('',(#5985,#5986,#5987,#5988,#5989,#5990));
#6273=CLOSED_SHELL('',(#5991,#5992,#5993,#5994,#5995,#5996));
#6274=CLOSED_SHELL('',(#5997,#5998,#5999,#6000,#6001,#6002));
#6275=CLOSED_SHELL('',(#6003,#6004,#6005,#6006,#6007,#6008));
#6276=CLOSED_SHELL('',(#6009,#6010,#6011,#6012,#6013,#6014));
#6277=CLOSED_SHELL('',(#6015,#6016,#6017,#6018,#6019,#6020));
#6278=CLOSED_SHELL('',(#6021,#6022,#6023,#6024,#6025,#6026));
#6279=CLOSED_SHELL('',(#6027,#6028,#6029,#6030,#6031,#6032));
#6280=CLOSED_SHELL('',(#6033,#6034,#6035,#6036,#6037,#6038));
#6281=CLOSED_SHELL('',(#6039,#6040,#6041,#6042,#6043,#6044));
#6282=CLOSED_SHELL('',(#6045,#6046,#6047,#6048,#6049,#6050));
#6283=CLOSED_SHELL('',(#6051,#6052,#6053,#6054,#6055,#6056));
#6284=CLOSED_SHELL('',(#6057,#6058,#6059,#6060,#6061,#6062));
#6285=CLOSED_SHELL('',(#6063,#6064,#6065,#6066,#6067,#6068));
#6286=CLOSED_SHELL('',(#6069,#6070,#6071,#6072,#6073,#6074));
#6287=CLOSED_SHELL('',(#6075,#6076,#6077));
#6288=CLOSED_SHELL('',(#6078,#6079,#6080));
#6289=CLOSED_SHELL('',(#6081,#6082,#6083));
#6290=CLOSED_SHELL('',(#6084,#6085,#6086));
#6291=CLOSED_SHELL('',(#6087,#6088,#6089));
#6292=CLOSED_SHELL('',(#6090,#6091,#6092));
#6293=CLOSED_SHELL('',(#6093,#6094,#6095));
#6294=CLOSED_SHELL('',(#6096,#6097,#6098));
#6295=CLOSED_SHELL('',(#6099,#6100,#6101));
#6296=CLOSED_SHELL('',(#6102,#6103,#6104,#6105,#6106,#6107));
#6297=CLOSED_SHELL('',(#6108,#6109,#6110,#6111,#6112,#6113));
#6298=CLOSED_SHELL('',(#6114,#6115,#6116,#6117,#6118,#6119));
#6299=CLOSED_SHELL('',(#6120,#6121,#6122,#6123,#6124,#6125,#6126,#6127,
#6128,#6129,#6130,#6131,#6132,#6133,#6134,#6135,#6136,#6137,#6138,#6139,
#6140,#6141));
#6300=CLOSED_SHELL('',(#6142,#6143,#6144,#6145,#6146,#6147));
#6301=CLOSED_SHELL('',(#6148,#6149,#6150,#6151,#6152,#6153));
#6302=CLOSED_SHELL('',(#6154,#6155,#6156,#6157,#6158,#6159));
#6303=CLOSED_SHELL('',(#6160,#6161,#6162,#6163,#6164,#6165,#6166,#6167,
#6168,#6169));
#6304=CLOSED_SHELL('',(#6170,#6171,#6172,#6173,#6174,#6175,#6176,#6177,
#6178,#6179));
#6305=CLOSED_SHELL('',(#6180,#6181,#6182,#6183,#6184,#6185,#6186,#6187,
#6188,#6189));
#6306=CLOSED_SHELL('',(#6190,#6191,#6192,#6193,#6194,#6195));
#6307=CLOSED_SHELL('',(#6196,#6197,#6198,#6199,#6200,#6201));
#6308=CLOSED_SHELL('',(#6202,#6203,#6204,#6205,#6206,#6207));
#6309=CLOSED_SHELL('',(#6208,#6209,#6210,#6211,#6212,#6213,#6214,#6215));
#6310=CLOSED_SHELL('',(#6216,#6217,#6218,#6219,#6220,#6221,#6222,#6223,
#6224,#6225));
#6311=CLOSED_SHELL('',(#6226,#6227,#6228,#6229,#6230,#6231,#6232,#6233,
#6234,#6235));
#6312=CLOSED_SHELL('',(#6236,#6237,#6238,#6239,#6240,#6241,#6242,#6243));
#6313=STYLED_ITEM('',(#6382),#6797);
#6314=STYLED_ITEM('',(#6383),#6798);
#6315=STYLED_ITEM('',(#6384),#6799);
#6316=STYLED_ITEM('',(#6385),#6800);
#6317=STYLED_ITEM('',(#6386),#6801);
#6318=STYLED_ITEM('',(#6387),#6802);
#6319=STYLED_ITEM('',(#6388),#6803);
#6320=STYLED_ITEM('',(#6389),#6804);
#6321=STYLED_ITEM('',(#6390),#6805);
#6322=STYLED_ITEM('',(#6391),#6806);
#6323=STYLED_ITEM('',(#6392),#6807);
#6324=STYLED_ITEM('',(#6393),#6808);
#6325=STYLED_ITEM('',(#6394),#6809);
#6326=STYLED_ITEM('',(#6395),#6810);
#6327=STYLED_ITEM('',(#6396),#6811);
#6328=STYLED_ITEM('',(#6397),#6812);
#6329=STYLED_ITEM('',(#6398),#6813);
#6330=STYLED_ITEM('',(#6399),#6814);
#6331=STYLED_ITEM('',(#6400),#6815);
#6332=STYLED_ITEM('',(#6401),#6816);
#6333=STYLED_ITEM('',(#6402),#6817);
#6334=STYLED_ITEM('',(#6403),#6818);
#6335=STYLED_ITEM('',(#6404),#6819);
#6336=STYLED_ITEM('',(#6405),#6820);
#6337=STYLED_ITEM('',(#6406),#6821);
#6338=STYLED_ITEM('',(#6407),#6822);
#6339=STYLED_ITEM('',(#6408),#6823);
#6340=STYLED_ITEM('',(#6409),#6824);
#6341=STYLED_ITEM('',(#6410),#6825);
#6342=STYLED_ITEM('',(#6411),#6826);
#6343=STYLED_ITEM('',(#6412),#6827);
#6344=STYLED_ITEM('',(#6413),#6828);
#6345=STYLED_ITEM('',(#6414),#6829);
#6346=STYLED_ITEM('',(#6415),#6830);
#6347=STYLED_ITEM('',(#6416),#6831);
#6348=STYLED_ITEM('',(#6417),#6832);
#6349=STYLED_ITEM('',(#6418),#6833);
#6350=STYLED_ITEM('',(#6419),#6834);
#6351=STYLED_ITEM('',(#6420),#6835);
#6352=STYLED_ITEM('',(#6421),#6836);
#6353=STYLED_ITEM('',(#6422),#6837);
#6354=STYLED_ITEM('',(#6423),#6838);
#6355=STYLED_ITEM('',(#6424),#6839);
#6356=STYLED_ITEM('',(#6425),#6840);
#6357=STYLED_ITEM('',(#6426),#6841);
#6358=STYLED_ITEM('',(#6427),#6842);
#6359=STYLED_ITEM('',(#6428),#6843);
#6360=STYLED_ITEM('',(#6429),#6844);
#6361=STYLED_ITEM('',(#6430),#6845);
#6362=STYLED_ITEM('',(#6431),#6846);
#6363=STYLED_ITEM('',(#6432),#6847);
#6364=STYLED_ITEM('',(#6433),#6848);
#6365=STYLED_ITEM('',(#6434),#6849);
#6366=STYLED_ITEM('',(#6435),#6850);
#6367=STYLED_ITEM('',(#6436),#6851);
#6368=STYLED_ITEM('',(#6437),#6852);
#6369=STYLED_ITEM('',(#6438),#6853);
#6370=STYLED_ITEM('',(#6439),#6854);
#6371=STYLED_ITEM('',(#6440),#6855);
#6372=STYLED_ITEM('',(#6441),#6856);
#6373=STYLED_ITEM('',(#6442),#6857);
#6374=STYLED_ITEM('',(#6443),#6858);
#6375=STYLED_ITEM('',(#6444),#6859);
#6376=STYLED_ITEM('',(#6445),#6860);
#6377=STYLED_ITEM('',(#6446),#6861);
#6378=STYLED_ITEM('',(#6447),#6862);
#6379=STYLED_ITEM('',(#6448),#6863);
#6380=STYLED_ITEM('',(#6449),#6864);
#6381=STYLED_ITEM('',(#6450),#6865);
#6382=PRESENTATION_STYLE_ASSIGNMENT((#6451));
#6383=PRESENTATION_STYLE_ASSIGNMENT((#6452));
#6384=PRESENTATION_STYLE_ASSIGNMENT((#6453));
#6385=PRESENTATION_STYLE_ASSIGNMENT((#6454));
#6386=PRESENTATION_STYLE_ASSIGNMENT((#6455));
#6387=PRESENTATION_STYLE_ASSIGNMENT((#6456));
#6388=PRESENTATION_STYLE_ASSIGNMENT((#6457));
#6389=PRESENTATION_STYLE_ASSIGNMENT((#6458));
#6390=PRESENTATION_STYLE_ASSIGNMENT((#6459));
#6391=PRESENTATION_STYLE_ASSIGNMENT((#6460));
#6392=PRESENTATION_STYLE_ASSIGNMENT((#6461));
#6393=PRESENTATION_STYLE_ASSIGNMENT((#6462));
#6394=PRESENTATION_STYLE_ASSIGNMENT((#6463));
#6395=PRESENTATION_STYLE_ASSIGNMENT((#6464));
#6396=PRESENTATION_STYLE_ASSIGNMENT((#6465));
#6397=PRESENTATION_STYLE_ASSIGNMENT((#6466));
#6398=PRESENTATION_STYLE_ASSIGNMENT((#6467));
#6399=PRESENTATION_STYLE_ASSIGNMENT((#6468));
#6400=PRESENTATION_STYLE_ASSIGNMENT((#6469));
#6401=PRESENTATION_STYLE_ASSIGNMENT((#6470));
#6402=PRESENTATION_STYLE_ASSIGNMENT((#6471));
#6403=PRESENTATION_STYLE_ASSIGNMENT((#6472));
#6404=PRESENTATION_STYLE_ASSIGNMENT((#6473));
#6405=PRESENTATION_STYLE_ASSIGNMENT((#6474));
#6406=PRESENTATION_STYLE_ASSIGNMENT((#6475));
#6407=PRESENTATION_STYLE_ASSIGNMENT((#6476));
#6408=PRESENTATION_STYLE_ASSIGNMENT((#6477));
#6409=PRESENTATION_STYLE_ASSIGNMENT((#6478));
#6410=PRESENTATION_STYLE_ASSIGNMENT((#6479));
#6411=PRESENTATION_STYLE_ASSIGNMENT((#6480));
#6412=PRESENTATION_STYLE_ASSIGNMENT((#6481));
#6413=PRESENTATION_STYLE_ASSIGNMENT((#6482));
#6414=PRESENTATION_STYLE_ASSIGNMENT((#6483));
#6415=PRESENTATION_STYLE_ASSIGNMENT((#6484));
#6416=PRESENTATION_STYLE_ASSIGNMENT((#6485));
#6417=PRESENTATION_STYLE_ASSIGNMENT((#6486));
#6418=PRESENTATION_STYLE_ASSIGNMENT((#6487));
#6419=PRESENTATION_STYLE_ASSIGNMENT((#6488));
#6420=PRESENTATION_STYLE_ASSIGNMENT((#6489));
#6421=PRESENTATION_STYLE_ASSIGNMENT((#6490));
#6422=PRESENTATION_STYLE_ASSIGNMENT((#6491));
#6423=PRESENTATION_STYLE_ASSIGNMENT((#6492));
#6424=PRESENTATION_STYLE_ASSIGNMENT((#6493));
#6425=PRESENTATION_STYLE_ASSIGNMENT((#6494));
#6426=PRESENTATION_STYLE_ASSIGNMENT((#6495));
#6427=PRESENTATION_STYLE_ASSIGNMENT((#6496));
#6428=PRESENTATION_STYLE_ASSIGNMENT((#6497));
#6429=PRESENTATION_STYLE_ASSIGNMENT((#6498));
#6430=PRESENTATION_STYLE_ASSIGNMENT((#6499));
#6431=PRESENTATION_STYLE_ASSIGNMENT((#6500));
#6432=PRESENTATION_STYLE_ASSIGNMENT((#6501));
#6433=PRESENTATION_STYLE_ASSIGNMENT((#6502));
#6434=PRESENTATION_STYLE_ASSIGNMENT((#6503));
#6435=PRESENTATION_STYLE_ASSIGNMENT((#6504));
#6436=PRESENTATION_STYLE_ASSIGNMENT((#6505));
#6437=PRESENTATION_STYLE_ASSIGNMENT((#6506));
#6438=PRESENTATION_STYLE_ASSIGNMENT((#6507));
#6439=PRESENTATION_STYLE_ASSIGNMENT((#6508));
#6440=PRESENTATION_STYLE_ASSIGNMENT((#6509));
#6441=PRESENTATION_STYLE_ASSIGNMENT((#6510));
#6442=PRESENTATION_STYLE_ASSIGNMENT((#6511));
#6443=PRESENTATION_STYLE_ASSIGNMENT((#6512));
#6444=PRESENTATION_STYLE_ASSIGNMENT((#6513));
#6445=PRESENTATION_STYLE_ASSIGNMENT((#6514));
#6446=PRESENTATION_STYLE_ASSIGNMENT((#6515));
#6447=PRESENTATION_STYLE_ASSIGNMENT((#6516));
#6448=PRESENTATION_STYLE_ASSIGNMENT((#6517));
#6449=PRESENTATION_STYLE_ASSIGNMENT((#6518));
#6450=PRESENTATION_STYLE_ASSIGNMENT((#6519));
#6451=SURFACE_STYLE_USAGE(.BOTH.,#6520);
#6452=SURFACE_STYLE_USAGE(.BOTH.,#6521);
#6453=SURFACE_STYLE_USAGE(.BOTH.,#6522);
#6454=SURFACE_STYLE_USAGE(.BOTH.,#6523);
#6455=SURFACE_STYLE_USAGE(.BOTH.,#6524);
#6456=SURFACE_STYLE_USAGE(.BOTH.,#6525);
#6457=SURFACE_STYLE_USAGE(.BOTH.,#6526);
#6458=SURFACE_STYLE_USAGE(.BOTH.,#6527);
#6459=SURFACE_STYLE_USAGE(.BOTH.,#6528);
#6460=SURFACE_STYLE_USAGE(.BOTH.,#6529);
#6461=SURFACE_STYLE_USAGE(.BOTH.,#6530);
#6462=SURFACE_STYLE_USAGE(.BOTH.,#6531);
#6463=SURFACE_STYLE_USAGE(.BOTH.,#6532);
#6464=SURFACE_STYLE_USAGE(.BOTH.,#6533);
#6465=SURFACE_STYLE_USAGE(.BOTH.,#6534);
#6466=SURFACE_STYLE_USAGE(.BOTH.,#6535);
#6467=SURFACE_STYLE_USAGE(.BOTH.,#6536);
#6468=SURFACE_STYLE_USAGE(.BOTH.,#6537);
#6469=SURFACE_STYLE_USAGE(.BOTH.,#6538);
#6470=SURFACE_STYLE_USAGE(.BOTH.,#6539);
#6471=SURFACE_STYLE_USAGE(.BOTH.,#6540);
#6472=SURFACE_STYLE_USAGE(.BOTH.,#6541);
#6473=SURFACE_STYLE_USAGE(.BOTH.,#6542);
#6474=SURFACE_STYLE_USAGE(.BOTH.,#6543);
#6475=SURFACE_STYLE_USAGE(.BOTH.,#6544);
#6476=SURFACE_STYLE_USAGE(.BOTH.,#6545);
#6477=SURFACE_STYLE_USAGE(.BOTH.,#6546);
#6478=SURFACE_STYLE_USAGE(.BOTH.,#6547);
#6479=SURFACE_STYLE_USAGE(.BOTH.,#6548);
#6480=SURFACE_STYLE_USAGE(.BOTH.,#6549);
#6481=SURFACE_STYLE_USAGE(.BOTH.,#6550);
#6482=SURFACE_STYLE_USAGE(.BOTH.,#6551);
#6483=SURFACE_STYLE_USAGE(.BOTH.,#6552);
#6484=SURFACE_STYLE_USAGE(.BOTH.,#6553);
#6485=SURFACE_STYLE_USAGE(.BOTH.,#6554);
#6486=SURFACE_STYLE_USAGE(.BOTH.,#6555);
#6487=SURFACE_STYLE_USAGE(.BOTH.,#6556);
#6488=SURFACE_STYLE_USAGE(.BOTH.,#6557);
#6489=SURFACE_STYLE_USAGE(.BOTH.,#6558);
#6490=SURFACE_STYLE_USAGE(.BOTH.,#6559);
#6491=SURFACE_STYLE_USAGE(.BOTH.,#6560);
#6492=SURFACE_STYLE_USAGE(.BOTH.,#6561);
#6493=SURFACE_STYLE_USAGE(.BOTH.,#6562);
#6494=SURFACE_STYLE_USAGE(.BOTH.,#6563);
#6495=SURFACE_STYLE_USAGE(.BOTH.,#6564);
#6496=SURFACE_STYLE_USAGE(.BOTH.,#6565);
#6497=SURFACE_STYLE_USAGE(.BOTH.,#6566);
#6498=SURFACE_STYLE_USAGE(.BOTH.,#6567);
#6499=SURFACE_STYLE_USAGE(.BOTH.,#6568);
#6500=SURFACE_STYLE_USAGE(.BOTH.,#6569);
#6501=SURFACE_STYLE_USAGE(.BOTH.,#6570);
#6502=SURFACE_STYLE_USAGE(.BOTH.,#6571);
#6503=SURFACE_STYLE_USAGE(.BOTH.,#6572);
#6504=SURFACE_STYLE_USAGE(.BOTH.,#6573);
#6505=SURFACE_STYLE_USAGE(.BOTH.,#6574);
#6506=SURFACE_STYLE_USAGE(.BOTH.,#6575);
#6507=SURFACE_STYLE_USAGE(.BOTH.,#6576);
#6508=SURFACE_STYLE_USAGE(.BOTH.,#6577);
#6509=SURFACE_STYLE_USAGE(.BOTH.,#6578);
#6510=SURFACE_STYLE_USAGE(.BOTH.,#6579);
#6511=SURFACE_STYLE_USAGE(.BOTH.,#6580);
#6512=SURFACE_STYLE_USAGE(.BOTH.,#6581);
#6513=SURFACE_STYLE_USAGE(.BOTH.,#6582);
#6514=SURFACE_STYLE_USAGE(.BOTH.,#6583);
#6515=SURFACE_STYLE_USAGE(.BOTH.,#6584);
#6516=SURFACE_STYLE_USAGE(.BOTH.,#6585);
#6517=SURFACE_STYLE_USAGE(.BOTH.,#6586);
#6518=SURFACE_STYLE_USAGE(.BOTH.,#6587);
#6519=SURFACE_STYLE_USAGE(.BOTH.,#6588);
#6520=SURFACE_SIDE_STYLE('',(#6589));
#6521=SURFACE_SIDE_STYLE('',(#6590));
#6522=SURFACE_SIDE_STYLE('',(#6591));
#6523=SURFACE_SIDE_STYLE('',(#6592));
#6524=SURFACE_SIDE_STYLE('',(#6593));
#6525=SURFACE_SIDE_STYLE('',(#6594));
#6526=SURFACE_SIDE_STYLE('',(#6595));
#6527=SURFACE_SIDE_STYLE('',(#6596));
#6528=SURFACE_SIDE_STYLE('',(#6597));
#6529=SURFACE_SIDE_STYLE('',(#6598));
#6530=SURFACE_SIDE_STYLE('',(#6599));
#6531=SURFACE_SIDE_STYLE('',(#6600));
#6532=SURFACE_SIDE_STYLE('',(#6601));
#6533=SURFACE_SIDE_STYLE('',(#6602));
#6534=SURFACE_SIDE_STYLE('',(#6603));
#6535=SURFACE_SIDE_STYLE('',(#6604));
#6536=SURFACE_SIDE_STYLE('',(#6605));
#6537=SURFACE_SIDE_STYLE('',(#6606));
#6538=SURFACE_SIDE_STYLE('',(#6607));
#6539=SURFACE_SIDE_STYLE('',(#6608));
#6540=SURFACE_SIDE_STYLE('',(#6609));
#6541=SURFACE_SIDE_STYLE('',(#6610));
#6542=SURFACE_SIDE_STYLE('',(#6611));
#6543=SURFACE_SIDE_STYLE('',(#6612));
#6544=SURFACE_SIDE_STYLE('',(#6613));
#6545=SURFACE_SIDE_STYLE('',(#6614));
#6546=SURFACE_SIDE_STYLE('',(#6615));
#6547=SURFACE_SIDE_STYLE('',(#6616));
#6548=SURFACE_SIDE_STYLE('',(#6617));
#6549=SURFACE_SIDE_STYLE('',(#6618));
#6550=SURFACE_SIDE_STYLE('',(#6619));
#6551=SURFACE_SIDE_STYLE('',(#6620));
#6552=SURFACE_SIDE_STYLE('',(#6621));
#6553=SURFACE_SIDE_STYLE('',(#6622));
#6554=SURFACE_SIDE_STYLE('',(#6623));
#6555=SURFACE_SIDE_STYLE('',(#6624));
#6556=SURFACE_SIDE_STYLE('',(#6625));
#6557=SURFACE_SIDE_STYLE('',(#6626));
#6558=SURFACE_SIDE_STYLE('',(#6627));
#6559=SURFACE_SIDE_STYLE('',(#6628));
#6560=SURFACE_SIDE_STYLE('',(#6629));
#6561=SURFACE_SIDE_STYLE('',(#6630));
#6562=SURFACE_SIDE_STYLE('',(#6631));
#6563=SURFACE_SIDE_STYLE('',(#6632));
#6564=SURFACE_SIDE_STYLE('',(#6633));
#6565=SURFACE_SIDE_STYLE('',(#6634));
#6566=SURFACE_SIDE_STYLE('',(#6635));
#6567=SURFACE_SIDE_STYLE('',(#6636));
#6568=SURFACE_SIDE_STYLE('',(#6637));
#6569=SURFACE_SIDE_STYLE('',(#6638));
#6570=SURFACE_SIDE_STYLE('',(#6639));
#6571=SURFACE_SIDE_STYLE('',(#6640));
#6572=SURFACE_SIDE_STYLE('',(#6641));
#6573=SURFACE_SIDE_STYLE('',(#6642));
#6574=SURFACE_SIDE_STYLE('',(#6643));
#6575=SURFACE_SIDE_STYLE('',(#6644));
#6576=SURFACE_SIDE_STYLE('',(#6645));
#6577=SURFACE_SIDE_STYLE('',(#6646));
#6578=SURFACE_SIDE_STYLE('',(#6647));
#6579=SURFACE_SIDE_STYLE('',(#6648));
#6580=SURFACE_SIDE_STYLE('',(#6649));
#6581=SURFACE_SIDE_STYLE('',(#6650));
#6582=SURFACE_SIDE_STYLE('',(#6651));
#6583=SURFACE_SIDE_STYLE('',(#6652));
#6584=SURFACE_SIDE_STYLE('',(#6653));
#6585=SURFACE_SIDE_STYLE('',(#6654));
#6586=SURFACE_SIDE_STYLE('',(#6655));
#6587=SURFACE_SIDE_STYLE('',(#6656));
#6588=SURFACE_SIDE_STYLE('',(#6657));
#6589=SURFACE_STYLE_FILL_AREA(#6658);
#6590=SURFACE_STYLE_FILL_AREA(#6659);
#6591=SURFACE_STYLE_FILL_AREA(#6660);
#6592=SURFACE_STYLE_FILL_AREA(#6661);
#6593=SURFACE_STYLE_FILL_AREA(#6662);
#6594=SURFACE_STYLE_FILL_AREA(#6663);
#6595=SURFACE_STYLE_FILL_AREA(#6664);
#6596=SURFACE_STYLE_FILL_AREA(#6665);
#6597=SURFACE_STYLE_FILL_AREA(#6666);
#6598=SURFACE_STYLE_FILL_AREA(#6667);
#6599=SURFACE_STYLE_FILL_AREA(#6668);
#6600=SURFACE_STYLE_FILL_AREA(#6669);
#6601=SURFACE_STYLE_FILL_AREA(#6670);
#6602=SURFACE_STYLE_FILL_AREA(#6671);
#6603=SURFACE_STYLE_FILL_AREA(#6672);
#6604=SURFACE_STYLE_FILL_AREA(#6673);
#6605=SURFACE_STYLE_FILL_AREA(#6674);
#6606=SURFACE_STYLE_FILL_AREA(#6675);
#6607=SURFACE_STYLE_FILL_AREA(#6676);
#6608=SURFACE_STYLE_FILL_AREA(#6677);
#6609=SURFACE_STYLE_FILL_AREA(#6678);
#6610=SURFACE_STYLE_FILL_AREA(#6679);
#6611=SURFACE_STYLE_FILL_AREA(#6680);
#6612=SURFACE_STYLE_FILL_AREA(#6681);
#6613=SURFACE_STYLE_FILL_AREA(#6682);
#6614=SURFACE_STYLE_FILL_AREA(#6683);
#6615=SURFACE_STYLE_FILL_AREA(#6684);
#6616=SURFACE_STYLE_FILL_AREA(#6685);
#6617=SURFACE_STYLE_FILL_AREA(#6686);
#6618=SURFACE_STYLE_FILL_AREA(#6687);
#6619=SURFACE_STYLE_FILL_AREA(#6688);
#6620=SURFACE_STYLE_FILL_AREA(#6689);
#6621=SURFACE_STYLE_FILL_AREA(#6690);
#6622=SURFACE_STYLE_FILL_AREA(#6691);
#6623=SURFACE_STYLE_FILL_AREA(#6692);
#6624=SURFACE_STYLE_FILL_AREA(#6693);
#6625=SURFACE_STYLE_FILL_AREA(#6694);
#6626=SURFACE_STYLE_FILL_AREA(#6695);
#6627=SURFACE_STYLE_FILL_AREA(#6696);
#6628=SURFACE_STYLE_FILL_AREA(#6697);
#6629=SURFACE_STYLE_FILL_AREA(#6698);
#6630=SURFACE_STYLE_FILL_AREA(#6699);
#6631=SURFACE_STYLE_FILL_AREA(#6700);
#6632=SURFACE_STYLE_FILL_AREA(#6701);
#6633=SURFACE_STYLE_FILL_AREA(#6702);
#6634=SURFACE_STYLE_FILL_AREA(#6703);
#6635=SURFACE_STYLE_FILL_AREA(#6704);
#6636=SURFACE_STYLE_FILL_AREA(#6705);
#6637=SURFACE_STYLE_FILL_AREA(#6706);
#6638=SURFACE_STYLE_FILL_AREA(#6707);
#6639=SURFACE_STYLE_FILL_AREA(#6708);
#6640=SURFACE_STYLE_FILL_AREA(#6709);
#6641=SURFACE_STYLE_FILL_AREA(#6710);
#6642=SURFACE_STYLE_FILL_AREA(#6711);
#6643=SURFACE_STYLE_FILL_AREA(#6712);
#6644=SURFACE_STYLE_FILL_AREA(#6713);
#6645=SURFACE_STYLE_FILL_AREA(#6714);
#6646=SURFACE_STYLE_FILL_AREA(#6715);
#6647=SURFACE_STYLE_FILL_AREA(#6716);
#6648=SURFACE_STYLE_FILL_AREA(#6717);
#6649=SURFACE_STYLE_FILL_AREA(#6718);
#6650=SURFACE_STYLE_FILL_AREA(#6719);
#6651=SURFACE_STYLE_FILL_AREA(#6720);
#6652=SURFACE_STYLE_FILL_AREA(#6721);
#6653=SURFACE_STYLE_FILL_AREA(#6722);
#6654=SURFACE_STYLE_FILL_AREA(#6723);
#6655=SURFACE_STYLE_FILL_AREA(#6724);
#6656=SURFACE_STYLE_FILL_AREA(#6725);
#6657=SURFACE_STYLE_FILL_AREA(#6726);
#6658=FILL_AREA_STYLE('',(#6727));
#6659=FILL_AREA_STYLE('',(#6728));
#6660=FILL_AREA_STYLE('',(#6729));
#6661=FILL_AREA_STYLE('',(#6730));
#6662=FILL_AREA_STYLE('',(#6731));
#6663=FILL_AREA_STYLE('',(#6732));
#6664=FILL_AREA_STYLE('',(#6733));
#6665=FILL_AREA_STYLE('',(#6734));
#6666=FILL_AREA_STYLE('',(#6735));
#6667=FILL_AREA_STYLE('',(#6736));
#6668=FILL_AREA_STYLE('',(#6737));
#6669=FILL_AREA_STYLE('',(#6738));
#6670=FILL_AREA_STYLE('',(#6739));
#6671=FILL_AREA_STYLE('',(#6740));
#6672=FILL_AREA_STYLE('',(#6741));
#6673=FILL_AREA_STYLE('',(#6742));
#6674=FILL_AREA_STYLE('',(#6743));
#6675=FILL_AREA_STYLE('',(#6744));
#6676=FILL_AREA_STYLE('',(#6745));
#6677=FILL_AREA_STYLE('',(#6746));
#6678=FILL_AREA_STYLE('',(#6747));
#6679=FILL_AREA_STYLE('',(#6748));
#6680=FILL_AREA_STYLE('',(#6749));
#6681=FILL_AREA_STYLE('',(#6750));
#6682=FILL_AREA_STYLE('',(#6751));
#6683=FILL_AREA_STYLE('',(#6752));
#6684=FILL_AREA_STYLE('',(#6753));
#6685=FILL_AREA_STYLE('',(#6754));
#6686=FILL_AREA_STYLE('',(#6755));
#6687=FILL_AREA_STYLE('',(#6756));
#6688=FILL_AREA_STYLE('',(#6757));
#6689=FILL_AREA_STYLE('',(#6758));
#6690=FILL_AREA_STYLE('',(#6759));
#6691=FILL_AREA_STYLE('',(#6760));
#6692=FILL_AREA_STYLE('',(#6761));
#6693=FILL_AREA_STYLE('',(#6762));
#6694=FILL_AREA_STYLE('',(#6763));
#6695=FILL_AREA_STYLE('',(#6764));
#6696=FILL_AREA_STYLE('',(#6765));
#6697=FILL_AREA_STYLE('',(#6766));
#6698=FILL_AREA_STYLE('',(#6767));
#6699=FILL_AREA_STYLE('',(#6768));
#6700=FILL_AREA_STYLE('',(#6769));
#6701=FILL_AREA_STYLE('',(#6770));
#6702=FILL_AREA_STYLE('',(#6771));
#6703=FILL_AREA_STYLE('',(#6772));
#6704=FILL_AREA_STYLE('',(#6773));
#6705=FILL_AREA_STYLE('',(#6774));
#6706=FILL_AREA_STYLE('',(#6775));
#6707=FILL_AREA_STYLE('',(#6776));
#6708=FILL_AREA_STYLE('',(#6777));
#6709=FILL_AREA_STYLE('',(#6778));
#6710=FILL_AREA_STYLE('',(#6779));
#6711=FILL_AREA_STYLE('',(#6780));
#6712=FILL_AREA_STYLE('',(#6781));
#6713=FILL_AREA_STYLE('',(#6782));
#6714=FILL_AREA_STYLE('',(#6783));
#6715=FILL_AREA_STYLE('',(#6784));
#6716=FILL_AREA_STYLE('',(#6785));
#6717=FILL_AREA_STYLE('',(#6786));
#6718=FILL_AREA_STYLE('',(#6787));
#6719=FILL_AREA_STYLE('',(#6788));
#6720=FILL_AREA_STYLE('',(#6789));
#6721=FILL_AREA_STYLE('',(#6790));
#6722=FILL_AREA_STYLE('',(#6791));
#6723=FILL_AREA_STYLE('',(#6792));
#6724=FILL_AREA_STYLE('',(#6793));
#6725=FILL_AREA_STYLE('',(#6794));
#6726=FILL_AREA_STYLE('',(#6795));
#6727=FILL_AREA_STYLE_COLOUR('',#6796);
#6728=FILL_AREA_STYLE_COLOUR('',#151);
#6729=FILL_AREA_STYLE_COLOUR('',#152);
#6730=FILL_AREA_STYLE_COLOUR('',#151);
#6731=FILL_AREA_STYLE_COLOUR('',#151);
#6732=FILL_AREA_STYLE_COLOUR('',#151);
#6733=FILL_AREA_STYLE_COLOUR('',#151);
#6734=FILL_AREA_STYLE_COLOUR('',#151);
#6735=FILL_AREA_STYLE_COLOUR('',#151);
#6736=FILL_AREA_STYLE_COLOUR('',#151);
#6737=FILL_AREA_STYLE_COLOUR('',#6796);
#6738=FILL_AREA_STYLE_COLOUR('',#6796);
#6739=FILL_AREA_STYLE_COLOUR('',#6796);
#6740=FILL_AREA_STYLE_COLOUR('',#6796);
#6741=FILL_AREA_STYLE_COLOUR('',#6796);
#6742=FILL_AREA_STYLE_COLOUR('',#6796);
#6743=FILL_AREA_STYLE_COLOUR('',#6796);
#6744=FILL_AREA_STYLE_COLOUR('',#151);
#6745=FILL_AREA_STYLE_COLOUR('',#151);
#6746=FILL_AREA_STYLE_COLOUR('',#151);
#6747=FILL_AREA_STYLE_COLOUR('',#151);
#6748=FILL_AREA_STYLE_COLOUR('',#151);
#6749=FILL_AREA_STYLE_COLOUR('',#153);
#6750=FILL_AREA_STYLE_COLOUR('',#151);
#6751=FILL_AREA_STYLE_COLOUR('',#153);
#6752=FILL_AREA_STYLE_COLOUR('',#153);
#6753=FILL_AREA_STYLE_COLOUR('',#151);
#6754=FILL_AREA_STYLE_COLOUR('',#152);
#6755=FILL_AREA_STYLE_COLOUR('',#151);
#6756=FILL_AREA_STYLE_COLOUR('',#151);
#6757=FILL_AREA_STYLE_COLOUR('',#151);
#6758=FILL_AREA_STYLE_COLOUR('',#151);
#6759=FILL_AREA_STYLE_COLOUR('',#151);
#6760=FILL_AREA_STYLE_COLOUR('',#151);
#6761=FILL_AREA_STYLE_COLOUR('',#151);
#6762=FILL_AREA_STYLE_COLOUR('',#6796);
#6763=FILL_AREA_STYLE_COLOUR('',#6796);
#6764=FILL_AREA_STYLE_COLOUR('',#6796);
#6765=FILL_AREA_STYLE_COLOUR('',#6796);
#6766=FILL_AREA_STYLE_COLOUR('',#6796);
#6767=FILL_AREA_STYLE_COLOUR('',#6796);
#6768=FILL_AREA_STYLE_COLOUR('',#6796);
#6769=FILL_AREA_STYLE_COLOUR('',#6796);
#6770=FILL_AREA_STYLE_COLOUR('',#151);
#6771=FILL_AREA_STYLE_COLOUR('',#151);
#6772=FILL_AREA_STYLE_COLOUR('',#151);
#6773=FILL_AREA_STYLE_COLOUR('',#151);
#6774=FILL_AREA_STYLE_COLOUR('',#151);
#6775=FILL_AREA_STYLE_COLOUR('',#151);
#6776=FILL_AREA_STYLE_COLOUR('',#152);
#6777=FILL_AREA_STYLE_COLOUR('',#152);
#6778=FILL_AREA_STYLE_COLOUR('',#152);
#6779=FILL_AREA_STYLE_COLOUR('',#151);
#6780=FILL_AREA_STYLE_COLOUR('',#6796);
#6781=FILL_AREA_STYLE_COLOUR('',#151);
#6782=FILL_AREA_STYLE_COLOUR('',#152);
#6783=FILL_AREA_STYLE_COLOUR('',#151);
#6784=FILL_AREA_STYLE_COLOUR('',#151);
#6785=FILL_AREA_STYLE_COLOUR('',#151);
#6786=FILL_AREA_STYLE_COLOUR('',#151);
#6787=FILL_AREA_STYLE_COLOUR('',#151);
#6788=FILL_AREA_STYLE_COLOUR('',#151);
#6789=FILL_AREA_STYLE_COLOUR('',#6796);
#6790=FILL_AREA_STYLE_COLOUR('',#6796);
#6791=FILL_AREA_STYLE_COLOUR('',#6796);
#6792=FILL_AREA_STYLE_COLOUR('',#6796);
#6793=FILL_AREA_STYLE_COLOUR('',#6796);
#6794=FILL_AREA_STYLE_COLOUR('',#6796);
#6795=FILL_AREA_STYLE_COLOUR('',#6796);
#6796=DRAUGHTING_PRE_DEFINED_COLOUR('black');
#6797=MANIFOLD_SOLID_BREP('Part 86',#6244);
#6798=MANIFOLD_SOLID_BREP('Part 87',#6245);
#6799=MANIFOLD_SOLID_BREP('Part 88',#6246);
#6800=MANIFOLD_SOLID_BREP('Part 89',#6247);
#6801=MANIFOLD_SOLID_BREP('Part 90',#6248);
#6802=MANIFOLD_SOLID_BREP('Part 91',#6249);
#6803=MANIFOLD_SOLID_BREP('Part 92',#6250);
#6804=MANIFOLD_SOLID_BREP('Part 93',#6251);
#6805=MANIFOLD_SOLID_BREP('Part 94',#6252);
#6806=MANIFOLD_SOLID_BREP('Part 95',#6253);
#6807=MANIFOLD_SOLID_BREP('Part 96',#6254);
#6808=MANIFOLD_SOLID_BREP('Part 97',#6255);
#6809=MANIFOLD_SOLID_BREP('Part 98',#6256);
#6810=MANIFOLD_SOLID_BREP('Part 99',#6257);
#6811=MANIFOLD_SOLID_BREP('Part 100',#6258);
#6812=MANIFOLD_SOLID_BREP('Part 101',#6259);
#6813=MANIFOLD_SOLID_BREP('Part 102',#6260);
#6814=MANIFOLD_SOLID_BREP('Part 163',#6261);
#6815=MANIFOLD_SOLID_BREP('Part 164',#6262);
#6816=MANIFOLD_SOLID_BREP('Part 166',#6263);
#6817=MANIFOLD_SOLID_BREP('Part 168',#6264);
#6818=MANIFOLD_SOLID_BREP('Part 167',#6265);
#6819=MANIFOLD_SOLID_BREP('Part 171',#6266);
#6820=MANIFOLD_SOLID_BREP('Part 165',#6267);
#6821=MANIFOLD_SOLID_BREP('Part 170',#6268);
#6822=MANIFOLD_SOLID_BREP('Part 169',#6269);
#6823=MANIFOLD_SOLID_BREP('Part 120',#6270);
#6824=MANIFOLD_SOLID_BREP('Part 121',#6271);
#6825=MANIFOLD_SOLID_BREP('Part 122',#6272);
#6826=MANIFOLD_SOLID_BREP('Part 123',#6273);
#6827=MANIFOLD_SOLID_BREP('Part 124',#6274);
#6828=MANIFOLD_SOLID_BREP('Part 125',#6275);
#6829=MANIFOLD_SOLID_BREP('Part 126',#6276);
#6830=MANIFOLD_SOLID_BREP('Part 127',#6277);
#6831=MANIFOLD_SOLID_BREP('Part 128',#6278);
#6832=MANIFOLD_SOLID_BREP('Part 129',#6279);
#6833=MANIFOLD_SOLID_BREP('Part 130',#6280);
#6834=MANIFOLD_SOLID_BREP('Part 131',#6281);
#6835=MANIFOLD_SOLID_BREP('Part 132',#6282);
#6836=MANIFOLD_SOLID_BREP('Part 133',#6283);
#6837=MANIFOLD_SOLID_BREP('Part 134',#6284);
#6838=MANIFOLD_SOLID_BREP('Part 135',#6285);
#6839=MANIFOLD_SOLID_BREP('Part 136',#6286);
#6840=MANIFOLD_SOLID_BREP('Part 158',#6287);
#6841=MANIFOLD_SOLID_BREP('Part 154',#6288);
#6842=MANIFOLD_SOLID_BREP('Part 157',#6289);
#6843=MANIFOLD_SOLID_BREP('Part 159',#6290);
#6844=MANIFOLD_SOLID_BREP('Part 155',#6291);
#6845=MANIFOLD_SOLID_BREP('Part 156',#6292);
#6846=MANIFOLD_SOLID_BREP('Part 162',#6293);
#6847=MANIFOLD_SOLID_BREP('Part 160',#6294);
#6848=MANIFOLD_SOLID_BREP('Part 161',#6295);
#6849=MANIFOLD_SOLID_BREP('Part 137',#6296);
#6850=MANIFOLD_SOLID_BREP('Part 138',#6297);
#6851=MANIFOLD_SOLID_BREP('Part 139',#6298);
#6852=MANIFOLD_SOLID_BREP('Part 140',#6299);
#6853=MANIFOLD_SOLID_BREP('Part 141',#6300);
#6854=MANIFOLD_SOLID_BREP('Part 142',#6301);
#6855=MANIFOLD_SOLID_BREP('Part 143',#6302);
#6856=MANIFOLD_SOLID_BREP('Part 144',#6303);
#6857=MANIFOLD_SOLID_BREP('Part 145',#6304);
#6858=MANIFOLD_SOLID_BREP('Part 146',#6305);
#6859=MANIFOLD_SOLID_BREP('Part 147',#6306);
#6860=MANIFOLD_SOLID_BREP('Part 148',#6307);
#6861=MANIFOLD_SOLID_BREP('Part 149',#6308);
#6862=MANIFOLD_SOLID_BREP('Part 150',#6309);
#6863=MANIFOLD_SOLID_BREP('Part 151',#6310);
#6864=MANIFOLD_SOLID_BREP('Part 152',#6311);
#6865=MANIFOLD_SOLID_BREP('Part 153',#6312);
#6866=SHAPE_DEFINITION_REPRESENTATION(#11651,#6935);
#6867=SHAPE_DEFINITION_REPRESENTATION(#11652,#6936);
#6868=SHAPE_DEFINITION_REPRESENTATION(#11653,#6937);
#6869=SHAPE_DEFINITION_REPRESENTATION(#11654,#6938);
#6870=SHAPE_DEFINITION_REPRESENTATION(#11655,#6939);
#6871=SHAPE_DEFINITION_REPRESENTATION(#11656,#6940);
#6872=SHAPE_DEFINITION_REPRESENTATION(#11657,#6941);
#6873=SHAPE_DEFINITION_REPRESENTATION(#11658,#6942);
#6874=SHAPE_DEFINITION_REPRESENTATION(#11659,#6943);
#6875=SHAPE_DEFINITION_REPRESENTATION(#11660,#6944);
#6876=SHAPE_DEFINITION_REPRESENTATION(#11661,#6945);
#6877=SHAPE_DEFINITION_REPRESENTATION(#11662,#6946);
#6878=SHAPE_DEFINITION_REPRESENTATION(#11663,#6947);
#6879=SHAPE_DEFINITION_REPRESENTATION(#11664,#6948);
#6880=SHAPE_DEFINITION_REPRESENTATION(#11665,#6949);
#6881=SHAPE_DEFINITION_REPRESENTATION(#11666,#6950);
#6882=SHAPE_DEFINITION_REPRESENTATION(#11667,#6951);
#6883=SHAPE_DEFINITION_REPRESENTATION(#11668,#6952);
#6884=SHAPE_DEFINITION_REPRESENTATION(#11669,#6953);
#6885=SHAPE_DEFINITION_REPRESENTATION(#11670,#6954);
#6886=SHAPE_DEFINITION_REPRESENTATION(#11671,#6955);
#6887=SHAPE_DEFINITION_REPRESENTATION(#11672,#6956);
#6888=SHAPE_DEFINITION_REPRESENTATION(#11673,#6957);
#6889=SHAPE_DEFINITION_REPRESENTATION(#11674,#6958);
#6890=SHAPE_DEFINITION_REPRESENTATION(#11675,#6959);
#6891=SHAPE_DEFINITION_REPRESENTATION(#11676,#6960);
#6892=SHAPE_DEFINITION_REPRESENTATION(#11677,#6961);
#6893=SHAPE_DEFINITION_REPRESENTATION(#11678,#6962);
#6894=SHAPE_DEFINITION_REPRESENTATION(#11679,#6963);
#6895=SHAPE_DEFINITION_REPRESENTATION(#11680,#6964);
#6896=SHAPE_DEFINITION_REPRESENTATION(#11681,#6965);
#6897=SHAPE_DEFINITION_REPRESENTATION(#11682,#6966);
#6898=SHAPE_DEFINITION_REPRESENTATION(#11683,#6967);
#6899=SHAPE_DEFINITION_REPRESENTATION(#11684,#6968);
#6900=SHAPE_DEFINITION_REPRESENTATION(#11685,#6969);
#6901=SHAPE_DEFINITION_REPRESENTATION(#11686,#6970);
#6902=SHAPE_DEFINITION_REPRESENTATION(#11687,#6971);
#6903=SHAPE_DEFINITION_REPRESENTATION(#11688,#6972);
#6904=SHAPE_DEFINITION_REPRESENTATION(#11689,#6973);
#6905=SHAPE_DEFINITION_REPRESENTATION(#11690,#6974);
#6906=SHAPE_DEFINITION_REPRESENTATION(#11691,#6975);
#6907=SHAPE_DEFINITION_REPRESENTATION(#11692,#6976);
#6908=SHAPE_DEFINITION_REPRESENTATION(#11693,#6977);
#6909=SHAPE_DEFINITION_REPRESENTATION(#11694,#6978);
#6910=SHAPE_DEFINITION_REPRESENTATION(#11695,#6979);
#6911=SHAPE_DEFINITION_REPRESENTATION(#11696,#6980);
#6912=SHAPE_DEFINITION_REPRESENTATION(#11697,#6981);
#6913=SHAPE_DEFINITION_REPRESENTATION(#11698,#6982);
#6914=SHAPE_DEFINITION_REPRESENTATION(#11699,#6983);
#6915=SHAPE_DEFINITION_REPRESENTATION(#11700,#6984);
#6916=SHAPE_DEFINITION_REPRESENTATION(#11701,#6985);
#6917=SHAPE_DEFINITION_REPRESENTATION(#11702,#6986);
#6918=SHAPE_DEFINITION_REPRESENTATION(#11703,#6987);
#6919=SHAPE_DEFINITION_REPRESENTATION(#11704,#6988);
#6920=SHAPE_DEFINITION_REPRESENTATION(#11705,#6989);
#6921=SHAPE_DEFINITION_REPRESENTATION(#11706,#6990);
#6922=SHAPE_DEFINITION_REPRESENTATION(#11707,#6991);
#6923=SHAPE_DEFINITION_REPRESENTATION(#11708,#6992);
#6924=SHAPE_DEFINITION_REPRESENTATION(#11709,#6993);
#6925=SHAPE_DEFINITION_REPRESENTATION(#11710,#6994);
#6926=SHAPE_DEFINITION_REPRESENTATION(#11711,#6995);
#6927=SHAPE_DEFINITION_REPRESENTATION(#11712,#6996);
#6928=SHAPE_DEFINITION_REPRESENTATION(#11713,#6997);
#6929=SHAPE_DEFINITION_REPRESENTATION(#11714,#6998);
#6930=SHAPE_DEFINITION_REPRESENTATION(#11715,#6999);
#6931=SHAPE_DEFINITION_REPRESENTATION(#11716,#7000);
#6932=SHAPE_DEFINITION_REPRESENTATION(#11717,#7001);
#6933=SHAPE_DEFINITION_REPRESENTATION(#11718,#7002);
#6934=SHAPE_DEFINITION_REPRESENTATION(#11719,#7003);
#6935=SHAPE_REPRESENTATION('Part 86',(#7004),#11306);
#6936=SHAPE_REPRESENTATION('Part 87',(#7011),#11307);
#6937=SHAPE_REPRESENTATION('Part 88',(#7018),#11308);
#6938=SHAPE_REPRESENTATION('Part 89',(#7044),#11309);
#6939=SHAPE_REPRESENTATION('Part 90',(#7051),#11310);
#6940=SHAPE_REPRESENTATION('Part 91',(#7058),#11311);
#6941=SHAPE_REPRESENTATION('Part 92',(#7065),#11312);
#6942=SHAPE_REPRESENTATION('Part 93',(#7072),#11313);
#6943=SHAPE_REPRESENTATION('Part 94',(#7079),#11314);
#6944=SHAPE_REPRESENTATION('Part 95',(#7086),#11315);
#6945=SHAPE_REPRESENTATION('Part 96',(#7093),#11316);
#6946=SHAPE_REPRESENTATION('Part 97',(#7100),#11317);
#6947=SHAPE_REPRESENTATION('Part 98',(#7107),#11318);
#6948=SHAPE_REPRESENTATION('Part 99',(#7114),#11319);
#6949=SHAPE_REPRESENTATION('Part 100',(#7121),#11320);
#6950=SHAPE_REPRESENTATION('Part 101',(#7128),#11321);
#6951=SHAPE_REPRESENTATION('Part 102',(#7135),#11322);
#6952=SHAPE_REPRESENTATION('Part 163',(#7142),#11323);
#6953=SHAPE_REPRESENTATION('Part 164',(#7148),#11324);
#6954=SHAPE_REPRESENTATION('Part 166',(#7154),#11325);
#6955=SHAPE_REPRESENTATION('Part 168',(#7160),#11326);
#6956=SHAPE_REPRESENTATION('Part 167',(#7166),#11327);
#6957=SHAPE_REPRESENTATION('Part 171',(#7172),#11328);
#6958=SHAPE_REPRESENTATION('Part 165',(#7178),#11329);
#6959=SHAPE_REPRESENTATION('Part 170',(#7184),#11330);
#6960=SHAPE_REPRESENTATION('Part 169',(#7190),#11331);
#6961=SHAPE_REPRESENTATION('Part 120',(#7196),#11332);
#6962=SHAPE_REPRESENTATION('Part 121',(#7203),#11333);
#6963=SHAPE_REPRESENTATION('Part 122',(#7229),#11334);
#6964=SHAPE_REPRESENTATION('Part 123',(#7236),#11335);
#6965=SHAPE_REPRESENTATION('Part 124',(#7243),#11336);
#6966=SHAPE_REPRESENTATION('Part 125',(#7250),#11337);
#6967=SHAPE_REPRESENTATION('Part 126',(#7257),#11338);
#6968=SHAPE_REPRESENTATION('Part 127',(#7264),#11339);
#6969=SHAPE_REPRESENTATION('Part 128',(#7271),#11340);
#6970=SHAPE_REPRESENTATION('Part 129',(#7278),#11341);
#6971=SHAPE_REPRESENTATION('Part 130',(#7285),#11342);
#6972=SHAPE_REPRESENTATION('Part 131',(#7292),#11343);
#6973=SHAPE_REPRESENTATION('Part 132',(#7299),#11344);
#6974=SHAPE_REPRESENTATION('Part 133',(#7306),#11345);
#6975=SHAPE_REPRESENTATION('Part 134',(#7313),#11346);
#6976=SHAPE_REPRESENTATION('Part 135',(#7320),#11347);
#6977=SHAPE_REPRESENTATION('Part 136',(#7327),#11348);
#6978=SHAPE_REPRESENTATION('Part 158',(#7334),#11349);
#6979=SHAPE_REPRESENTATION('Part 154',(#7340),#11350);
#6980=SHAPE_REPRESENTATION('Part 157',(#7346),#11351);
#6981=SHAPE_REPRESENTATION('Part 159',(#7352),#11352);
#6982=SHAPE_REPRESENTATION('Part 155',(#7358),#11353);
#6983=SHAPE_REPRESENTATION('Part 156',(#7364),#11354);
#6984=SHAPE_REPRESENTATION('Part 162',(#7370),#11355);
#6985=SHAPE_REPRESENTATION('Part 160',(#7376),#11356);
#6986=SHAPE_REPRESENTATION('Part 161',(#7382),#11357);
#6987=SHAPE_REPRESENTATION('Part 137',(#7388),#11358);
#6988=SHAPE_REPRESENTATION('Part 138',(#7395),#11359);
#6989=SHAPE_REPRESENTATION('Part 139',(#7402),#11360);
#6990=SHAPE_REPRESENTATION('Part 140',(#7409),#11361);
#6991=SHAPE_REPRESENTATION('Part 141',(#7447),#11362);
#6992=SHAPE_REPRESENTATION('Part 142',(#7454),#11363);
#6993=SHAPE_REPRESENTATION('Part 143',(#7461),#11364);
#6994=SHAPE_REPRESENTATION('Part 144',(#7468),#11365);
#6995=SHAPE_REPRESENTATION('Part 145',(#7483),#11366);
#6996=SHAPE_REPRESENTATION('Part 146',(#7498),#11367);
#6997=SHAPE_REPRESENTATION('Part 147',(#7513),#11368);
#6998=SHAPE_REPRESENTATION('Part 148',(#7520),#11369);
#6999=SHAPE_REPRESENTATION('Part 149',(#7527),#11370);
#7000=SHAPE_REPRESENTATION('Part 150',(#7534),#11371);
#7001=SHAPE_REPRESENTATION('Part 151',(#7545),#11372);
#7002=SHAPE_REPRESENTATION('Part 152',(#7560),#11373);
#7003=SHAPE_REPRESENTATION('Part 153',(#7575),#11374);
#7004=AXIS2_PLACEMENT_3D('',#9434,#7586,#7587);
#7005=AXIS2_PLACEMENT_3D('',#9435,#7588,#7589);
#7006=AXIS2_PLACEMENT_3D('',#9444,#7594,#7595);
#7007=AXIS2_PLACEMENT_3D('',#9450,#7599,#7600);
#7008=AXIS2_PLACEMENT_3D('',#9456,#7604,#7605);
#7009=AXIS2_PLACEMENT_3D('',#9459,#7608,#7609);
#7010=AXIS2_PLACEMENT_3D('',#9460,#7610,#7611);
#7011=AXIS2_PLACEMENT_3D('',#9461,#7612,#7613);
#7012=AXIS2_PLACEMENT_3D('',#9462,#7614,#7615);
#7013=AXIS2_PLACEMENT_3D('',#9471,#7620,#7621);
#7014=AXIS2_PLACEMENT_3D('',#9477,#7625,#7626);
#7015=AXIS2_PLACEMENT_3D('',#9483,#7630,#7631);
#7016=AXIS2_PLACEMENT_3D('',#9486,#7634,#7635);
#7017=AXIS2_PLACEMENT_3D('',#9487,#7636,#7637);
#7018=AXIS2_PLACEMENT_3D('',#9488,#7638,#7639);
#7019=AXIS2_PLACEMENT_3D('',#9489,#7640,#7641);
#7020=AXIS2_PLACEMENT_3D('',#9490,#7642,#7643);
#7021=AXIS2_PLACEMENT_3D('',#9492,#7644,#7645);
#7022=AXIS2_PLACEMENT_3D('',#9494,#7646,#7647);
#7023=AXIS2_PLACEMENT_3D('',#9501,#7650,#7651);
#7024=AXIS2_PLACEMENT_3D('',#9506,#7654,#7655);
#7025=AXIS2_PLACEMENT_3D('',#9515,#7660,#7661);
#7026=AXIS2_PLACEMENT_3D('',#9524,#7666,#7667);
#7027=AXIS2_PLACEMENT_3D('',#9528,#7670,#7671);
#7028=AXIS2_PLACEMENT_3D('',#9529,#7672,#7673);
#7029=AXIS2_PLACEMENT_3D('',#9532,#7675,#7676);
#7030=AXIS2_PLACEMENT_3D('',#9533,#7677,#7678);
#7031=AXIS2_PLACEMENT_3D('',#9536,#7681,#7682);
#7032=AXIS2_PLACEMENT_3D('',#9539,#7685,#7686);
#7033=AXIS2_PLACEMENT_3D('',#9541,#7688,#7689);
#7034=AXIS2_PLACEMENT_3D('',#9542,#7690,#7691);
#7035=AXIS2_PLACEMENT_3D('',#9543,#7692,#7693);
#7036=AXIS2_PLACEMENT_3D('',#9544,#7694,#7695);
#7037=AXIS2_PLACEMENT_3D('',#9546,#7696,#7697);
#7038=AXIS2_PLACEMENT_3D('',#9547,#7698,#7699);
#7039=AXIS2_PLACEMENT_3D('',#9548,#7700,#7701);
#7040=AXIS2_PLACEMENT_3D('',#9550,#7702,#7703);
#7041=AXIS2_PLACEMENT_3D('',#9551,#7704,#7705);
#7042=AXIS2_PLACEMENT_3D('',#9552,#7706,#7707);
#7043=AXIS2_PLACEMENT_3D('',#9554,#7708,#7709);
#7044=AXIS2_PLACEMENT_3D('',#9555,#7710,#7711);
#7045=AXIS2_PLACEMENT_3D('',#9556,#7712,#7713);
#7046=AXIS2_PLACEMENT_3D('',#9565,#7718,#7719);
#7047=AXIS2_PLACEMENT_3D('',#9571,#7723,#7724);
#7048=AXIS2_PLACEMENT_3D('',#9577,#7728,#7729);
#7049=AXIS2_PLACEMENT_3D('',#9580,#7732,#7733);
#7050=AXIS2_PLACEMENT_3D('',#9581,#7734,#7735);
#7051=AXIS2_PLACEMENT_3D('',#9582,#7736,#7737);
#7052=AXIS2_PLACEMENT_3D('',#9583,#7738,#7739);
#7053=AXIS2_PLACEMENT_3D('',#9592,#7744,#7745);
#7054=AXIS2_PLACEMENT_3D('',#9598,#7749,#7750);
#7055=AXIS2_PLACEMENT_3D('',#9604,#7754,#7755);
#7056=AXIS2_PLACEMENT_3D('',#9607,#7758,#7759);
#7057=AXIS2_PLACEMENT_3D('',#9608,#7760,#7761);
#7058=AXIS2_PLACEMENT_3D('',#9609,#7762,#7763);
#7059=AXIS2_PLACEMENT_3D('',#9610,#7764,#7765);
#7060=AXIS2_PLACEMENT_3D('',#9619,#7770,#7771);
#7061=AXIS2_PLACEMENT_3D('',#9625,#7775,#7776);
#7062=AXIS2_PLACEMENT_3D('',#9631,#7780,#7781);
#7063=AXIS2_PLACEMENT_3D('',#9634,#7784,#7785);
#7064=AXIS2_PLACEMENT_3D('',#9635,#7786,#7787);
#7065=AXIS2_PLACEMENT_3D('',#9636,#7788,#7789);
#7066=AXIS2_PLACEMENT_3D('',#9637,#7790,#7791);
#7067=AXIS2_PLACEMENT_3D('',#9646,#7796,#7797);
#7068=AXIS2_PLACEMENT_3D('',#9652,#7801,#7802);
#7069=AXIS2_PLACEMENT_3D('',#9658,#7806,#7807);
#7070=AXIS2_PLACEMENT_3D('',#9661,#7810,#7811);
#7071=AXIS2_PLACEMENT_3D('',#9662,#7812,#7813);
#7072=AXIS2_PLACEMENT_3D('',#9663,#7814,#7815);
#7073=AXIS2_PLACEMENT_3D('',#9664,#7816,#7817);
#7074=AXIS2_PLACEMENT_3D('',#9673,#7822,#7823);
#7075=AXIS2_PLACEMENT_3D('',#9679,#7827,#7828);
#7076=AXIS2_PLACEMENT_3D('',#9685,#7832,#7833);
#7077=AXIS2_PLACEMENT_3D('',#9688,#7836,#7837);
#7078=AXIS2_PLACEMENT_3D('',#9689,#7838,#7839);
#7079=AXIS2_PLACEMENT_3D('',#9690,#7840,#7841);
#7080=AXIS2_PLACEMENT_3D('',#9691,#7842,#7843);
#7081=AXIS2_PLACEMENT_3D('',#9700,#7848,#7849);
#7082=AXIS2_PLACEMENT_3D('',#9706,#7853,#7854);
#7083=AXIS2_PLACEMENT_3D('',#9712,#7858,#7859);
#7084=AXIS2_PLACEMENT_3D('',#9715,#7862,#7863);
#7085=AXIS2_PLACEMENT_3D('',#9716,#7864,#7865);
#7086=AXIS2_PLACEMENT_3D('',#9717,#7866,#7867);
#7087=AXIS2_PLACEMENT_3D('',#9718,#7868,#7869);
#7088=AXIS2_PLACEMENT_3D('',#9727,#7874,#7875);
#7089=AXIS2_PLACEMENT_3D('',#9733,#7879,#7880);
#7090=AXIS2_PLACEMENT_3D('',#9739,#7884,#7885);
#7091=AXIS2_PLACEMENT_3D('',#9742,#7888,#7889);
#7092=AXIS2_PLACEMENT_3D('',#9743,#7890,#7891);
#7093=AXIS2_PLACEMENT_3D('',#9744,#7892,#7893);
#7094=AXIS2_PLACEMENT_3D('',#9745,#7894,#7895);
#7095=AXIS2_PLACEMENT_3D('',#9754,#7900,#7901);
#7096=AXIS2_PLACEMENT_3D('',#9760,#7905,#7906);
#7097=AXIS2_PLACEMENT_3D('',#9766,#7910,#7911);
#7098=AXIS2_PLACEMENT_3D('',#9769,#7914,#7915);
#7099=AXIS2_PLACEMENT_3D('',#9770,#7916,#7917);
#7100=AXIS2_PLACEMENT_3D('',#9771,#7918,#7919);
#7101=AXIS2_PLACEMENT_3D('',#9772,#7920,#7921);
#7102=AXIS2_PLACEMENT_3D('',#9781,#7926,#7927);
#7103=AXIS2_PLACEMENT_3D('',#9787,#7931,#7932);
#7104=AXIS2_PLACEMENT_3D('',#9793,#7936,#7937);
#7105=AXIS2_PLACEMENT_3D('',#9796,#7940,#7941);
#7106=AXIS2_PLACEMENT_3D('',#9797,#7942,#7943);
#7107=AXIS2_PLACEMENT_3D('',#9798,#7944,#7945);
#7108=AXIS2_PLACEMENT_3D('',#9799,#7946,#7947);
#7109=AXIS2_PLACEMENT_3D('',#9808,#7952,#7953);
#7110=AXIS2_PLACEMENT_3D('',#9814,#7957,#7958);
#7111=AXIS2_PLACEMENT_3D('',#9820,#7962,#7963);
#7112=AXIS2_PLACEMENT_3D('',#9823,#7966,#7967);
#7113=AXIS2_PLACEMENT_3D('',#9824,#7968,#7969);
#7114=AXIS2_PLACEMENT_3D('',#9825,#7970,#7971);
#7115=AXIS2_PLACEMENT_3D('',#9826,#7972,#7973);
#7116=AXIS2_PLACEMENT_3D('',#9835,#7978,#7979);
#7117=AXIS2_PLACEMENT_3D('',#9841,#7983,#7984);
#7118=AXIS2_PLACEMENT_3D('',#9847,#7988,#7989);
#7119=AXIS2_PLACEMENT_3D('',#9850,#7992,#7993);
#7120=AXIS2_PLACEMENT_3D('',#9851,#7994,#7995);
#7121=AXIS2_PLACEMENT_3D('',#9852,#7996,#7997);
#7122=AXIS2_PLACEMENT_3D('',#9853,#7998,#7999);
#7123=AXIS2_PLACEMENT_3D('',#9862,#8004,#8005);
#7124=AXIS2_PLACEMENT_3D('',#9868,#8009,#8010);
#7125=AXIS2_PLACEMENT_3D('',#9874,#8014,#8015);
#7126=AXIS2_PLACEMENT_3D('',#9877,#8018,#8019);
#7127=AXIS2_PLACEMENT_3D('',#9878,#8020,#8021);
#7128=AXIS2_PLACEMENT_3D('',#9879,#8022,#8023);
#7129=AXIS2_PLACEMENT_3D('',#9880,#8024,#8025);
#7130=AXIS2_PLACEMENT_3D('',#9889,#8030,#8031);
#7131=AXIS2_PLACEMENT_3D('',#9895,#8035,#8036);
#7132=AXIS2_PLACEMENT_3D('',#9901,#8040,#8041);
#7133=AXIS2_PLACEMENT_3D('',#9904,#8044,#8045);
#7134=AXIS2_PLACEMENT_3D('',#9905,#8046,#8047);
#7135=AXIS2_PLACEMENT_3D('',#9906,#8048,#8049);
#7136=AXIS2_PLACEMENT_3D('',#9907,#8050,#8051);
#7137=AXIS2_PLACEMENT_3D('',#9916,#8056,#8057);
#7138=AXIS2_PLACEMENT_3D('',#9922,#8061,#8062);
#7139=AXIS2_PLACEMENT_3D('',#9928,#8066,#8067);
#7140=AXIS2_PLACEMENT_3D('',#9931,#8070,#8071);
#7141=AXIS2_PLACEMENT_3D('',#9932,#8072,#8073);
#7142=AXIS2_PLACEMENT_3D('',#9933,#8074,#8075);
#7143=AXIS2_PLACEMENT_3D('',#9934,#8076,#8077);
#7144=AXIS2_PLACEMENT_3D('',#9935,#8078,#8079);
#7145=AXIS2_PLACEMENT_3D('',#9937,#8080,#8081);
#7146=AXIS2_PLACEMENT_3D('',#9939,#8082,#8083);
#7147=AXIS2_PLACEMENT_3D('',#9940,#8084,#8085);
#7148=AXIS2_PLACEMENT_3D('',#9941,#8086,#8087);
#7149=AXIS2_PLACEMENT_3D('',#9942,#8088,#8089);
#7150=AXIS2_PLACEMENT_3D('',#9943,#8090,#8091);
#7151=AXIS2_PLACEMENT_3D('',#9945,#8092,#8093);
#7152=AXIS2_PLACEMENT_3D('',#9947,#8094,#8095);
#7153=AXIS2_PLACEMENT_3D('',#9948,#8096,#8097);
#7154=AXIS2_PLACEMENT_3D('',#9949,#8098,#8099);
#7155=AXIS2_PLACEMENT_3D('',#9950,#8100,#8101);
#7156=AXIS2_PLACEMENT_3D('',#9951,#8102,#8103);
#7157=AXIS2_PLACEMENT_3D('',#9953,#8104,#8105);
#7158=AXIS2_PLACEMENT_3D('',#9955,#8106,#8107);
#7159=AXIS2_PLACEMENT_3D('',#9956,#8108,#8109);
#7160=AXIS2_PLACEMENT_3D('',#9957,#8110,#8111);
#7161=AXIS2_PLACEMENT_3D('',#9958,#8112,#8113);
#7162=AXIS2_PLACEMENT_3D('',#9959,#8114,#8115);
#7163=AXIS2_PLACEMENT_3D('',#9961,#8116,#8117);
#7164=AXIS2_PLACEMENT_3D('',#9963,#8118,#8119);
#7165=AXIS2_PLACEMENT_3D('',#9964,#8120,#8121);
#7166=AXIS2_PLACEMENT_3D('',#9965,#8122,#8123);
#7167=AXIS2_PLACEMENT_3D('',#9966,#8124,#8125);
#7168=AXIS2_PLACEMENT_3D('',#9967,#8126,#8127);
#7169=AXIS2_PLACEMENT_3D('',#9969,#8128,#8129);
#7170=AXIS2_PLACEMENT_3D('',#9971,#8130,#8131);
#7171=AXIS2_PLACEMENT_3D('',#9972,#8132,#8133);
#7172=AXIS2_PLACEMENT_3D('',#9973,#8134,#8135);
#7173=AXIS2_PLACEMENT_3D('',#9974,#8136,#8137);
#7174=AXIS2_PLACEMENT_3D('',#9975,#8138,#8139);
#7175=AXIS2_PLACEMENT_3D('',#9977,#8140,#8141);
#7176=AXIS2_PLACEMENT_3D('',#9979,#8142,#8143);
#7177=AXIS2_PLACEMENT_3D('',#9980,#8144,#8145);
#7178=AXIS2_PLACEMENT_3D('',#9981,#8146,#8147);
#7179=AXIS2_PLACEMENT_3D('',#9982,#8148,#8149);
#7180=AXIS2_PLACEMENT_3D('',#9983,#8150,#8151);
#7181=AXIS2_PLACEMENT_3D('',#9985,#8152,#8153);
#7182=AXIS2_PLACEMENT_3D('',#9987,#8154,#8155);
#7183=AXIS2_PLACEMENT_3D('',#9988,#8156,#8157);
#7184=AXIS2_PLACEMENT_3D('',#9989,#8158,#8159);
#7185=AXIS2_PLACEMENT_3D('',#9990,#8160,#8161);
#7186=AXIS2_PLACEMENT_3D('',#9991,#8162,#8163);
#7187=AXIS2_PLACEMENT_3D('',#9993,#8164,#8165);
#7188=AXIS2_PLACEMENT_3D('',#9995,#8166,#8167);
#7189=AXIS2_PLACEMENT_3D('',#9996,#8168,#8169);
#7190=AXIS2_PLACEMENT_3D('',#9997,#8170,#8171);
#7191=AXIS2_PLACEMENT_3D('',#9998,#8172,#8173);
#7192=AXIS2_PLACEMENT_3D('',#9999,#8174,#8175);
#7193=AXIS2_PLACEMENT_3D('',#10001,#8176,#8177);
#7194=AXIS2_PLACEMENT_3D('',#10003,#8178,#8179);
#7195=AXIS2_PLACEMENT_3D('',#10004,#8180,#8181);
#7196=AXIS2_PLACEMENT_3D('',#10005,#8182,#8183);
#7197=AXIS2_PLACEMENT_3D('',#10006,#8184,#8185);
#7198=AXIS2_PLACEMENT_3D('',#10015,#8190,#8191);
#7199=AXIS2_PLACEMENT_3D('',#10021,#8195,#8196);
#7200=AXIS2_PLACEMENT_3D('',#10027,#8200,#8201);
#7201=AXIS2_PLACEMENT_3D('',#10030,#8204,#8205);
#7202=AXIS2_PLACEMENT_3D('',#10031,#8206,#8207);
#7203=AXIS2_PLACEMENT_3D('',#10032,#8208,#8209);
#7204=AXIS2_PLACEMENT_3D('',#10033,#8210,#8211);
#7205=AXIS2_PLACEMENT_3D('',#10042,#8216,#8217);
#7206=AXIS2_PLACEMENT_3D('',#10048,#8221,#8222);
#7207=AXIS2_PLACEMENT_3D('',#10057,#8227,#8228);
#7208=AXIS2_PLACEMENT_3D('',#10063,#8232,#8233);
#7209=AXIS2_PLACEMENT_3D('',#10071,#8238,#8239);
#7210=AXIS2_PLACEMENT_3D('',#10074,#8242,#8243);
#7211=AXIS2_PLACEMENT_3D('',#10075,#8244,#8245);
#7212=AXIS2_PLACEMENT_3D('',#10076,#8246,#8247);
#7213=AXIS2_PLACEMENT_3D('',#10077,#8248,#8249);
#7214=AXIS2_PLACEMENT_3D('',#10078,#8250,#8251);
#7215=AXIS2_PLACEMENT_3D('',#10079,#8252,#8253);
#7216=AXIS2_PLACEMENT_3D('',#10080,#8254,#8255);
#7217=AXIS2_PLACEMENT_3D('',#10082,#8256,#8257);
#7218=AXIS2_PLACEMENT_3D('',#10084,#8258,#8259);
#7219=AXIS2_PLACEMENT_3D('',#10086,#8260,#8261);
#7220=AXIS2_PLACEMENT_3D('',#10087,#8262,#8263);
#7221=AXIS2_PLACEMENT_3D('',#10088,#8264,#8265);
#7222=AXIS2_PLACEMENT_3D('',#10090,#8266,#8267);
#7223=AXIS2_PLACEMENT_3D('',#10091,#8268,#8269);
#7224=AXIS2_PLACEMENT_3D('',#10092,#8270,#8271);
#7225=AXIS2_PLACEMENT_3D('',#10094,#8272,#8273);
#7226=AXIS2_PLACEMENT_3D('',#10095,#8274,#8275);
#7227=AXIS2_PLACEMENT_3D('',#10096,#8276,#8277);
#7228=AXIS2_PLACEMENT_3D('',#10098,#8278,#8279);
#7229=AXIS2_PLACEMENT_3D('',#10099,#8280,#8281);
#7230=AXIS2_PLACEMENT_3D('',#10100,#8282,#8283);
#7231=AXIS2_PLACEMENT_3D('',#10109,#8288,#8289);
#7232=AXIS2_PLACEMENT_3D('',#10115,#8293,#8294);
#7233=AXIS2_PLACEMENT_3D('',#10121,#8298,#8299);
#7234=AXIS2_PLACEMENT_3D('',#10124,#8302,#8303);
#7235=AXIS2_PLACEMENT_3D('',#10125,#8304,#8305);
#7236=AXIS2_PLACEMENT_3D('',#10126,#8306,#8307);
#7237=AXIS2_PLACEMENT_3D('',#10127,#8308,#8309);
#7238=AXIS2_PLACEMENT_3D('',#10136,#8314,#8315);
#7239=AXIS2_PLACEMENT_3D('',#10142,#8319,#8320);
#7240=AXIS2_PLACEMENT_3D('',#10148,#8324,#8325);
#7241=AXIS2_PLACEMENT_3D('',#10151,#8328,#8329);
#7242=AXIS2_PLACEMENT_3D('',#10152,#8330,#8331);
#7243=AXIS2_PLACEMENT_3D('',#10153,#8332,#8333);
#7244=AXIS2_PLACEMENT_3D('',#10154,#8334,#8335);
#7245=AXIS2_PLACEMENT_3D('',#10163,#8340,#8341);
#7246=AXIS2_PLACEMENT_3D('',#10169,#8345,#8346);
#7247=AXIS2_PLACEMENT_3D('',#10175,#8350,#8351);
#7248=AXIS2_PLACEMENT_3D('',#10178,#8354,#8355);
#7249=AXIS2_PLACEMENT_3D('',#10179,#8356,#8357);
#7250=AXIS2_PLACEMENT_3D('',#10180,#8358,#8359);
#7251=AXIS2_PLACEMENT_3D('',#10181,#8360,#8361);
#7252=AXIS2_PLACEMENT_3D('',#10190,#8366,#8367);
#7253=AXIS2_PLACEMENT_3D('',#10196,#8371,#8372);
#7254=AXIS2_PLACEMENT_3D('',#10202,#8376,#8377);
#7255=AXIS2_PLACEMENT_3D('',#10205,#8380,#8381);
#7256=AXIS2_PLACEMENT_3D('',#10206,#8382,#8383);
#7257=AXIS2_PLACEMENT_3D('',#10207,#8384,#8385);
#7258=AXIS2_PLACEMENT_3D('',#10208,#8386,#8387);
#7259=AXIS2_PLACEMENT_3D('',#10217,#8392,#8393);
#7260=AXIS2_PLACEMENT_3D('',#10223,#8397,#8398);
#7261=AXIS2_PLACEMENT_3D('',#10229,#8402,#8403);
#7262=AXIS2_PLACEMENT_3D('',#10232,#8406,#8407);
#7263=AXIS2_PLACEMENT_3D('',#10233,#8408,#8409);
#7264=AXIS2_PLACEMENT_3D('',#10234,#8410,#8411);
#7265=AXIS2_PLACEMENT_3D('',#10235,#8412,#8413);
#7266=AXIS2_PLACEMENT_3D('',#10244,#8418,#8419);
#7267=AXIS2_PLACEMENT_3D('',#10250,#8423,#8424);
#7268=AXIS2_PLACEMENT_3D('',#10256,#8428,#8429);
#7269=AXIS2_PLACEMENT_3D('',#10259,#8432,#8433);
#7270=AXIS2_PLACEMENT_3D('',#10260,#8434,#8435);
#7271=AXIS2_PLACEMENT_3D('',#10261,#8436,#8437);
#7272=AXIS2_PLACEMENT_3D('',#10262,#8438,#8439);
#7273=AXIS2_PLACEMENT_3D('',#10271,#8444,#8445);
#7274=AXIS2_PLACEMENT_3D('',#10277,#8449,#8450);
#7275=AXIS2_PLACEMENT_3D('',#10283,#8454,#8455);
#7276=AXIS2_PLACEMENT_3D('',#10286,#8458,#8459);
#7277=AXIS2_PLACEMENT_3D('',#10287,#8460,#8461);
#7278=AXIS2_PLACEMENT_3D('',#10288,#8462,#8463);
#7279=AXIS2_PLACEMENT_3D('',#10289,#8464,#8465);
#7280=AXIS2_PLACEMENT_3D('',#10298,#8470,#8471);
#7281=AXIS2_PLACEMENT_3D('',#10304,#8475,#8476);
#7282=AXIS2_PLACEMENT_3D('',#10310,#8480,#8481);
#7283=AXIS2_PLACEMENT_3D('',#10313,#8484,#8485);
#7284=AXIS2_PLACEMENT_3D('',#10314,#8486,#8487);
#7285=AXIS2_PLACEMENT_3D('',#10315,#8488,#8489);
#7286=AXIS2_PLACEMENT_3D('',#10316,#8490,#8491);
#7287=AXIS2_PLACEMENT_3D('',#10325,#8496,#8497);
#7288=AXIS2_PLACEMENT_3D('',#10331,#8501,#8502);
#7289=AXIS2_PLACEMENT_3D('',#10337,#8506,#8507);
#7290=AXIS2_PLACEMENT_3D('',#10340,#8510,#8511);
#7291=AXIS2_PLACEMENT_3D('',#10341,#8512,#8513);
#7292=AXIS2_PLACEMENT_3D('',#10342,#8514,#8515);
#7293=AXIS2_PLACEMENT_3D('',#10343,#8516,#8517);
#7294=AXIS2_PLACEMENT_3D('',#10352,#8522,#8523);
#7295=AXIS2_PLACEMENT_3D('',#10358,#8527,#8528);
#7296=AXIS2_PLACEMENT_3D('',#10364,#8532,#8533);
#7297=AXIS2_PLACEMENT_3D('',#10367,#8536,#8537);
#7298=AXIS2_PLACEMENT_3D('',#10368,#8538,#8539);
#7299=AXIS2_PLACEMENT_3D('',#10369,#8540,#8541);
#7300=AXIS2_PLACEMENT_3D('',#10370,#8542,#8543);
#7301=AXIS2_PLACEMENT_3D('',#10379,#8548,#8549);
#7302=AXIS2_PLACEMENT_3D('',#10385,#8553,#8554);
#7303=AXIS2_PLACEMENT_3D('',#10391,#8558,#8559);
#7304=AXIS2_PLACEMENT_3D('',#10394,#8562,#8563);
#7305=AXIS2_PLACEMENT_3D('',#10395,#8564,#8565);
#7306=AXIS2_PLACEMENT_3D('',#10396,#8566,#8567);
#7307=AXIS2_PLACEMENT_3D('',#10397,#8568,#8569);
#7308=AXIS2_PLACEMENT_3D('',#10406,#8574,#8575);
#7309=AXIS2_PLACEMENT_3D('',#10412,#8579,#8580);
#7310=AXIS2_PLACEMENT_3D('',#10418,#8584,#8585);
#7311=AXIS2_PLACEMENT_3D('',#10421,#8588,#8589);
#7312=AXIS2_PLACEMENT_3D('',#10422,#8590,#8591);
#7313=AXIS2_PLACEMENT_3D('',#10423,#8592,#8593);
#7314=AXIS2_PLACEMENT_3D('',#10424,#8594,#8595);
#7315=AXIS2_PLACEMENT_3D('',#10433,#8600,#8601);
#7316=AXIS2_PLACEMENT_3D('',#10439,#8605,#8606);
#7317=AXIS2_PLACEMENT_3D('',#10445,#8610,#8611);
#7318=AXIS2_PLACEMENT_3D('',#10448,#8614,#8615);
#7319=AXIS2_PLACEMENT_3D('',#10449,#8616,#8617);
#7320=AXIS2_PLACEMENT_3D('',#10450,#8618,#8619);
#7321=AXIS2_PLACEMENT_3D('',#10451,#8620,#8621);
#7322=AXIS2_PLACEMENT_3D('',#10460,#8626,#8627);
#7323=AXIS2_PLACEMENT_3D('',#10466,#8631,#8632);
#7324=AXIS2_PLACEMENT_3D('',#10472,#8636,#8637);
#7325=AXIS2_PLACEMENT_3D('',#10475,#8640,#8641);
#7326=AXIS2_PLACEMENT_3D('',#10476,#8642,#8643);
#7327=AXIS2_PLACEMENT_3D('',#10477,#8644,#8645);
#7328=AXIS2_PLACEMENT_3D('',#10478,#8646,#8647);
#7329=AXIS2_PLACEMENT_3D('',#10487,#8652,#8653);
#7330=AXIS2_PLACEMENT_3D('',#10493,#8657,#8658);
#7331=AXIS2_PLACEMENT_3D('',#10499,#8662,#8663);
#7332=AXIS2_PLACEMENT_3D('',#10502,#8666,#8667);
#7333=AXIS2_PLACEMENT_3D('',#10503,#8668,#8669);
#7334=AXIS2_PLACEMENT_3D('',#10504,#8670,#8671);
#7335=AXIS2_PLACEMENT_3D('',#10505,#8672,#8673);
#7336=AXIS2_PLACEMENT_3D('',#10506,#8674,#8675);
#7337=AXIS2_PLACEMENT_3D('',#10508,#8676,#8677);
#7338=AXIS2_PLACEMENT_3D('',#10510,#8678,#8679);
#7339=AXIS2_PLACEMENT_3D('',#10511,#8680,#8681);
#7340=AXIS2_PLACEMENT_3D('',#10512,#8682,#8683);
#7341=AXIS2_PLACEMENT_3D('',#10513,#8684,#8685);
#7342=AXIS2_PLACEMENT_3D('',#10514,#8686,#8687);
#7343=AXIS2_PLACEMENT_3D('',#10516,#8688,#8689);
#7344=AXIS2_PLACEMENT_3D('',#10518,#8690,#8691);
#7345=AXIS2_PLACEMENT_3D('',#10519,#8692,#8693);
#7346=AXIS2_PLACEMENT_3D('',#10520,#8694,#8695);
#7347=AXIS2_PLACEMENT_3D('',#10521,#8696,#8697);
#7348=AXIS2_PLACEMENT_3D('',#10522,#8698,#8699);
#7349=AXIS2_PLACEMENT_3D('',#10524,#8700,#8701);
#7350=AXIS2_PLACEMENT_3D('',#10526,#8702,#8703);
#7351=AXIS2_PLACEMENT_3D('',#10527,#8704,#8705);
#7352=AXIS2_PLACEMENT_3D('',#10528,#8706,#8707);
#7353=AXIS2_PLACEMENT_3D('',#10529,#8708,#8709);
#7354=AXIS2_PLACEMENT_3D('',#10530,#8710,#8711);
#7355=AXIS2_PLACEMENT_3D('',#10532,#8712,#8713);
#7356=AXIS2_PLACEMENT_3D('',#10534,#8714,#8715);
#7357=AXIS2_PLACEMENT_3D('',#10535,#8716,#8717);
#7358=AXIS2_PLACEMENT_3D('',#10536,#8718,#8719);
#7359=AXIS2_PLACEMENT_3D('',#10537,#8720,#8721);
#7360=AXIS2_PLACEMENT_3D('',#10538,#8722,#8723);
#7361=AXIS2_PLACEMENT_3D('',#10540,#8724,#8725);
#7362=AXIS2_PLACEMENT_3D('',#10542,#8726,#8727);
#7363=AXIS2_PLACEMENT_3D('',#10543,#8728,#8729);
#7364=AXIS2_PLACEMENT_3D('',#10544,#8730,#8731);
#7365=AXIS2_PLACEMENT_3D('',#10545,#8732,#8733);
#7366=AXIS2_PLACEMENT_3D('',#10546,#8734,#8735);
#7367=AXIS2_PLACEMENT_3D('',#10548,#8736,#8737);
#7368=AXIS2_PLACEMENT_3D('',#10550,#8738,#8739);
#7369=AXIS2_PLACEMENT_3D('',#10551,#8740,#8741);
#7370=AXIS2_PLACEMENT_3D('',#10552,#8742,#8743);
#7371=AXIS2_PLACEMENT_3D('',#10553,#8744,#8745);
#7372=AXIS2_PLACEMENT_3D('',#10554,#8746,#8747);
#7373=AXIS2_PLACEMENT_3D('',#10556,#8748,#8749);
#7374=AXIS2_PLACEMENT_3D('',#10558,#8750,#8751);
#7375=AXIS2_PLACEMENT_3D('',#10559,#8752,#8753);
#7376=AXIS2_PLACEMENT_3D('',#10560,#8754,#8755);
#7377=AXIS2_PLACEMENT_3D('',#10561,#8756,#8757);
#7378=AXIS2_PLACEMENT_3D('',#10562,#8758,#8759);
#7379=AXIS2_PLACEMENT_3D('',#10564,#8760,#8761);
#7380=AXIS2_PLACEMENT_3D('',#10566,#8762,#8763);
#7381=AXIS2_PLACEMENT_3D('',#10567,#8764,#8765);
#7382=AXIS2_PLACEMENT_3D('',#10568,#8766,#8767);
#7383=AXIS2_PLACEMENT_3D('',#10569,#8768,#8769);
#7384=AXIS2_PLACEMENT_3D('',#10570,#8770,#8771);
#7385=AXIS2_PLACEMENT_3D('',#10572,#8772,#8773);
#7386=AXIS2_PLACEMENT_3D('',#10574,#8774,#8775);
#7387=AXIS2_PLACEMENT_3D('',#10575,#8776,#8777);
#7388=AXIS2_PLACEMENT_3D('',#10576,#8778,#8779);
#7389=AXIS2_PLACEMENT_3D('',#10577,#8780,#8781);
#7390=AXIS2_PLACEMENT_3D('',#10586,#8786,#8787);
#7391=AXIS2_PLACEMENT_3D('',#10592,#8791,#8792);
#7392=AXIS2_PLACEMENT_3D('',#10598,#8796,#8797);
#7393=AXIS2_PLACEMENT_3D('',#10601,#8800,#8801);
#7394=AXIS2_PLACEMENT_3D('',#10602,#8802,#8803);
#7395=AXIS2_PLACEMENT_3D('',#10603,#8804,#8805);
#7396=AXIS2_PLACEMENT_3D('',#10604,#8806,#8807);
#7397=AXIS2_PLACEMENT_3D('',#10613,#8812,#8813);
#7398=AXIS2_PLACEMENT_3D('',#10619,#8817,#8818);
#7399=AXIS2_PLACEMENT_3D('',#10625,#8822,#8823);
#7400=AXIS2_PLACEMENT_3D('',#10628,#8826,#8827);
#7401=AXIS2_PLACEMENT_3D('',#10629,#8828,#8829);
#7402=AXIS2_PLACEMENT_3D('',#10630,#8830,#8831);
#7403=AXIS2_PLACEMENT_3D('',#10631,#8832,#8833);
#7404=AXIS2_PLACEMENT_3D('',#10640,#8838,#8839);
#7405=AXIS2_PLACEMENT_3D('',#10646,#8843,#8844);
#7406=AXIS2_PLACEMENT_3D('',#10652,#8848,#8849);
#7407=AXIS2_PLACEMENT_3D('',#10655,#8852,#8853);
#7408=AXIS2_PLACEMENT_3D('',#10656,#8854,#8855);
#7409=AXIS2_PLACEMENT_3D('',#10657,#8856,#8857);
#7410=AXIS2_PLACEMENT_3D('',#10658,#8858,#8859);
#7411=AXIS2_PLACEMENT_3D('',#10659,#8860,#8861);
#7412=AXIS2_PLACEMENT_3D('',#10661,#8862,#8863);
#7413=AXIS2_PLACEMENT_3D('',#10663,#8864,#8865);
#7414=AXIS2_PLACEMENT_3D('',#10672,#8869,#8870);
#7415=AXIS2_PLACEMENT_3D('',#10675,#8872,#8873);
#7416=AXIS2_PLACEMENT_3D('',#10684,#8878,#8879);
#7417=AXIS2_PLACEMENT_3D('',#10685,#8880,#8881);
#7418=AXIS2_PLACEMENT_3D('',#10687,#8882,#8883);
#7419=AXIS2_PLACEMENT_3D('',#10689,#8884,#8885);
#7420=AXIS2_PLACEMENT_3D('',#10695,#8888,#8889);
#7421=AXIS2_PLACEMENT_3D('',#10698,#8891,#8892);
#7422=AXIS2_PLACEMENT_3D('',#10704,#8896,#8897);
#7423=AXIS2_PLACEMENT_3D('',#10705,#8898,#8899);
#7424=AXIS2_PLACEMENT_3D('',#10708,#8901,#8902);
#7425=AXIS2_PLACEMENT_3D('',#10711,#8905,#8906);
#7426=AXIS2_PLACEMENT_3D('',#10714,#8909,#8910);
#7427=AXIS2_PLACEMENT_3D('',#10716,#8912,#8913);
#7428=AXIS2_PLACEMENT_3D('',#10717,#8914,#8915);
#7429=AXIS2_PLACEMENT_3D('',#10718,#8916,#8917);
#7430=AXIS2_PLACEMENT_3D('',#10719,#8918,#8919);
#7431=AXIS2_PLACEMENT_3D('',#10721,#8920,#8921);
#7432=AXIS2_PLACEMENT_3D('',#10722,#8922,#8923);
#7433=AXIS2_PLACEMENT_3D('',#10723,#8924,#8925);
#7434=AXIS2_PLACEMENT_3D('',#10725,#8926,#8927);
#7435=AXIS2_PLACEMENT_3D('',#10726,#8928,#8929);
#7436=AXIS2_PLACEMENT_3D('',#10727,#8930,#8931);
#7437=AXIS2_PLACEMENT_3D('',#10729,#8932,#8933);
#7438=AXIS2_PLACEMENT_3D('',#10730,#8934,#8935);
#7439=AXIS2_PLACEMENT_3D('',#10731,#8936,#8937);
#7440=AXIS2_PLACEMENT_3D('',#10733,#8938,#8939);
#7441=AXIS2_PLACEMENT_3D('',#10734,#8940,#8941);
#7442=AXIS2_PLACEMENT_3D('',#10735,#8942,#8943);
#7443=AXIS2_PLACEMENT_3D('',#10737,#8944,#8945);
#7444=AXIS2_PLACEMENT_3D('',#10738,#8946,#8947);
#7445=AXIS2_PLACEMENT_3D('',#10739,#8948,#8949);
#7446=AXIS2_PLACEMENT_3D('',#10741,#8950,#8951);
#7447=AXIS2_PLACEMENT_3D('',#10742,#8952,#8953);
#7448=AXIS2_PLACEMENT_3D('',#10743,#8954,#8955);
#7449=AXIS2_PLACEMENT_3D('',#10752,#8960,#8961);
#7450=AXIS2_PLACEMENT_3D('',#10758,#8965,#8966);
#7451=AXIS2_PLACEMENT_3D('',#10764,#8970,#8971);
#7452=AXIS2_PLACEMENT_3D('',#10767,#8974,#8975);
#7453=AXIS2_PLACEMENT_3D('',#10768,#8976,#8977);
#7454=AXIS2_PLACEMENT_3D('',#10769,#8978,#8979);
#7455=AXIS2_PLACEMENT_3D('',#10770,#8980,#8981);
#7456=AXIS2_PLACEMENT_3D('',#10779,#8986,#8987);
#7457=AXIS2_PLACEMENT_3D('',#10785,#8991,#8992);
#7458=AXIS2_PLACEMENT_3D('',#10791,#8996,#8997);
#7459=AXIS2_PLACEMENT_3D('',#10794,#9000,#9001);
#7460=AXIS2_PLACEMENT_3D('',#10795,#9002,#9003);
#7461=AXIS2_PLACEMENT_3D('',#10796,#9004,#9005);
#7462=AXIS2_PLACEMENT_3D('',#10797,#9006,#9007);
#7463=AXIS2_PLACEMENT_3D('',#10806,#9012,#9013);
#7464=AXIS2_PLACEMENT_3D('',#10812,#9017,#9018);
#7465=AXIS2_PLACEMENT_3D('',#10818,#9022,#9023);
#7466=AXIS2_PLACEMENT_3D('',#10821,#9026,#9027);
#7467=AXIS2_PLACEMENT_3D('',#10822,#9028,#9029);
#7468=AXIS2_PLACEMENT_3D('',#10823,#9030,#9031);
#7469=AXIS2_PLACEMENT_3D('',#10824,#9032,#9033);
#7470=AXIS2_PLACEMENT_3D('',#10841,#9042,#9043);
#7471=AXIS2_PLACEMENT_3D('',#10858,#9052,#9053);
#7472=AXIS2_PLACEMENT_3D('',#10859,#9054,#9055);
#7473=AXIS2_PLACEMENT_3D('',#10861,#9057,#9058);
#7474=AXIS2_PLACEMENT_3D('',#10863,#9060,#9061);
#7475=AXIS2_PLACEMENT_3D('',#10866,#9064,#9065);
#7476=AXIS2_PLACEMENT_3D('',#10867,#9066,#9067);
#7477=AXIS2_PLACEMENT_3D('',#10868,#9068,#9069);
#7478=AXIS2_PLACEMENT_3D('',#10869,#9070,#9071);
#7479=AXIS2_PLACEMENT_3D('',#10870,#9072,#9073);
#7480=AXIS2_PLACEMENT_3D('',#10871,#9074,#9075);
#7481=AXIS2_PLACEMENT_3D('',#10872,#9076,#9077);
#7482=AXIS2_PLACEMENT_3D('',#10873,#9078,#9079);
#7483=AXIS2_PLACEMENT_3D('',#10874,#9080,#9081);
#7484=AXIS2_PLACEMENT_3D('',#10875,#9082,#9083);
#7485=AXIS2_PLACEMENT_3D('',#10884,#9088,#9089);
#7486=AXIS2_PLACEMENT_3D('',#10898,#9097,#9098);
#7487=AXIS2_PLACEMENT_3D('',#10899,#9099,#9100);
#7488=AXIS2_PLACEMENT_3D('',#10904,#9103,#9104);
#7489=AXIS2_PLACEMENT_3D('',#10909,#9107,#9108);
#7490=AXIS2_PLACEMENT_3D('',#10917,#9114,#9115);
#7491=AXIS2_PLACEMENT_3D('',#10918,#9116,#9117);
#7492=AXIS2_PLACEMENT_3D('',#10919,#9118,#9119);
#7493=AXIS2_PLACEMENT_3D('',#10920,#9120,#9121);
#7494=AXIS2_PLACEMENT_3D('',#10921,#9122,#9123);
#7495=AXIS2_PLACEMENT_3D('',#10922,#9124,#9125);
#7496=AXIS2_PLACEMENT_3D('',#10923,#9126,#9127);
#7497=AXIS2_PLACEMENT_3D('',#10924,#9128,#9129);
#7498=AXIS2_PLACEMENT_3D('',#10925,#9130,#9131);
#7499=AXIS2_PLACEMENT_3D('',#10926,#9132,#9133);
#7500=AXIS2_PLACEMENT_3D('',#10943,#9142,#9143);
#7501=AXIS2_PLACEMENT_3D('',#10944,#9144,#9145);
#7502=AXIS2_PLACEMENT_3D('',#10950,#9149,#9150);
#7503=AXIS2_PLACEMENT_3D('',#10954,#9152,#9153);
#7504=AXIS2_PLACEMENT_3D('',#10960,#9157,#9158);
#7505=AXIS2_PLACEMENT_3D('',#10968,#9164,#9165);
#7506=AXIS2_PLACEMENT_3D('',#10969,#9166,#9167);
#7507=AXIS2_PLACEMENT_3D('',#10970,#9168,#9169);
#7508=AXIS2_PLACEMENT_3D('',#10971,#9170,#9171);
#7509=AXIS2_PLACEMENT_3D('',#10972,#9172,#9173);
#7510=AXIS2_PLACEMENT_3D('',#10973,#9174,#9175);
#7511=AXIS2_PLACEMENT_3D('',#10974,#9176,#9177);
#7512=AXIS2_PLACEMENT_3D('',#10975,#9178,#9179);
#7513=AXIS2_PLACEMENT_3D('',#10976,#9180,#9181);
#7514=AXIS2_PLACEMENT_3D('',#10977,#9182,#9183);
#7515=AXIS2_PLACEMENT_3D('',#10986,#9188,#9189);
#7516=AXIS2_PLACEMENT_3D('',#10992,#9193,#9194);
#7517=AXIS2_PLACEMENT_3D('',#10998,#9198,#9199);
#7518=AXIS2_PLACEMENT_3D('',#11001,#9202,#9203);
#7519=AXIS2_PLACEMENT_3D('',#11002,#9204,#9205);
#7520=AXIS2_PLACEMENT_3D('',#11003,#9206,#9207);
#7521=AXIS2_PLACEMENT_3D('',#11004,#9208,#9209);
#7522=AXIS2_PLACEMENT_3D('',#11013,#9214,#9215);
#7523=AXIS2_PLACEMENT_3D('',#11019,#9219,#9220);
#7524=AXIS2_PLACEMENT_3D('',#11025,#9224,#9225);
#7525=AXIS2_PLACEMENT_3D('',#11028,#9228,#9229);
#7526=AXIS2_PLACEMENT_3D('',#11029,#9230,#9231);
#7527=AXIS2_PLACEMENT_3D('',#11030,#9232,#9233);
#7528=AXIS2_PLACEMENT_3D('',#11031,#9234,#9235);
#7529=AXIS2_PLACEMENT_3D('',#11040,#9240,#9241);
#7530=AXIS2_PLACEMENT_3D('',#11046,#9245,#9246);
#7531=AXIS2_PLACEMENT_3D('',#11052,#9250,#9251);
#7532=AXIS2_PLACEMENT_3D('',#11055,#9254,#9255);
#7533=AXIS2_PLACEMENT_3D('',#11056,#9256,#9257);
#7534=AXIS2_PLACEMENT_3D('',#11057,#9258,#9259);
#7535=AXIS2_PLACEMENT_3D('',#11058,#9260,#9261);
#7536=AXIS2_PLACEMENT_3D('',#11075,#9270,#9271);
#7537=AXIS2_PLACEMENT_3D('',#11084,#9276,#9277);
#7538=AXIS2_PLACEMENT_3D('',#11085,#9278,#9279);
#7539=AXIS2_PLACEMENT_3D('',#11088,#9282,#9283);
#7540=AXIS2_PLACEMENT_3D('',#11091,#9286,#9287);
#7541=AXIS2_PLACEMENT_3D('',#11092,#9288,#9289);
#7542=AXIS2_PLACEMENT_3D('',#11093,#9290,#9291);
#7543=AXIS2_PLACEMENT_3D('',#11094,#9292,#9293);
#7544=AXIS2_PLACEMENT_3D('',#11095,#9294,#9295);
#7545=AXIS2_PLACEMENT_3D('',#11096,#9296,#9297);
#7546=AXIS2_PLACEMENT_3D('',#11097,#9298,#9299);
#7547=AXIS2_PLACEMENT_3D('',#11114,#9308,#9309);
#7548=AXIS2_PLACEMENT_3D('',#11131,#9318,#9319);
#7549=AXIS2_PLACEMENT_3D('',#11132,#9320,#9321);
#7550=AXIS2_PLACEMENT_3D('',#11134,#9323,#9324);
#7551=AXIS2_PLACEMENT_3D('',#11136,#9326,#9327);
#7552=AXIS2_PLACEMENT_3D('',#11139,#9330,#9331);
#7553=AXIS2_PLACEMENT_3D('',#11140,#9332,#9333);
#7554=AXIS2_PLACEMENT_3D('',#11141,#9334,#9335);
#7555=AXIS2_PLACEMENT_3D('',#11142,#9336,#9337);
#7556=AXIS2_PLACEMENT_3D('',#11143,#9338,#9339);
#7557=AXIS2_PLACEMENT_3D('',#11144,#9340,#9341);
#7558=AXIS2_PLACEMENT_3D('',#11145,#9342,#9343);
#7559=AXIS2_PLACEMENT_3D('',#11146,#9344,#9345);
#7560=AXIS2_PLACEMENT_3D('',#11147,#9346,#9347);
#7561=AXIS2_PLACEMENT_3D('',#11148,#9348,#9349);
#7562=AXIS2_PLACEMENT_3D('',#11157,#9354,#9355);
#7563=AXIS2_PLACEMENT_3D('',#11171,#9363,#9364);
#7564=AXIS2_PLACEMENT_3D('',#11172,#9365,#9366);
#7565=AXIS2_PLACEMENT_3D('',#11177,#9369,#9370);
#7566=AXIS2_PLACEMENT_3D('',#11182,#9373,#9374);
#7567=AXIS2_PLACEMENT_3D('',#11190,#9380,#9381);
#7568=AXIS2_PLACEMENT_3D('',#11191,#9382,#9383);
#7569=AXIS2_PLACEMENT_3D('',#11192,#9384,#9385);
#7570=AXIS2_PLACEMENT_3D('',#11193,#9386,#9387);
#7571=AXIS2_PLACEMENT_3D('',#11194,#9388,#9389);
#7572=AXIS2_PLACEMENT_3D('',#11195,#9390,#9391);
#7573=AXIS2_PLACEMENT_3D('',#11196,#9392,#9393);
#7574=AXIS2_PLACEMENT_3D('',#11197,#9394,#9395);
#7575=AXIS2_PLACEMENT_3D('',#11198,#9396,#9397);
#7576=AXIS2_PLACEMENT_3D('',#11199,#9398,#9399);
#7577=AXIS2_PLACEMENT_3D('',#11208,#9404,#9405);
#7578=AXIS2_PLACEMENT_3D('',#11222,#9413,#9414);
#7579=AXIS2_PLACEMENT_3D('',#11223,#9415,#9416);
#7580=AXIS2_PLACEMENT_3D('',#11229,#9420,#9421);
#7581=AXIS2_PLACEMENT_3D('',#11232,#9424,#9425);
#7582=AXIS2_PLACEMENT_3D('',#11233,#9426,#9427);
#7583=AXIS2_PLACEMENT_3D('',#11234,#9428,#9429);
#7584=AXIS2_PLACEMENT_3D('',#11235,#9430,#9431);
#7585=AXIS2_PLACEMENT_3D('',#11236,#9432,#9433);
#7586=DIRECTION('',(0.,0.,1.));
#7587=DIRECTION('',(1.,0.,0.));
#7588=DIRECTION('',(0.,0.,-1.));
#7589=DIRECTION('',(0.,1.,0.));
#7590=DIRECTION('',(1.,0.,0.));
#7591=DIRECTION('',(0.,-1.,0.));
#7592=DIRECTION('',(1.,0.,0.));
#7593=DIRECTION('',(0.,-1.,0.));
#7594=DIRECTION('',(1.,0.,0.));
#7595=DIRECTION('',(0.,-1.,0.));
#7596=DIRECTION('',(0.,0.,1.));
#7597=DIRECTION('',(0.,-1.,0.));
#7598=DIRECTION('',(0.,0.,-1.));
#7599=DIRECTION('',(0.,0.,-1.));
#7600=DIRECTION('',(0.,1.,0.));
#7601=DIRECTION('',(1.,0.,0.));
#7602=DIRECTION('',(0.,-1.,0.));
#7603=DIRECTION('',(1.,0.,0.));
#7604=DIRECTION('',(1.,0.,0.));
#7605=DIRECTION('',(0.,-1.,0.));
#7606=DIRECTION('',(0.,0.,1.));
#7607=DIRECTION('',(0.,0.,-1.));
#7608=DIRECTION('',(0.,1.,0.));
#7609=DIRECTION('',(1.,0.,0.));
#7610=DIRECTION('',(0.,1.,0.));
#7611=DIRECTION('',(1.,0.,0.));
#7612=DIRECTION('',(0.,0.,1.));
#7613=DIRECTION('',(1.,0.,0.));
#7614=DIRECTION('',(0.,0.,-1.));
#7615=DIRECTION('',(0.,1.,0.));
#7616=DIRECTION('',(1.,0.,0.));
#7617=DIRECTION('',(0.,-1.,0.));
#7618=DIRECTION('',(1.,0.,0.));
#7619=DIRECTION('',(0.,-1.,0.));
#7620=DIRECTION('',(1.,0.,0.));
#7621=DIRECTION('',(0.,-1.,0.));
#7622=DIRECTION('',(0.,0.,1.));
#7623=DIRECTION('',(0.,-1.,0.));
#7624=DIRECTION('',(0.,0.,-1.));
#7625=DIRECTION('',(0.,0.,-1.));
#7626=DIRECTION('',(0.,1.,0.));
#7627=DIRECTION('',(1.,0.,0.));
#7628=DIRECTION('',(0.,-1.,0.));
#7629=DIRECTION('',(1.,0.,0.));
#7630=DIRECTION('',(1.,0.,0.));
#7631=DIRECTION('',(0.,-1.,0.));
#7632=DIRECTION('',(0.,0.,1.));
#7633=DIRECTION('',(0.,0.,-1.));
#7634=DIRECTION('',(0.,1.,0.));
#7635=DIRECTION('',(1.,0.,0.));
#7636=DIRECTION('',(0.,1.,0.));
#7637=DIRECTION('',(1.,0.,0.));
#7638=DIRECTION('',(0.,0.,1.));
#7639=DIRECTION('',(1.,0.,0.));
#7640=DIRECTION('',(0.,0.,1.));
#7641=DIRECTION('',(1.,0.,0.));
#7642=DIRECTION('',(0.,0.,1.));
#7643=DIRECTION('',(0.,-1.,0.));
#7644=DIRECTION('',(0.,0.,1.));
#7645=DIRECTION('',(0.,-1.,0.));
#7646=DIRECTION('',(0.,0.,1.));
#7647=DIRECTION('',(0.,-1.,0.));
#7648=DIRECTION('',(1.,0.,0.));
#7649=DIRECTION('',(0.,1.,0.));
#7650=DIRECTION('',(0.,0.,1.));
#7651=DIRECTION('',(0.,-1.,0.));
#7652=DIRECTION('',(1.,0.,0.));
#7653=DIRECTION('',(0.,1.,0.));
#7654=DIRECTION('',(0.,0.,1.));
#7655=DIRECTION('',(0.,-1.,0.));
#7656=DIRECTION('',(0.,1.,0.));
#7657=DIRECTION('',(1.,0.,0.));
#7658=DIRECTION('',(0.,1.,0.));
#7659=DIRECTION('',(1.,0.,0.));
#7660=DIRECTION('',(0.,0.,1.));
#7661=DIRECTION('',(0.,-1.,0.));
#7662=DIRECTION('',(1.,0.,0.));
#7663=DIRECTION('',(0.,1.,0.));
#7664=DIRECTION('',(1.,0.,0.));
#7665=DIRECTION('',(0.,1.,0.));
#7666=DIRECTION('',(1.,0.,0.));
#7667=DIRECTION('',(0.,0.,-1.));
#7668=DIRECTION('',(0.,0.,-1.));
#7669=DIRECTION('',(0.,0.,-1.));
#7670=DIRECTION('',(1.,0.,0.));
#7671=DIRECTION('',(0.,-1.,0.));
#7672=DIRECTION('',(1.,0.,0.));
#7673=DIRECTION('',(0.,-1.,0.));
#7674=DIRECTION('',(1.,0.,0.));
#7675=DIRECTION('',(0.707106781186548,0.,-0.707106781186548));
#7676=DIRECTION('',(0.707106781186548,0.,0.707106781186548));
#7677=DIRECTION('',(0.,1.,0.));
#7678=DIRECTION('',(1.,0.,0.));
#7679=DIRECTION('',(0.,0.,1.));
#7680=DIRECTION('',(0.,0.,1.));
#7681=DIRECTION('',(0.,1.,0.));
#7682=DIRECTION('',(1.,0.,0.));
#7683=DIRECTION('',(0.,0.,1.));
#7684=DIRECTION('',(0.,0.,1.));
#7685=DIRECTION('',(0.,0.,-1.));
#7686=DIRECTION('',(0.,1.,0.));
#7687=DIRECTION('',(0.,0.,1.));
#7688=DIRECTION('',(-1.,0.,0.));
#7689=DIRECTION('',(0.,1.,0.));
#7690=DIRECTION('',(-1.,0.,0.));
#7691=DIRECTION('',(0.,1.,0.));
#7692=DIRECTION('',(0.,0.,-1.));
#7693=DIRECTION('',(0.,1.,0.));
#7694=DIRECTION('',(0.,0.,1.));
#7695=DIRECTION('',(0.,-1.,0.));
#7696=DIRECTION('',(0.,0.,1.));
#7697=DIRECTION('',(1.,0.,0.));
#7698=DIRECTION('',(0.,0.,-1.));
#7699=DIRECTION('',(0.,1.,0.));
#7700=DIRECTION('',(0.,0.,1.));
#7701=DIRECTION('',(0.,-1.,0.));
#7702=DIRECTION('',(0.,0.,1.));
#7703=DIRECTION('',(1.,0.,0.));
#7704=DIRECTION('',(0.,0.,-1.));
#7705=DIRECTION('',(0.,1.,0.));
#7706=DIRECTION('',(0.,0.,1.));
#7707=DIRECTION('',(0.,-1.,0.));
#7708=DIRECTION('',(0.,0.,1.));
#7709=DIRECTION('',(1.,0.,0.));
#7710=DIRECTION('',(0.,0.,1.));
#7711=DIRECTION('',(1.,0.,0.));
#7712=DIRECTION('',(0.,0.,-1.));
#7713=DIRECTION('',(0.,1.,0.));
#7714=DIRECTION('',(1.,0.,0.));
#7715=DIRECTION('',(0.,-1.,0.));
#7716=DIRECTION('',(1.,0.,0.));
#7717=DIRECTION('',(0.,-1.,0.));
#7718=DIRECTION('',(1.,0.,0.));
#7719=DIRECTION('',(0.,-1.,0.));
#7720=DIRECTION('',(0.,0.,1.));
#7721=DIRECTION('',(0.,-1.,0.));
#7722=DIRECTION('',(0.,0.,-1.));
#7723=DIRECTION('',(0.,0.,-1.));
#7724=DIRECTION('',(0.,1.,0.));
#7725=DIRECTION('',(1.,0.,0.));
#7726=DIRECTION('',(0.,-1.,0.));
#7727=DIRECTION('',(1.,0.,0.));
#7728=DIRECTION('',(1.,0.,0.));
#7729=DIRECTION('',(0.,-1.,0.));
#7730=DIRECTION('',(0.,0.,1.));
#7731=DIRECTION('',(0.,0.,-1.));
#7732=DIRECTION('',(0.,1.,0.));
#7733=DIRECTION('',(1.,0.,0.));
#7734=DIRECTION('',(0.,1.,0.));
#7735=DIRECTION('',(1.,0.,0.));
#7736=DIRECTION('',(0.,0.,1.));
#7737=DIRECTION('',(1.,0.,0.));
#7738=DIRECTION('',(0.,0.,-1.));
#7739=DIRECTION('',(0.,1.,0.));
#7740=DIRECTION('',(1.,0.,0.));
#7741=DIRECTION('',(0.,-1.,0.));
#7742=DIRECTION('',(1.,0.,0.));
#7743=DIRECTION('',(0.,-1.,0.));
#7744=DIRECTION('',(1.,0.,0.));
#7745=DIRECTION('',(0.,-1.,0.));
#7746=DIRECTION('',(0.,0.,1.));
#7747=DIRECTION('',(0.,-1.,0.));
#7748=DIRECTION('',(0.,0.,-1.));
#7749=DIRECTION('',(0.,0.,-1.));
#7750=DIRECTION('',(0.,1.,0.));
#7751=DIRECTION('',(1.,0.,0.));
#7752=DIRECTION('',(0.,-1.,0.));
#7753=DIRECTION('',(1.,0.,0.));
#7754=DIRECTION('',(1.,0.,0.));
#7755=DIRECTION('',(0.,-1.,0.));
#7756=DIRECTION('',(0.,0.,1.));
#7757=DIRECTION('',(0.,0.,-1.));
#7758=DIRECTION('',(0.,1.,0.));
#7759=DIRECTION('',(1.,0.,0.));
#7760=DIRECTION('',(0.,1.,0.));
#7761=DIRECTION('',(1.,0.,0.));
#7762=DIRECTION('',(0.,0.,1.));
#7763=DIRECTION('',(1.,0.,0.));
#7764=DIRECTION('',(0.,0.,-1.));
#7765=DIRECTION('',(0.,1.,0.));
#7766=DIRECTION('',(1.,0.,0.));
#7767=DIRECTION('',(0.,-1.,0.));
#7768=DIRECTION('',(1.,0.,0.));
#7769=DIRECTION('',(0.,-1.,0.));
#7770=DIRECTION('',(1.,0.,0.));
#7771=DIRECTION('',(0.,-1.,0.));
#7772=DIRECTION('',(0.,0.,1.));
#7773=DIRECTION('',(0.,-1.,0.));
#7774=DIRECTION('',(0.,0.,-1.));
#7775=DIRECTION('',(0.,0.,-1.));
#7776=DIRECTION('',(0.,1.,0.));
#7777=DIRECTION('',(1.,0.,0.));
#7778=DIRECTION('',(0.,-1.,0.));
#7779=DIRECTION('',(1.,0.,0.));
#7780=DIRECTION('',(1.,0.,0.));
#7781=DIRECTION('',(0.,-1.,0.));
#7782=DIRECTION('',(0.,0.,1.));
#7783=DIRECTION('',(0.,0.,-1.));
#7784=DIRECTION('',(0.,1.,0.));
#7785=DIRECTION('',(1.,0.,0.));
#7786=DIRECTION('',(0.,1.,0.));
#7787=DIRECTION('',(1.,0.,0.));
#7788=DIRECTION('',(0.,0.,1.));
#7789=DIRECTION('',(1.,0.,0.));
#7790=DIRECTION('',(0.,0.,-1.));
#7791=DIRECTION('',(0.,1.,0.));
#7792=DIRECTION('',(1.,0.,0.));
#7793=DIRECTION('',(0.,-1.,0.));
#7794=DIRECTION('',(1.,0.,0.));
#7795=DIRECTION('',(0.,-1.,0.));
#7796=DIRECTION('',(1.,0.,0.));
#7797=DIRECTION('',(0.,-1.,0.));
#7798=DIRECTION('',(0.,0.,1.));
#7799=DIRECTION('',(0.,-1.,0.));
#7800=DIRECTION('',(0.,0.,-1.));
#7801=DIRECTION('',(0.,0.,-1.));
#7802=DIRECTION('',(0.,1.,0.));
#7803=DIRECTION('',(1.,0.,0.));
#7804=DIRECTION('',(0.,-1.,0.));
#7805=DIRECTION('',(1.,0.,0.));
#7806=DIRECTION('',(1.,0.,0.));
#7807=DIRECTION('',(0.,-1.,0.));
#7808=DIRECTION('',(0.,0.,1.));
#7809=DIRECTION('',(0.,0.,-1.));
#7810=DIRECTION('',(0.,1.,0.));
#7811=DIRECTION('',(1.,0.,0.));
#7812=DIRECTION('',(0.,1.,0.));
#7813=DIRECTION('',(1.,0.,0.));
#7814=DIRECTION('',(0.,0.,1.));
#7815=DIRECTION('',(1.,0.,0.));
#7816=DIRECTION('',(0.,0.,-1.));
#7817=DIRECTION('',(0.,1.,0.));
#7818=DIRECTION('',(1.,0.,0.));
#7819=DIRECTION('',(0.,-1.,0.));
#7820=DIRECTION('',(1.,0.,0.));
#7821=DIRECTION('',(0.,-1.,0.));
#7822=DIRECTION('',(1.,0.,0.));
#7823=DIRECTION('',(0.,-1.,0.));
#7824=DIRECTION('',(0.,0.,1.));
#7825=DIRECTION('',(0.,-1.,0.));
#7826=DIRECTION('',(0.,0.,-1.));
#7827=DIRECTION('',(0.,0.,-1.));
#7828=DIRECTION('',(0.,1.,0.));
#7829=DIRECTION('',(1.,0.,0.));
#7830=DIRECTION('',(0.,-1.,0.));
#7831=DIRECTION('',(1.,0.,0.));
#7832=DIRECTION('',(1.,0.,0.));
#7833=DIRECTION('',(0.,-1.,0.));
#7834=DIRECTION('',(0.,0.,1.));
#7835=DIRECTION('',(0.,0.,-1.));
#7836=DIRECTION('',(0.,1.,0.));
#7837=DIRECTION('',(1.,0.,0.));
#7838=DIRECTION('',(0.,1.,0.));
#7839=DIRECTION('',(1.,0.,0.));
#7840=DIRECTION('',(0.,0.,1.));
#7841=DIRECTION('',(1.,0.,0.));
#7842=DIRECTION('',(0.,0.,-1.));
#7843=DIRECTION('',(0.,1.,0.));
#7844=DIRECTION('',(1.,0.,0.));
#7845=DIRECTION('',(0.,-1.,0.));
#7846=DIRECTION('',(1.,0.,0.));
#7847=DIRECTION('',(0.,-1.,0.));
#7848=DIRECTION('',(1.,0.,0.));
#7849=DIRECTION('',(0.,-1.,0.));
#7850=DIRECTION('',(0.,0.,1.));
#7851=DIRECTION('',(0.,-1.,0.));
#7852=DIRECTION('',(0.,0.,-1.));
#7853=DIRECTION('',(0.,0.,-1.));
#7854=DIRECTION('',(0.,1.,0.));
#7855=DIRECTION('',(1.,0.,0.));
#7856=DIRECTION('',(0.,-1.,0.));
#7857=DIRECTION('',(1.,0.,0.));
#7858=DIRECTION('',(1.,0.,0.));
#7859=DIRECTION('',(0.,-1.,0.));
#7860=DIRECTION('',(0.,0.,1.));
#7861=DIRECTION('',(0.,0.,-1.));
#7862=DIRECTION('',(0.,1.,0.));
#7863=DIRECTION('',(1.,0.,0.));
#7864=DIRECTION('',(0.,1.,0.));
#7865=DIRECTION('',(1.,0.,0.));
#7866=DIRECTION('',(0.,0.,1.));
#7867=DIRECTION('',(1.,0.,0.));
#7868=DIRECTION('',(0.,0.,-1.));
#7869=DIRECTION('',(0.,1.,0.));
#7870=DIRECTION('',(1.,0.,0.));
#7871=DIRECTION('',(0.,-1.,0.));
#7872=DIRECTION('',(1.,0.,0.));
#7873=DIRECTION('',(0.,-1.,0.));
#7874=DIRECTION('',(1.,0.,0.));
#7875=DIRECTION('',(0.,-1.,0.));
#7876=DIRECTION('',(0.,0.,1.));
#7877=DIRECTION('',(0.,-1.,0.));
#7878=DIRECTION('',(0.,0.,-1.));
#7879=DIRECTION('',(0.,0.,-1.));
#7880=DIRECTION('',(0.,1.,0.));
#7881=DIRECTION('',(1.,0.,0.));
#7882=DIRECTION('',(0.,-1.,0.));
#7883=DIRECTION('',(1.,0.,0.));
#7884=DIRECTION('',(1.,0.,0.));
#7885=DIRECTION('',(0.,-1.,0.));
#7886=DIRECTION('',(0.,0.,1.));
#7887=DIRECTION('',(0.,0.,-1.));
#7888=DIRECTION('',(0.,1.,0.));
#7889=DIRECTION('',(1.,0.,0.));
#7890=DIRECTION('',(0.,1.,0.));
#7891=DIRECTION('',(1.,0.,0.));
#7892=DIRECTION('',(0.,0.,1.));
#7893=DIRECTION('',(1.,0.,0.));
#7894=DIRECTION('',(0.,0.,-1.));
#7895=DIRECTION('',(0.,1.,0.));
#7896=DIRECTION('',(1.,0.,0.));
#7897=DIRECTION('',(0.,-1.,0.));
#7898=DIRECTION('',(1.,0.,0.));
#7899=DIRECTION('',(0.,-1.,0.));
#7900=DIRECTION('',(1.,0.,0.));
#7901=DIRECTION('',(0.,-1.,0.));
#7902=DIRECTION('',(0.,0.,1.));
#7903=DIRECTION('',(0.,-1.,0.));
#7904=DIRECTION('',(0.,0.,-1.));
#7905=DIRECTION('',(0.,0.,-1.));
#7906=DIRECTION('',(0.,1.,0.));
#7907=DIRECTION('',(1.,0.,0.));
#7908=DIRECTION('',(0.,-1.,0.));
#7909=DIRECTION('',(1.,0.,0.));
#7910=DIRECTION('',(1.,0.,0.));
#7911=DIRECTION('',(0.,-1.,0.));
#7912=DIRECTION('',(0.,0.,1.));
#7913=DIRECTION('',(0.,0.,-1.));
#7914=DIRECTION('',(0.,1.,0.));
#7915=DIRECTION('',(1.,0.,0.));
#7916=DIRECTION('',(0.,1.,0.));
#7917=DIRECTION('',(1.,0.,0.));
#7918=DIRECTION('',(0.,0.,1.));
#7919=DIRECTION('',(1.,0.,0.));
#7920=DIRECTION('',(0.,0.,-1.));
#7921=DIRECTION('',(0.,1.,0.));
#7922=DIRECTION('',(1.,0.,0.));
#7923=DIRECTION('',(0.,-1.,0.));
#7924=DIRECTION('',(1.,0.,0.));
#7925=DIRECTION('',(0.,-1.,0.));
#7926=DIRECTION('',(1.,0.,0.));
#7927=DIRECTION('',(0.,-1.,0.));
#7928=DIRECTION('',(0.,0.,1.));
#7929=DIRECTION('',(0.,-1.,0.));
#7930=DIRECTION('',(0.,0.,-1.));
#7931=DIRECTION('',(0.,0.,-1.));
#7932=DIRECTION('',(0.,1.,0.));
#7933=DIRECTION('',(1.,0.,0.));
#7934=DIRECTION('',(0.,-1.,0.));
#7935=DIRECTION('',(1.,0.,0.));
#7936=DIRECTION('',(1.,0.,0.));
#7937=DIRECTION('',(0.,-1.,0.));
#7938=DIRECTION('',(0.,0.,1.));
#7939=DIRECTION('',(0.,0.,-1.));
#7940=DIRECTION('',(0.,1.,0.));
#7941=DIRECTION('',(1.,0.,0.));
#7942=DIRECTION('',(0.,1.,0.));
#7943=DIRECTION('',(1.,0.,0.));
#7944=DIRECTION('',(0.,0.,1.));
#7945=DIRECTION('',(1.,0.,0.));
#7946=DIRECTION('',(0.,0.,-1.));
#7947=DIRECTION('',(0.,1.,0.));
#7948=DIRECTION('',(1.,0.,0.));
#7949=DIRECTION('',(0.,-1.,0.));
#7950=DIRECTION('',(1.,0.,0.));
#7951=DIRECTION('',(0.,-1.,0.));
#7952=DIRECTION('',(1.,0.,0.));
#7953=DIRECTION('',(0.,-1.,0.));
#7954=DIRECTION('',(0.,0.,1.));
#7955=DIRECTION('',(0.,-1.,0.));
#7956=DIRECTION('',(0.,0.,-1.));
#7957=DIRECTION('',(0.,0.,-1.));
#7958=DIRECTION('',(0.,1.,0.));
#7959=DIRECTION('',(1.,0.,0.));
#7960=DIRECTION('',(0.,-1.,0.));
#7961=DIRECTION('',(1.,0.,0.));
#7962=DIRECTION('',(1.,0.,0.));
#7963=DIRECTION('',(0.,-1.,0.));
#7964=DIRECTION('',(0.,0.,1.));
#7965=DIRECTION('',(0.,0.,-1.));
#7966=DIRECTION('',(0.,1.,0.));
#7967=DIRECTION('',(1.,0.,0.));
#7968=DIRECTION('',(0.,1.,0.));
#7969=DIRECTION('',(1.,0.,0.));
#7970=DIRECTION('',(0.,0.,1.));
#7971=DIRECTION('',(1.,0.,0.));
#7972=DIRECTION('',(0.,0.,-1.));
#7973=DIRECTION('',(0.,1.,0.));
#7974=DIRECTION('',(1.,0.,0.));
#7975=DIRECTION('',(0.,-1.,0.));
#7976=DIRECTION('',(1.,0.,0.));
#7977=DIRECTION('',(0.,-1.,0.));
#7978=DIRECTION('',(1.,0.,0.));
#7979=DIRECTION('',(0.,-1.,0.));
#7980=DIRECTION('',(0.,0.,1.));
#7981=DIRECTION('',(0.,-1.,0.));
#7982=DIRECTION('',(0.,0.,-1.));
#7983=DIRECTION('',(0.,0.,-1.));
#7984=DIRECTION('',(0.,1.,0.));
#7985=DIRECTION('',(1.,0.,0.));
#7986=DIRECTION('',(0.,-1.,0.));
#7987=DIRECTION('',(1.,0.,0.));
#7988=DIRECTION('',(1.,0.,0.));
#7989=DIRECTION('',(0.,-1.,0.));
#7990=DIRECTION('',(0.,0.,1.));
#7991=DIRECTION('',(0.,0.,-1.));
#7992=DIRECTION('',(0.,1.,0.));
#7993=DIRECTION('',(1.,0.,0.));
#7994=DIRECTION('',(0.,1.,0.));
#7995=DIRECTION('',(1.,0.,0.));
#7996=DIRECTION('',(0.,0.,1.));
#7997=DIRECTION('',(1.,0.,0.));
#7998=DIRECTION('',(0.,0.,-1.));
#7999=DIRECTION('',(0.,1.,0.));
#8000=DIRECTION('',(1.,0.,0.));
#8001=DIRECTION('',(0.,-1.,0.));
#8002=DIRECTION('',(1.,0.,0.));
#8003=DIRECTION('',(0.,-1.,0.));
#8004=DIRECTION('',(1.,0.,0.));
#8005=DIRECTION('',(0.,-1.,0.));
#8006=DIRECTION('',(0.,0.,1.));
#8007=DIRECTION('',(0.,-1.,0.));
#8008=DIRECTION('',(0.,0.,-1.));
#8009=DIRECTION('',(0.,0.,-1.));
#8010=DIRECTION('',(0.,1.,0.));
#8011=DIRECTION('',(1.,0.,0.));
#8012=DIRECTION('',(0.,-1.,0.));
#8013=DIRECTION('',(1.,0.,0.));
#8014=DIRECTION('',(1.,0.,0.));
#8015=DIRECTION('',(0.,-1.,0.));
#8016=DIRECTION('',(0.,0.,1.));
#8017=DIRECTION('',(0.,0.,-1.));
#8018=DIRECTION('',(0.,1.,0.));
#8019=DIRECTION('',(1.,0.,0.));
#8020=DIRECTION('',(0.,1.,0.));
#8021=DIRECTION('',(1.,0.,0.));
#8022=DIRECTION('',(0.,0.,1.));
#8023=DIRECTION('',(1.,0.,0.));
#8024=DIRECTION('',(0.,0.,-1.));
#8025=DIRECTION('',(0.,1.,0.));
#8026=DIRECTION('',(1.,0.,0.));
#8027=DIRECTION('',(0.,-1.,0.));
#8028=DIRECTION('',(1.,0.,0.));
#8029=DIRECTION('',(0.,-1.,0.));
#8030=DIRECTION('',(1.,0.,0.));
#8031=DIRECTION('',(0.,-1.,0.));
#8032=DIRECTION('',(0.,0.,1.));
#8033=DIRECTION('',(0.,-1.,0.));
#8034=DIRECTION('',(0.,0.,-1.));
#8035=DIRECTION('',(0.,0.,-1.));
#8036=DIRECTION('',(0.,1.,0.));
#8037=DIRECTION('',(1.,0.,0.));
#8038=DIRECTION('',(0.,-1.,0.));
#8039=DIRECTION('',(1.,0.,0.));
#8040=DIRECTION('',(1.,0.,0.));
#8041=DIRECTION('',(0.,-1.,0.));
#8042=DIRECTION('',(0.,0.,1.));
#8043=DIRECTION('',(0.,0.,-1.));
#8044=DIRECTION('',(0.,1.,0.));
#8045=DIRECTION('',(1.,0.,0.));
#8046=DIRECTION('',(0.,1.,0.));
#8047=DIRECTION('',(1.,0.,0.));
#8048=DIRECTION('',(0.,0.,1.));
#8049=DIRECTION('',(1.,0.,0.));
#8050=DIRECTION('',(0.,0.,-1.));
#8051=DIRECTION('',(0.,1.,0.));
#8052=DIRECTION('',(1.,0.,0.));
#8053=DIRECTION('',(0.,-1.,0.));
#8054=DIRECTION('',(1.,0.,0.));
#8055=DIRECTION('',(0.,-1.,0.));
#8056=DIRECTION('',(1.,0.,0.));
#8057=DIRECTION('',(0.,-1.,0.));
#8058=DIRECTION('',(0.,0.,1.));
#8059=DIRECTION('',(0.,-1.,0.));
#8060=DIRECTION('',(0.,0.,-1.));
#8061=DIRECTION('',(0.,0.,-1.));
#8062=DIRECTION('',(0.,1.,0.));
#8063=DIRECTION('',(1.,0.,0.));
#8064=DIRECTION('',(0.,-1.,0.));
#8065=DIRECTION('',(1.,0.,0.));
#8066=DIRECTION('',(1.,0.,0.));
#8067=DIRECTION('',(0.,-1.,0.));
#8068=DIRECTION('',(0.,0.,1.));
#8069=DIRECTION('',(0.,0.,-1.));
#8070=DIRECTION('',(0.,1.,0.));
#8071=DIRECTION('',(1.,0.,0.));
#8072=DIRECTION('',(0.,1.,0.));
#8073=DIRECTION('',(1.,0.,0.));
#8074=DIRECTION('',(0.,0.,1.));
#8075=DIRECTION('',(1.,0.,0.));
#8076=DIRECTION('',(0.,0.,-1.));
#8077=DIRECTION('',(0.,1.,0.));
#8078=DIRECTION('',(0.,0.,1.));
#8079=DIRECTION('',(0.,-1.,0.));
#8080=DIRECTION('',(0.,0.,1.));
#8081=DIRECTION('',(0.,-1.,0.));
#8082=DIRECTION('',(0.,0.,1.));
#8083=DIRECTION('',(1.,0.,0.));
#8084=DIRECTION('',(0.,0.,1.));
#8085=DIRECTION('',(1.,0.,0.));
#8086=DIRECTION('',(0.,0.,1.));
#8087=DIRECTION('',(1.,0.,0.));
#8088=DIRECTION('',(0.,0.,-1.));
#8089=DIRECTION('',(0.,1.,0.));
#8090=DIRECTION('',(0.,0.,1.));
#8091=DIRECTION('',(0.,-1.,0.));
#8092=DIRECTION('',(0.,0.,1.));
#8093=DIRECTION('',(0.,-1.,0.));
#8094=DIRECTION('',(0.,0.,1.));
#8095=DIRECTION('',(1.,0.,0.));
#8096=DIRECTION('',(0.,0.,1.));
#8097=DIRECTION('',(1.,0.,0.));
#8098=DIRECTION('',(0.,0.,1.));
#8099=DIRECTION('',(1.,0.,0.));
#8100=DIRECTION('',(-1.,0.,0.));
#8101=DIRECTION('',(0.,1.,0.));
#8102=DIRECTION('',(1.,0.,0.));
#8103=DIRECTION('',(0.,-1.,0.));
#8104=DIRECTION('',(1.,0.,0.));
#8105=DIRECTION('',(0.,-1.,0.));
#8106=DIRECTION('',(1.,0.,0.));
#8107=DIRECTION('',(0.,0.,-1.));
#8108=DIRECTION('',(1.,0.,0.));
#8109=DIRECTION('',(0.,0.,-1.));
#8110=DIRECTION('',(0.,0.,1.));
#8111=DIRECTION('',(1.,0.,0.));
#8112=DIRECTION('',(-1.,0.,0.));
#8113=DIRECTION('',(0.,1.,0.));
#8114=DIRECTION('',(1.,0.,0.));
#8115=DIRECTION('',(0.,-1.,0.));
#8116=DIRECTION('',(1.,0.,0.));
#8117=DIRECTION('',(0.,-1.,0.));
#8118=DIRECTION('',(1.,0.,0.));
#8119=DIRECTION('',(0.,0.,-1.));
#8120=DIRECTION('',(1.,0.,0.));
#8121=DIRECTION('',(0.,0.,-1.));
#8122=DIRECTION('',(0.,0.,1.));
#8123=DIRECTION('',(1.,0.,0.));
#8124=DIRECTION('',(-1.,0.,0.));
#8125=DIRECTION('',(0.,1.,0.));
#8126=DIRECTION('',(1.,0.,0.));
#8127=DIRECTION('',(0.,-1.,0.));
#8128=DIRECTION('',(1.,0.,0.));
#8129=DIRECTION('',(0.,-1.,0.));
#8130=DIRECTION('',(1.,0.,0.));
#8131=DIRECTION('',(0.,0.,-1.));
#8132=DIRECTION('',(1.,0.,0.));
#8133=DIRECTION('',(0.,0.,-1.));
#8134=DIRECTION('',(0.,0.,1.));
#8135=DIRECTION('',(1.,0.,0.));
#8136=DIRECTION('',(-1.,0.,0.));
#8137=DIRECTION('',(0.,1.,0.));
#8138=DIRECTION('',(1.,0.,0.));
#8139=DIRECTION('',(0.,-1.,0.));
#8140=DIRECTION('',(1.,0.,0.));
#8141=DIRECTION('',(0.,-1.,0.));
#8142=DIRECTION('',(1.,0.,0.));
#8143=DIRECTION('',(0.,0.,-1.));
#8144=DIRECTION('',(1.,0.,0.));
#8145=DIRECTION('',(0.,0.,-1.));
#8146=DIRECTION('',(0.,0.,1.));
#8147=DIRECTION('',(1.,0.,0.));
#8148=DIRECTION('',(0.,0.,-1.));
#8149=DIRECTION('',(0.,1.,0.));
#8150=DIRECTION('',(0.,0.,1.));
#8151=DIRECTION('',(0.,-1.,0.));
#8152=DIRECTION('',(0.,0.,1.));
#8153=DIRECTION('',(0.,-1.,0.));
#8154=DIRECTION('',(0.,0.,1.));
#8155=DIRECTION('',(1.,0.,0.));
#8156=DIRECTION('',(0.,0.,1.));
#8157=DIRECTION('',(1.,0.,0.));
#8158=DIRECTION('',(0.,0.,1.));
#8159=DIRECTION('',(1.,0.,0.));
#8160=DIRECTION('',(-1.,0.,0.));
#8161=DIRECTION('',(0.,1.,0.));
#8162=DIRECTION('',(1.,0.,0.));
#8163=DIRECTION('',(0.,-1.,0.));
#8164=DIRECTION('',(1.,0.,0.));
#8165=DIRECTION('',(0.,-1.,0.));
#8166=DIRECTION('',(1.,0.,0.));
#8167=DIRECTION('',(0.,0.,-1.));
#8168=DIRECTION('',(1.,0.,0.));
#8169=DIRECTION('',(0.,0.,-1.));
#8170=DIRECTION('',(0.,0.,1.));
#8171=DIRECTION('',(1.,0.,0.));
#8172=DIRECTION('',(-1.,0.,0.));
#8173=DIRECTION('',(0.,1.,0.));
#8174=DIRECTION('',(1.,0.,0.));
#8175=DIRECTION('',(0.,-1.,0.));
#8176=DIRECTION('',(1.,0.,0.));
#8177=DIRECTION('',(0.,-1.,0.));
#8178=DIRECTION('',(1.,0.,0.));
#8179=DIRECTION('',(0.,0.,-1.));
#8180=DIRECTION('',(1.,0.,0.));
#8181=DIRECTION('',(0.,0.,-1.));
#8182=DIRECTION('',(0.,0.,1.));
#8183=DIRECTION('',(1.,0.,0.));
#8184=DIRECTION('',(0.,0.,-1.));
#8185=DIRECTION('',(0.,1.,0.));
#8186=DIRECTION('',(1.,0.,0.));
#8187=DIRECTION('',(0.,-1.,0.));
#8188=DIRECTION('',(1.,0.,0.));
#8189=DIRECTION('',(0.,-1.,0.));
#8190=DIRECTION('',(1.,0.,0.));
#8191=DIRECTION('',(0.,-1.,0.));
#8192=DIRECTION('',(0.,0.,1.));
#8193=DIRECTION('',(0.,-1.,0.));
#8194=DIRECTION('',(0.,0.,-1.));
#8195=DIRECTION('',(0.,0.,-1.));
#8196=DIRECTION('',(0.,1.,0.));
#8197=DIRECTION('',(1.,0.,0.));
#8198=DIRECTION('',(0.,-1.,0.));
#8199=DIRECTION('',(1.,0.,0.));
#8200=DIRECTION('',(1.,0.,0.));
#8201=DIRECTION('',(0.,-1.,0.));
#8202=DIRECTION('',(0.,0.,1.));
#8203=DIRECTION('',(0.,0.,-1.));
#8204=DIRECTION('',(0.,1.,0.));
#8205=DIRECTION('',(1.,0.,0.));
#8206=DIRECTION('',(0.,1.,0.));
#8207=DIRECTION('',(1.,0.,0.));
#8208=DIRECTION('',(0.,0.,1.));
#8209=DIRECTION('',(1.,0.,0.));
#8210=DIRECTION('',(0.,0.,1.));
#8211=DIRECTION('',(0.,-1.,0.));
#8212=DIRECTION('',(0.,1.,0.));
#8213=DIRECTION('',(1.,0.,0.));
#8214=DIRECTION('',(0.,1.,0.));
#8215=DIRECTION('',(1.,0.,0.));
#8216=DIRECTION('',(-1.,0.,0.));
#8217=DIRECTION('',(0.,1.,0.));
#8218=DIRECTION('',(0.,0.,1.));
#8219=DIRECTION('',(0.,1.,0.));
#8220=DIRECTION('',(0.,0.,1.));
#8221=DIRECTION('',(-1.,0.,0.));
#8222=DIRECTION('',(0.,1.,0.));
#8223=DIRECTION('',(0.,1.,0.));
#8224=DIRECTION('',(0.,0.,1.));
#8225=DIRECTION('',(0.,1.,0.));
#8226=DIRECTION('',(0.,0.,1.));
#8227=DIRECTION('',(0.,0.,1.));
#8228=DIRECTION('',(0.,-1.,0.));
#8229=DIRECTION('',(1.,0.,0.));
#8230=DIRECTION('',(0.,1.,0.));
#8231=DIRECTION('',(1.,0.,0.));
#8232=DIRECTION('',(0.,1.,0.));
#8233=DIRECTION('',(1.,0.,0.));
#8234=DIRECTION('',(1.,0.,0.));
#8235=DIRECTION('',(0.,0.,1.));
#8236=DIRECTION('',(1.,0.,0.));
#8237=DIRECTION('',(0.,0.,-1.));
#8238=DIRECTION('',(0.,1.,0.));
#8239=DIRECTION('',(1.,0.,0.));
#8240=DIRECTION('',(1.,0.,0.));
#8241=DIRECTION('',(0.,0.,-1.));
#8242=DIRECTION('',(-1.,0.,0.));
#8243=DIRECTION('',(0.,1.,0.));
#8244=DIRECTION('',(1.,0.,0.));
#8245=DIRECTION('',(0.,-1.,0.));
#8246=DIRECTION('',(-0.707106781186548,0.,0.707106781186548));
#8247=DIRECTION('',(-0.707106781186548,0.,-0.707106781186548));
#8248=DIRECTION('',(0.,0.,1.));
#8249=DIRECTION('',(0.,-1.,0.));
#8250=DIRECTION('',(0.,0.,1.));
#8251=DIRECTION('',(0.,-1.,0.));
#8252=DIRECTION('',(1.,0.,0.));
#8253=DIRECTION('',(0.,0.,-1.));
#8254=DIRECTION('',(1.,0.,0.));
#8255=DIRECTION('',(0.,-1.,0.));
#8256=DIRECTION('',(1.,0.,0.));
#8257=DIRECTION('',(0.,-1.,0.));
#8258=DIRECTION('',(1.,0.,0.));
#8259=DIRECTION('',(0.,-1.,0.));
#8260=DIRECTION('',(0.,0.,1.));
#8261=DIRECTION('',(1.,0.,0.));
#8262=DIRECTION('',(1.,0.,0.));
#8263=DIRECTION('',(0.,-1.,0.));
#8264=DIRECTION('',(-1.,0.,0.));
#8265=DIRECTION('',(0.,1.,0.));
#8266=DIRECTION('',(-1.,0.,0.));
#8267=DIRECTION('',(0.,0.,1.));
#8268=DIRECTION('',(1.,0.,0.));
#8269=DIRECTION('',(0.,-1.,0.));
#8270=DIRECTION('',(-1.,0.,0.));
#8271=DIRECTION('',(0.,1.,0.));
#8272=DIRECTION('',(-1.,0.,0.));
#8273=DIRECTION('',(0.,0.,1.));
#8274=DIRECTION('',(1.,0.,0.));
#8275=DIRECTION('',(0.,-1.,0.));
#8276=DIRECTION('',(-1.,0.,0.));
#8277=DIRECTION('',(0.,1.,0.));
#8278=DIRECTION('',(-1.,0.,0.));
#8279=DIRECTION('',(0.,0.,1.));
#8280=DIRECTION('',(0.,0.,1.));
#8281=DIRECTION('',(1.,0.,0.));
#8282=DIRECTION('',(0.,0.,-1.));
#8283=DIRECTION('',(0.,1.,0.));
#8284=DIRECTION('',(1.,0.,0.));
#8285=DIRECTION('',(0.,-1.,0.));
#8286=DIRECTION('',(1.,0.,0.));
#8287=DIRECTION('',(0.,-1.,0.));
#8288=DIRECTION('',(1.,0.,0.));
#8289=DIRECTION('',(0.,-1.,0.));
#8290=DIRECTION('',(0.,0.,1.));
#8291=DIRECTION('',(0.,-1.,0.));
#8292=DIRECTION('',(0.,0.,-1.));
#8293=DIRECTION('',(0.,0.,-1.));
#8294=DIRECTION('',(0.,1.,0.));
#8295=DIRECTION('',(1.,0.,0.));
#8296=DIRECTION('',(0.,-1.,0.));
#8297=DIRECTION('',(1.,0.,0.));
#8298=DIRECTION('',(1.,0.,0.));
#8299=DIRECTION('',(0.,-1.,0.));
#8300=DIRECTION('',(0.,0.,1.));
#8301=DIRECTION('',(0.,0.,-1.));
#8302=DIRECTION('',(0.,1.,0.));
#8303=DIRECTION('',(1.,0.,0.));
#8304=DIRECTION('',(0.,1.,0.));
#8305=DIRECTION('',(1.,0.,0.));
#8306=DIRECTION('',(0.,0.,1.));
#8307=DIRECTION('',(1.,0.,0.));
#8308=DIRECTION('',(0.,0.,-1.));
#8309=DIRECTION('',(0.,1.,0.));
#8310=DIRECTION('',(1.,0.,0.));
#8311=DIRECTION('',(0.,-1.,0.));
#8312=DIRECTION('',(1.,0.,0.));
#8313=DIRECTION('',(0.,-1.,0.));
#8314=DIRECTION('',(1.,0.,0.));
#8315=DIRECTION('',(0.,-1.,0.));
#8316=DIRECTION('',(0.,0.,1.));
#8317=DIRECTION('',(0.,-1.,0.));
#8318=DIRECTION('',(0.,0.,-1.));
#8319=DIRECTION('',(0.,0.,-1.));
#8320=DIRECTION('',(0.,1.,0.));
#8321=DIRECTION('',(1.,0.,0.));
#8322=DIRECTION('',(0.,-1.,0.));
#8323=DIRECTION('',(1.,0.,0.));
#8324=DIRECTION('',(1.,0.,0.));
#8325=DIRECTION('',(0.,-1.,0.));
#8326=DIRECTION('',(0.,0.,1.));
#8327=DIRECTION('',(0.,0.,-1.));
#8328=DIRECTION('',(0.,1.,0.));
#8329=DIRECTION('',(1.,0.,0.));
#8330=DIRECTION('',(0.,1.,0.));
#8331=DIRECTION('',(1.,0.,0.));
#8332=DIRECTION('',(0.,0.,1.));
#8333=DIRECTION('',(1.,0.,0.));
#8334=DIRECTION('',(0.,0.,-1.));
#8335=DIRECTION('',(0.,1.,0.));
#8336=DIRECTION('',(1.,0.,0.));
#8337=DIRECTION('',(0.,-1.,0.));
#8338=DIRECTION('',(1.,0.,0.));
#8339=DIRECTION('',(0.,-1.,0.));
#8340=DIRECTION('',(1.,0.,0.));
#8341=DIRECTION('',(0.,-1.,0.));
#8342=DIRECTION('',(0.,0.,1.));
#8343=DIRECTION('',(0.,-1.,0.));
#8344=DIRECTION('',(0.,0.,-1.));
#8345=DIRECTION('',(0.,0.,-1.));
#8346=DIRECTION('',(0.,1.,0.));
#8347=DIRECTION('',(1.,0.,0.));
#8348=DIRECTION('',(0.,-1.,0.));
#8349=DIRECTION('',(1.,0.,0.));
#8350=DIRECTION('',(1.,0.,0.));
#8351=DIRECTION('',(0.,-1.,0.));
#8352=DIRECTION('',(0.,0.,1.));
#8353=DIRECTION('',(0.,0.,-1.));
#8354=DIRECTION('',(0.,1.,0.));
#8355=DIRECTION('',(1.,0.,0.));
#8356=DIRECTION('',(0.,1.,0.));
#8357=DIRECTION('',(1.,0.,0.));
#8358=DIRECTION('',(0.,0.,1.));
#8359=DIRECTION('',(1.,0.,0.));
#8360=DIRECTION('',(0.,0.,-1.));
#8361=DIRECTION('',(0.,1.,0.));
#8362=DIRECTION('',(1.,0.,0.));
#8363=DIRECTION('',(0.,-1.,0.));
#8364=DIRECTION('',(1.,0.,0.));
#8365=DIRECTION('',(0.,-1.,0.));
#8366=DIRECTION('',(1.,0.,0.));
#8367=DIRECTION('',(0.,-1.,0.));
#8368=DIRECTION('',(0.,0.,1.));
#8369=DIRECTION('',(0.,-1.,0.));
#8370=DIRECTION('',(0.,0.,-1.));
#8371=DIRECTION('',(0.,0.,-1.));
#8372=DIRECTION('',(0.,1.,0.));
#8373=DIRECTION('',(1.,0.,0.));
#8374=DIRECTION('',(0.,-1.,0.));
#8375=DIRECTION('',(1.,0.,0.));
#8376=DIRECTION('',(1.,0.,0.));
#8377=DIRECTION('',(0.,-1.,0.));
#8378=DIRECTION('',(0.,0.,1.));
#8379=DIRECTION('',(0.,0.,-1.));
#8380=DIRECTION('',(0.,1.,0.));
#8381=DIRECTION('',(1.,0.,0.));
#8382=DIRECTION('',(0.,1.,0.));
#8383=DIRECTION('',(1.,0.,0.));
#8384=DIRECTION('',(0.,0.,1.));
#8385=DIRECTION('',(1.,0.,0.));
#8386=DIRECTION('',(0.,0.,-1.));
#8387=DIRECTION('',(0.,1.,0.));
#8388=DIRECTION('',(1.,0.,0.));
#8389=DIRECTION('',(0.,-1.,0.));
#8390=DIRECTION('',(1.,0.,0.));
#8391=DIRECTION('',(0.,-1.,0.));
#8392=DIRECTION('',(1.,0.,0.));
#8393=DIRECTION('',(0.,-1.,0.));
#8394=DIRECTION('',(0.,0.,1.));
#8395=DIRECTION('',(0.,-1.,0.));
#8396=DIRECTION('',(0.,0.,-1.));
#8397=DIRECTION('',(0.,0.,-1.));
#8398=DIRECTION('',(0.,1.,0.));
#8399=DIRECTION('',(1.,0.,0.));
#8400=DIRECTION('',(0.,-1.,0.));
#8401=DIRECTION('',(1.,0.,0.));
#8402=DIRECTION('',(1.,0.,0.));
#8403=DIRECTION('',(0.,-1.,0.));
#8404=DIRECTION('',(0.,0.,1.));
#8405=DIRECTION('',(0.,0.,-1.));
#8406=DIRECTION('',(0.,1.,0.));
#8407=DIRECTION('',(1.,0.,0.));
#8408=DIRECTION('',(0.,1.,0.));
#8409=DIRECTION('',(1.,0.,0.));
#8410=DIRECTION('',(0.,0.,1.));
#8411=DIRECTION('',(1.,0.,0.));
#8412=DIRECTION('',(0.,0.,-1.));
#8413=DIRECTION('',(0.,1.,0.));
#8414=DIRECTION('',(1.,0.,0.));
#8415=DIRECTION('',(0.,-1.,0.));
#8416=DIRECTION('',(1.,0.,0.));
#8417=DIRECTION('',(0.,-1.,0.));
#8418=DIRECTION('',(1.,0.,0.));
#8419=DIRECTION('',(0.,-1.,0.));
#8420=DIRECTION('',(0.,0.,1.));
#8421=DIRECTION('',(0.,-1.,0.));
#8422=DIRECTION('',(0.,0.,-1.));
#8423=DIRECTION('',(0.,0.,-1.));
#8424=DIRECTION('',(0.,1.,0.));
#8425=DIRECTION('',(1.,0.,0.));
#8426=DIRECTION('',(0.,-1.,0.));
#8427=DIRECTION('',(1.,0.,0.));
#8428=DIRECTION('',(1.,0.,0.));
#8429=DIRECTION('',(0.,-1.,0.));
#8430=DIRECTION('',(0.,0.,1.));
#8431=DIRECTION('',(0.,0.,-1.));
#8432=DIRECTION('',(0.,1.,0.));
#8433=DIRECTION('',(1.,0.,0.));
#8434=DIRECTION('',(0.,1.,0.));
#8435=DIRECTION('',(1.,0.,0.));
#8436=DIRECTION('',(0.,0.,1.));
#8437=DIRECTION('',(1.,0.,0.));
#8438=DIRECTION('',(0.,0.,-1.));
#8439=DIRECTION('',(0.,1.,0.));
#8440=DIRECTION('',(1.,0.,0.));
#8441=DIRECTION('',(0.,-1.,0.));
#8442=DIRECTION('',(1.,0.,0.));
#8443=DIRECTION('',(0.,-1.,0.));
#8444=DIRECTION('',(1.,0.,0.));
#8445=DIRECTION('',(0.,-1.,0.));
#8446=DIRECTION('',(0.,0.,1.));
#8447=DIRECTION('',(0.,-1.,0.));
#8448=DIRECTION('',(0.,0.,-1.));
#8449=DIRECTION('',(0.,0.,-1.));
#8450=DIRECTION('',(0.,1.,0.));
#8451=DIRECTION('',(1.,0.,0.));
#8452=DIRECTION('',(0.,-1.,0.));
#8453=DIRECTION('',(1.,0.,0.));
#8454=DIRECTION('',(1.,0.,0.));
#8455=DIRECTION('',(0.,-1.,0.));
#8456=DIRECTION('',(0.,0.,1.));
#8457=DIRECTION('',(0.,0.,-1.));
#8458=DIRECTION('',(0.,1.,0.));
#8459=DIRECTION('',(1.,0.,0.));
#8460=DIRECTION('',(0.,1.,0.));
#8461=DIRECTION('',(1.,0.,0.));
#8462=DIRECTION('',(0.,0.,1.));
#8463=DIRECTION('',(1.,0.,0.));
#8464=DIRECTION('',(0.,0.,-1.));
#8465=DIRECTION('',(0.,1.,0.));
#8466=DIRECTION('',(1.,0.,0.));
#8467=DIRECTION('',(0.,-1.,0.));
#8468=DIRECTION('',(1.,0.,0.));
#8469=DIRECTION('',(0.,-1.,0.));
#8470=DIRECTION('',(1.,0.,0.));
#8471=DIRECTION('',(0.,-1.,0.));
#8472=DIRECTION('',(0.,0.,1.));
#8473=DIRECTION('',(0.,-1.,0.));
#8474=DIRECTION('',(0.,0.,-1.));
#8475=DIRECTION('',(0.,0.,-1.));
#8476=DIRECTION('',(0.,1.,0.));
#8477=DIRECTION('',(1.,0.,0.));
#8478=DIRECTION('',(0.,-1.,0.));
#8479=DIRECTION('',(1.,0.,0.));
#8480=DIRECTION('',(1.,0.,0.));
#8481=DIRECTION('',(0.,-1.,0.));
#8482=DIRECTION('',(0.,0.,1.));
#8483=DIRECTION('',(0.,0.,-1.));
#8484=DIRECTION('',(0.,1.,0.));
#8485=DIRECTION('',(1.,0.,0.));
#8486=DIRECTION('',(0.,1.,0.));
#8487=DIRECTION('',(1.,0.,0.));
#8488=DIRECTION('',(0.,0.,1.));
#8489=DIRECTION('',(1.,0.,0.));
#8490=DIRECTION('',(0.,0.,-1.));
#8491=DIRECTION('',(0.,1.,0.));
#8492=DIRECTION('',(1.,0.,0.));
#8493=DIRECTION('',(0.,-1.,0.));
#8494=DIRECTION('',(1.,0.,0.));
#8495=DIRECTION('',(0.,-1.,0.));
#8496=DIRECTION('',(1.,0.,0.));
#8497=DIRECTION('',(0.,-1.,0.));
#8498=DIRECTION('',(0.,0.,1.));
#8499=DIRECTION('',(0.,-1.,0.));
#8500=DIRECTION('',(0.,0.,-1.));
#8501=DIRECTION('',(0.,0.,-1.));
#8502=DIRECTION('',(0.,1.,0.));
#8503=DIRECTION('',(1.,0.,0.));
#8504=DIRECTION('',(0.,-1.,0.));
#8505=DIRECTION('',(1.,0.,0.));
#8506=DIRECTION('',(1.,0.,0.));
#8507=DIRECTION('',(0.,-1.,0.));
#8508=DIRECTION('',(0.,0.,1.));
#8509=DIRECTION('',(0.,0.,-1.));
#8510=DIRECTION('',(0.,1.,0.));
#8511=DIRECTION('',(1.,0.,0.));
#8512=DIRECTION('',(0.,1.,0.));
#8513=DIRECTION('',(1.,0.,0.));
#8514=DIRECTION('',(0.,0.,1.));
#8515=DIRECTION('',(1.,0.,0.));
#8516=DIRECTION('',(0.,0.,-1.));
#8517=DIRECTION('',(0.,1.,0.));
#8518=DIRECTION('',(1.,0.,0.));
#8519=DIRECTION('',(0.,-1.,0.));
#8520=DIRECTION('',(1.,0.,0.));
#8521=DIRECTION('',(0.,-1.,0.));
#8522=DIRECTION('',(1.,0.,0.));
#8523=DIRECTION('',(0.,-1.,0.));
#8524=DIRECTION('',(0.,0.,1.));
#8525=DIRECTION('',(0.,-1.,0.));
#8526=DIRECTION('',(0.,0.,-1.));
#8527=DIRECTION('',(0.,0.,-1.));
#8528=DIRECTION('',(0.,1.,0.));
#8529=DIRECTION('',(1.,0.,0.));
#8530=DIRECTION('',(0.,-1.,0.));
#8531=DIRECTION('',(1.,0.,0.));
#8532=DIRECTION('',(1.,0.,0.));
#8533=DIRECTION('',(0.,-1.,0.));
#8534=DIRECTION('',(0.,0.,1.));
#8535=DIRECTION('',(0.,0.,-1.));
#8536=DIRECTION('',(0.,1.,0.));
#8537=DIRECTION('',(1.,0.,0.));
#8538=DIRECTION('',(0.,1.,0.));
#8539=DIRECTION('',(1.,0.,0.));
#8540=DIRECTION('',(0.,0.,1.));
#8541=DIRECTION('',(1.,0.,0.));
#8542=DIRECTION('',(0.,0.,-1.));
#8543=DIRECTION('',(0.,1.,0.));
#8544=DIRECTION('',(1.,0.,0.));
#8545=DIRECTION('',(0.,-1.,0.));
#8546=DIRECTION('',(1.,0.,0.));
#8547=DIRECTION('',(0.,-1.,0.));
#8548=DIRECTION('',(1.,0.,0.));
#8549=DIRECTION('',(0.,-1.,0.));
#8550=DIRECTION('',(0.,0.,1.));
#8551=DIRECTION('',(0.,-1.,0.));
#8552=DIRECTION('',(0.,0.,-1.));
#8553=DIRECTION('',(0.,0.,-1.));
#8554=DIRECTION('',(0.,1.,0.));
#8555=DIRECTION('',(1.,0.,0.));
#8556=DIRECTION('',(0.,-1.,0.));
#8557=DIRECTION('',(1.,0.,0.));
#8558=DIRECTION('',(1.,0.,0.));
#8559=DIRECTION('',(0.,-1.,0.));
#8560=DIRECTION('',(0.,0.,1.));
#8561=DIRECTION('',(0.,0.,-1.));
#8562=DIRECTION('',(0.,1.,0.));
#8563=DIRECTION('',(1.,0.,0.));
#8564=DIRECTION('',(0.,1.,0.));
#8565=DIRECTION('',(1.,0.,0.));
#8566=DIRECTION('',(0.,0.,1.));
#8567=DIRECTION('',(1.,0.,0.));
#8568=DIRECTION('',(0.,0.,-1.));
#8569=DIRECTION('',(0.,1.,0.));
#8570=DIRECTION('',(1.,0.,0.));
#8571=DIRECTION('',(0.,-1.,0.));
#8572=DIRECTION('',(1.,0.,0.));
#8573=DIRECTION('',(0.,-1.,0.));
#8574=DIRECTION('',(1.,0.,0.));
#8575=DIRECTION('',(0.,-1.,0.));
#8576=DIRECTION('',(0.,0.,1.));
#8577=DIRECTION('',(0.,-1.,0.));
#8578=DIRECTION('',(0.,0.,-1.));
#8579=DIRECTION('',(0.,0.,-1.));
#8580=DIRECTION('',(0.,1.,0.));
#8581=DIRECTION('',(1.,0.,0.));
#8582=DIRECTION('',(0.,-1.,0.));
#8583=DIRECTION('',(1.,0.,0.));
#8584=DIRECTION('',(1.,0.,0.));
#8585=DIRECTION('',(0.,-1.,0.));
#8586=DIRECTION('',(0.,0.,1.));
#8587=DIRECTION('',(0.,0.,-1.));
#8588=DIRECTION('',(0.,1.,0.));
#8589=DIRECTION('',(1.,0.,0.));
#8590=DIRECTION('',(0.,1.,0.));
#8591=DIRECTION('',(1.,0.,0.));
#8592=DIRECTION('',(0.,0.,1.));
#8593=DIRECTION('',(1.,0.,0.));
#8594=DIRECTION('',(0.,0.,-1.));
#8595=DIRECTION('',(0.,1.,0.));
#8596=DIRECTION('',(1.,0.,0.));
#8597=DIRECTION('',(0.,-1.,0.));
#8598=DIRECTION('',(1.,0.,0.));
#8599=DIRECTION('',(0.,-1.,0.));
#8600=DIRECTION('',(1.,0.,0.));
#8601=DIRECTION('',(0.,-1.,0.));
#8602=DIRECTION('',(0.,0.,1.));
#8603=DIRECTION('',(0.,-1.,0.));
#8604=DIRECTION('',(0.,0.,-1.));
#8605=DIRECTION('',(0.,0.,-1.));
#8606=DIRECTION('',(0.,1.,0.));
#8607=DIRECTION('',(1.,0.,0.));
#8608=DIRECTION('',(0.,-1.,0.));
#8609=DIRECTION('',(1.,0.,0.));
#8610=DIRECTION('',(1.,0.,0.));
#8611=DIRECTION('',(0.,-1.,0.));
#8612=DIRECTION('',(0.,0.,1.));
#8613=DIRECTION('',(0.,0.,-1.));
#8614=DIRECTION('',(0.,1.,0.));
#8615=DIRECTION('',(1.,0.,0.));
#8616=DIRECTION('',(0.,1.,0.));
#8617=DIRECTION('',(1.,0.,0.));
#8618=DIRECTION('',(0.,0.,1.));
#8619=DIRECTION('',(1.,0.,0.));
#8620=DIRECTION('',(0.,0.,-1.));
#8621=DIRECTION('',(0.,1.,0.));
#8622=DIRECTION('',(1.,0.,0.));
#8623=DIRECTION('',(0.,-1.,0.));
#8624=DIRECTION('',(1.,0.,0.));
#8625=DIRECTION('',(0.,-1.,0.));
#8626=DIRECTION('',(1.,0.,0.));
#8627=DIRECTION('',(0.,-1.,0.));
#8628=DIRECTION('',(0.,0.,1.));
#8629=DIRECTION('',(0.,-1.,0.));
#8630=DIRECTION('',(0.,0.,-1.));
#8631=DIRECTION('',(0.,0.,-1.));
#8632=DIRECTION('',(0.,1.,0.));
#8633=DIRECTION('',(1.,0.,0.));
#8634=DIRECTION('',(0.,-1.,0.));
#8635=DIRECTION('',(1.,0.,0.));
#8636=DIRECTION('',(1.,0.,0.));
#8637=DIRECTION('',(0.,-1.,0.));
#8638=DIRECTION('',(0.,0.,1.));
#8639=DIRECTION('',(0.,0.,-1.));
#8640=DIRECTION('',(0.,1.,0.));
#8641=DIRECTION('',(1.,0.,0.));
#8642=DIRECTION('',(0.,1.,0.));
#8643=DIRECTION('',(1.,0.,0.));
#8644=DIRECTION('',(0.,0.,1.));
#8645=DIRECTION('',(1.,0.,0.));
#8646=DIRECTION('',(0.,0.,-1.));
#8647=DIRECTION('',(0.,1.,0.));
#8648=DIRECTION('',(1.,0.,0.));
#8649=DIRECTION('',(0.,-1.,0.));
#8650=DIRECTION('',(1.,0.,0.));
#8651=DIRECTION('',(0.,-1.,0.));
#8652=DIRECTION('',(1.,0.,0.));
#8653=DIRECTION('',(0.,-1.,0.));
#8654=DIRECTION('',(0.,0.,1.));
#8655=DIRECTION('',(0.,-1.,0.));
#8656=DIRECTION('',(0.,0.,-1.));
#8657=DIRECTION('',(0.,0.,-1.));
#8658=DIRECTION('',(0.,1.,0.));
#8659=DIRECTION('',(1.,0.,0.));
#8660=DIRECTION('',(0.,-1.,0.));
#8661=DIRECTION('',(1.,0.,0.));
#8662=DIRECTION('',(1.,0.,0.));
#8663=DIRECTION('',(0.,-1.,0.));
#8664=DIRECTION('',(0.,0.,1.));
#8665=DIRECTION('',(0.,0.,-1.));
#8666=DIRECTION('',(0.,1.,0.));
#8667=DIRECTION('',(1.,0.,0.));
#8668=DIRECTION('',(0.,1.,0.));
#8669=DIRECTION('',(1.,0.,0.));
#8670=DIRECTION('',(0.,0.,1.));
#8671=DIRECTION('',(1.,0.,0.));
#8672=DIRECTION('',(0.,0.,1.));
#8673=DIRECTION('',(0.,-1.,0.));
#8674=DIRECTION('',(0.,0.,-1.));
#8675=DIRECTION('',(0.,1.,0.));
#8676=DIRECTION('',(0.,0.,-1.));
#8677=DIRECTION('',(0.,1.,0.));
#8678=DIRECTION('',(0.,0.,-1.));
#8679=DIRECTION('',(-1.,0.,0.));
#8680=DIRECTION('',(0.,0.,-1.));
#8681=DIRECTION('',(-1.,0.,0.));
#8682=DIRECTION('',(0.,0.,1.));
#8683=DIRECTION('',(1.,0.,0.));
#8684=DIRECTION('',(1.,0.,0.));
#8685=DIRECTION('',(0.,-1.,0.));
#8686=DIRECTION('',(-1.,0.,0.));
#8687=DIRECTION('',(0.,1.,0.));
#8688=DIRECTION('',(-1.,0.,0.));
#8689=DIRECTION('',(0.,1.,0.));
#8690=DIRECTION('',(-1.,0.,0.));
#8691=DIRECTION('',(0.,0.,1.));
#8692=DIRECTION('',(-1.,0.,0.));
#8693=DIRECTION('',(0.,0.,1.));
#8694=DIRECTION('',(0.,0.,1.));
#8695=DIRECTION('',(1.,0.,0.));
#8696=DIRECTION('',(0.,0.,1.));
#8697=DIRECTION('',(0.,-1.,0.));
#8698=DIRECTION('',(0.,0.,-1.));
#8699=DIRECTION('',(0.,1.,0.));
#8700=DIRECTION('',(0.,0.,-1.));
#8701=DIRECTION('',(0.,1.,0.));
#8702=DIRECTION('',(0.,0.,-1.));
#8703=DIRECTION('',(-1.,0.,0.));
#8704=DIRECTION('',(0.,0.,-1.));
#8705=DIRECTION('',(-1.,0.,0.));
#8706=DIRECTION('',(0.,0.,1.));
#8707=DIRECTION('',(1.,0.,0.));
#8708=DIRECTION('',(0.,0.,1.));
#8709=DIRECTION('',(0.,-1.,0.));
#8710=DIRECTION('',(0.,0.,-1.));
#8711=DIRECTION('',(0.,1.,0.));
#8712=DIRECTION('',(0.,0.,-1.));
#8713=DIRECTION('',(0.,1.,0.));
#8714=DIRECTION('',(0.,0.,-1.));
#8715=DIRECTION('',(-1.,0.,0.));
#8716=DIRECTION('',(0.,0.,-1.));
#8717=DIRECTION('',(-1.,0.,0.));
#8718=DIRECTION('',(0.,0.,1.));
#8719=DIRECTION('',(1.,0.,0.));
#8720=DIRECTION('',(1.,0.,0.));
#8721=DIRECTION('',(0.,-1.,0.));
#8722=DIRECTION('',(-1.,0.,0.));
#8723=DIRECTION('',(0.,1.,0.));
#8724=DIRECTION('',(-1.,0.,0.));
#8725=DIRECTION('',(0.,1.,0.));
#8726=DIRECTION('',(-1.,0.,0.));
#8727=DIRECTION('',(0.,0.,1.));
#8728=DIRECTION('',(-1.,0.,0.));
#8729=DIRECTION('',(0.,0.,1.));
#8730=DIRECTION('',(0.,0.,1.));
#8731=DIRECTION('',(1.,0.,0.));
#8732=DIRECTION('',(1.,0.,0.));
#8733=DIRECTION('',(0.,-1.,0.));
#8734=DIRECTION('',(-1.,0.,0.));
#8735=DIRECTION('',(0.,1.,0.));
#8736=DIRECTION('',(-1.,0.,0.));
#8737=DIRECTION('',(0.,1.,0.));
#8738=DIRECTION('',(-1.,0.,0.));
#8739=DIRECTION('',(0.,0.,1.));
#8740=DIRECTION('',(-1.,0.,0.));
#8741=DIRECTION('',(0.,0.,1.));
#8742=DIRECTION('',(0.,0.,1.));
#8743=DIRECTION('',(1.,0.,0.));
#8744=DIRECTION('',(0.,0.,1.));
#8745=DIRECTION('',(0.,-1.,0.));
#8746=DIRECTION('',(0.,0.,-1.));
#8747=DIRECTION('',(0.,1.,0.));
#8748=DIRECTION('',(0.,0.,-1.));
#8749=DIRECTION('',(0.,1.,0.));
#8750=DIRECTION('',(0.,0.,-1.));
#8751=DIRECTION('',(-1.,0.,0.));
#8752=DIRECTION('',(0.,0.,-1.));
#8753=DIRECTION('',(-1.,0.,0.));
#8754=DIRECTION('',(0.,0.,1.));
#8755=DIRECTION('',(1.,0.,0.));
#8756=DIRECTION('',(0.,0.,1.));
#8757=DIRECTION('',(0.,-1.,0.));
#8758=DIRECTION('',(0.,0.,-1.));
#8759=DIRECTION('',(0.,1.,0.));
#8760=DIRECTION('',(0.,0.,-1.));
#8761=DIRECTION('',(0.,1.,0.));
#8762=DIRECTION('',(0.,0.,-1.));
#8763=DIRECTION('',(-1.,0.,0.));
#8764=DIRECTION('',(0.,0.,-1.));
#8765=DIRECTION('',(-1.,0.,0.));
#8766=DIRECTION('',(0.,0.,1.));
#8767=DIRECTION('',(1.,0.,0.));
#8768=DIRECTION('',(0.,0.,1.));
#8769=DIRECTION('',(0.,-1.,0.));
#8770=DIRECTION('',(0.,0.,-1.));
#8771=DIRECTION('',(0.,1.,0.));
#8772=DIRECTION('',(0.,0.,-1.));
#8773=DIRECTION('',(0.,1.,0.));
#8774=DIRECTION('',(0.,0.,-1.));
#8775=DIRECTION('',(-1.,0.,0.));
#8776=DIRECTION('',(0.,0.,-1.));
#8777=DIRECTION('',(-1.,0.,0.));
#8778=DIRECTION('',(0.,0.,1.));
#8779=DIRECTION('',(1.,0.,0.));
#8780=DIRECTION('',(0.,0.,-1.));
#8781=DIRECTION('',(0.,1.,0.));
#8782=DIRECTION('',(1.,0.,0.));
#8783=DIRECTION('',(0.,-1.,0.));
#8784=DIRECTION('',(1.,0.,0.));
#8785=DIRECTION('',(0.,-1.,0.));
#8786=DIRECTION('',(1.,0.,0.));
#8787=DIRECTION('',(0.,-1.,0.));
#8788=DIRECTION('',(0.,0.,1.));
#8789=DIRECTION('',(0.,-1.,0.));
#8790=DIRECTION('',(0.,0.,-1.));
#8791=DIRECTION('',(0.,0.,-1.));
#8792=DIRECTION('',(0.,1.,0.));
#8793=DIRECTION('',(1.,0.,0.));
#8794=DIRECTION('',(0.,-1.,0.));
#8795=DIRECTION('',(1.,0.,0.));
#8796=DIRECTION('',(1.,0.,0.));
#8797=DIRECTION('',(0.,-1.,0.));
#8798=DIRECTION('',(0.,0.,1.));
#8799=DIRECTION('',(0.,0.,-1.));
#8800=DIRECTION('',(0.,1.,0.));
#8801=DIRECTION('',(1.,0.,0.));
#8802=DIRECTION('',(0.,1.,0.));
#8803=DIRECTION('',(1.,0.,0.));
#8804=DIRECTION('',(0.,0.,1.));
#8805=DIRECTION('',(1.,0.,0.));
#8806=DIRECTION('',(0.,0.,-1.));
#8807=DIRECTION('',(0.,1.,0.));
#8808=DIRECTION('',(1.,0.,0.));
#8809=DIRECTION('',(0.,-1.,0.));
#8810=DIRECTION('',(1.,0.,0.));
#8811=DIRECTION('',(0.,-1.,0.));
#8812=DIRECTION('',(1.,0.,0.));
#8813=DIRECTION('',(0.,-1.,0.));
#8814=DIRECTION('',(0.,0.,1.));
#8815=DIRECTION('',(0.,-1.,0.));
#8816=DIRECTION('',(0.,0.,-1.));
#8817=DIRECTION('',(0.,0.,-1.));
#8818=DIRECTION('',(0.,1.,0.));
#8819=DIRECTION('',(1.,0.,0.));
#8820=DIRECTION('',(0.,-1.,0.));
#8821=DIRECTION('',(1.,0.,0.));
#8822=DIRECTION('',(1.,0.,0.));
#8823=DIRECTION('',(0.,-1.,0.));
#8824=DIRECTION('',(0.,0.,1.));
#8825=DIRECTION('',(0.,0.,-1.));
#8826=DIRECTION('',(0.,1.,0.));
#8827=DIRECTION('',(1.,0.,0.));
#8828=DIRECTION('',(0.,1.,0.));
#8829=DIRECTION('',(1.,0.,0.));
#8830=DIRECTION('',(0.,0.,1.));
#8831=DIRECTION('',(1.,0.,0.));
#8832=DIRECTION('',(0.,0.,-1.));
#8833=DIRECTION('',(0.,1.,0.));
#8834=DIRECTION('',(1.,0.,0.));
#8835=DIRECTION('',(0.,-1.,0.));
#8836=DIRECTION('',(1.,0.,0.));
#8837=DIRECTION('',(0.,-1.,0.));
#8838=DIRECTION('',(1.,0.,0.));
#8839=DIRECTION('',(0.,-1.,0.));
#8840=DIRECTION('',(0.,0.,1.));
#8841=DIRECTION('',(0.,-1.,0.));
#8842=DIRECTION('',(0.,0.,-1.));
#8843=DIRECTION('',(0.,0.,-1.));
#8844=DIRECTION('',(0.,1.,0.));
#8845=DIRECTION('',(1.,0.,0.));
#8846=DIRECTION('',(0.,-1.,0.));
#8847=DIRECTION('',(1.,0.,0.));
#8848=DIRECTION('',(1.,0.,0.));
#8849=DIRECTION('',(0.,-1.,0.));
#8850=DIRECTION('',(0.,0.,1.));
#8851=DIRECTION('',(0.,0.,-1.));
#8852=DIRECTION('',(0.,1.,0.));
#8853=DIRECTION('',(1.,0.,0.));
#8854=DIRECTION('',(0.,1.,0.));
#8855=DIRECTION('',(1.,0.,0.));
#8856=DIRECTION('',(0.,0.,1.));
#8857=DIRECTION('',(1.,0.,0.));
#8858=DIRECTION('',(0.,0.,1.));
#8859=DIRECTION('',(1.,0.,0.));
#8860=DIRECTION('',(0.,0.,1.));
#8861=DIRECTION('',(0.,-1.,0.));
#8862=DIRECTION('',(0.,0.,1.));
#8863=DIRECTION('',(0.,-1.,0.));
#8864=DIRECTION('',(0.,0.,1.));
#8865=DIRECTION('',(0.,-1.,0.));
#8866=DIRECTION('',(1.,0.,0.));
#8867=DIRECTION('',(0.,1.,0.));
#8868=DIRECTION('',(1.,0.,0.));
#8869=DIRECTION('',(0.,0.,1.));
#8870=DIRECTION('',(0.,-1.,0.));
#8871=DIRECTION('',(0.,1.,0.));
#8872=DIRECTION('',(0.,0.,1.));
#8873=DIRECTION('',(0.,-1.,0.));
#8874=DIRECTION('',(0.,1.,0.));
#8875=DIRECTION('',(1.,0.,0.));
#8876=DIRECTION('',(0.,1.,0.));
#8877=DIRECTION('',(1.,0.,0.));
#8878=DIRECTION('',(1.,0.,0.));
#8879=DIRECTION('',(0.,0.,-1.));
#8880=DIRECTION('',(1.,0.,0.));
#8881=DIRECTION('',(0.,-1.,0.));
#8882=DIRECTION('',(1.,0.,0.));
#8883=DIRECTION('',(0.,-1.,0.));
#8884=DIRECTION('',(1.,0.,0.));
#8885=DIRECTION('',(0.,-1.,0.));
#8886=DIRECTION('',(0.,0.,-1.));
#8887=DIRECTION('',(0.,1.,0.));
#8888=DIRECTION('',(1.,0.,0.));
#8889=DIRECTION('',(0.,-1.,0.));
#8890=DIRECTION('',(0.,0.,-1.));
#8891=DIRECTION('',(0.,0.,1.));
#8892=DIRECTION('',(0.,-1.,0.));
#8893=DIRECTION('',(1.,0.,0.));
#8894=DIRECTION('',(1.,0.,0.));
#8895=DIRECTION('',(0.,1.,0.));
#8896=DIRECTION('',(1.,0.,0.));
#8897=DIRECTION('',(0.,-1.,0.));
#8898=DIRECTION('',(0.707106781186548,0.,0.707106781186548));
#8899=DIRECTION('',(0.707106781186548,0.,-0.707106781186548));
#8900=DIRECTION('',(1.,0.,0.));
#8901=DIRECTION('',(0.,1.,0.));
#8902=DIRECTION('',(1.,0.,0.));
#8903=DIRECTION('',(0.,0.,1.));
#8904=DIRECTION('',(0.,0.,1.));
#8905=DIRECTION('',(0.,0.,1.));
#8906=DIRECTION('',(0.,-1.,0.));
#8907=DIRECTION('',(0.,0.,1.));
#8908=DIRECTION('',(0.,0.,1.));
#8909=DIRECTION('',(0.,1.,0.));
#8910=DIRECTION('',(1.,0.,0.));
#8911=DIRECTION('',(0.,0.,1.));
#8912=DIRECTION('',(-1.,0.,0.));
#8913=DIRECTION('',(0.,1.,0.));
#8914=DIRECTION('',(-1.,0.,0.));
#8915=DIRECTION('',(0.,1.,0.));
#8916=DIRECTION('',(0.,0.,1.));
#8917=DIRECTION('',(0.,-1.,0.));
#8918=DIRECTION('',(0.,0.,1.));
#8919=DIRECTION('',(0.,-1.,0.));
#8920=DIRECTION('',(0.,0.,1.));
#8921=DIRECTION('',(1.,0.,0.));
#8922=DIRECTION('',(0.,0.,1.));
#8923=DIRECTION('',(0.,-1.,0.));
#8924=DIRECTION('',(0.,0.,1.));
#8925=DIRECTION('',(0.,-1.,0.));
#8926=DIRECTION('',(0.,0.,1.));
#8927=DIRECTION('',(1.,0.,0.));
#8928=DIRECTION('',(0.,0.,1.));
#8929=DIRECTION('',(0.,-1.,0.));
#8930=DIRECTION('',(0.,0.,1.));
#8931=DIRECTION('',(0.,-1.,0.));
#8932=DIRECTION('',(0.,0.,1.));
#8933=DIRECTION('',(1.,0.,0.));
#8934=DIRECTION('',(-1.,0.,0.));
#8935=DIRECTION('',(0.,1.,0.));
#8936=DIRECTION('',(-1.,0.,0.));
#8937=DIRECTION('',(0.,1.,0.));
#8938=DIRECTION('',(-1.,0.,0.));
#8939=DIRECTION('',(0.,0.,1.));
#8940=DIRECTION('',(-1.,0.,0.));
#8941=DIRECTION('',(0.,1.,0.));
#8942=DIRECTION('',(-1.,0.,0.));
#8943=DIRECTION('',(0.,1.,0.));
#8944=DIRECTION('',(-1.,0.,0.));
#8945=DIRECTION('',(0.,0.,1.));
#8946=DIRECTION('',(-1.,0.,0.));
#8947=DIRECTION('',(0.,1.,0.));
#8948=DIRECTION('',(-1.,0.,0.));
#8949=DIRECTION('',(0.,1.,0.));
#8950=DIRECTION('',(-1.,0.,0.));
#8951=DIRECTION('',(0.,0.,1.));
#8952=DIRECTION('',(0.,0.,1.));
#8953=DIRECTION('',(1.,0.,0.));
#8954=DIRECTION('',(0.,0.,-1.));
#8955=DIRECTION('',(0.,1.,0.));
#8956=DIRECTION('',(1.,0.,0.));
#8957=DIRECTION('',(0.,-1.,0.));
#8958=DIRECTION('',(1.,0.,0.));
#8959=DIRECTION('',(0.,-1.,0.));
#8960=DIRECTION('',(1.,0.,0.));
#8961=DIRECTION('',(0.,-1.,0.));
#8962=DIRECTION('',(0.,0.,1.));
#8963=DIRECTION('',(0.,-1.,0.));
#8964=DIRECTION('',(0.,0.,-1.));
#8965=DIRECTION('',(0.,0.,-1.));
#8966=DIRECTION('',(0.,1.,0.));
#8967=DIRECTION('',(1.,0.,0.));
#8968=DIRECTION('',(0.,-1.,0.));
#8969=DIRECTION('',(1.,0.,0.));
#8970=DIRECTION('',(1.,0.,0.));
#8971=DIRECTION('',(0.,-1.,0.));
#8972=DIRECTION('',(0.,0.,1.));
#8973=DIRECTION('',(0.,0.,-1.));
#8974=DIRECTION('',(0.,1.,0.));
#8975=DIRECTION('',(1.,0.,0.));
#8976=DIRECTION('',(0.,1.,0.));
#8977=DIRECTION('',(1.,0.,0.));
#8978=DIRECTION('',(0.,0.,1.));
#8979=DIRECTION('',(1.,0.,0.));
#8980=DIRECTION('',(0.,0.,-1.));
#8981=DIRECTION('',(0.,1.,0.));
#8982=DIRECTION('',(1.,0.,0.));
#8983=DIRECTION('',(0.,-1.,0.));
#8984=DIRECTION('',(1.,0.,0.));
#8985=DIRECTION('',(0.,-1.,0.));
#8986=DIRECTION('',(1.,0.,0.));
#8987=DIRECTION('',(0.,-1.,0.));
#8988=DIRECTION('',(0.,0.,1.));
#8989=DIRECTION('',(0.,-1.,0.));
#8990=DIRECTION('',(0.,0.,-1.));
#8991=DIRECTION('',(0.,0.,-1.));
#8992=DIRECTION('',(0.,1.,0.));
#8993=DIRECTION('',(1.,0.,0.));
#8994=DIRECTION('',(0.,-1.,0.));
#8995=DIRECTION('',(1.,0.,0.));
#8996=DIRECTION('',(1.,0.,0.));
#8997=DIRECTION('',(0.,-1.,0.));
#8998=DIRECTION('',(0.,0.,1.));
#8999=DIRECTION('',(0.,0.,-1.));
#9000=DIRECTION('',(0.,1.,0.));
#9001=DIRECTION('',(1.,0.,0.));
#9002=DIRECTION('',(0.,1.,0.));
#9003=DIRECTION('',(1.,0.,0.));
#9004=DIRECTION('',(0.,0.,1.));
#9005=DIRECTION('',(1.,0.,0.));
#9006=DIRECTION('',(0.,0.,-1.));
#9007=DIRECTION('',(0.,1.,0.));
#9008=DIRECTION('',(1.,0.,0.));
#9009=DIRECTION('',(0.,-1.,0.));
#9010=DIRECTION('',(1.,0.,0.));
#9011=DIRECTION('',(0.,-1.,0.));
#9012=DIRECTION('',(1.,0.,0.));
#9013=DIRECTION('',(0.,-1.,0.));
#9014=DIRECTION('',(0.,0.,1.));
#9015=DIRECTION('',(0.,-1.,0.));
#9016=DIRECTION('',(0.,0.,-1.));
#9017=DIRECTION('',(0.,0.,-1.));
#9018=DIRECTION('',(0.,1.,0.));
#9019=DIRECTION('',(1.,0.,0.));
#9020=DIRECTION('',(0.,-1.,0.));
#9021=DIRECTION('',(1.,0.,0.));
#9022=DIRECTION('',(1.,0.,0.));
#9023=DIRECTION('',(0.,-1.,0.));
#9024=DIRECTION('',(0.,0.,1.));
#9025=DIRECTION('',(0.,0.,-1.));
#9026=DIRECTION('',(0.,1.,0.));
#9027=DIRECTION('',(1.,0.,0.));
#9028=DIRECTION('',(0.,1.,0.));
#9029=DIRECTION('',(1.,0.,0.));
#9030=DIRECTION('',(0.,0.,1.));
#9031=DIRECTION('',(1.,0.,0.));
#9032=DIRECTION('',(0.,0.,-1.));
#9033=DIRECTION('',(0.,1.,0.));
#9034=DIRECTION('',(0.,1.,0.));
#9035=DIRECTION('',(1.,0.,0.));
#9036=DIRECTION('',(0.,-1.,0.));
#9037=DIRECTION('',(1.,0.,0.));
#9038=DIRECTION('',(0.,-1.,0.));
#9039=DIRECTION('',(1.,0.,0.));
#9040=DIRECTION('',(0.,-1.,0.));
#9041=DIRECTION('',(1.,0.,0.));
#9042=DIRECTION('',(0.,0.,-1.));
#9043=DIRECTION('',(0.,1.,0.));
#9044=DIRECTION('',(1.,0.,0.));
#9045=DIRECTION('',(0.,1.,0.));
#9046=DIRECTION('',(1.,0.,0.));
#9047=DIRECTION('',(0.,-1.,0.));
#9048=DIRECTION('',(1.,0.,0.));
#9049=DIRECTION('',(0.,-1.,0.));
#9050=DIRECTION('',(1.,0.,0.));
#9051=DIRECTION('',(0.,-1.,0.));
#9052=DIRECTION('',(1.,0.,0.));
#9053=DIRECTION('',(0.,-1.,0.));
#9054=DIRECTION('',(1.,0.,0.));
#9055=DIRECTION('',(0.,-1.,0.));
#9056=DIRECTION('',(0.,0.,-1.));
#9057=DIRECTION('',(1.,0.,0.));
#9058=DIRECTION('',(0.,-1.,0.));
#9059=DIRECTION('',(0.,0.,1.));
#9060=DIRECTION('',(1.,0.,0.));
#9061=DIRECTION('',(0.,-1.,0.));
#9062=DIRECTION('',(0.,0.,1.));
#9063=DIRECTION('',(0.,0.,-1.));
#9064=DIRECTION('',(0.,1.,0.));
#9065=DIRECTION('',(1.,0.,0.));
#9066=DIRECTION('',(0.,1.,0.));
#9067=DIRECTION('',(1.,0.,0.));
#9068=DIRECTION('',(1.,0.,0.));
#9069=DIRECTION('',(0.,-1.,0.));
#9070=DIRECTION('',(-1.,0.,0.));
#9071=DIRECTION('',(0.,1.,0.));
#9072=DIRECTION('',(-1.,0.,0.));
#9073=DIRECTION('',(0.,0.,1.));
#9074=DIRECTION('',(1.,0.,0.));
#9075=DIRECTION('',(0.,-1.,0.));
#9076=DIRECTION('',(-1.,0.,0.));
#9077=DIRECTION('',(0.,1.,0.));
#9078=DIRECTION('',(-1.,0.,0.));
#9079=DIRECTION('',(0.,0.,1.));
#9080=DIRECTION('',(0.,0.,1.));
#9081=DIRECTION('',(1.,0.,0.));
#9082=DIRECTION('',(0.,0.,-1.));
#9083=DIRECTION('',(0.,1.,0.));
#9084=DIRECTION('',(1.,0.,0.));
#9085=DIRECTION('',(0.,-1.,0.));
#9086=DIRECTION('',(1.,0.,0.));
#9087=DIRECTION('',(0.,-1.,0.));
#9088=DIRECTION('',(1.,0.,0.));
#9089=DIRECTION('',(0.,-1.,0.));
#9090=DIRECTION('',(0.,-1.,0.));
#9091=DIRECTION('',(0.,0.,1.));
#9092=DIRECTION('',(0.,-1.,0.));
#9093=DIRECTION('',(0.,0.,-1.));
#9094=DIRECTION('',(0.,0.,1.));
#9095=DIRECTION('',(0.,-1.,0.));
#9096=DIRECTION('',(0.,0.,1.));
#9097=DIRECTION('',(0.,0.,-1.));
#9098=DIRECTION('',(0.,1.,0.));
#9099=DIRECTION('',(0.,0.,-1.));
#9100=DIRECTION('',(0.,1.,0.));
#9101=DIRECTION('',(1.,0.,0.));
#9102=DIRECTION('',(0.,-1.,0.));
#9103=DIRECTION('',(0.,0.,-1.));
#9104=DIRECTION('',(0.,1.,0.));
#9105=DIRECTION('',(0.,-1.,0.));
#9106=DIRECTION('',(1.,0.,0.));
#9107=DIRECTION('',(1.,0.,0.));
#9108=DIRECTION('',(0.,-1.,0.));
#9109=DIRECTION('',(0.,0.,1.));
#9110=DIRECTION('',(0.,-1.,0.));
#9111=DIRECTION('',(0.,0.,1.));
#9112=DIRECTION('',(0.,0.,1.));
#9113=DIRECTION('',(0.,0.,-1.));
#9114=DIRECTION('',(0.,1.,0.));
#9115=DIRECTION('',(1.,0.,0.));
#9116=DIRECTION('',(0.,1.,0.));
#9117=DIRECTION('',(1.,0.,0.));
#9118=DIRECTION('',(0.,0.,1.));
#9119=DIRECTION('',(0.,-1.,0.));
#9120=DIRECTION('',(0.,0.,1.));
#9121=DIRECTION('',(0.,-1.,0.));
#9122=DIRECTION('',(0.,0.,1.));
#9123=DIRECTION('',(1.,0.,0.));
#9124=DIRECTION('',(0.,0.,1.));
#9125=DIRECTION('',(1.,0.,0.));
#9126=DIRECTION('',(0.,0.,1.));
#9127=DIRECTION('',(0.,-1.,0.));
#9128=DIRECTION('',(0.,0.,1.));
#9129=DIRECTION('',(0.,-1.,0.));
#9130=DIRECTION('',(0.,0.,1.));
#9131=DIRECTION('',(1.,0.,0.));
#9132=DIRECTION('',(0.,0.,-1.));
#9133=DIRECTION('',(0.,1.,0.));
#9134=DIRECTION('',(0.,1.,0.));
#9135=DIRECTION('',(1.,0.,0.));
#9136=DIRECTION('',(0.,-1.,0.));
#9137=DIRECTION('',(1.,0.,0.));
#9138=DIRECTION('',(0.,-1.,0.));
#9139=DIRECTION('',(1.,0.,0.));
#9140=DIRECTION('',(0.,-1.,0.));
#9141=DIRECTION('',(1.,0.,0.));
#9142=DIRECTION('',(1.,0.,0.));
#9143=DIRECTION('',(0.,-1.,0.));
#9144=DIRECTION('',(1.,0.,0.));
#9145=DIRECTION('',(0.,-1.,0.));
#9146=DIRECTION('',(0.,0.,1.));
#9147=DIRECTION('',(0.,-1.,0.));
#9148=DIRECTION('',(0.,0.,-1.));
#9149=DIRECTION('',(0.,0.,-1.));
#9150=DIRECTION('',(0.,1.,0.));
#9151=DIRECTION('',(0.,-1.,0.));
#9152=DIRECTION('',(0.,0.,-1.));
#9153=DIRECTION('',(0.,1.,0.));
#9154=DIRECTION('',(0.,-1.,0.));
#9155=DIRECTION('',(1.,0.,0.));
#9156=DIRECTION('',(1.,0.,0.));
#9157=DIRECTION('',(1.,0.,0.));
#9158=DIRECTION('',(0.,-1.,0.));
#9159=DIRECTION('',(0.,0.,1.));
#9160=DIRECTION('',(0.,-1.,0.));
#9161=DIRECTION('',(0.,0.,1.));
#9162=DIRECTION('',(0.,0.,1.));
#9163=DIRECTION('',(0.,0.,-1.));
#9164=DIRECTION('',(0.,1.,0.));
#9165=DIRECTION('',(1.,0.,0.));
#9166=DIRECTION('',(0.,1.,0.));
#9167=DIRECTION('',(1.,0.,0.));
#9168=DIRECTION('',(1.,0.,0.));
#9169=DIRECTION('',(0.,-1.,0.));
#9170=DIRECTION('',(-1.,0.,0.));
#9171=DIRECTION('',(0.,1.,0.));
#9172=DIRECTION('',(-1.,0.,0.));
#9173=DIRECTION('',(0.,0.,1.));
#9174=DIRECTION('',(0.,0.,1.));
#9175=DIRECTION('',(0.,-1.,0.));
#9176=DIRECTION('',(0.,0.,1.));
#9177=DIRECTION('',(0.,-1.,0.));
#9178=DIRECTION('',(0.,0.,1.));
#9179=DIRECTION('',(1.,0.,0.));
#9180=DIRECTION('',(0.,0.,1.));
#9181=DIRECTION('',(1.,0.,0.));
#9182=DIRECTION('',(0.,0.,-1.));
#9183=DIRECTION('',(0.,1.,0.));
#9184=DIRECTION('',(1.,0.,0.));
#9185=DIRECTION('',(0.,-1.,0.));
#9186=DIRECTION('',(1.,0.,0.));
#9187=DIRECTION('',(0.,-1.,0.));
#9188=DIRECTION('',(1.,0.,0.));
#9189=DIRECTION('',(0.,-1.,0.));
#9190=DIRECTION('',(0.,0.,1.));
#9191=DIRECTION('',(0.,-1.,0.));
#9192=DIRECTION('',(0.,0.,-1.));
#9193=DIRECTION('',(0.,0.,-1.));
#9194=DIRECTION('',(0.,1.,0.));
#9195=DIRECTION('',(1.,0.,0.));
#9196=DIRECTION('',(0.,-1.,0.));
#9197=DIRECTION('',(1.,0.,0.));
#9198=DIRECTION('',(1.,0.,0.));
#9199=DIRECTION('',(0.,-1.,0.));
#9200=DIRECTION('',(0.,0.,1.));
#9201=DIRECTION('',(0.,0.,-1.));
#9202=DIRECTION('',(0.,1.,0.));
#9203=DIRECTION('',(1.,0.,0.));
#9204=DIRECTION('',(0.,1.,0.));
#9205=DIRECTION('',(1.,0.,0.));
#9206=DIRECTION('',(0.,0.,1.));
#9207=DIRECTION('',(1.,0.,0.));
#9208=DIRECTION('',(0.,0.,-1.));
#9209=DIRECTION('',(0.,1.,0.));
#9210=DIRECTION('',(1.,0.,0.));
#9211=DIRECTION('',(0.,-1.,0.));
#9212=DIRECTION('',(1.,0.,0.));
#9213=DIRECTION('',(0.,-1.,0.));
#9214=DIRECTION('',(1.,0.,0.));
#9215=DIRECTION('',(0.,-1.,0.));
#9216=DIRECTION('',(0.,0.,1.));
#9217=DIRECTION('',(0.,-1.,0.));
#9218=DIRECTION('',(0.,0.,-1.));
#9219=DIRECTION('',(0.,0.,-1.));
#9220=DIRECTION('',(0.,1.,0.));
#9221=DIRECTION('',(1.,0.,0.));
#9222=DIRECTION('',(0.,-1.,0.));
#9223=DIRECTION('',(1.,0.,0.));
#9224=DIRECTION('',(1.,0.,0.));
#9225=DIRECTION('',(0.,-1.,0.));
#9226=DIRECTION('',(0.,0.,1.));
#9227=DIRECTION('',(0.,0.,-1.));
#9228=DIRECTION('',(0.,1.,0.));
#9229=DIRECTION('',(1.,0.,0.));
#9230=DIRECTION('',(0.,1.,0.));
#9231=DIRECTION('',(1.,0.,0.));
#9232=DIRECTION('',(0.,0.,1.));
#9233=DIRECTION('',(1.,0.,0.));
#9234=DIRECTION('',(0.,0.,-1.));
#9235=DIRECTION('',(0.,1.,0.));
#9236=DIRECTION('',(1.,0.,0.));
#9237=DIRECTION('',(0.,-1.,0.));
#9238=DIRECTION('',(1.,0.,0.));
#9239=DIRECTION('',(0.,-1.,0.));
#9240=DIRECTION('',(1.,0.,0.));
#9241=DIRECTION('',(0.,-1.,0.));
#9242=DIRECTION('',(0.,0.,1.));
#9243=DIRECTION('',(0.,-1.,0.));
#9244=DIRECTION('',(0.,0.,-1.));
#9245=DIRECTION('',(0.,0.,-1.));
#9246=DIRECTION('',(0.,1.,0.));
#9247=DIRECTION('',(1.,0.,0.));
#9248=DIRECTION('',(0.,-1.,0.));
#9249=DIRECTION('',(1.,0.,0.));
#9250=DIRECTION('',(1.,0.,0.));
#9251=DIRECTION('',(0.,-1.,0.));
#9252=DIRECTION('',(0.,0.,1.));
#9253=DIRECTION('',(0.,0.,-1.));
#9254=DIRECTION('',(0.,1.,0.));
#9255=DIRECTION('',(1.,0.,0.));
#9256=DIRECTION('',(0.,1.,0.));
#9257=DIRECTION('',(1.,0.,0.));
#9258=DIRECTION('',(0.,0.,1.));
#9259=DIRECTION('',(1.,0.,0.));
#9260=DIRECTION('',(0.,0.,-1.));
#9261=DIRECTION('',(0.,1.,0.));
#9262=DIRECTION('',(1.,0.,0.));
#9263=DIRECTION('',(0.,1.,0.));
#9264=DIRECTION('',(1.,0.,0.));
#9265=DIRECTION('',(0.,-1.,0.));
#9266=DIRECTION('',(1.,0.,0.));
#9267=DIRECTION('',(0.,-1.,0.));
#9268=DIRECTION('',(1.,0.,0.));
#9269=DIRECTION('',(0.,-1.,0.));
#9270=DIRECTION('',(0.,0.,-1.));
#9271=DIRECTION('',(0.,1.,0.));
#9272=DIRECTION('',(1.,0.,0.));
#9273=DIRECTION('',(0.,-1.,0.));
#9274=DIRECTION('',(1.,0.,0.));
#9275=DIRECTION('',(0.,-1.,0.));
#9276=DIRECTION('',(1.,0.,0.));
#9277=DIRECTION('',(0.,-1.,0.));
#9278=DIRECTION('',(1.,0.,0.));
#9279=DIRECTION('',(0.,-1.,0.));
#9280=DIRECTION('',(0.,0.,-1.));
#9281=DIRECTION('',(0.,0.,1.));
#9282=DIRECTION('',(1.,0.,0.));
#9283=DIRECTION('',(0.,-1.,0.));
#9284=DIRECTION('',(0.,0.,1.));
#9285=DIRECTION('',(0.,0.,-1.));
#9286=DIRECTION('',(0.,1.,0.));
#9287=DIRECTION('',(1.,0.,0.));
#9288=DIRECTION('',(0.,1.,0.));
#9289=DIRECTION('',(1.,0.,0.));
#9290=DIRECTION('',(1.,0.,0.));
#9291=DIRECTION('',(0.,-1.,0.));
#9292=DIRECTION('',(-1.,0.,0.));
#9293=DIRECTION('',(0.,1.,0.));
#9294=DIRECTION('',(-1.,0.,0.));
#9295=DIRECTION('',(0.,0.,1.));
#9296=DIRECTION('',(0.,0.,1.));
#9297=DIRECTION('',(1.,0.,0.));
#9298=DIRECTION('',(0.,0.,-1.));
#9299=DIRECTION('',(0.,1.,0.));
#9300=DIRECTION('',(0.,1.,0.));
#9301=DIRECTION('',(1.,0.,0.));
#9302=DIRECTION('',(0.,-1.,0.));
#9303=DIRECTION('',(1.,0.,0.));
#9304=DIRECTION('',(0.,-1.,0.));
#9305=DIRECTION('',(1.,0.,0.));
#9306=DIRECTION('',(0.,-1.,0.));
#9307=DIRECTION('',(1.,0.,0.));
#9308=DIRECTION('',(0.,0.,-1.));
#9309=DIRECTION('',(0.,1.,0.));
#9310=DIRECTION('',(1.,0.,0.));
#9311=DIRECTION('',(0.,1.,0.));
#9312=DIRECTION('',(1.,0.,0.));
#9313=DIRECTION('',(0.,-1.,0.));
#9314=DIRECTION('',(1.,0.,0.));
#9315=DIRECTION('',(0.,-1.,0.));
#9316=DIRECTION('',(1.,0.,0.));
#9317=DIRECTION('',(0.,-1.,0.));
#9318=DIRECTION('',(1.,0.,0.));
#9319=DIRECTION('',(0.,-1.,0.));
#9320=DIRECTION('',(1.,0.,0.));
#9321=DIRECTION('',(0.,-1.,0.));
#9322=DIRECTION('',(0.,0.,-1.));
#9323=DIRECTION('',(1.,0.,0.));
#9324=DIRECTION('',(0.,-1.,0.));
#9325=DIRECTION('',(0.,0.,1.));
#9326=DIRECTION('',(1.,0.,0.));
#9327=DIRECTION('',(0.,-1.,0.));
#9328=DIRECTION('',(0.,0.,1.));
#9329=DIRECTION('',(0.,0.,-1.));
#9330=DIRECTION('',(0.,1.,0.));
#9331=DIRECTION('',(1.,0.,0.));
#9332=DIRECTION('',(0.,1.,0.));
#9333=DIRECTION('',(1.,0.,0.));
#9334=DIRECTION('',(1.,0.,0.));
#9335=DIRECTION('',(0.,-1.,0.));
#9336=DIRECTION('',(-1.,0.,0.));
#9337=DIRECTION('',(0.,1.,0.));
#9338=DIRECTION('',(-1.,0.,0.));
#9339=DIRECTION('',(0.,0.,1.));
#9340=DIRECTION('',(1.,0.,0.));
#9341=DIRECTION('',(0.,-1.,0.));
#9342=DIRECTION('',(-1.,0.,0.));
#9343=DIRECTION('',(0.,1.,0.));
#9344=DIRECTION('',(-1.,0.,0.));
#9345=DIRECTION('',(0.,0.,1.));
#9346=DIRECTION('',(0.,0.,1.));
#9347=DIRECTION('',(1.,0.,0.));
#9348=DIRECTION('',(0.,0.,-1.));
#9349=DIRECTION('',(0.,1.,0.));
#9350=DIRECTION('',(1.,0.,0.));
#9351=DIRECTION('',(0.,-1.,0.));
#9352=DIRECTION('',(1.,0.,0.));
#9353=DIRECTION('',(0.,-1.,0.));
#9354=DIRECTION('',(1.,0.,0.));
#9355=DIRECTION('',(0.,-1.,0.));
#9356=DIRECTION('',(0.,-1.,0.));
#9357=DIRECTION('',(0.,0.,1.));
#9358=DIRECTION('',(0.,-1.,0.));
#9359=DIRECTION('',(0.,0.,-1.));
#9360=DIRECTION('',(0.,0.,1.));
#9361=DIRECTION('',(0.,-1.,0.));
#9362=DIRECTION('',(0.,0.,1.));
#9363=DIRECTION('',(0.,0.,-1.));
#9364=DIRECTION('',(0.,1.,0.));
#9365=DIRECTION('',(0.,0.,-1.));
#9366=DIRECTION('',(0.,1.,0.));
#9367=DIRECTION('',(1.,0.,0.));
#9368=DIRECTION('',(0.,-1.,0.));
#9369=DIRECTION('',(0.,0.,-1.));
#9370=DIRECTION('',(0.,1.,0.));
#9371=DIRECTION('',(0.,-1.,0.));
#9372=DIRECTION('',(1.,0.,0.));
#9373=DIRECTION('',(1.,0.,0.));
#9374=DIRECTION('',(0.,-1.,0.));
#9375=DIRECTION('',(0.,0.,1.));
#9376=DIRECTION('',(0.,-1.,0.));
#9377=DIRECTION('',(0.,0.,1.));
#9378=DIRECTION('',(0.,0.,1.));
#9379=DIRECTION('',(0.,0.,-1.));
#9380=DIRECTION('',(0.,1.,0.));
#9381=DIRECTION('',(1.,0.,0.));
#9382=DIRECTION('',(0.,1.,0.));
#9383=DIRECTION('',(1.,0.,0.));
#9384=DIRECTION('',(0.,0.,1.));
#9385=DIRECTION('',(0.,-1.,0.));
#9386=DIRECTION('',(0.,0.,1.));
#9387=DIRECTION('',(0.,-1.,0.));
#9388=DIRECTION('',(0.,0.,1.));
#9389=DIRECTION('',(1.,0.,0.));
#9390=DIRECTION('',(0.,0.,1.));
#9391=DIRECTION('',(1.,0.,0.));
#9392=DIRECTION('',(0.,0.,1.));
#9393=DIRECTION('',(0.,-1.,0.));
#9394=DIRECTION('',(0.,0.,1.));
#9395=DIRECTION('',(0.,-1.,0.));
#9396=DIRECTION('',(0.,0.,1.));
#9397=DIRECTION('',(1.,0.,0.));
#9398=DIRECTION('',(0.,0.,-1.));
#9399=DIRECTION('',(0.,1.,0.));
#9400=DIRECTION('',(1.,0.,0.));
#9401=DIRECTION('',(0.,-1.,0.));
#9402=DIRECTION('',(1.,0.,0.));
#9403=DIRECTION('',(0.,-1.,0.));
#9404=DIRECTION('',(1.,0.,0.));
#9405=DIRECTION('',(0.,-1.,0.));
#9406=DIRECTION('',(0.,-1.,0.));
#9407=DIRECTION('',(0.,0.,1.));
#9408=DIRECTION('',(0.,-1.,0.));
#9409=DIRECTION('',(0.,0.,-1.));
#9410=DIRECTION('',(0.,0.,1.));
#9411=DIRECTION('',(0.,-1.,0.));
#9412=DIRECTION('',(0.,0.,1.));
#9413=DIRECTION('',(0.,0.,-1.));
#9414=DIRECTION('',(0.,1.,0.));
#9415=DIRECTION('',(0.,0.,-1.));
#9416=DIRECTION('',(0.,1.,0.));
#9417=DIRECTION('',(1.,0.,0.));
#9418=DIRECTION('',(0.,-1.,0.));
#9419=DIRECTION('',(1.,0.,0.));
#9420=DIRECTION('',(1.,0.,0.));
#9421=DIRECTION('',(0.,-1.,0.));
#9422=DIRECTION('',(0.,0.,1.));
#9423=DIRECTION('',(0.,0.,-1.));
#9424=DIRECTION('',(0.,1.,0.));
#9425=DIRECTION('',(1.,0.,0.));
#9426=DIRECTION('',(0.,1.,0.));
#9427=DIRECTION('',(1.,0.,0.));
#9428=DIRECTION('',(0.,0.,1.));
#9429=DIRECTION('',(1.,0.,0.));
#9430=DIRECTION('',(0.,0.,1.));
#9431=DIRECTION('',(0.,-1.,0.));
#9432=DIRECTION('',(0.,0.,1.));
#9433=DIRECTION('',(0.,-1.,0.));
#9434=CARTESIAN_POINT('',(0.,0.,0.));
#9435=CARTESIAN_POINT('',(-0.587,0.02,-0.223));
#9436=CARTESIAN_POINT('',(-0.587,0.,-0.223));
#9437=CARTESIAN_POINT('',(-0.612,0.,-0.223));
#9438=CARTESIAN_POINT('',(-0.562,0.,-0.223));
#9439=CARTESIAN_POINT('',(-0.612,0.02,-0.223));
#9440=CARTESIAN_POINT('',(-0.612,0.03,-0.223));
#9441=CARTESIAN_POINT('',(-0.587,0.03,-0.223));
#9442=CARTESIAN_POINT('',(-0.562,0.03,-0.223));
#9443=CARTESIAN_POINT('',(-0.562,0.02,-0.223));
#9444=CARTESIAN_POINT('',(-0.612,0.02,-0.198));
#9445=CARTESIAN_POINT('',(-0.612,0.,-0.198));
#9446=CARTESIAN_POINT('',(-0.612,0.,-0.173));
#9447=CARTESIAN_POINT('',(-0.612,0.02,-0.173));
#9448=CARTESIAN_POINT('',(-0.612,0.03,-0.173));
#9449=CARTESIAN_POINT('',(-0.612,0.03,-0.198));
#9450=CARTESIAN_POINT('',(-0.587,0.02,-0.173));
#9451=CARTESIAN_POINT('',(-0.587,0.,-0.173));
#9452=CARTESIAN_POINT('',(-0.562,0.,-0.173));
#9453=CARTESIAN_POINT('',(-0.562,0.02,-0.173));
#9454=CARTESIAN_POINT('',(-0.562,0.03,-0.173));
#9455=CARTESIAN_POINT('',(-0.587,0.03,-0.173));
#9456=CARTESIAN_POINT('',(-0.562,0.02,-0.198));
#9457=CARTESIAN_POINT('',(-0.562,0.,-0.198));
#9458=CARTESIAN_POINT('',(-0.562,0.03,-0.198));
#9459=CARTESIAN_POINT('',(-0.587,0.,-0.198));
#9460=CARTESIAN_POINT('',(-0.587,0.03,-0.198));
#9461=CARTESIAN_POINT('',(0.,0.,0.));
#9462=CARTESIAN_POINT('',(-0.537,0.02,-0.223));
#9463=CARTESIAN_POINT('',(-0.537,0.,-0.223));
#9464=CARTESIAN_POINT('',(-0.562,0.,-0.223));
#9465=CARTESIAN_POINT('',(-0.512,0.,-0.223));
#9466=CARTESIAN_POINT('',(-0.562,0.02,-0.223));
#9467=CARTESIAN_POINT('',(-0.562,0.03,-0.223));
#9468=CARTESIAN_POINT('',(-0.537,0.03,-0.223));
#9469=CARTESIAN_POINT('',(-0.512,0.03,-0.223));
#9470=CARTESIAN_POINT('',(-0.512,0.02,-0.223));
#9471=CARTESIAN_POINT('',(-0.562,0.02,-0.198));
#9472=CARTESIAN_POINT('',(-0.562,0.,-0.198));
#9473=CARTESIAN_POINT('',(-0.562,0.,-0.173));
#9474=CARTESIAN_POINT('',(-0.562,0.02,-0.173));
#9475=CARTESIAN_POINT('',(-0.562,0.03,-0.173));
#9476=CARTESIAN_POINT('',(-0.562,0.03,-0.198));
#9477=CARTESIAN_POINT('',(-0.537,0.02,-0.173));
#9478=CARTESIAN_POINT('',(-0.537,0.,-0.173));
#9479=CARTESIAN_POINT('',(-0.512,0.,-0.173));
#9480=CARTESIAN_POINT('',(-0.512,0.02,-0.173));
#9481=CARTESIAN_POINT('',(-0.512,0.03,-0.173));
#9482=CARTESIAN_POINT('',(-0.537,0.03,-0.173));
#9483=CARTESIAN_POINT('',(-0.512,0.02,-0.198));
#9484=CARTESIAN_POINT('',(-0.512,0.,-0.198));
#9485=CARTESIAN_POINT('',(-0.512,0.03,-0.198));
#9486=CARTESIAN_POINT('',(-0.537,0.,-0.198));
#9487=CARTESIAN_POINT('',(-0.537,0.03,-0.198));
#9488=CARTESIAN_POINT('',(0.,0.,0.));
#9489=CARTESIAN_POINT('',(-0.412,0.,-0.023));
#9490=CARTESIAN_POINT('',(-0.622,0.05,-0.023));
#9491=CARTESIAN_POINT('',(-0.622,0.0455,-0.023));
#9492=CARTESIAN_POINT('',(-0.622,0.03,-0.023));
#9493=CARTESIAN_POINT('',(-0.622,0.0255,-0.023));
#9494=CARTESIAN_POINT('',(-0.622,0.01,-0.023));
#9495=CARTESIAN_POINT('',(-0.622,0.0055,-0.023));
#9496=CARTESIAN_POINT('',(-0.412,0.07,-0.023));
#9497=CARTESIAN_POINT('',(-0.632,0.07,-0.023));
#9498=CARTESIAN_POINT('',(-0.612,0.07,-0.023));
#9499=CARTESIAN_POINT('',(-0.632,0.,-0.023));
#9500=CARTESIAN_POINT('',(-0.632,0.01,-0.023));
#9501=CARTESIAN_POINT('',(-0.622,0.01,-0.023));
#9502=CARTESIAN_POINT('',(-0.622,0.,-0.023));
#9503=CARTESIAN_POINT('',(-0.412,0.,-0.023));
#9504=CARTESIAN_POINT('',(-0.612,0.,-0.023));
#9505=CARTESIAN_POINT('',(-0.612,0.,-0.023));
#9506=CARTESIAN_POINT('',(-0.412,0.,-0.243));
#9507=CARTESIAN_POINT('',(-0.412,0.,-0.243));
#9508=CARTESIAN_POINT('',(-0.412,0.01,-0.243));
#9509=CARTESIAN_POINT('',(-0.412,0.07,-0.243));
#9510=CARTESIAN_POINT('',(-0.412,0.01,-0.243));
#9511=CARTESIAN_POINT('',(-0.632,0.01,-0.243));
#9512=CARTESIAN_POINT('',(-0.632,0.,-0.243));
#9513=CARTESIAN_POINT('',(-0.632,0.07,-0.243));
#9514=CARTESIAN_POINT('',(-0.412,0.07,-0.243));
#9515=CARTESIAN_POINT('',(-0.412,0.,-0.223));
#9516=CARTESIAN_POINT('',(-0.412,0.,-0.223));
#9517=CARTESIAN_POINT('',(-0.612,0.,-0.223));
#9518=CARTESIAN_POINT('',(-0.412,0.,-0.223));
#9519=CARTESIAN_POINT('',(-0.412,0.,-0.223));
#9520=CARTESIAN_POINT('',(-0.412,0.07,-0.223));
#9521=CARTESIAN_POINT('',(-0.412,0.07,-0.223));
#9522=CARTESIAN_POINT('',(-0.612,0.07,-0.223));
#9523=CARTESIAN_POINT('',(-0.612,0.,-0.223));
#9524=CARTESIAN_POINT('',(-0.412,0.,-0.023));
#9525=CARTESIAN_POINT('',(-0.412,0.07,-0.023));
#9526=CARTESIAN_POINT('',(-0.412,0.,-0.023));
#9527=CARTESIAN_POINT('',(-0.412,0.,-0.233));
#9528=CARTESIAN_POINT('',(-0.412,0.01,-0.233));
#9529=CARTESIAN_POINT('',(-0.412,0.01,-0.233));
#9530=CARTESIAN_POINT('',(-0.412,0.,-0.233));
#9531=CARTESIAN_POINT('',(-0.622,0.,-0.233));
#9532=CARTESIAN_POINT('',(-0.622,0.01,-0.233));
#9533=CARTESIAN_POINT('',(-0.412,0.07,-0.023));
#9534=CARTESIAN_POINT('',(-0.632,0.07,-0.023));
#9535=CARTESIAN_POINT('',(-0.612,0.07,-0.023));
#9536=CARTESIAN_POINT('',(-0.412,0.,-0.023));
#9537=CARTESIAN_POINT('',(-0.622,0.,-0.243));
#9538=CARTESIAN_POINT('',(-0.612,0.,-0.023));
#9539=CARTESIAN_POINT('',(-0.622,0.01,-0.023));
#9540=CARTESIAN_POINT('',(-0.632,0.01,0.197));
#9541=CARTESIAN_POINT('',(-0.612,0.,-0.023));
#9542=CARTESIAN_POINT('',(-0.632,0.,-0.023));
#9543=CARTESIAN_POINT('',(-0.622,0.01,-0.0105));
#9544=CARTESIAN_POINT('',(-0.622,0.01,-0.0105));
#9545=CARTESIAN_POINT('',(-0.622,0.0055,-0.0105));
#9546=CARTESIAN_POINT('',(-0.622,0.035,-0.0105));
#9547=CARTESIAN_POINT('',(-0.622,0.03,-0.0105));
#9548=CARTESIAN_POINT('',(-0.622,0.03,-0.0105));
#9549=CARTESIAN_POINT('',(-0.622,0.0255,-0.0105));
#9550=CARTESIAN_POINT('',(-0.622,0.035,-0.0105));
#9551=CARTESIAN_POINT('',(-0.622,0.05,-0.0105));
#9552=CARTESIAN_POINT('',(-0.622,0.05,-0.0105));
#9553=CARTESIAN_POINT('',(-0.622,0.0455,-0.0105));
#9554=CARTESIAN_POINT('',(-0.622,0.035,-0.0105));
#9555=CARTESIAN_POINT('',(0.,0.,0.));
#9556=CARTESIAN_POINT('',(-0.587,0.02,-0.173));
#9557=CARTESIAN_POINT('',(-0.587,0.,-0.173));
#9558=CARTESIAN_POINT('',(-0.612,0.,-0.173));
#9559=CARTESIAN_POINT('',(-0.562,0.,-0.173));
#9560=CARTESIAN_POINT('',(-0.612,0.02,-0.173));
#9561=CARTESIAN_POINT('',(-0.612,0.03,-0.173));
#9562=CARTESIAN_POINT('',(-0.587,0.03,-0.173));
#9563=CARTESIAN_POINT('',(-0.562,0.03,-0.173));
#9564=CARTESIAN_POINT('',(-0.562,0.02,-0.173));
#9565=CARTESIAN_POINT('',(-0.612,0.02,-0.148));
#9566=CARTESIAN_POINT('',(-0.612,0.,-0.148));
#9567=CARTESIAN_POINT('',(-0.612,0.,-0.123));
#9568=CARTESIAN_POINT('',(-0.612,0.02,-0.123));
#9569=CARTESIAN_POINT('',(-0.612,0.03,-0.123));
#9570=CARTESIAN_POINT('',(-0.612,0.03,-0.148));
#9571=CARTESIAN_POINT('',(-0.587,0.02,-0.123));
#9572=CARTESIAN_POINT('',(-0.587,0.,-0.123));
#9573=CARTESIAN_POINT('',(-0.562,0.,-0.123));
#9574=CARTESIAN_POINT('',(-0.562,0.02,-0.123));
#9575=CARTESIAN_POINT('',(-0.562,0.03,-0.123));
#9576=CARTESIAN_POINT('',(-0.587,0.03,-0.123));
#9577=CARTESIAN_POINT('',(-0.562,0.02,-0.148));
#9578=CARTESIAN_POINT('',(-0.562,0.,-0.148));
#9579=CARTESIAN_POINT('',(-0.562,0.03,-0.148));
#9580=CARTESIAN_POINT('',(-0.587,0.,-0.148));
#9581=CARTESIAN_POINT('',(-0.587,0.03,-0.148));
#9582=CARTESIAN_POINT('',(0.,0.,0.));
#9583=CARTESIAN_POINT('',(-0.487,0.02,-0.173));
#9584=CARTESIAN_POINT('',(-0.487,0.,-0.173));
#9585=CARTESIAN_POINT('',(-0.512,0.,-0.173));
#9586=CARTESIAN_POINT('',(-0.462,0.,-0.173));
#9587=CARTESIAN_POINT('',(-0.512,0.02,-0.173));
#9588=CARTESIAN_POINT('',(-0.512,0.03,-0.173));
#9589=CARTESIAN_POINT('',(-0.487,0.03,-0.173));
#9590=CARTESIAN_POINT('',(-0.462,0.03,-0.173));
#9591=CARTESIAN_POINT('',(-0.462,0.02,-0.173));
#9592=CARTESIAN_POINT('',(-0.512,0.02,-0.148));
#9593=CARTESIAN_POINT('',(-0.512,0.,-0.148));
#9594=CARTESIAN_POINT('',(-0.512,0.,-0.123));
#9595=CARTESIAN_POINT('',(-0.512,0.02,-0.123));
#9596=CARTESIAN_POINT('',(-0.512,0.03,-0.123));
#9597=CARTESIAN_POINT('',(-0.512,0.03,-0.148));
#9598=CARTESIAN_POINT('',(-0.487,0.02,-0.123));
#9599=CARTESIAN_POINT('',(-0.487,0.,-0.123));
#9600=CARTESIAN_POINT('',(-0.462,0.,-0.123));
#9601=CARTESIAN_POINT('',(-0.462,0.02,-0.123));
#9602=CARTESIAN_POINT('',(-0.462,0.03,-0.123));
#9603=CARTESIAN_POINT('',(-0.487,0.03,-0.123));
#9604=CARTESIAN_POINT('',(-0.462,0.02,-0.148));
#9605=CARTESIAN_POINT('',(-0.462,0.,-0.148));
#9606=CARTESIAN_POINT('',(-0.462,0.03,-0.148));
#9607=CARTESIAN_POINT('',(-0.487,0.,-0.148));
#9608=CARTESIAN_POINT('',(-0.487,0.03,-0.148));
#9609=CARTESIAN_POINT('',(0.,0.,0.));
#9610=CARTESIAN_POINT('',(-0.537,0.02,-0.123));
#9611=CARTESIAN_POINT('',(-0.537,0.,-0.123));
#9612=CARTESIAN_POINT('',(-0.562,0.,-0.123));
#9613=CARTESIAN_POINT('',(-0.512,0.,-0.123));
#9614=CARTESIAN_POINT('',(-0.562,0.02,-0.123));
#9615=CARTESIAN_POINT('',(-0.562,0.03,-0.123));
#9616=CARTESIAN_POINT('',(-0.537,0.03,-0.123));
#9617=CARTESIAN_POINT('',(-0.512,0.03,-0.123));
#9618=CARTESIAN_POINT('',(-0.512,0.02,-0.123));
#9619=CARTESIAN_POINT('',(-0.562,0.02,-0.098));
#9620=CARTESIAN_POINT('',(-0.562,0.,-0.098));
#9621=CARTESIAN_POINT('',(-0.562,0.,-0.073));
#9622=CARTESIAN_POINT('',(-0.562,0.02,-0.073));
#9623=CARTESIAN_POINT('',(-0.562,0.03,-0.073));
#9624=CARTESIAN_POINT('',(-0.562,0.03,-0.098));
#9625=CARTESIAN_POINT('',(-0.537,0.02,-0.073));
#9626=CARTESIAN_POINT('',(-0.537,0.,-0.073));
#9627=CARTESIAN_POINT('',(-0.512,0.,-0.073));
#9628=CARTESIAN_POINT('',(-0.512,0.02,-0.073));
#9629=CARTESIAN_POINT('',(-0.512,0.03,-0.073));
#9630=CARTESIAN_POINT('',(-0.537,0.03,-0.073));
#9631=CARTESIAN_POINT('',(-0.512,0.02,-0.098));
#9632=CARTESIAN_POINT('',(-0.512,0.,-0.098));
#9633=CARTESIAN_POINT('',(-0.512,0.03,-0.098));
#9634=CARTESIAN_POINT('',(-0.537,0.,-0.098));
#9635=CARTESIAN_POINT('',(-0.537,0.03,-0.098));
#9636=CARTESIAN_POINT('',(0.,0.,0.));
#9637=CARTESIAN_POINT('',(-0.437,0.02,-0.223));
#9638=CARTESIAN_POINT('',(-0.437,0.,-0.223));
#9639=CARTESIAN_POINT('',(-0.462,0.,-0.223));
#9640=CARTESIAN_POINT('',(-0.412,0.,-0.223));
#9641=CARTESIAN_POINT('',(-0.462,0.02,-0.223));
#9642=CARTESIAN_POINT('',(-0.462,0.03,-0.223));
#9643=CARTESIAN_POINT('',(-0.437,0.03,-0.223));
#9644=CARTESIAN_POINT('',(-0.412,0.03,-0.223));
#9645=CARTESIAN_POINT('',(-0.412,0.02,-0.223));
#9646=CARTESIAN_POINT('',(-0.462,0.02,-0.198));
#9647=CARTESIAN_POINT('',(-0.462,0.,-0.198));
#9648=CARTESIAN_POINT('',(-0.462,0.,-0.173));
#9649=CARTESIAN_POINT('',(-0.462,0.02,-0.173));
#9650=CARTESIAN_POINT('',(-0.462,0.03,-0.173));
#9651=CARTESIAN_POINT('',(-0.462,0.03,-0.198));
#9652=CARTESIAN_POINT('',(-0.437,0.02,-0.173));
#9653=CARTESIAN_POINT('',(-0.437,0.,-0.173));
#9654=CARTESIAN_POINT('',(-0.412,0.,-0.173));
#9655=CARTESIAN_POINT('',(-0.412,0.02,-0.173));
#9656=CARTESIAN_POINT('',(-0.412,0.03,-0.173));
#9657=CARTESIAN_POINT('',(-0.437,0.03,-0.173));
#9658=CARTESIAN_POINT('',(-0.412,0.02,-0.198));
#9659=CARTESIAN_POINT('',(-0.412,0.,-0.198));
#9660=CARTESIAN_POINT('',(-0.412,0.03,-0.198));
#9661=CARTESIAN_POINT('',(-0.437,0.,-0.198));
#9662=CARTESIAN_POINT('',(-0.437,0.03,-0.198));
#9663=CARTESIAN_POINT('',(0.,0.,0.));
#9664=CARTESIAN_POINT('',(-0.437,0.02,-0.123));
#9665=CARTESIAN_POINT('',(-0.437,0.,-0.123));
#9666=CARTESIAN_POINT('',(-0.462,0.,-0.123));
#9667=CARTESIAN_POINT('',(-0.412,0.,-0.123));
#9668=CARTESIAN_POINT('',(-0.462,0.02,-0.123));
#9669=CARTESIAN_POINT('',(-0.462,0.03,-0.123));
#9670=CARTESIAN_POINT('',(-0.437,0.03,-0.123));
#9671=CARTESIAN_POINT('',(-0.412,0.03,-0.123));
#9672=CARTESIAN_POINT('',(-0.412,0.02,-0.123));
#9673=CARTESIAN_POINT('',(-0.462,0.02,-0.098));
#9674=CARTESIAN_POINT('',(-0.462,0.,-0.098));
#9675=CARTESIAN_POINT('',(-0.462,0.,-0.073));
#9676=CARTESIAN_POINT('',(-0.462,0.02,-0.073));
#9677=CARTESIAN_POINT('',(-0.462,0.03,-0.073));
#9678=CARTESIAN_POINT('',(-0.462,0.03,-0.098));
#9679=CARTESIAN_POINT('',(-0.437,0.02,-0.073));
#9680=CARTESIAN_POINT('',(-0.437,0.,-0.073));
#9681=CARTESIAN_POINT('',(-0.412,0.,-0.073));
#9682=CARTESIAN_POINT('',(-0.412,0.02,-0.073));
#9683=CARTESIAN_POINT('',(-0.412,0.03,-0.073));
#9684=CARTESIAN_POINT('',(-0.437,0.03,-0.073));
#9685=CARTESIAN_POINT('',(-0.412,0.02,-0.098));
#9686=CARTESIAN_POINT('',(-0.412,0.,-0.098));
#9687=CARTESIAN_POINT('',(-0.412,0.03,-0.098));
#9688=CARTESIAN_POINT('',(-0.437,0.,-0.098));
#9689=CARTESIAN_POINT('',(-0.437,0.03,-0.098));
#9690=CARTESIAN_POINT('',(0.,0.,0.));
#9691=CARTESIAN_POINT('',(-0.587,0.02,-0.073));
#9692=CARTESIAN_POINT('',(-0.587,0.,-0.073));
#9693=CARTESIAN_POINT('',(-0.612,0.,-0.073));
#9694=CARTESIAN_POINT('',(-0.562,0.,-0.073));
#9695=CARTESIAN_POINT('',(-0.612,0.02,-0.073));
#9696=CARTESIAN_POINT('',(-0.612,0.03,-0.073));
#9697=CARTESIAN_POINT('',(-0.587,0.03,-0.073));
#9698=CARTESIAN_POINT('',(-0.562,0.03,-0.073));
#9699=CARTESIAN_POINT('',(-0.562,0.02,-0.073));
#9700=CARTESIAN_POINT('',(-0.612,0.02,-0.048));
#9701=CARTESIAN_POINT('',(-0.612,0.,-0.048));
#9702=CARTESIAN_POINT('',(-0.612,0.,-0.023));
#9703=CARTESIAN_POINT('',(-0.612,0.02,-0.023));
#9704=CARTESIAN_POINT('',(-0.612,0.03,-0.023));
#9705=CARTESIAN_POINT('',(-0.612,0.03,-0.048));
#9706=CARTESIAN_POINT('',(-0.587,0.02,-0.023));
#9707=CARTESIAN_POINT('',(-0.587,0.,-0.023));
#9708=CARTESIAN_POINT('',(-0.562,0.,-0.023));
#9709=CARTESIAN_POINT('',(-0.562,0.02,-0.023));
#9710=CARTESIAN_POINT('',(-0.562,0.03,-0.023));
#9711=CARTESIAN_POINT('',(-0.587,0.03,-0.023));
#9712=CARTESIAN_POINT('',(-0.562,0.02,-0.048));
#9713=CARTESIAN_POINT('',(-0.562,0.,-0.048));
#9714=CARTESIAN_POINT('',(-0.562,0.03,-0.048));
#9715=CARTESIAN_POINT('',(-0.587,0.,-0.048));
#9716=CARTESIAN_POINT('',(-0.587,0.03,-0.048));
#9717=CARTESIAN_POINT('',(0.,0.,0.));
#9718=CARTESIAN_POINT('',(-0.487,0.02,-0.073));
#9719=CARTESIAN_POINT('',(-0.487,0.,-0.073));
#9720=CARTESIAN_POINT('',(-0.512,0.,-0.073));
#9721=CARTESIAN_POINT('',(-0.462,0.,-0.073));
#9722=CARTESIAN_POINT('',(-0.512,0.02,-0.073));
#9723=CARTESIAN_POINT('',(-0.512,0.03,-0.073));
#9724=CARTESIAN_POINT('',(-0.487,0.03,-0.073));
#9725=CARTESIAN_POINT('',(-0.462,0.03,-0.073));
#9726=CARTESIAN_POINT('',(-0.462,0.02,-0.073));
#9727=CARTESIAN_POINT('',(-0.512,0.02,-0.048));
#9728=CARTESIAN_POINT('',(-0.512,0.,-0.048));
#9729=CARTESIAN_POINT('',(-0.512,0.,-0.023));
#9730=CARTESIAN_POINT('',(-0.512,0.02,-0.023));
#9731=CARTESIAN_POINT('',(-0.512,0.03,-0.023));
#9732=CARTESIAN_POINT('',(-0.512,0.03,-0.048));
#9733=CARTESIAN_POINT('',(-0.487,0.02,-0.023));
#9734=CARTESIAN_POINT('',(-0.487,0.,-0.023));
#9735=CARTESIAN_POINT('',(-0.462,0.,-0.023));
#9736=CARTESIAN_POINT('',(-0.462,0.02,-0.023));
#9737=CARTESIAN_POINT('',(-0.462,0.03,-0.023));
#9738=CARTESIAN_POINT('',(-0.487,0.03,-0.023));
#9739=CARTESIAN_POINT('',(-0.462,0.02,-0.048));
#9740=CARTESIAN_POINT('',(-0.462,0.,-0.048));
#9741=CARTESIAN_POINT('',(-0.462,0.03,-0.048));
#9742=CARTESIAN_POINT('',(-0.487,0.,-0.048));
#9743=CARTESIAN_POINT('',(-0.487,0.03,-0.048));
#9744=CARTESIAN_POINT('',(0.,0.,0.));
#9745=CARTESIAN_POINT('',(-0.487,0.02,-0.223));
#9746=CARTESIAN_POINT('',(-0.487,0.,-0.223));
#9747=CARTESIAN_POINT('',(-0.512,0.,-0.223));
#9748=CARTESIAN_POINT('',(-0.462,0.,-0.223));
#9749=CARTESIAN_POINT('',(-0.512,0.02,-0.223));
#9750=CARTESIAN_POINT('',(-0.512,0.03,-0.223));
#9751=CARTESIAN_POINT('',(-0.487,0.03,-0.223));
#9752=CARTESIAN_POINT('',(-0.462,0.03,-0.223));
#9753=CARTESIAN_POINT('',(-0.462,0.02,-0.223));
#9754=CARTESIAN_POINT('',(-0.512,0.02,-0.198));
#9755=CARTESIAN_POINT('',(-0.512,0.,-0.198));
#9756=CARTESIAN_POINT('',(-0.512,0.,-0.173));
#9757=CARTESIAN_POINT('',(-0.512,0.02,-0.173));
#9758=CARTESIAN_POINT('',(-0.512,0.03,-0.173));
#9759=CARTESIAN_POINT('',(-0.512,0.03,-0.198));
#9760=CARTESIAN_POINT('',(-0.487,0.02,-0.173));
#9761=CARTESIAN_POINT('',(-0.487,0.,-0.173));
#9762=CARTESIAN_POINT('',(-0.462,0.,-0.173));
#9763=CARTESIAN_POINT('',(-0.462,0.02,-0.173));
#9764=CARTESIAN_POINT('',(-0.462,0.03,-0.173));
#9765=CARTESIAN_POINT('',(-0.487,0.03,-0.173));
#9766=CARTESIAN_POINT('',(-0.462,0.02,-0.198));
#9767=CARTESIAN_POINT('',(-0.462,0.,-0.198));
#9768=CARTESIAN_POINT('',(-0.462,0.03,-0.198));
#9769=CARTESIAN_POINT('',(-0.487,0.,-0.198));
#9770=CARTESIAN_POINT('',(-0.487,0.03,-0.198));
#9771=CARTESIAN_POINT('',(0.,0.,0.));
#9772=CARTESIAN_POINT('',(-0.537,0.02,-0.173));
#9773=CARTESIAN_POINT('',(-0.537,0.,-0.173));
#9774=CARTESIAN_POINT('',(-0.562,0.,-0.173));
#9775=CARTESIAN_POINT('',(-0.512,0.,-0.173));
#9776=CARTESIAN_POINT('',(-0.562,0.02,-0.173));
#9777=CARTESIAN_POINT('',(-0.562,0.03,-0.173));
#9778=CARTESIAN_POINT('',(-0.537,0.03,-0.173));
#9779=CARTESIAN_POINT('',(-0.512,0.03,-0.173));
#9780=CARTESIAN_POINT('',(-0.512,0.02,-0.173));
#9781=CARTESIAN_POINT('',(-0.562,0.02,-0.148));
#9782=CARTESIAN_POINT('',(-0.562,0.,-0.148));
#9783=CARTESIAN_POINT('',(-0.562,0.,-0.123));
#9784=CARTESIAN_POINT('',(-0.562,0.02,-0.123));
#9785=CARTESIAN_POINT('',(-0.562,0.03,-0.123));
#9786=CARTESIAN_POINT('',(-0.562,0.03,-0.148));
#9787=CARTESIAN_POINT('',(-0.537,0.02,-0.123));
#9788=CARTESIAN_POINT('',(-0.537,0.,-0.123));
#9789=CARTESIAN_POINT('',(-0.512,0.,-0.123));
#9790=CARTESIAN_POINT('',(-0.512,0.02,-0.123));
#9791=CARTESIAN_POINT('',(-0.512,0.03,-0.123));
#9792=CARTESIAN_POINT('',(-0.537,0.03,-0.123));
#9793=CARTESIAN_POINT('',(-0.512,0.02,-0.148));
#9794=CARTESIAN_POINT('',(-0.512,0.,-0.148));
#9795=CARTESIAN_POINT('',(-0.512,0.03,-0.148));
#9796=CARTESIAN_POINT('',(-0.537,0.,-0.148));
#9797=CARTESIAN_POINT('',(-0.537,0.03,-0.148));
#9798=CARTESIAN_POINT('',(0.,0.,0.));
#9799=CARTESIAN_POINT('',(-0.587,0.02,-0.123));
#9800=CARTESIAN_POINT('',(-0.587,0.,-0.123));
#9801=CARTESIAN_POINT('',(-0.612,0.,-0.123));
#9802=CARTESIAN_POINT('',(-0.562,0.,-0.123));
#9803=CARTESIAN_POINT('',(-0.612,0.02,-0.123));
#9804=CARTESIAN_POINT('',(-0.612,0.03,-0.123));
#9805=CARTESIAN_POINT('',(-0.587,0.03,-0.123));
#9806=CARTESIAN_POINT('',(-0.562,0.03,-0.123));
#9807=CARTESIAN_POINT('',(-0.562,0.02,-0.123));
#9808=CARTESIAN_POINT('',(-0.612,0.02,-0.098));
#9809=CARTESIAN_POINT('',(-0.612,0.,-0.098));
#9810=CARTESIAN_POINT('',(-0.612,0.,-0.073));
#9811=CARTESIAN_POINT('',(-0.612,0.02,-0.073));
#9812=CARTESIAN_POINT('',(-0.612,0.03,-0.073));
#9813=CARTESIAN_POINT('',(-0.612,0.03,-0.098));
#9814=CARTESIAN_POINT('',(-0.587,0.02,-0.073));
#9815=CARTESIAN_POINT('',(-0.587,0.,-0.073));
#9816=CARTESIAN_POINT('',(-0.562,0.,-0.073));
#9817=CARTESIAN_POINT('',(-0.562,0.02,-0.073));
#9818=CARTESIAN_POINT('',(-0.562,0.03,-0.073));
#9819=CARTESIAN_POINT('',(-0.587,0.03,-0.073));
#9820=CARTESIAN_POINT('',(-0.562,0.02,-0.098));
#9821=CARTESIAN_POINT('',(-0.562,0.,-0.098));
#9822=CARTESIAN_POINT('',(-0.562,0.03,-0.098));
#9823=CARTESIAN_POINT('',(-0.587,0.,-0.098));
#9824=CARTESIAN_POINT('',(-0.587,0.03,-0.098));
#9825=CARTESIAN_POINT('',(0.,0.,0.));
#9826=CARTESIAN_POINT('',(-0.487,0.02,-0.123));
#9827=CARTESIAN_POINT('',(-0.487,0.,-0.123));
#9828=CARTESIAN_POINT('',(-0.512,0.,-0.123));
#9829=CARTESIAN_POINT('',(-0.462,0.,-0.123));
#9830=CARTESIAN_POINT('',(-0.512,0.02,-0.123));
#9831=CARTESIAN_POINT('',(-0.512,0.03,-0.123));
#9832=CARTESIAN_POINT('',(-0.487,0.03,-0.123));
#9833=CARTESIAN_POINT('',(-0.462,0.03,-0.123));
#9834=CARTESIAN_POINT('',(-0.462,0.02,-0.123));
#9835=CARTESIAN_POINT('',(-0.512,0.02,-0.098));
#9836=CARTESIAN_POINT('',(-0.512,0.,-0.098));
#9837=CARTESIAN_POINT('',(-0.512,0.,-0.073));
#9838=CARTESIAN_POINT('',(-0.512,0.02,-0.073));
#9839=CARTESIAN_POINT('',(-0.512,0.03,-0.073));
#9840=CARTESIAN_POINT('',(-0.512,0.03,-0.098));
#9841=CARTESIAN_POINT('',(-0.487,0.02,-0.073));
#9842=CARTESIAN_POINT('',(-0.487,0.,-0.073));
#9843=CARTESIAN_POINT('',(-0.462,0.,-0.073));
#9844=CARTESIAN_POINT('',(-0.462,0.02,-0.073));
#9845=CARTESIAN_POINT('',(-0.462,0.03,-0.073));
#9846=CARTESIAN_POINT('',(-0.487,0.03,-0.073));
#9847=CARTESIAN_POINT('',(-0.462,0.02,-0.098));
#9848=CARTESIAN_POINT('',(-0.462,0.,-0.098));
#9849=CARTESIAN_POINT('',(-0.462,0.03,-0.098));
#9850=CARTESIAN_POINT('',(-0.487,0.,-0.098));
#9851=CARTESIAN_POINT('',(-0.487,0.03,-0.098));
#9852=CARTESIAN_POINT('',(0.,0.,0.));
#9853=CARTESIAN_POINT('',(-0.437,0.02,-0.173));
#9854=CARTESIAN_POINT('',(-0.437,0.,-0.173));
#9855=CARTESIAN_POINT('',(-0.462,0.,-0.173));
#9856=CARTESIAN_POINT('',(-0.412,0.,-0.173));
#9857=CARTESIAN_POINT('',(-0.462,0.02,-0.173));
#9858=CARTESIAN_POINT('',(-0.462,0.03,-0.173));
#9859=CARTESIAN_POINT('',(-0.437,0.03,-0.173));
#9860=CARTESIAN_POINT('',(-0.412,0.03,-0.173));
#9861=CARTESIAN_POINT('',(-0.412,0.02,-0.173));
#9862=CARTESIAN_POINT('',(-0.462,0.02,-0.148));
#9863=CARTESIAN_POINT('',(-0.462,0.,-0.148));
#9864=CARTESIAN_POINT('',(-0.462,0.,-0.123));
#9865=CARTESIAN_POINT('',(-0.462,0.02,-0.123));
#9866=CARTESIAN_POINT('',(-0.462,0.03,-0.123));
#9867=CARTESIAN_POINT('',(-0.462,0.03,-0.148));
#9868=CARTESIAN_POINT('',(-0.437,0.02,-0.123));
#9869=CARTESIAN_POINT('',(-0.437,0.,-0.123));
#9870=CARTESIAN_POINT('',(-0.412,0.,-0.123));
#9871=CARTESIAN_POINT('',(-0.412,0.02,-0.123));
#9872=CARTESIAN_POINT('',(-0.412,0.03,-0.123));
#9873=CARTESIAN_POINT('',(-0.437,0.03,-0.123));
#9874=CARTESIAN_POINT('',(-0.412,0.02,-0.148));
#9875=CARTESIAN_POINT('',(-0.412,0.,-0.148));
#9876=CARTESIAN_POINT('',(-0.412,0.03,-0.148));
#9877=CARTESIAN_POINT('',(-0.437,0.,-0.148));
#9878=CARTESIAN_POINT('',(-0.437,0.03,-0.148));
#9879=CARTESIAN_POINT('',(0.,0.,0.));
#9880=CARTESIAN_POINT('',(-0.537,0.02,-0.073));
#9881=CARTESIAN_POINT('',(-0.537,0.,-0.073));
#9882=CARTESIAN_POINT('',(-0.562,0.,-0.073));
#9883=CARTESIAN_POINT('',(-0.512,0.,-0.073));
#9884=CARTESIAN_POINT('',(-0.562,0.02,-0.073));
#9885=CARTESIAN_POINT('',(-0.562,0.03,-0.073));
#9886=CARTESIAN_POINT('',(-0.537,0.03,-0.073));
#9887=CARTESIAN_POINT('',(-0.512,0.03,-0.073));
#9888=CARTESIAN_POINT('',(-0.512,0.02,-0.073));
#9889=CARTESIAN_POINT('',(-0.562,0.02,-0.048));
#9890=CARTESIAN_POINT('',(-0.562,0.,-0.048));
#9891=CARTESIAN_POINT('',(-0.562,0.,-0.023));
#9892=CARTESIAN_POINT('',(-0.562,0.02,-0.023));
#9893=CARTESIAN_POINT('',(-0.562,0.03,-0.023));
#9894=CARTESIAN_POINT('',(-0.562,0.03,-0.048));
#9895=CARTESIAN_POINT('',(-0.537,0.02,-0.023));
#9896=CARTESIAN_POINT('',(-0.537,0.,-0.023));
#9897=CARTESIAN_POINT('',(-0.512,0.,-0.023));
#9898=CARTESIAN_POINT('',(-0.512,0.02,-0.023));
#9899=CARTESIAN_POINT('',(-0.512,0.03,-0.023));
#9900=CARTESIAN_POINT('',(-0.537,0.03,-0.023));
#9901=CARTESIAN_POINT('',(-0.512,0.02,-0.048));
#9902=CARTESIAN_POINT('',(-0.512,0.,-0.048));
#9903=CARTESIAN_POINT('',(-0.512,0.03,-0.048));
#9904=CARTESIAN_POINT('',(-0.537,0.,-0.048));
#9905=CARTESIAN_POINT('',(-0.537,0.03,-0.048));
#9906=CARTESIAN_POINT('',(0.,0.,0.));
#9907=CARTESIAN_POINT('',(-0.437,0.02,-0.073));
#9908=CARTESIAN_POINT('',(-0.437,0.,-0.073));
#9909=CARTESIAN_POINT('',(-0.462,0.,-0.073));
#9910=CARTESIAN_POINT('',(-0.412,0.,-0.073));
#9911=CARTESIAN_POINT('',(-0.462,0.02,-0.073));
#9912=CARTESIAN_POINT('',(-0.462,0.03,-0.073));
#9913=CARTESIAN_POINT('',(-0.437,0.03,-0.073));
#9914=CARTESIAN_POINT('',(-0.412,0.03,-0.073));
#9915=CARTESIAN_POINT('',(-0.412,0.02,-0.073));
#9916=CARTESIAN_POINT('',(-0.462,0.02,-0.048));
#9917=CARTESIAN_POINT('',(-0.462,0.,-0.048));
#9918=CARTESIAN_POINT('',(-0.462,0.,-0.023));
#9919=CARTESIAN_POINT('',(-0.462,0.02,-0.023));
#9920=CARTESIAN_POINT('',(-0.462,0.03,-0.023));
#9921=CARTESIAN_POINT('',(-0.462,0.03,-0.048));
#9922=CARTESIAN_POINT('',(-0.437,0.02,-0.023));
#9923=CARTESIAN_POINT('',(-0.437,0.,-0.023));
#9924=CARTESIAN_POINT('',(-0.412,0.,-0.023));
#9925=CARTESIAN_POINT('',(-0.412,0.02,-0.023));
#9926=CARTESIAN_POINT('',(-0.412,0.03,-0.023));
#9927=CARTESIAN_POINT('',(-0.437,0.03,-0.023));
#9928=CARTESIAN_POINT('',(-0.412,0.02,-0.048));
#9929=CARTESIAN_POINT('',(-0.412,0.,-0.048));
#9930=CARTESIAN_POINT('',(-0.412,0.03,-0.048));
#9931=CARTESIAN_POINT('',(-0.437,0.,-0.048));
#9932=CARTESIAN_POINT('',(-0.437,0.03,-0.048));
#9933=CARTESIAN_POINT('',(0.,0.,0.));
#9934=CARTESIAN_POINT('',(-0.562,0.015,-0.0105));
#9935=CARTESIAN_POINT('',(-0.562,0.015,-0.0105));
#9936=CARTESIAN_POINT('',(-0.562,0.008,-0.0105));
#9937=CARTESIAN_POINT('',(-0.562,0.015,-0.0355));
#9938=CARTESIAN_POINT('',(-0.562,0.008,-0.0355));
#9939=CARTESIAN_POINT('',(-0.512,0.015,-0.0105));
#9940=CARTESIAN_POINT('',(-0.512,0.015,-0.0355));
#9941=CARTESIAN_POINT('',(0.,0.,0.));
#9942=CARTESIAN_POINT('',(-0.512,0.015,-0.0105));
#9943=CARTESIAN_POINT('',(-0.512,0.015,-0.0105));
#9944=CARTESIAN_POINT('',(-0.512,0.008,-0.0105));
#9945=CARTESIAN_POINT('',(-0.512,0.015,-0.0355));
#9946=CARTESIAN_POINT('',(-0.512,0.008,-0.0355));
#9947=CARTESIAN_POINT('',(-0.512,0.015,-0.0105));
#9948=CARTESIAN_POINT('',(-0.512,0.015,-0.0355));
#9949=CARTESIAN_POINT('',(0.,0.,0.));
#9950=CARTESIAN_POINT('',(-0.3995,0.015,-0.073));
#9951=CARTESIAN_POINT('',(-0.3995,0.015,-0.073));
#9952=CARTESIAN_POINT('',(-0.3995,0.008,-0.073));
#9953=CARTESIAN_POINT('',(-0.4245,0.015,-0.073));
#9954=CARTESIAN_POINT('',(-0.4245,0.008,-0.073));
#9955=CARTESIAN_POINT('',(-0.3995,0.015,-0.123));
#9956=CARTESIAN_POINT('',(-0.4245,0.015,-0.123));
#9957=CARTESIAN_POINT('',(0.,0.,0.));
#9958=CARTESIAN_POINT('',(-0.3995,0.015,-0.173));
#9959=CARTESIAN_POINT('',(-0.3995,0.015,-0.173));
#9960=CARTESIAN_POINT('',(-0.3995,0.008,-0.173));
#9961=CARTESIAN_POINT('',(-0.4245,0.015,-0.173));
#9962=CARTESIAN_POINT('',(-0.4245,0.008,-0.173));
#9963=CARTESIAN_POINT('',(-0.3995,0.015,-0.123));
#9964=CARTESIAN_POINT('',(-0.4245,0.015,-0.123));
#9965=CARTESIAN_POINT('',(0.,0.,0.));
#9966=CARTESIAN_POINT('',(-0.3995,0.015,-0.123));
#9967=CARTESIAN_POINT('',(-0.3995,0.015,-0.123));
#9968=CARTESIAN_POINT('',(-0.3995,0.008,-0.123));
#9969=CARTESIAN_POINT('',(-0.4245,0.015,-0.123));
#9970=CARTESIAN_POINT('',(-0.4245,0.008,-0.123));
#9971=CARTESIAN_POINT('',(-0.3995,0.015,-0.123));
#9972=CARTESIAN_POINT('',(-0.4245,0.015,-0.123));
#9973=CARTESIAN_POINT('',(0.,0.,0.));
#9974=CARTESIAN_POINT('',(-0.3995,0.01,-0.233));
#9975=CARTESIAN_POINT('',(-0.3995,0.01,-0.233));
#9976=CARTESIAN_POINT('',(-0.3995,0.0055,-0.233));
#9977=CARTESIAN_POINT('',(-0.4245,0.01,-0.233));
#9978=CARTESIAN_POINT('',(-0.4245,0.0055,-0.233));
#9979=CARTESIAN_POINT('',(-0.3995,0.035,-0.233));
#9980=CARTESIAN_POINT('',(-0.4245,0.035,-0.233));
#9981=CARTESIAN_POINT('',(0.,0.,0.));
#9982=CARTESIAN_POINT('',(-0.462,0.015,-0.0105));
#9983=CARTESIAN_POINT('',(-0.462,0.015,-0.0105));
#9984=CARTESIAN_POINT('',(-0.462,0.008,-0.0105));
#9985=CARTESIAN_POINT('',(-0.462,0.015,-0.0355));
#9986=CARTESIAN_POINT('',(-0.462,0.008,-0.0355));
#9987=CARTESIAN_POINT('',(-0.512,0.015,-0.0105));
#9988=CARTESIAN_POINT('',(-0.512,0.015,-0.0355));
#9989=CARTESIAN_POINT('',(0.,0.,0.));
#9990=CARTESIAN_POINT('',(-0.3995,0.03,-0.233));
#9991=CARTESIAN_POINT('',(-0.3995,0.03,-0.233));
#9992=CARTESIAN_POINT('',(-0.3995,0.0255,-0.233));
#9993=CARTESIAN_POINT('',(-0.4245,0.03,-0.233));
#9994=CARTESIAN_POINT('',(-0.4245,0.0255,-0.233));
#9995=CARTESIAN_POINT('',(-0.3995,0.035,-0.233));
#9996=CARTESIAN_POINT('',(-0.4245,0.035,-0.233));
#9997=CARTESIAN_POINT('',(0.,0.,0.));
#9998=CARTESIAN_POINT('',(-0.3995,0.05,-0.233));
#9999=CARTESIAN_POINT('',(-0.3995,0.05,-0.233));
#10000=CARTESIAN_POINT('',(-0.3995,0.0455,-0.233));
#10001=CARTESIAN_POINT('',(-0.4245,0.05,-0.233));
#10002=CARTESIAN_POINT('',(-0.4245,0.0455,-0.233));
#10003=CARTESIAN_POINT('',(-0.3995,0.035,-0.233));
#10004=CARTESIAN_POINT('',(-0.4245,0.035,-0.233));
#10005=CARTESIAN_POINT('',(0.,0.,0.));
#10006=CARTESIAN_POINT('',(0.423,0.048,0.346));
#10007=CARTESIAN_POINT('',(0.423,0.028,0.346));
#10008=CARTESIAN_POINT('',(0.398,0.028,0.346));
#10009=CARTESIAN_POINT('',(0.448,0.028,0.346));
#10010=CARTESIAN_POINT('',(0.398,0.048,0.346));
#10011=CARTESIAN_POINT('',(0.398,0.058,0.346));
#10012=CARTESIAN_POINT('',(0.423,0.058,0.346));
#10013=CARTESIAN_POINT('',(0.448,0.058,0.346));
#10014=CARTESIAN_POINT('',(0.448,0.048,0.346));
#10015=CARTESIAN_POINT('',(0.398,0.048,0.371));
#10016=CARTESIAN_POINT('',(0.398,0.028,0.371));
#10017=CARTESIAN_POINT('',(0.398,0.028,0.396));
#10018=CARTESIAN_POINT('',(0.398,0.048,0.396));
#10019=CARTESIAN_POINT('',(0.398,0.058,0.396));
#10020=CARTESIAN_POINT('',(0.398,0.058,0.371));
#10021=CARTESIAN_POINT('',(0.423,0.048,0.396));
#10022=CARTESIAN_POINT('',(0.423,0.028,0.396));
#10023=CARTESIAN_POINT('',(0.448,0.028,0.396));
#10024=CARTESIAN_POINT('',(0.448,0.048,0.396));
#10025=CARTESIAN_POINT('',(0.448,0.058,0.396));
#10026=CARTESIAN_POINT('',(0.423,0.058,0.396));
#10027=CARTESIAN_POINT('',(0.448,0.048,0.371));
#10028=CARTESIAN_POINT('',(0.448,0.028,0.371));
#10029=CARTESIAN_POINT('',(0.448,0.058,0.371));
#10030=CARTESIAN_POINT('',(0.423,0.028,0.371));
#10031=CARTESIAN_POINT('',(0.423,0.058,0.371));
#10032=CARTESIAN_POINT('',(0.,0.,0.));
#10033=CARTESIAN_POINT('',(0.298,0.028,0.516));
#10034=CARTESIAN_POINT('',(0.298,0.028,0.516));
#10035=CARTESIAN_POINT('',(0.298,0.038,0.516));
#10036=CARTESIAN_POINT('',(0.298,0.098,0.516));
#10037=CARTESIAN_POINT('',(0.518,0.038,0.516));
#10038=CARTESIAN_POINT('',(0.518,0.038,0.516));
#10039=CARTESIAN_POINT('',(0.518,0.028,0.516));
#10040=CARTESIAN_POINT('',(0.518,0.098,0.516));
#10041=CARTESIAN_POINT('',(0.298,0.098,0.516));
#10042=CARTESIAN_POINT('',(0.518,0.028,0.296));
#10043=CARTESIAN_POINT('',(0.518,0.038,0.296));
#10044=CARTESIAN_POINT('',(0.518,0.038,0.296));
#10045=CARTESIAN_POINT('',(0.518,0.028,0.296));
#10046=CARTESIAN_POINT('',(0.518,0.098,0.296));
#10047=CARTESIAN_POINT('',(0.518,0.098,0.296));
#10048=CARTESIAN_POINT('',(0.498,0.028,0.296));
#10049=CARTESIAN_POINT('',(0.498,0.028,0.296));
#10050=CARTESIAN_POINT('',(0.498,0.028,0.296));
#10051=CARTESIAN_POINT('',(0.498,0.098,0.296));
#10052=CARTESIAN_POINT('',(0.498,0.028,0.296));
#10053=CARTESIAN_POINT('',(0.498,0.028,0.496));
#10054=CARTESIAN_POINT('',(0.498,0.028,0.496));
#10055=CARTESIAN_POINT('',(0.498,0.098,0.496));
#10056=CARTESIAN_POINT('',(0.498,0.098,0.296));
#10057=CARTESIAN_POINT('',(0.298,0.028,0.496));
#10058=CARTESIAN_POINT('',(0.298,0.028,0.496));
#10059=CARTESIAN_POINT('',(0.298,0.028,0.496));
#10060=CARTESIAN_POINT('',(0.298,0.028,0.496));
#10061=CARTESIAN_POINT('',(0.298,0.098,0.496));
#10062=CARTESIAN_POINT('',(0.298,0.098,0.496));
#10063=CARTESIAN_POINT('',(0.298,0.028,0.296));
#10064=CARTESIAN_POINT('',(0.298,0.028,0.296));
#10065=CARTESIAN_POINT('',(0.508,0.028,0.296));
#10066=CARTESIAN_POINT('',(0.508,0.028,0.296));
#10067=CARTESIAN_POINT('',(0.508,0.028,0.506));
#10068=CARTESIAN_POINT('',(0.078,0.028,0.506));
#10069=CARTESIAN_POINT('',(0.298,0.028,0.506));
#10070=CARTESIAN_POINT('',(0.298,0.028,0.296));
#10071=CARTESIAN_POINT('',(0.298,0.098,0.296));
#10072=CARTESIAN_POINT('',(0.298,0.098,0.296));
#10073=CARTESIAN_POINT('',(0.298,0.098,0.296));
#10074=CARTESIAN_POINT('',(0.298,0.038,0.506));
#10075=CARTESIAN_POINT('',(0.298,0.038,0.506));
#10076=CARTESIAN_POINT('',(0.508,0.038,0.506));
#10077=CARTESIAN_POINT('',(0.508,0.038,0.296));
#10078=CARTESIAN_POINT('',(0.508,0.038,0.296));
#10079=CARTESIAN_POINT('',(0.298,0.028,0.296));
#10080=CARTESIAN_POINT('',(0.298,0.078,0.506));
#10081=CARTESIAN_POINT('',(0.298,0.0735,0.506));
#10082=CARTESIAN_POINT('',(0.298,0.058,0.506));
#10083=CARTESIAN_POINT('',(0.298,0.0535,0.506));
#10084=CARTESIAN_POINT('',(0.298,0.038,0.506));
#10085=CARTESIAN_POINT('',(0.298,0.0335,0.506));
#10086=CARTESIAN_POINT('',(0.298,0.028,0.296));
#10087=CARTESIAN_POINT('',(0.2855,0.038,0.506));
#10088=CARTESIAN_POINT('',(0.2855,0.038,0.506));
#10089=CARTESIAN_POINT('',(0.2855,0.0425,0.506));
#10090=CARTESIAN_POINT('',(0.2855,0.063,0.506));
#10091=CARTESIAN_POINT('',(0.2855,0.058,0.506));
#10092=CARTESIAN_POINT('',(0.2855,0.058,0.506));
#10093=CARTESIAN_POINT('',(0.2855,0.0625,0.506));
#10094=CARTESIAN_POINT('',(0.2855,0.063,0.506));
#10095=CARTESIAN_POINT('',(0.2855,0.078,0.506));
#10096=CARTESIAN_POINT('',(0.2855,0.078,0.506));
#10097=CARTESIAN_POINT('',(0.2855,0.0825,0.506));
#10098=CARTESIAN_POINT('',(0.2855,0.063,0.506));
#10099=CARTESIAN_POINT('',(0.,0.,0.));
#10100=CARTESIAN_POINT('',(0.373,0.048,0.396));
#10101=CARTESIAN_POINT('',(0.373,0.028,0.396));
#10102=CARTESIAN_POINT('',(0.348,0.028,0.396));
#10103=CARTESIAN_POINT('',(0.398,0.028,0.396));
#10104=CARTESIAN_POINT('',(0.348,0.048,0.396));
#10105=CARTESIAN_POINT('',(0.348,0.058,0.396));
#10106=CARTESIAN_POINT('',(0.373,0.058,0.396));
#10107=CARTESIAN_POINT('',(0.398,0.058,0.396));
#10108=CARTESIAN_POINT('',(0.398,0.048,0.396));
#10109=CARTESIAN_POINT('',(0.348,0.048,0.421));
#10110=CARTESIAN_POINT('',(0.348,0.028,0.421));
#10111=CARTESIAN_POINT('',(0.348,0.028,0.446));
#10112=CARTESIAN_POINT('',(0.348,0.048,0.446));
#10113=CARTESIAN_POINT('',(0.348,0.058,0.446));
#10114=CARTESIAN_POINT('',(0.348,0.058,0.421));
#10115=CARTESIAN_POINT('',(0.373,0.048,0.446));
#10116=CARTESIAN_POINT('',(0.373,0.028,0.446));
#10117=CARTESIAN_POINT('',(0.398,0.028,0.446));
#10118=CARTESIAN_POINT('',(0.398,0.048,0.446));
#10119=CARTESIAN_POINT('',(0.398,0.058,0.446));
#10120=CARTESIAN_POINT('',(0.373,0.058,0.446));
#10121=CARTESIAN_POINT('',(0.398,0.048,0.421));
#10122=CARTESIAN_POINT('',(0.398,0.028,0.421));
#10123=CARTESIAN_POINT('',(0.398,0.058,0.421));
#10124=CARTESIAN_POINT('',(0.373,0.028,0.421));
#10125=CARTESIAN_POINT('',(0.373,0.058,0.421));
#10126=CARTESIAN_POINT('',(0.,0.,0.));
#10127=CARTESIAN_POINT('',(0.473,0.048,0.396));
#10128=CARTESIAN_POINT('',(0.473,0.028,0.396));
#10129=CARTESIAN_POINT('',(0.448,0.028,0.396));
#10130=CARTESIAN_POINT('',(0.498,0.028,0.396));
#10131=CARTESIAN_POINT('',(0.448,0.048,0.396));
#10132=CARTESIAN_POINT('',(0.448,0.058,0.396));
#10133=CARTESIAN_POINT('',(0.473,0.058,0.396));
#10134=CARTESIAN_POINT('',(0.498,0.058,0.396));
#10135=CARTESIAN_POINT('',(0.498,0.048,0.396));
#10136=CARTESIAN_POINT('',(0.448,0.048,0.421));
#10137=CARTESIAN_POINT('',(0.448,0.028,0.421));
#10138=CARTESIAN_POINT('',(0.448,0.028,0.446));
#10139=CARTESIAN_POINT('',(0.448,0.048,0.446));
#10140=CARTESIAN_POINT('',(0.448,0.058,0.446));
#10141=CARTESIAN_POINT('',(0.448,0.058,0.421));
#10142=CARTESIAN_POINT('',(0.473,0.048,0.446));
#10143=CARTESIAN_POINT('',(0.473,0.028,0.446));
#10144=CARTESIAN_POINT('',(0.498,0.028,0.446));
#10145=CARTESIAN_POINT('',(0.498,0.048,0.446));
#10146=CARTESIAN_POINT('',(0.498,0.058,0.446));
#10147=CARTESIAN_POINT('',(0.473,0.058,0.446));
#10148=CARTESIAN_POINT('',(0.498,0.048,0.421));
#10149=CARTESIAN_POINT('',(0.498,0.028,0.421));
#10150=CARTESIAN_POINT('',(0.498,0.058,0.421));
#10151=CARTESIAN_POINT('',(0.473,0.028,0.421));
#10152=CARTESIAN_POINT('',(0.473,0.058,0.421));
#10153=CARTESIAN_POINT('',(0.,0.,0.));
#10154=CARTESIAN_POINT('',(0.423,0.048,0.446));
#10155=CARTESIAN_POINT('',(0.423,0.028,0.446));
#10156=CARTESIAN_POINT('',(0.398,0.028,0.446));
#10157=CARTESIAN_POINT('',(0.448,0.028,0.446));
#10158=CARTESIAN_POINT('',(0.398,0.048,0.446));
#10159=CARTESIAN_POINT('',(0.398,0.058,0.446));
#10160=CARTESIAN_POINT('',(0.423,0.058,0.446));
#10161=CARTESIAN_POINT('',(0.448,0.058,0.446));
#10162=CARTESIAN_POINT('',(0.448,0.048,0.446));
#10163=CARTESIAN_POINT('',(0.398,0.048,0.471));
#10164=CARTESIAN_POINT('',(0.398,0.028,0.471));
#10165=CARTESIAN_POINT('',(0.398,0.028,0.496));
#10166=CARTESIAN_POINT('',(0.398,0.048,0.496));
#10167=CARTESIAN_POINT('',(0.398,0.058,0.496));
#10168=CARTESIAN_POINT('',(0.398,0.058,0.471));
#10169=CARTESIAN_POINT('',(0.423,0.048,0.496));
#10170=CARTESIAN_POINT('',(0.423,0.028,0.496));
#10171=CARTESIAN_POINT('',(0.448,0.028,0.496));
#10172=CARTESIAN_POINT('',(0.448,0.048,0.496));
#10173=CARTESIAN_POINT('',(0.448,0.058,0.496));
#10174=CARTESIAN_POINT('',(0.423,0.058,0.496));
#10175=CARTESIAN_POINT('',(0.448,0.048,0.471));
#10176=CARTESIAN_POINT('',(0.448,0.028,0.471));
#10177=CARTESIAN_POINT('',(0.448,0.058,0.471));
#10178=CARTESIAN_POINT('',(0.423,0.028,0.471));
#10179=CARTESIAN_POINT('',(0.423,0.058,0.471));
#10180=CARTESIAN_POINT('',(0.,0.,0.));
#10181=CARTESIAN_POINT('',(0.323,0.048,0.346));
#10182=CARTESIAN_POINT('',(0.323,0.028,0.346));
#10183=CARTESIAN_POINT('',(0.298,0.028,0.346));
#10184=CARTESIAN_POINT('',(0.348,0.028,0.346));
#10185=CARTESIAN_POINT('',(0.298,0.048,0.346));
#10186=CARTESIAN_POINT('',(0.298,0.058,0.346));
#10187=CARTESIAN_POINT('',(0.323,0.058,0.346));
#10188=CARTESIAN_POINT('',(0.348,0.058,0.346));
#10189=CARTESIAN_POINT('',(0.348,0.048,0.346));
#10190=CARTESIAN_POINT('',(0.298,0.048,0.371));
#10191=CARTESIAN_POINT('',(0.298,0.028,0.371));
#10192=CARTESIAN_POINT('',(0.298,0.028,0.396));
#10193=CARTESIAN_POINT('',(0.298,0.048,0.396));
#10194=CARTESIAN_POINT('',(0.298,0.058,0.396));
#10195=CARTESIAN_POINT('',(0.298,0.058,0.371));
#10196=CARTESIAN_POINT('',(0.323,0.048,0.396));
#10197=CARTESIAN_POINT('',(0.323,0.028,0.396));
#10198=CARTESIAN_POINT('',(0.348,0.028,0.396));
#10199=CARTESIAN_POINT('',(0.348,0.048,0.396));
#10200=CARTESIAN_POINT('',(0.348,0.058,0.396));
#10201=CARTESIAN_POINT('',(0.323,0.058,0.396));
#10202=CARTESIAN_POINT('',(0.348,0.048,0.371));
#10203=CARTESIAN_POINT('',(0.348,0.028,0.371));
#10204=CARTESIAN_POINT('',(0.348,0.058,0.371));
#10205=CARTESIAN_POINT('',(0.323,0.028,0.371));
#10206=CARTESIAN_POINT('',(0.323,0.058,0.371));
#10207=CARTESIAN_POINT('',(0.,0.,0.));
#10208=CARTESIAN_POINT('',(0.323,0.048,0.446));
#10209=CARTESIAN_POINT('',(0.323,0.028,0.446));
#10210=CARTESIAN_POINT('',(0.298,0.028,0.446));
#10211=CARTESIAN_POINT('',(0.348,0.028,0.446));
#10212=CARTESIAN_POINT('',(0.298,0.048,0.446));
#10213=CARTESIAN_POINT('',(0.298,0.058,0.446));
#10214=CARTESIAN_POINT('',(0.323,0.058,0.446));
#10215=CARTESIAN_POINT('',(0.348,0.058,0.446));
#10216=CARTESIAN_POINT('',(0.348,0.048,0.446));
#10217=CARTESIAN_POINT('',(0.298,0.048,0.471));
#10218=CARTESIAN_POINT('',(0.298,0.028,0.471));
#10219=CARTESIAN_POINT('',(0.298,0.028,0.496));
#10220=CARTESIAN_POINT('',(0.298,0.048,0.496));
#10221=CARTESIAN_POINT('',(0.298,0.058,0.496));
#10222=CARTESIAN_POINT('',(0.298,0.058,0.471));
#10223=CARTESIAN_POINT('',(0.323,0.048,0.496));
#10224=CARTESIAN_POINT('',(0.323,0.028,0.496));
#10225=CARTESIAN_POINT('',(0.348,0.028,0.496));
#10226=CARTESIAN_POINT('',(0.348,0.048,0.496));
#10227=CARTESIAN_POINT('',(0.348,0.058,0.496));
#10228=CARTESIAN_POINT('',(0.323,0.058,0.496));
#10229=CARTESIAN_POINT('',(0.348,0.048,0.471));
#10230=CARTESIAN_POINT('',(0.348,0.028,0.471));
#10231=CARTESIAN_POINT('',(0.348,0.058,0.471));
#10232=CARTESIAN_POINT('',(0.323,0.028,0.471));
#10233=CARTESIAN_POINT('',(0.323,0.058,0.471));
#10234=CARTESIAN_POINT('',(0.,0.,0.));
#10235=CARTESIAN_POINT('',(0.373,0.048,0.296));
#10236=CARTESIAN_POINT('',(0.373,0.028,0.296));
#10237=CARTESIAN_POINT('',(0.348,0.028,0.296));
#10238=CARTESIAN_POINT('',(0.398,0.028,0.296));
#10239=CARTESIAN_POINT('',(0.348,0.048,0.296));
#10240=CARTESIAN_POINT('',(0.348,0.058,0.296));
#10241=CARTESIAN_POINT('',(0.373,0.058,0.296));
#10242=CARTESIAN_POINT('',(0.398,0.058,0.296));
#10243=CARTESIAN_POINT('',(0.398,0.048,0.296));
#10244=CARTESIAN_POINT('',(0.348,0.048,0.321));
#10245=CARTESIAN_POINT('',(0.348,0.028,0.321));
#10246=CARTESIAN_POINT('',(0.348,0.028,0.346));
#10247=CARTESIAN_POINT('',(0.348,0.048,0.346));
#10248=CARTESIAN_POINT('',(0.348,0.058,0.346));
#10249=CARTESIAN_POINT('',(0.348,0.058,0.321));
#10250=CARTESIAN_POINT('',(0.373,0.048,0.346));
#10251=CARTESIAN_POINT('',(0.373,0.028,0.346));
#10252=CARTESIAN_POINT('',(0.398,0.028,0.346));
#10253=CARTESIAN_POINT('',(0.398,0.048,0.346));
#10254=CARTESIAN_POINT('',(0.398,0.058,0.346));
#10255=CARTESIAN_POINT('',(0.373,0.058,0.346));
#10256=CARTESIAN_POINT('',(0.398,0.048,0.321));
#10257=CARTESIAN_POINT('',(0.398,0.028,0.321));
#10258=CARTESIAN_POINT('',(0.398,0.058,0.321));
#10259=CARTESIAN_POINT('',(0.373,0.028,0.321));
#10260=CARTESIAN_POINT('',(0.373,0.058,0.321));
#10261=CARTESIAN_POINT('',(0.,0.,0.));
#10262=CARTESIAN_POINT('',(0.473,0.048,0.296));
#10263=CARTESIAN_POINT('',(0.473,0.028,0.296));
#10264=CARTESIAN_POINT('',(0.448,0.028,0.296));
#10265=CARTESIAN_POINT('',(0.498,0.028,0.296));
#10266=CARTESIAN_POINT('',(0.448,0.048,0.296));
#10267=CARTESIAN_POINT('',(0.448,0.058,0.296));
#10268=CARTESIAN_POINT('',(0.473,0.058,0.296));
#10269=CARTESIAN_POINT('',(0.498,0.058,0.296));
#10270=CARTESIAN_POINT('',(0.498,0.048,0.296));
#10271=CARTESIAN_POINT('',(0.448,0.048,0.321));
#10272=CARTESIAN_POINT('',(0.448,0.028,0.321));
#10273=CARTESIAN_POINT('',(0.448,0.028,0.346));
#10274=CARTESIAN_POINT('',(0.448,0.048,0.346));
#10275=CARTESIAN_POINT('',(0.448,0.058,0.346));
#10276=CARTESIAN_POINT('',(0.448,0.058,0.321));
#10277=CARTESIAN_POINT('',(0.473,0.048,0.346));
#10278=CARTESIAN_POINT('',(0.473,0.028,0.346));
#10279=CARTESIAN_POINT('',(0.498,0.028,0.346));
#10280=CARTESIAN_POINT('',(0.498,0.048,0.346));
#10281=CARTESIAN_POINT('',(0.498,0.058,0.346));
#10282=CARTESIAN_POINT('',(0.473,0.058,0.346));
#10283=CARTESIAN_POINT('',(0.498,0.048,0.321));
#10284=CARTESIAN_POINT('',(0.498,0.028,0.321));
#10285=CARTESIAN_POINT('',(0.498,0.058,0.321));
#10286=CARTESIAN_POINT('',(0.473,0.028,0.321));
#10287=CARTESIAN_POINT('',(0.473,0.058,0.321));
#10288=CARTESIAN_POINT('',(0.,0.,0.));
#10289=CARTESIAN_POINT('',(0.373,0.048,0.346));
#10290=CARTESIAN_POINT('',(0.373,0.028,0.346));
#10291=CARTESIAN_POINT('',(0.348,0.028,0.346));
#10292=CARTESIAN_POINT('',(0.398,0.028,0.346));
#10293=CARTESIAN_POINT('',(0.348,0.048,0.346));
#10294=CARTESIAN_POINT('',(0.348,0.058,0.346));
#10295=CARTESIAN_POINT('',(0.373,0.058,0.346));
#10296=CARTESIAN_POINT('',(0.398,0.058,0.346));
#10297=CARTESIAN_POINT('',(0.398,0.048,0.346));
#10298=CARTESIAN_POINT('',(0.348,0.048,0.371));
#10299=CARTESIAN_POINT('',(0.348,0.028,0.371));
#10300=CARTESIAN_POINT('',(0.348,0.028,0.396));
#10301=CARTESIAN_POINT('',(0.348,0.048,0.396));
#10302=CARTESIAN_POINT('',(0.348,0.058,0.396));
#10303=CARTESIAN_POINT('',(0.348,0.058,0.371));
#10304=CARTESIAN_POINT('',(0.373,0.048,0.396));
#10305=CARTESIAN_POINT('',(0.373,0.028,0.396));
#10306=CARTESIAN_POINT('',(0.398,0.028,0.396));
#10307=CARTESIAN_POINT('',(0.398,0.048,0.396));
#10308=CARTESIAN_POINT('',(0.398,0.058,0.396));
#10309=CARTESIAN_POINT('',(0.373,0.058,0.396));
#10310=CARTESIAN_POINT('',(0.398,0.048,0.371));
#10311=CARTESIAN_POINT('',(0.398,0.028,0.371));
#10312=CARTESIAN_POINT('',(0.398,0.058,0.371));
#10313=CARTESIAN_POINT('',(0.373,0.028,0.371));
#10314=CARTESIAN_POINT('',(0.373,0.058,0.371));
#10315=CARTESIAN_POINT('',(0.,0.,0.));
#10316=CARTESIAN_POINT('',(0.473,0.048,0.346));
#10317=CARTESIAN_POINT('',(0.473,0.028,0.346));
#10318=CARTESIAN_POINT('',(0.448,0.028,0.346));
#10319=CARTESIAN_POINT('',(0.498,0.028,0.346));
#10320=CARTESIAN_POINT('',(0.448,0.048,0.346));
#10321=CARTESIAN_POINT('',(0.448,0.058,0.346));
#10322=CARTESIAN_POINT('',(0.473,0.058,0.346));
#10323=CARTESIAN_POINT('',(0.498,0.058,0.346));
#10324=CARTESIAN_POINT('',(0.498,0.048,0.346));
#10325=CARTESIAN_POINT('',(0.448,0.048,0.371));
#10326=CARTESIAN_POINT('',(0.448,0.028,0.371));
#10327=CARTESIAN_POINT('',(0.448,0.028,0.396));
#10328=CARTESIAN_POINT('',(0.448,0.048,0.396));
#10329=CARTESIAN_POINT('',(0.448,0.058,0.396));
#10330=CARTESIAN_POINT('',(0.448,0.058,0.371));
#10331=CARTESIAN_POINT('',(0.473,0.048,0.396));
#10332=CARTESIAN_POINT('',(0.473,0.028,0.396));
#10333=CARTESIAN_POINT('',(0.498,0.028,0.396));
#10334=CARTESIAN_POINT('',(0.498,0.048,0.396));
#10335=CARTESIAN_POINT('',(0.498,0.058,0.396));
#10336=CARTESIAN_POINT('',(0.473,0.058,0.396));
#10337=CARTESIAN_POINT('',(0.498,0.048,0.371));
#10338=CARTESIAN_POINT('',(0.498,0.028,0.371));
#10339=CARTESIAN_POINT('',(0.498,0.058,0.371));
#10340=CARTESIAN_POINT('',(0.473,0.028,0.371));
#10341=CARTESIAN_POINT('',(0.473,0.058,0.371));
#10342=CARTESIAN_POINT('',(0.,0.,0.));
#10343=CARTESIAN_POINT('',(0.423,0.048,0.396));
#10344=CARTESIAN_POINT('',(0.423,0.028,0.396));
#10345=CARTESIAN_POINT('',(0.398,0.028,0.396));
#10346=CARTESIAN_POINT('',(0.448,0.028,0.396));
#10347=CARTESIAN_POINT('',(0.398,0.048,0.396));
#10348=CARTESIAN_POINT('',(0.398,0.058,0.396));
#10349=CARTESIAN_POINT('',(0.423,0.058,0.396));
#10350=CARTESIAN_POINT('',(0.448,0.058,0.396));
#10351=CARTESIAN_POINT('',(0.448,0.048,0.396));
#10352=CARTESIAN_POINT('',(0.398,0.048,0.421));
#10353=CARTESIAN_POINT('',(0.398,0.028,0.421));
#10354=CARTESIAN_POINT('',(0.398,0.028,0.446));
#10355=CARTESIAN_POINT('',(0.398,0.048,0.446));
#10356=CARTESIAN_POINT('',(0.398,0.058,0.446));
#10357=CARTESIAN_POINT('',(0.398,0.058,0.421));
#10358=CARTESIAN_POINT('',(0.423,0.048,0.446));
#10359=CARTESIAN_POINT('',(0.423,0.028,0.446));
#10360=CARTESIAN_POINT('',(0.448,0.028,0.446));
#10361=CARTESIAN_POINT('',(0.448,0.048,0.446));
#10362=CARTESIAN_POINT('',(0.448,0.058,0.446));
#10363=CARTESIAN_POINT('',(0.423,0.058,0.446));
#10364=CARTESIAN_POINT('',(0.448,0.048,0.421));
#10365=CARTESIAN_POINT('',(0.448,0.028,0.421));
#10366=CARTESIAN_POINT('',(0.448,0.058,0.421));
#10367=CARTESIAN_POINT('',(0.423,0.028,0.421));
#10368=CARTESIAN_POINT('',(0.423,0.058,0.421));
#10369=CARTESIAN_POINT('',(0.,0.,0.));
#10370=CARTESIAN_POINT('',(0.373,0.048,0.446));
#10371=CARTESIAN_POINT('',(0.373,0.028,0.446));
#10372=CARTESIAN_POINT('',(0.348,0.028,0.446));
#10373=CARTESIAN_POINT('',(0.398,0.028,0.446));
#10374=CARTESIAN_POINT('',(0.348,0.048,0.446));
#10375=CARTESIAN_POINT('',(0.348,0.058,0.446));
#10376=CARTESIAN_POINT('',(0.373,0.058,0.446));
#10377=CARTESIAN_POINT('',(0.398,0.058,0.446));
#10378=CARTESIAN_POINT('',(0.398,0.048,0.446));
#10379=CARTESIAN_POINT('',(0.348,0.048,0.471));
#10380=CARTESIAN_POINT('',(0.348,0.028,0.471));
#10381=CARTESIAN_POINT('',(0.348,0.028,0.496));
#10382=CARTESIAN_POINT('',(0.348,0.048,0.496));
#10383=CARTESIAN_POINT('',(0.348,0.058,0.496));
#10384=CARTESIAN_POINT('',(0.348,0.058,0.471));
#10385=CARTESIAN_POINT('',(0.373,0.048,0.496));
#10386=CARTESIAN_POINT('',(0.373,0.028,0.496));
#10387=CARTESIAN_POINT('',(0.398,0.028,0.496));
#10388=CARTESIAN_POINT('',(0.398,0.048,0.496));
#10389=CARTESIAN_POINT('',(0.398,0.058,0.496));
#10390=CARTESIAN_POINT('',(0.373,0.058,0.496));
#10391=CARTESIAN_POINT('',(0.398,0.048,0.471));
#10392=CARTESIAN_POINT('',(0.398,0.028,0.471));
#10393=CARTESIAN_POINT('',(0.398,0.058,0.471));
#10394=CARTESIAN_POINT('',(0.373,0.028,0.471));
#10395=CARTESIAN_POINT('',(0.373,0.058,0.471));
#10396=CARTESIAN_POINT('',(0.,0.,0.));
#10397=CARTESIAN_POINT('',(0.473,0.048,0.446));
#10398=CARTESIAN_POINT('',(0.473,0.028,0.446));
#10399=CARTESIAN_POINT('',(0.448,0.028,0.446));
#10400=CARTESIAN_POINT('',(0.498,0.028,0.446));
#10401=CARTESIAN_POINT('',(0.448,0.048,0.446));
#10402=CARTESIAN_POINT('',(0.448,0.058,0.446));
#10403=CARTESIAN_POINT('',(0.473,0.058,0.446));
#10404=CARTESIAN_POINT('',(0.498,0.058,0.446));
#10405=CARTESIAN_POINT('',(0.498,0.048,0.446));
#10406=CARTESIAN_POINT('',(0.448,0.048,0.471));
#10407=CARTESIAN_POINT('',(0.448,0.028,0.471));
#10408=CARTESIAN_POINT('',(0.448,0.028,0.496));
#10409=CARTESIAN_POINT('',(0.448,0.048,0.496));
#10410=CARTESIAN_POINT('',(0.448,0.058,0.496));
#10411=CARTESIAN_POINT('',(0.448,0.058,0.471));
#10412=CARTESIAN_POINT('',(0.473,0.048,0.496));
#10413=CARTESIAN_POINT('',(0.473,0.028,0.496));
#10414=CARTESIAN_POINT('',(0.498,0.028,0.496));
#10415=CARTESIAN_POINT('',(0.498,0.048,0.496));
#10416=CARTESIAN_POINT('',(0.498,0.058,0.496));
#10417=CARTESIAN_POINT('',(0.473,0.058,0.496));
#10418=CARTESIAN_POINT('',(0.498,0.048,0.471));
#10419=CARTESIAN_POINT('',(0.498,0.028,0.471));
#10420=CARTESIAN_POINT('',(0.498,0.058,0.471));
#10421=CARTESIAN_POINT('',(0.473,0.028,0.471));
#10422=CARTESIAN_POINT('',(0.473,0.058,0.471));
#10423=CARTESIAN_POINT('',(0.,0.,0.));
#10424=CARTESIAN_POINT('',(0.323,0.048,0.396));
#10425=CARTESIAN_POINT('',(0.323,0.028,0.396));
#10426=CARTESIAN_POINT('',(0.298,0.028,0.396));
#10427=CARTESIAN_POINT('',(0.348,0.028,0.396));
#10428=CARTESIAN_POINT('',(0.298,0.048,0.396));
#10429=CARTESIAN_POINT('',(0.298,0.058,0.396));
#10430=CARTESIAN_POINT('',(0.323,0.058,0.396));
#10431=CARTESIAN_POINT('',(0.348,0.058,0.396));
#10432=CARTESIAN_POINT('',(0.348,0.048,0.396));
#10433=CARTESIAN_POINT('',(0.298,0.048,0.421));
#10434=CARTESIAN_POINT('',(0.298,0.028,0.421));
#10435=CARTESIAN_POINT('',(0.298,0.028,0.446));
#10436=CARTESIAN_POINT('',(0.298,0.048,0.446));
#10437=CARTESIAN_POINT('',(0.298,0.058,0.446));
#10438=CARTESIAN_POINT('',(0.298,0.058,0.421));
#10439=CARTESIAN_POINT('',(0.323,0.048,0.446));
#10440=CARTESIAN_POINT('',(0.323,0.028,0.446));
#10441=CARTESIAN_POINT('',(0.348,0.028,0.446));
#10442=CARTESIAN_POINT('',(0.348,0.048,0.446));
#10443=CARTESIAN_POINT('',(0.348,0.058,0.446));
#10444=CARTESIAN_POINT('',(0.323,0.058,0.446));
#10445=CARTESIAN_POINT('',(0.348,0.048,0.421));
#10446=CARTESIAN_POINT('',(0.348,0.028,0.421));
#10447=CARTESIAN_POINT('',(0.348,0.058,0.421));
#10448=CARTESIAN_POINT('',(0.323,0.028,0.421));
#10449=CARTESIAN_POINT('',(0.323,0.058,0.421));
#10450=CARTESIAN_POINT('',(0.,0.,0.));
#10451=CARTESIAN_POINT('',(0.423,0.048,0.296));
#10452=CARTESIAN_POINT('',(0.423,0.028,0.296));
#10453=CARTESIAN_POINT('',(0.398,0.028,0.296));
#10454=CARTESIAN_POINT('',(0.448,0.028,0.296));
#10455=CARTESIAN_POINT('',(0.398,0.048,0.296));
#10456=CARTESIAN_POINT('',(0.398,0.058,0.296));
#10457=CARTESIAN_POINT('',(0.423,0.058,0.296));
#10458=CARTESIAN_POINT('',(0.448,0.058,0.296));
#10459=CARTESIAN_POINT('',(0.448,0.048,0.296));
#10460=CARTESIAN_POINT('',(0.398,0.048,0.321));
#10461=CARTESIAN_POINT('',(0.398,0.028,0.321));
#10462=CARTESIAN_POINT('',(0.398,0.028,0.346));
#10463=CARTESIAN_POINT('',(0.398,0.048,0.346));
#10464=CARTESIAN_POINT('',(0.398,0.058,0.346));
#10465=CARTESIAN_POINT('',(0.398,0.058,0.321));
#10466=CARTESIAN_POINT('',(0.423,0.048,0.346));
#10467=CARTESIAN_POINT('',(0.423,0.028,0.346));
#10468=CARTESIAN_POINT('',(0.448,0.028,0.346));
#10469=CARTESIAN_POINT('',(0.448,0.048,0.346));
#10470=CARTESIAN_POINT('',(0.448,0.058,0.346));
#10471=CARTESIAN_POINT('',(0.423,0.058,0.346));
#10472=CARTESIAN_POINT('',(0.448,0.048,0.321));
#10473=CARTESIAN_POINT('',(0.448,0.028,0.321));
#10474=CARTESIAN_POINT('',(0.448,0.058,0.321));
#10475=CARTESIAN_POINT('',(0.423,0.028,0.321));
#10476=CARTESIAN_POINT('',(0.423,0.058,0.321));
#10477=CARTESIAN_POINT('',(0.,0.,0.));
#10478=CARTESIAN_POINT('',(0.323,0.048,0.296));
#10479=CARTESIAN_POINT('',(0.323,0.028,0.296));
#10480=CARTESIAN_POINT('',(0.298,0.028,0.296));
#10481=CARTESIAN_POINT('',(0.348,0.028,0.296));
#10482=CARTESIAN_POINT('',(0.298,0.048,0.296));
#10483=CARTESIAN_POINT('',(0.298,0.058,0.296));
#10484=CARTESIAN_POINT('',(0.323,0.058,0.296));
#10485=CARTESIAN_POINT('',(0.348,0.058,0.296));
#10486=CARTESIAN_POINT('',(0.348,0.048,0.296));
#10487=CARTESIAN_POINT('',(0.298,0.048,0.321));
#10488=CARTESIAN_POINT('',(0.298,0.028,0.321));
#10489=CARTESIAN_POINT('',(0.298,0.028,0.346));
#10490=CARTESIAN_POINT('',(0.298,0.048,0.346));
#10491=CARTESIAN_POINT('',(0.298,0.058,0.346));
#10492=CARTESIAN_POINT('',(0.298,0.058,0.321));
#10493=CARTESIAN_POINT('',(0.323,0.048,0.346));
#10494=CARTESIAN_POINT('',(0.323,0.028,0.346));
#10495=CARTESIAN_POINT('',(0.348,0.028,0.346));
#10496=CARTESIAN_POINT('',(0.348,0.048,0.346));
#10497=CARTESIAN_POINT('',(0.348,0.058,0.346));
#10498=CARTESIAN_POINT('',(0.323,0.058,0.346));
#10499=CARTESIAN_POINT('',(0.348,0.048,0.321));
#10500=CARTESIAN_POINT('',(0.348,0.028,0.321));
#10501=CARTESIAN_POINT('',(0.348,0.058,0.321));
#10502=CARTESIAN_POINT('',(0.323,0.028,0.321));
#10503=CARTESIAN_POINT('',(0.323,0.058,0.321));
#10504=CARTESIAN_POINT('',(0.,0.,0.));
#10505=CARTESIAN_POINT('',(0.398,0.043,0.2835));
#10506=CARTESIAN_POINT('',(0.398,0.043,0.2835));
#10507=CARTESIAN_POINT('',(0.398,0.05,0.2835));
#10508=CARTESIAN_POINT('',(0.398,0.043,0.3085));
#10509=CARTESIAN_POINT('',(0.398,0.05,0.3085));
#10510=CARTESIAN_POINT('',(0.398,0.043,0.2835));
#10511=CARTESIAN_POINT('',(0.398,0.043,0.3085));
#10512=CARTESIAN_POINT('',(0.,0.,0.));
#10513=CARTESIAN_POINT('',(0.2855,0.043,0.346));
#10514=CARTESIAN_POINT('',(0.2855,0.043,0.346));
#10515=CARTESIAN_POINT('',(0.2855,0.05,0.346));
#10516=CARTESIAN_POINT('',(0.3105,0.043,0.346));
#10517=CARTESIAN_POINT('',(0.3105,0.05,0.346));
#10518=CARTESIAN_POINT('',(0.2855,0.043,0.396));
#10519=CARTESIAN_POINT('',(0.3105,0.043,0.396));
#10520=CARTESIAN_POINT('',(0.,0.,0.));
#10521=CARTESIAN_POINT('',(0.448,0.043,0.2835));
#10522=CARTESIAN_POINT('',(0.448,0.043,0.2835));
#10523=CARTESIAN_POINT('',(0.448,0.05,0.2835));
#10524=CARTESIAN_POINT('',(0.448,0.043,0.3085));
#10525=CARTESIAN_POINT('',(0.448,0.05,0.3085));
#10526=CARTESIAN_POINT('',(0.398,0.043,0.2835));
#10527=CARTESIAN_POINT('',(0.398,0.043,0.3085));
#10528=CARTESIAN_POINT('',(0.,0.,0.));
#10529=CARTESIAN_POINT('',(0.348,0.043,0.2835));
#10530=CARTESIAN_POINT('',(0.348,0.043,0.2835));
#10531=CARTESIAN_POINT('',(0.348,0.05,0.2835));
#10532=CARTESIAN_POINT('',(0.348,0.043,0.3085));
#10533=CARTESIAN_POINT('',(0.348,0.05,0.3085));
#10534=CARTESIAN_POINT('',(0.398,0.043,0.2835));
#10535=CARTESIAN_POINT('',(0.398,0.043,0.3085));
#10536=CARTESIAN_POINT('',(0.,0.,0.));
#10537=CARTESIAN_POINT('',(0.2855,0.043,0.396));
#10538=CARTESIAN_POINT('',(0.2855,0.043,0.396));
#10539=CARTESIAN_POINT('',(0.2855,0.05,0.396));
#10540=CARTESIAN_POINT('',(0.3105,0.043,0.396));
#10541=CARTESIAN_POINT('',(0.3105,0.05,0.396));
#10542=CARTESIAN_POINT('',(0.2855,0.043,0.396));
#10543=CARTESIAN_POINT('',(0.3105,0.043,0.396));
#10544=CARTESIAN_POINT('',(0.,0.,0.));
#10545=CARTESIAN_POINT('',(0.2855,0.043,0.446));
#10546=CARTESIAN_POINT('',(0.2855,0.043,0.446));
#10547=CARTESIAN_POINT('',(0.2855,0.05,0.446));
#10548=CARTESIAN_POINT('',(0.3105,0.043,0.446));
#10549=CARTESIAN_POINT('',(0.3105,0.05,0.446));
#10550=CARTESIAN_POINT('',(0.2855,0.043,0.396));
#10551=CARTESIAN_POINT('',(0.3105,0.043,0.396));
#10552=CARTESIAN_POINT('',(0.,0.,0.));
#10553=CARTESIAN_POINT('',(0.506857866323515,0.038,0.2835));
#10554=CARTESIAN_POINT('',(0.506857866323515,0.038,0.2835));
#10555=CARTESIAN_POINT('',(0.506857866323515,0.0425,0.2835));
#10556=CARTESIAN_POINT('',(0.506857866323515,0.038,0.3085));
#10557=CARTESIAN_POINT('',(0.506857866323515,0.0425,0.3085));
#10558=CARTESIAN_POINT('',(0.508,0.063,0.2835));
#10559=CARTESIAN_POINT('',(0.508,0.063,0.3085));
#10560=CARTESIAN_POINT('',(0.,0.,0.));
#10561=CARTESIAN_POINT('',(0.506857866323515,0.058,0.2835));
#10562=CARTESIAN_POINT('',(0.506857866323515,0.058,0.2835));
#10563=CARTESIAN_POINT('',(0.506857866323515,0.0625,0.2835));
#10564=CARTESIAN_POINT('',(0.506857866323515,0.058,0.3085));
#10565=CARTESIAN_POINT('',(0.506857866323515,0.0625,0.3085));
#10566=CARTESIAN_POINT('',(0.508,0.063,0.2835));
#10567=CARTESIAN_POINT('',(0.508,0.063,0.3085));
#10568=CARTESIAN_POINT('',(0.,0.,0.));
#10569=CARTESIAN_POINT('',(0.506857866323515,0.078,0.2835));
#10570=CARTESIAN_POINT('',(0.506857866323515,0.078,0.2835));
#10571=CARTESIAN_POINT('',(0.506857866323515,0.0825,0.2835));
#10572=CARTESIAN_POINT('',(0.506857866323515,0.078,0.3085));
#10573=CARTESIAN_POINT('',(0.506857866323515,0.0825,0.3085));
#10574=CARTESIAN_POINT('',(0.508,0.063,0.2835));
#10575=CARTESIAN_POINT('',(0.508,0.063,0.3085));
#10576=CARTESIAN_POINT('',(0.,0.,0.));
#10577=CARTESIAN_POINT('',(0.372,0.02,-0.199));
#10578=CARTESIAN_POINT('',(0.372,0.,-0.199));
#10579=CARTESIAN_POINT('',(0.347,0.,-0.199));
#10580=CARTESIAN_POINT('',(0.397,0.,-0.199));
#10581=CARTESIAN_POINT('',(0.347,0.02,-0.199));
#10582=CARTESIAN_POINT('',(0.347,0.03,-0.199));
#10583=CARTESIAN_POINT('',(0.372,0.03,-0.199));
#10584=CARTESIAN_POINT('',(0.397,0.03,-0.199));
#10585=CARTESIAN_POINT('',(0.397,0.02,-0.199));
#10586=CARTESIAN_POINT('',(0.347,0.02,-0.174));
#10587=CARTESIAN_POINT('',(0.347,0.,-0.174));
#10588=CARTESIAN_POINT('',(0.347,0.,-0.149));
#10589=CARTESIAN_POINT('',(0.347,0.02,-0.149));
#10590=CARTESIAN_POINT('',(0.347,0.03,-0.149));
#10591=CARTESIAN_POINT('',(0.347,0.03,-0.174));
#10592=CARTESIAN_POINT('',(0.372,0.02,-0.149));
#10593=CARTESIAN_POINT('',(0.372,0.,-0.149));
#10594=CARTESIAN_POINT('',(0.397,0.,-0.149));
#10595=CARTESIAN_POINT('',(0.397,0.02,-0.149));
#10596=CARTESIAN_POINT('',(0.397,0.03,-0.149));
#10597=CARTESIAN_POINT('',(0.372,0.03,-0.149));
#10598=CARTESIAN_POINT('',(0.397,0.02,-0.174));
#10599=CARTESIAN_POINT('',(0.397,0.,-0.174));
#10600=CARTESIAN_POINT('',(0.397,0.03,-0.174));
#10601=CARTESIAN_POINT('',(0.372,0.,-0.174));
#10602=CARTESIAN_POINT('',(0.372,0.03,-0.174));
#10603=CARTESIAN_POINT('',(0.,0.,0.));
#10604=CARTESIAN_POINT('',(0.422,0.02,-0.199));
#10605=CARTESIAN_POINT('',(0.422,0.,-0.199));
#10606=CARTESIAN_POINT('',(0.397,0.,-0.199));
#10607=CARTESIAN_POINT('',(0.447,0.,-0.199));
#10608=CARTESIAN_POINT('',(0.397,0.02,-0.199));
#10609=CARTESIAN_POINT('',(0.397,0.03,-0.199));
#10610=CARTESIAN_POINT('',(0.422,0.03,-0.199));
#10611=CARTESIAN_POINT('',(0.447,0.03,-0.199));
#10612=CARTESIAN_POINT('',(0.447,0.02,-0.199));
#10613=CARTESIAN_POINT('',(0.397,0.02,-0.174));
#10614=CARTESIAN_POINT('',(0.397,0.,-0.174));
#10615=CARTESIAN_POINT('',(0.397,0.,-0.149));
#10616=CARTESIAN_POINT('',(0.397,0.02,-0.149));
#10617=CARTESIAN_POINT('',(0.397,0.03,-0.149));
#10618=CARTESIAN_POINT('',(0.397,0.03,-0.174));
#10619=CARTESIAN_POINT('',(0.422,0.02,-0.149));
#10620=CARTESIAN_POINT('',(0.422,0.,-0.149));
#10621=CARTESIAN_POINT('',(0.447,0.,-0.149));
#10622=CARTESIAN_POINT('',(0.447,0.02,-0.149));
#10623=CARTESIAN_POINT('',(0.447,0.03,-0.149));
#10624=CARTESIAN_POINT('',(0.422,0.03,-0.149));
#10625=CARTESIAN_POINT('',(0.447,0.02,-0.174));
#10626=CARTESIAN_POINT('',(0.447,0.,-0.174));
#10627=CARTESIAN_POINT('',(0.447,0.03,-0.174));
#10628=CARTESIAN_POINT('',(0.422,0.,-0.174));
#10629=CARTESIAN_POINT('',(0.422,0.03,-0.174));
#10630=CARTESIAN_POINT('',(0.,0.,0.));
#10631=CARTESIAN_POINT('',(0.472,0.02,-0.199));
#10632=CARTESIAN_POINT('',(0.472,0.,-0.199));
#10633=CARTESIAN_POINT('',(0.447,0.,-0.199));
#10634=CARTESIAN_POINT('',(0.497,0.,-0.199));
#10635=CARTESIAN_POINT('',(0.447,0.02,-0.199));
#10636=CARTESIAN_POINT('',(0.447,0.03,-0.199));
#10637=CARTESIAN_POINT('',(0.472,0.03,-0.199));
#10638=CARTESIAN_POINT('',(0.497,0.03,-0.199));
#10639=CARTESIAN_POINT('',(0.497,0.02,-0.199));
#10640=CARTESIAN_POINT('',(0.447,0.02,-0.174));
#10641=CARTESIAN_POINT('',(0.447,0.,-0.174));
#10642=CARTESIAN_POINT('',(0.447,0.,-0.149));
#10643=CARTESIAN_POINT('',(0.447,0.02,-0.149));
#10644=CARTESIAN_POINT('',(0.447,0.03,-0.149));
#10645=CARTESIAN_POINT('',(0.447,0.03,-0.174));
#10646=CARTESIAN_POINT('',(0.472,0.02,-0.149));
#10647=CARTESIAN_POINT('',(0.472,0.,-0.149));
#10648=CARTESIAN_POINT('',(0.497,0.,-0.149));
#10649=CARTESIAN_POINT('',(0.497,0.02,-0.149));
#10650=CARTESIAN_POINT('',(0.497,0.03,-0.149));
#10651=CARTESIAN_POINT('',(0.472,0.03,-0.149));
#10652=CARTESIAN_POINT('',(0.497,0.02,-0.174));
#10653=CARTESIAN_POINT('',(0.497,0.,-0.174));
#10654=CARTESIAN_POINT('',(0.497,0.03,-0.174));
#10655=CARTESIAN_POINT('',(0.472,0.,-0.174));
#10656=CARTESIAN_POINT('',(0.472,0.03,-0.174));
#10657=CARTESIAN_POINT('',(0.,0.,0.));
#10658=CARTESIAN_POINT('',(0.297,0.,0.001));
#10659=CARTESIAN_POINT('',(0.507,0.01,0.001));
#10660=CARTESIAN_POINT('',(0.507,0.005,0.001));
#10661=CARTESIAN_POINT('',(0.507,0.03,0.001));
#10662=CARTESIAN_POINT('',(0.507,0.025,0.001));
#10663=CARTESIAN_POINT('',(0.507,0.05,0.001));
#10664=CARTESIAN_POINT('',(0.507,0.045,0.001));
#10665=CARTESIAN_POINT('',(0.297,0.07,0.001));
#10666=CARTESIAN_POINT('',(0.497,0.07,0.001));
#10667=CARTESIAN_POINT('',(0.517,0.07,0.001));
#10668=CARTESIAN_POINT('',(0.497,0.,0.001));
#10669=CARTESIAN_POINT('',(0.497,0.,0.001));
#10670=CARTESIAN_POINT('',(0.297,0.,0.001));
#10671=CARTESIAN_POINT('',(0.507,0.,0.001));
#10672=CARTESIAN_POINT('',(0.507,0.01,0.001));
#10673=CARTESIAN_POINT('',(0.517,0.01,0.001));
#10674=CARTESIAN_POINT('',(0.517,0.,0.001));
#10675=CARTESIAN_POINT('',(0.297,0.,-0.199));
#10676=CARTESIAN_POINT('',(0.297,0.,-0.199));
#10677=CARTESIAN_POINT('',(0.297,0.,-0.199));
#10678=CARTESIAN_POINT('',(0.297,0.07,-0.199));
#10679=CARTESIAN_POINT('',(0.297,0.,-0.199));
#10680=CARTESIAN_POINT('',(0.497,0.,-0.199));
#10681=CARTESIAN_POINT('',(0.497,0.,-0.199));
#10682=CARTESIAN_POINT('',(0.497,0.07,-0.199));
#10683=CARTESIAN_POINT('',(0.297,0.07,-0.199));
#10684=CARTESIAN_POINT('',(0.297,0.,0.001));
#10685=CARTESIAN_POINT('',(0.297,0.055,-0.209));
#10686=CARTESIAN_POINT('',(0.297,0.05,-0.209));
#10687=CARTESIAN_POINT('',(0.297,0.035,-0.209));
#10688=CARTESIAN_POINT('',(0.297,0.03,-0.209));
#10689=CARTESIAN_POINT('',(0.297,0.015,-0.209));
#10690=CARTESIAN_POINT('',(0.297,0.01,-0.209));
#10691=CARTESIAN_POINT('',(0.297,0.07,0.001));
#10692=CARTESIAN_POINT('',(0.297,0.07,-0.219));
#10693=CARTESIAN_POINT('',(0.297,0.,-0.219));
#10694=CARTESIAN_POINT('',(0.297,0.01,-0.219));
#10695=CARTESIAN_POINT('',(0.297,0.01,-0.209));
#10696=CARTESIAN_POINT('',(0.297,0.,-0.209));
#10697=CARTESIAN_POINT('',(0.297,0.,0.001));
#10698=CARTESIAN_POINT('',(0.297,0.,-0.219));
#10699=CARTESIAN_POINT('',(0.297,0.01,-0.219));
#10700=CARTESIAN_POINT('',(0.517,0.01,-0.219));
#10701=CARTESIAN_POINT('',(0.297,0.07,-0.219));
#10702=CARTESIAN_POINT('',(0.517,0.07,-0.219));
#10703=CARTESIAN_POINT('',(0.517,0.,-0.219));
#10704=CARTESIAN_POINT('',(0.297,0.01,-0.209));
#10705=CARTESIAN_POINT('',(0.507,0.01,-0.209));
#10706=CARTESIAN_POINT('',(0.507,0.,-0.209));
#10707=CARTESIAN_POINT('',(0.297,0.,-0.209));
#10708=CARTESIAN_POINT('',(0.297,0.07,0.001));
#10709=CARTESIAN_POINT('',(0.497,0.07,0.001));
#10710=CARTESIAN_POINT('',(0.517,0.07,0.001));
#10711=CARTESIAN_POINT('',(0.507,0.01,0.001));
#10712=CARTESIAN_POINT('',(0.517,0.01,0.001));
#10713=CARTESIAN_POINT('',(0.507,0.,0.001));
#10714=CARTESIAN_POINT('',(0.297,0.,0.001));
#10715=CARTESIAN_POINT('',(0.497,0.,0.001));
#10716=CARTESIAN_POINT('',(0.497,0.,0.001));
#10717=CARTESIAN_POINT('',(0.517,0.,0.001));
#10718=CARTESIAN_POINT('',(0.507,0.05,-0.0115));
#10719=CARTESIAN_POINT('',(0.507,0.05,-0.0115));
#10720=CARTESIAN_POINT('',(0.507,0.045,-0.0115));
#10721=CARTESIAN_POINT('',(0.507,0.035,-0.0115));
#10722=CARTESIAN_POINT('',(0.507,0.03,-0.0115));
#10723=CARTESIAN_POINT('',(0.507,0.03,-0.0115));
#10724=CARTESIAN_POINT('',(0.507,0.025,-0.0115));
#10725=CARTESIAN_POINT('',(0.507,0.035,-0.0115));
#10726=CARTESIAN_POINT('',(0.507,0.01,-0.0115));
#10727=CARTESIAN_POINT('',(0.507,0.01,-0.0115));
#10728=CARTESIAN_POINT('',(0.507,0.005,-0.0115));
#10729=CARTESIAN_POINT('',(0.507,0.035,-0.0115));
#10730=CARTESIAN_POINT('',(0.3095,0.015,-0.209));
#10731=CARTESIAN_POINT('',(0.3095,0.015,-0.209));
#10732=CARTESIAN_POINT('',(0.3095,0.02,-0.209));
#10733=CARTESIAN_POINT('',(0.3095,0.035,-0.209));
#10734=CARTESIAN_POINT('',(0.3095,0.035,-0.209));
#10735=CARTESIAN_POINT('',(0.3095,0.035,-0.209));
#10736=CARTESIAN_POINT('',(0.3095,0.04,-0.209));
#10737=CARTESIAN_POINT('',(0.3095,0.035,-0.209));
#10738=CARTESIAN_POINT('',(0.3095,0.055,-0.209));
#10739=CARTESIAN_POINT('',(0.3095,0.055,-0.209));
#10740=CARTESIAN_POINT('',(0.3095,0.06,-0.209));
#10741=CARTESIAN_POINT('',(0.3095,0.035,-0.209));
#10742=CARTESIAN_POINT('',(0.,0.,0.));
#10743=CARTESIAN_POINT('',(0.422,0.02,-0.149));
#10744=CARTESIAN_POINT('',(0.422,0.,-0.149));
#10745=CARTESIAN_POINT('',(0.397,0.,-0.149));
#10746=CARTESIAN_POINT('',(0.447,0.,-0.149));
#10747=CARTESIAN_POINT('',(0.397,0.02,-0.149));
#10748=CARTESIAN_POINT('',(0.397,0.03,-0.149));
#10749=CARTESIAN_POINT('',(0.422,0.03,-0.149));
#10750=CARTESIAN_POINT('',(0.447,0.03,-0.149));
#10751=CARTESIAN_POINT('',(0.447,0.02,-0.149));
#10752=CARTESIAN_POINT('',(0.397,0.02,-0.124));
#10753=CARTESIAN_POINT('',(0.397,0.,-0.124));
#10754=CARTESIAN_POINT('',(0.397,0.,-0.099));
#10755=CARTESIAN_POINT('',(0.397,0.02,-0.099));
#10756=CARTESIAN_POINT('',(0.397,0.03,-0.099));
#10757=CARTESIAN_POINT('',(0.397,0.03,-0.124));
#10758=CARTESIAN_POINT('',(0.422,0.02,-0.099));
#10759=CARTESIAN_POINT('',(0.422,0.,-0.099));
#10760=CARTESIAN_POINT('',(0.447,0.,-0.099));
#10761=CARTESIAN_POINT('',(0.447,0.02,-0.099));
#10762=CARTESIAN_POINT('',(0.447,0.03,-0.099));
#10763=CARTESIAN_POINT('',(0.422,0.03,-0.099));
#10764=CARTESIAN_POINT('',(0.447,0.02,-0.124));
#10765=CARTESIAN_POINT('',(0.447,0.,-0.124));
#10766=CARTESIAN_POINT('',(0.447,0.03,-0.124));
#10767=CARTESIAN_POINT('',(0.422,0.,-0.124));
#10768=CARTESIAN_POINT('',(0.422,0.03,-0.124));
#10769=CARTESIAN_POINT('',(0.,0.,0.));
#10770=CARTESIAN_POINT('',(0.372,0.02,-0.099));
#10771=CARTESIAN_POINT('',(0.372,0.,-0.099));
#10772=CARTESIAN_POINT('',(0.347,0.,-0.099));
#10773=CARTESIAN_POINT('',(0.397,0.,-0.099));
#10774=CARTESIAN_POINT('',(0.347,0.02,-0.099));
#10775=CARTESIAN_POINT('',(0.347,0.03,-0.099));
#10776=CARTESIAN_POINT('',(0.372,0.03,-0.099));
#10777=CARTESIAN_POINT('',(0.397,0.03,-0.099));
#10778=CARTESIAN_POINT('',(0.397,0.02,-0.099));
#10779=CARTESIAN_POINT('',(0.347,0.02,-0.074));
#10780=CARTESIAN_POINT('',(0.347,0.,-0.074));
#10781=CARTESIAN_POINT('',(0.347,0.,-0.049));
#10782=CARTESIAN_POINT('',(0.347,0.02,-0.049));
#10783=CARTESIAN_POINT('',(0.347,0.03,-0.049));
#10784=CARTESIAN_POINT('',(0.347,0.03,-0.074));
#10785=CARTESIAN_POINT('',(0.372,0.02,-0.049));
#10786=CARTESIAN_POINT('',(0.372,0.,-0.049));
#10787=CARTESIAN_POINT('',(0.397,0.,-0.049));
#10788=CARTESIAN_POINT('',(0.397,0.02,-0.049));
#10789=CARTESIAN_POINT('',(0.397,0.03,-0.049));
#10790=CARTESIAN_POINT('',(0.372,0.03,-0.049));
#10791=CARTESIAN_POINT('',(0.397,0.02,-0.074));
#10792=CARTESIAN_POINT('',(0.397,0.,-0.074));
#10793=CARTESIAN_POINT('',(0.397,0.03,-0.074));
#10794=CARTESIAN_POINT('',(0.372,0.,-0.074));
#10795=CARTESIAN_POINT('',(0.372,0.03,-0.074));
#10796=CARTESIAN_POINT('',(0.,0.,0.));
#10797=CARTESIAN_POINT('',(0.472,0.02,-0.099));
#10798=CARTESIAN_POINT('',(0.472,0.,-0.099));
#10799=CARTESIAN_POINT('',(0.447,0.,-0.099));
#10800=CARTESIAN_POINT('',(0.497,0.,-0.099));
#10801=CARTESIAN_POINT('',(0.447,0.02,-0.099));
#10802=CARTESIAN_POINT('',(0.447,0.03,-0.099));
#10803=CARTESIAN_POINT('',(0.472,0.03,-0.099));
#10804=CARTESIAN_POINT('',(0.497,0.03,-0.099));
#10805=CARTESIAN_POINT('',(0.497,0.02,-0.099));
#10806=CARTESIAN_POINT('',(0.447,0.02,-0.074));
#10807=CARTESIAN_POINT('',(0.447,0.,-0.074));
#10808=CARTESIAN_POINT('',(0.447,0.,-0.049));
#10809=CARTESIAN_POINT('',(0.447,0.02,-0.049));
#10810=CARTESIAN_POINT('',(0.447,0.03,-0.049));
#10811=CARTESIAN_POINT('',(0.447,0.03,-0.074));
#10812=CARTESIAN_POINT('',(0.472,0.02,-0.049));
#10813=CARTESIAN_POINT('',(0.472,0.,-0.049));
#10814=CARTESIAN_POINT('',(0.497,0.,-0.049));
#10815=CARTESIAN_POINT('',(0.497,0.02,-0.049));
#10816=CARTESIAN_POINT('',(0.497,0.03,-0.049));
#10817=CARTESIAN_POINT('',(0.472,0.03,-0.049));
#10818=CARTESIAN_POINT('',(0.497,0.02,-0.074));
#10819=CARTESIAN_POINT('',(0.497,0.,-0.074));
#10820=CARTESIAN_POINT('',(0.497,0.03,-0.074));
#10821=CARTESIAN_POINT('',(0.472,0.,-0.074));
#10822=CARTESIAN_POINT('',(0.472,0.03,-0.074));
#10823=CARTESIAN_POINT('',(0.,0.,0.));
#10824=CARTESIAN_POINT('',(0.322,0.02,-0.149));
#10825=CARTESIAN_POINT('',(0.3095,0.02,-0.149));
#10826=CARTESIAN_POINT('',(0.3095,0.00581869786123174,-0.149));
#10827=CARTESIAN_POINT('',(0.3095,0.0208186978612317,-0.149));
#10828=CARTESIAN_POINT('',(0.2845,0.0208186978612317,-0.149));
#10829=CARTESIAN_POINT('',(0.297,0.0208186978612317,-0.149));
#10830=CARTESIAN_POINT('',(0.297,0.02,-0.149));
#10831=CARTESIAN_POINT('',(0.297,0.03,-0.149));
#10832=CARTESIAN_POINT('',(0.322,0.03,-0.149));
#10833=CARTESIAN_POINT('',(0.347,0.03,-0.149));
#10834=CARTESIAN_POINT('',(0.347,0.02,-0.149));
#10835=CARTESIAN_POINT('',(0.347,0.,-0.149));
#10836=CARTESIAN_POINT('',(0.322,0.,-0.149));
#10837=CARTESIAN_POINT('',(0.297,0.,-0.149));
#10838=CARTESIAN_POINT('',(0.297,0.02,-0.149));
#10839=CARTESIAN_POINT('',(0.297,0.00581869786123174,-0.149));
#10840=CARTESIAN_POINT('',(0.2845,0.00581869786123174,-0.149));
#10841=CARTESIAN_POINT('',(0.322,0.02,-0.099));
#10842=CARTESIAN_POINT('',(0.2845,0.0225,-0.099));
#10843=CARTESIAN_POINT('',(0.3095,0.0225,-0.099));
#10844=CARTESIAN_POINT('',(0.297,0.0225,-0.099));
#10845=CARTESIAN_POINT('',(0.3095,0.02,-0.099));
#10846=CARTESIAN_POINT('',(0.3095,0.0075,-0.099));
#10847=CARTESIAN_POINT('',(0.2845,0.0075,-0.099));
#10848=CARTESIAN_POINT('',(0.297,0.0075,-0.099));
#10849=CARTESIAN_POINT('',(0.297,0.02,-0.099));
#10850=CARTESIAN_POINT('',(0.297,0.,-0.099));
#10851=CARTESIAN_POINT('',(0.322,0.,-0.099));
#10852=CARTESIAN_POINT('',(0.347,0.,-0.099));
#10853=CARTESIAN_POINT('',(0.347,0.02,-0.099));
#10854=CARTESIAN_POINT('',(0.347,0.03,-0.099));
#10855=CARTESIAN_POINT('',(0.322,0.03,-0.099));
#10856=CARTESIAN_POINT('',(0.297,0.03,-0.099));
#10857=CARTESIAN_POINT('',(0.297,0.02,-0.099));
#10858=CARTESIAN_POINT('',(0.297,0.02,-0.124));
#10859=CARTESIAN_POINT('',(0.297,0.015,-0.099));
#10860=CARTESIAN_POINT('',(0.297,0.03,-0.124));
#10861=CARTESIAN_POINT('',(0.297,0.0133186978612317,-0.149));
#10862=CARTESIAN_POINT('',(0.297,0.,-0.124));
#10863=CARTESIAN_POINT('',(0.347,0.02,-0.124));
#10864=CARTESIAN_POINT('',(0.347,0.,-0.124));
#10865=CARTESIAN_POINT('',(0.347,0.03,-0.124));
#10866=CARTESIAN_POINT('',(0.322,0.,-0.124));
#10867=CARTESIAN_POINT('',(0.322,0.03,-0.124));
#10868=CARTESIAN_POINT('',(0.2845,0.015,-0.099));
#10869=CARTESIAN_POINT('',(0.3095,0.015,-0.099));
#10870=CARTESIAN_POINT('',(0.3095,0.015,-0.099));
#10871=CARTESIAN_POINT('',(0.2845,0.0133186978612317,-0.149));
#10872=CARTESIAN_POINT('',(0.3095,0.0133186978612317,-0.149));
#10873=CARTESIAN_POINT('',(0.3095,0.015,-0.099));
#10874=CARTESIAN_POINT('',(0.,0.,0.));
#10875=CARTESIAN_POINT('',(0.422,0.02,-0.049));
#10876=CARTESIAN_POINT('',(0.422,0.,-0.049));
#10877=CARTESIAN_POINT('',(0.397,0.,-0.049));
#10878=CARTESIAN_POINT('',(0.447,0.,-0.049));
#10879=CARTESIAN_POINT('',(0.397,0.02,-0.049));
#10880=CARTESIAN_POINT('',(0.397,0.03,-0.049));
#10881=CARTESIAN_POINT('',(0.422,0.03,-0.049));
#10882=CARTESIAN_POINT('',(0.447,0.03,-0.049));
#10883=CARTESIAN_POINT('',(0.447,0.02,-0.049));
#10884=CARTESIAN_POINT('',(0.397,0.02,-0.024));
#10885=CARTESIAN_POINT('',(0.397,0.02,-0.0115));
#10886=CARTESIAN_POINT('',(0.397,0.0225,-0.0115));
#10887=CARTESIAN_POINT('',(0.397,0.0075,-0.0115));
#10888=CARTESIAN_POINT('',(0.397,0.0225,-0.0115));
#10889=CARTESIAN_POINT('',(0.397,0.0225,0.00100000000000001));
#10890=CARTESIAN_POINT('',(0.397,0.02,0.00100000000000001));
#10891=CARTESIAN_POINT('',(0.397,0.03,0.00100000000000001));
#10892=CARTESIAN_POINT('',(0.397,0.03,-0.024));
#10893=CARTESIAN_POINT('',(0.397,0.,-0.024));
#10894=CARTESIAN_POINT('',(0.397,0.,0.00100000000000001));
#10895=CARTESIAN_POINT('',(0.397,0.02,0.00100000000000001));
#10896=CARTESIAN_POINT('',(0.397,0.0075,0.00100000000000001));
#10897=CARTESIAN_POINT('',(0.397,0.0075,-0.0115));
#10898=CARTESIAN_POINT('',(0.422,0.02,0.00100000000000001));
#10899=CARTESIAN_POINT('',(0.397,0.015,0.00100000000000001));
#10900=CARTESIAN_POINT('',(0.422,0.,0.00100000000000001));
#10901=CARTESIAN_POINT('',(0.447,0.,0.001));
#10902=CARTESIAN_POINT('',(0.447,0.02,0.001));
#10903=CARTESIAN_POINT('',(0.447,0.0075,0.001));
#10904=CARTESIAN_POINT('',(0.447,0.015,0.00100000000000001));
#10905=CARTESIAN_POINT('',(0.447,0.0225,0.00100000000000001));
#10906=CARTESIAN_POINT('',(0.447,0.02,0.001));
#10907=CARTESIAN_POINT('',(0.447,0.03,0.001));
#10908=CARTESIAN_POINT('',(0.422,0.03,0.00100000000000001));
#10909=CARTESIAN_POINT('',(0.447,0.02,-0.024));
#10910=CARTESIAN_POINT('',(0.447,0.0225,-0.0115));
#10911=CARTESIAN_POINT('',(0.447,0.0225,-0.0115));
#10912=CARTESIAN_POINT('',(0.447,0.02,-0.0115));
#10913=CARTESIAN_POINT('',(0.447,0.0075,-0.0115));
#10914=CARTESIAN_POINT('',(0.447,0.0075,-0.0115));
#10915=CARTESIAN_POINT('',(0.447,0.,-0.024));
#10916=CARTESIAN_POINT('',(0.447,0.03,-0.024));
#10917=CARTESIAN_POINT('',(0.422,0.,-0.024));
#10918=CARTESIAN_POINT('',(0.422,0.03,-0.024));
#10919=CARTESIAN_POINT('',(0.447,0.015,-0.0115));
#10920=CARTESIAN_POINT('',(0.447,0.015,-0.0115));
#10921=CARTESIAN_POINT('',(0.397,0.015,-0.0115));
#10922=CARTESIAN_POINT('',(0.397,0.015,-0.0115));
#10923=CARTESIAN_POINT('',(0.397,0.015,-0.0115));
#10924=CARTESIAN_POINT('',(0.397,0.015,-0.0115));
#10925=CARTESIAN_POINT('',(0.,0.,0.));
#10926=CARTESIAN_POINT('',(0.322,0.02,-0.049));
#10927=CARTESIAN_POINT('',(0.3095,0.02,-0.049));
#10928=CARTESIAN_POINT('',(0.3095,0.0075,-0.049));
#10929=CARTESIAN_POINT('',(0.3095,0.0225,-0.049));
#10930=CARTESIAN_POINT('',(0.2845,0.0225,-0.049));
#10931=CARTESIAN_POINT('',(0.297,0.0225,-0.049));
#10932=CARTESIAN_POINT('',(0.297,0.02,-0.049));
#10933=CARTESIAN_POINT('',(0.297,0.03,-0.049));
#10934=CARTESIAN_POINT('',(0.322,0.03,-0.049));
#10935=CARTESIAN_POINT('',(0.347,0.03,-0.049));
#10936=CARTESIAN_POINT('',(0.347,0.02,-0.049));
#10937=CARTESIAN_POINT('',(0.347,0.,-0.049));
#10938=CARTESIAN_POINT('',(0.322,0.,-0.049));
#10939=CARTESIAN_POINT('',(0.297,0.,-0.049));
#10940=CARTESIAN_POINT('',(0.297,0.02,-0.049));
#10941=CARTESIAN_POINT('',(0.297,0.0075,-0.049));
#10942=CARTESIAN_POINT('',(0.2845,0.0075,-0.049));
#10943=CARTESIAN_POINT('',(0.297,0.02,-0.024));
#10944=CARTESIAN_POINT('',(0.297,0.015,-0.049));
#10945=CARTESIAN_POINT('',(0.297,0.,-0.024));
#10946=CARTESIAN_POINT('',(0.297,0.,0.00100000000000001));
#10947=CARTESIAN_POINT('',(0.297,0.02,0.00100000000000001));
#10948=CARTESIAN_POINT('',(0.297,0.03,0.00100000000000001));
#10949=CARTESIAN_POINT('',(0.297,0.03,-0.024));
#10950=CARTESIAN_POINT('',(0.322,0.02,0.00100000000000001));
#10951=CARTESIAN_POINT('',(0.347,0.02,0.00100000000000001));
#10952=CARTESIAN_POINT('',(0.347,0.0075,0.00100000000000001));
#10953=CARTESIAN_POINT('',(0.347,0.,0.00100000000000001));
#10954=CARTESIAN_POINT('',(0.347,0.015,0.00100000000000001));
#10955=CARTESIAN_POINT('',(0.347,0.0225,0.00100000000000001));
#10956=CARTESIAN_POINT('',(0.347,0.02,0.00100000000000001));
#10957=CARTESIAN_POINT('',(0.347,0.03,0.00100000000000001));
#10958=CARTESIAN_POINT('',(0.322,0.03,0.00100000000000001));
#10959=CARTESIAN_POINT('',(0.322,0.,0.00100000000000001));
#10960=CARTESIAN_POINT('',(0.347,0.02,-0.024));
#10961=CARTESIAN_POINT('',(0.347,0.0225,-0.0115));
#10962=CARTESIAN_POINT('',(0.347,0.0225,-0.0115));
#10963=CARTESIAN_POINT('',(0.347,0.02,-0.0115));
#10964=CARTESIAN_POINT('',(0.347,0.0075,-0.0115));
#10965=CARTESIAN_POINT('',(0.347,0.0075,-0.0115));
#10966=CARTESIAN_POINT('',(0.347,0.,-0.024));
#10967=CARTESIAN_POINT('',(0.347,0.03,-0.024));
#10968=CARTESIAN_POINT('',(0.322,0.,-0.024));
#10969=CARTESIAN_POINT('',(0.322,0.03,-0.024));
#10970=CARTESIAN_POINT('',(0.2845,0.015,-0.049));
#10971=CARTESIAN_POINT('',(0.3095,0.015,-0.049));
#10972=CARTESIAN_POINT('',(0.3095,0.015,-0.099));
#10973=CARTESIAN_POINT('',(0.347,0.015,-0.0115));
#10974=CARTESIAN_POINT('',(0.347,0.015,-0.0115));
#10975=CARTESIAN_POINT('',(0.397,0.015,-0.0115));
#10976=CARTESIAN_POINT('',(0.,0.,0.));
#10977=CARTESIAN_POINT('',(0.372,0.02,-0.149));
#10978=CARTESIAN_POINT('',(0.372,0.,-0.149));
#10979=CARTESIAN_POINT('',(0.347,0.,-0.149));
#10980=CARTESIAN_POINT('',(0.397,0.,-0.149));
#10981=CARTESIAN_POINT('',(0.347,0.02,-0.149));
#10982=CARTESIAN_POINT('',(0.347,0.03,-0.149));
#10983=CARTESIAN_POINT('',(0.372,0.03,-0.149));
#10984=CARTESIAN_POINT('',(0.397,0.03,-0.149));
#10985=CARTESIAN_POINT('',(0.397,0.02,-0.149));
#10986=CARTESIAN_POINT('',(0.347,0.02,-0.124));
#10987=CARTESIAN_POINT('',(0.347,0.,-0.124));
#10988=CARTESIAN_POINT('',(0.347,0.,-0.099));
#10989=CARTESIAN_POINT('',(0.347,0.02,-0.099));
#10990=CARTESIAN_POINT('',(0.347,0.03,-0.099));
#10991=CARTESIAN_POINT('',(0.347,0.03,-0.124));
#10992=CARTESIAN_POINT('',(0.372,0.02,-0.099));
#10993=CARTESIAN_POINT('',(0.372,0.,-0.099));
#10994=CARTESIAN_POINT('',(0.397,0.,-0.099));
#10995=CARTESIAN_POINT('',(0.397,0.02,-0.099));
#10996=CARTESIAN_POINT('',(0.397,0.03,-0.099));
#10997=CARTESIAN_POINT('',(0.372,0.03,-0.099));
#10998=CARTESIAN_POINT('',(0.397,0.02,-0.124));
#10999=CARTESIAN_POINT('',(0.397,0.,-0.124));
#11000=CARTESIAN_POINT('',(0.397,0.03,-0.124));
#11001=CARTESIAN_POINT('',(0.372,0.,-0.124));
#11002=CARTESIAN_POINT('',(0.372,0.03,-0.124));
#11003=CARTESIAN_POINT('',(0.,0.,0.));
#11004=CARTESIAN_POINT('',(0.472,0.02,-0.149));
#11005=CARTESIAN_POINT('',(0.472,0.,-0.149));
#11006=CARTESIAN_POINT('',(0.447,0.,-0.149));
#11007=CARTESIAN_POINT('',(0.497,0.,-0.149));
#11008=CARTESIAN_POINT('',(0.447,0.02,-0.149));
#11009=CARTESIAN_POINT('',(0.447,0.03,-0.149));
#11010=CARTESIAN_POINT('',(0.472,0.03,-0.149));
#11011=CARTESIAN_POINT('',(0.497,0.03,-0.149));
#11012=CARTESIAN_POINT('',(0.497,0.02,-0.149));
#11013=CARTESIAN_POINT('',(0.447,0.02,-0.124));
#11014=CARTESIAN_POINT('',(0.447,0.,-0.124));
#11015=CARTESIAN_POINT('',(0.447,0.,-0.099));
#11016=CARTESIAN_POINT('',(0.447,0.02,-0.099));
#11017=CARTESIAN_POINT('',(0.447,0.03,-0.099));
#11018=CARTESIAN_POINT('',(0.447,0.03,-0.124));
#11019=CARTESIAN_POINT('',(0.472,0.02,-0.099));
#11020=CARTESIAN_POINT('',(0.472,0.,-0.099));
#11021=CARTESIAN_POINT('',(0.497,0.,-0.099));
#11022=CARTESIAN_POINT('',(0.497,0.02,-0.099));
#11023=CARTESIAN_POINT('',(0.497,0.03,-0.099));
#11024=CARTESIAN_POINT('',(0.472,0.03,-0.099));
#11025=CARTESIAN_POINT('',(0.497,0.02,-0.124));
#11026=CARTESIAN_POINT('',(0.497,0.,-0.124));
#11027=CARTESIAN_POINT('',(0.497,0.03,-0.124));
#11028=CARTESIAN_POINT('',(0.472,0.,-0.124));
#11029=CARTESIAN_POINT('',(0.472,0.03,-0.124));
#11030=CARTESIAN_POINT('',(0.,0.,0.));
#11031=CARTESIAN_POINT('',(0.422,0.02,-0.099));
#11032=CARTESIAN_POINT('',(0.422,0.,-0.099));
#11033=CARTESIAN_POINT('',(0.397,0.,-0.099));
#11034=CARTESIAN_POINT('',(0.447,0.,-0.099));
#11035=CARTESIAN_POINT('',(0.397,0.02,-0.099));
#11036=CARTESIAN_POINT('',(0.397,0.03,-0.099));
#11037=CARTESIAN_POINT('',(0.422,0.03,-0.099));
#11038=CARTESIAN_POINT('',(0.447,0.03,-0.099));
#11039=CARTESIAN_POINT('',(0.447,0.02,-0.099));
#11040=CARTESIAN_POINT('',(0.397,0.02,-0.074));
#11041=CARTESIAN_POINT('',(0.397,0.,-0.074));
#11042=CARTESIAN_POINT('',(0.397,0.,-0.049));
#11043=CARTESIAN_POINT('',(0.397,0.02,-0.049));
#11044=CARTESIAN_POINT('',(0.397,0.03,-0.049));
#11045=CARTESIAN_POINT('',(0.397,0.03,-0.074));
#11046=CARTESIAN_POINT('',(0.422,0.02,-0.049));
#11047=CARTESIAN_POINT('',(0.422,0.,-0.049));
#11048=CARTESIAN_POINT('',(0.447,0.,-0.049));
#11049=CARTESIAN_POINT('',(0.447,0.02,-0.049));
#11050=CARTESIAN_POINT('',(0.447,0.03,-0.049));
#11051=CARTESIAN_POINT('',(0.422,0.03,-0.049));
#11052=CARTESIAN_POINT('',(0.447,0.02,-0.074));
#11053=CARTESIAN_POINT('',(0.447,0.,-0.074));
#11054=CARTESIAN_POINT('',(0.447,0.03,-0.074));
#11055=CARTESIAN_POINT('',(0.422,0.,-0.074));
#11056=CARTESIAN_POINT('',(0.422,0.03,-0.074));
#11057=CARTESIAN_POINT('',(0.,0.,0.));
#11058=CARTESIAN_POINT('',(0.322,0.02,-0.149));
#11059=CARTESIAN_POINT('',(0.2845,0.0208186978612317,-0.149));
#11060=CARTESIAN_POINT('',(0.3095,0.0208186978612317,-0.149));
#11061=CARTESIAN_POINT('',(0.297,0.0208186978612317,-0.149));
#11062=CARTESIAN_POINT('',(0.3095,0.02,-0.149));
#11063=CARTESIAN_POINT('',(0.3095,0.00581869786123174,-0.149));
#11064=CARTESIAN_POINT('',(0.2845,0.00581869786123174,-0.149));
#11065=CARTESIAN_POINT('',(0.297,0.00581869786123174,-0.149));
#11066=CARTESIAN_POINT('',(0.297,0.02,-0.149));
#11067=CARTESIAN_POINT('',(0.297,0.,-0.149));
#11068=CARTESIAN_POINT('',(0.322,0.,-0.149));
#11069=CARTESIAN_POINT('',(0.347,0.,-0.149));
#11070=CARTESIAN_POINT('',(0.347,0.02,-0.149));
#11071=CARTESIAN_POINT('',(0.347,0.03,-0.149));
#11072=CARTESIAN_POINT('',(0.322,0.03,-0.149));
#11073=CARTESIAN_POINT('',(0.297,0.03,-0.149));
#11074=CARTESIAN_POINT('',(0.297,0.02,-0.149));
#11075=CARTESIAN_POINT('',(0.322,0.02,-0.199));
#11076=CARTESIAN_POINT('',(0.322,0.,-0.199));
#11077=CARTESIAN_POINT('',(0.297,0.,-0.199));
#11078=CARTESIAN_POINT('',(0.347,0.,-0.199));
#11079=CARTESIAN_POINT('',(0.297,0.02,-0.199));
#11080=CARTESIAN_POINT('',(0.297,0.03,-0.199));
#11081=CARTESIAN_POINT('',(0.322,0.03,-0.199));
#11082=CARTESIAN_POINT('',(0.347,0.03,-0.199));
#11083=CARTESIAN_POINT('',(0.347,0.02,-0.199));
#11084=CARTESIAN_POINT('',(0.297,0.02,-0.174));
#11085=CARTESIAN_POINT('',(0.297,0.0133186978612317,-0.149));
#11086=CARTESIAN_POINT('',(0.297,0.03,-0.174));
#11087=CARTESIAN_POINT('',(0.297,0.,-0.174));
#11088=CARTESIAN_POINT('',(0.347,0.02,-0.174));
#11089=CARTESIAN_POINT('',(0.347,0.,-0.174));
#11090=CARTESIAN_POINT('',(0.347,0.03,-0.174));
#11091=CARTESIAN_POINT('',(0.322,0.,-0.174));
#11092=CARTESIAN_POINT('',(0.322,0.03,-0.174));
#11093=CARTESIAN_POINT('',(0.2845,0.0133186978612317,-0.149));
#11094=CARTESIAN_POINT('',(0.3095,0.0133186978612317,-0.149));
#11095=CARTESIAN_POINT('',(0.3095,0.015,-0.099));
#11096=CARTESIAN_POINT('',(0.,0.,0.));
#11097=CARTESIAN_POINT('',(0.322,0.02,-0.099));
#11098=CARTESIAN_POINT('',(0.3095,0.02,-0.099));
#11099=CARTESIAN_POINT('',(0.3095,0.0075,-0.099));
#11100=CARTESIAN_POINT('',(0.3095,0.0225,-0.099));
#11101=CARTESIAN_POINT('',(0.2845,0.0225,-0.099));
#11102=CARTESIAN_POINT('',(0.297,0.0225,-0.099));
#11103=CARTESIAN_POINT('',(0.297,0.02,-0.099));
#11104=CARTESIAN_POINT('',(0.297,0.03,-0.099));
#11105=CARTESIAN_POINT('',(0.322,0.03,-0.099));
#11106=CARTESIAN_POINT('',(0.347,0.03,-0.099));
#11107=CARTESIAN_POINT('',(0.347,0.02,-0.099));
#11108=CARTESIAN_POINT('',(0.347,0.,-0.099));
#11109=CARTESIAN_POINT('',(0.322,0.,-0.099));
#11110=CARTESIAN_POINT('',(0.297,0.,-0.099));
#11111=CARTESIAN_POINT('',(0.297,0.02,-0.099));
#11112=CARTESIAN_POINT('',(0.297,0.0075,-0.099));
#11113=CARTESIAN_POINT('',(0.2845,0.0075,-0.099));
#11114=CARTESIAN_POINT('',(0.322,0.02,-0.049));
#11115=CARTESIAN_POINT('',(0.2845,0.0225,-0.049));
#11116=CARTESIAN_POINT('',(0.3095,0.0225,-0.049));
#11117=CARTESIAN_POINT('',(0.297,0.0225,-0.049));
#11118=CARTESIAN_POINT('',(0.3095,0.02,-0.049));
#11119=CARTESIAN_POINT('',(0.3095,0.0075,-0.049));
#11120=CARTESIAN_POINT('',(0.2845,0.0075,-0.049));
#11121=CARTESIAN_POINT('',(0.297,0.0075,-0.049));
#11122=CARTESIAN_POINT('',(0.297,0.02,-0.049));
#11123=CARTESIAN_POINT('',(0.297,0.,-0.049));
#11124=CARTESIAN_POINT('',(0.322,0.,-0.049));
#11125=CARTESIAN_POINT('',(0.347,0.,-0.049));
#11126=CARTESIAN_POINT('',(0.347,0.02,-0.049));
#11127=CARTESIAN_POINT('',(0.347,0.03,-0.049));
#11128=CARTESIAN_POINT('',(0.322,0.03,-0.049));
#11129=CARTESIAN_POINT('',(0.297,0.03,-0.049));
#11130=CARTESIAN_POINT('',(0.297,0.02,-0.049));
#11131=CARTESIAN_POINT('',(0.297,0.02,-0.074));
#11132=CARTESIAN_POINT('',(0.297,0.015,-0.049));
#11133=CARTESIAN_POINT('',(0.297,0.03,-0.074));
#11134=CARTESIAN_POINT('',(0.297,0.015,-0.099));
#11135=CARTESIAN_POINT('',(0.297,0.,-0.074));
#11136=CARTESIAN_POINT('',(0.347,0.02,-0.074));
#11137=CARTESIAN_POINT('',(0.347,0.,-0.074));
#11138=CARTESIAN_POINT('',(0.347,0.03,-0.074));
#11139=CARTESIAN_POINT('',(0.322,0.,-0.074));
#11140=CARTESIAN_POINT('',(0.322,0.03,-0.074));
#11141=CARTESIAN_POINT('',(0.2845,0.015,-0.049));
#11142=CARTESIAN_POINT('',(0.3095,0.015,-0.049));
#11143=CARTESIAN_POINT('',(0.3095,0.015,-0.099));
#11144=CARTESIAN_POINT('',(0.2845,0.015,-0.099));
#11145=CARTESIAN_POINT('',(0.3095,0.015,-0.099));
#11146=CARTESIAN_POINT('',(0.3095,0.015,-0.099));
#11147=CARTESIAN_POINT('',(0.,0.,0.));
#11148=CARTESIAN_POINT('',(0.372,0.02,-0.049));
#11149=CARTESIAN_POINT('',(0.372,0.,-0.049));
#11150=CARTESIAN_POINT('',(0.347,0.,-0.049));
#11151=CARTESIAN_POINT('',(0.397,0.,-0.049));
#11152=CARTESIAN_POINT('',(0.347,0.02,-0.049));
#11153=CARTESIAN_POINT('',(0.347,0.03,-0.049));
#11154=CARTESIAN_POINT('',(0.372,0.03,-0.049));
#11155=CARTESIAN_POINT('',(0.397,0.03,-0.049));
#11156=CARTESIAN_POINT('',(0.397,0.02,-0.049));
#11157=CARTESIAN_POINT('',(0.347,0.02,-0.024));
#11158=CARTESIAN_POINT('',(0.347,0.02,-0.0115));
#11159=CARTESIAN_POINT('',(0.347,0.0225,-0.0115));
#11160=CARTESIAN_POINT('',(0.347,0.0075,-0.0115));
#11161=CARTESIAN_POINT('',(0.347,0.0225,-0.0115));
#11162=CARTESIAN_POINT('',(0.347,0.0225,0.000999999999999987));
#11163=CARTESIAN_POINT('',(0.347,0.02,0.000999999999999987));
#11164=CARTESIAN_POINT('',(0.347,0.03,0.000999999999999987));
#11165=CARTESIAN_POINT('',(0.347,0.03,-0.024));
#11166=CARTESIAN_POINT('',(0.347,0.,-0.024));
#11167=CARTESIAN_POINT('',(0.347,0.,0.000999999999999987));
#11168=CARTESIAN_POINT('',(0.347,0.02,0.000999999999999987));
#11169=CARTESIAN_POINT('',(0.347,0.0075,0.000999999999999987));
#11170=CARTESIAN_POINT('',(0.347,0.0075,-0.0115));
#11171=CARTESIAN_POINT('',(0.372,0.02,0.000999999999999987));
#11172=CARTESIAN_POINT('',(0.347,0.015,0.000999999999999987));
#11173=CARTESIAN_POINT('',(0.372,0.,0.000999999999999987));
#11174=CARTESIAN_POINT('',(0.397,0.,0.000999999999999987));
#11175=CARTESIAN_POINT('',(0.397,0.02,0.000999999999999987));
#11176=CARTESIAN_POINT('',(0.397,0.0075,0.000999999999999987));
#11177=CARTESIAN_POINT('',(0.397,0.015,0.000999999999999987));
#11178=CARTESIAN_POINT('',(0.397,0.0225,0.000999999999999987));
#11179=CARTESIAN_POINT('',(0.397,0.02,0.000999999999999987));
#11180=CARTESIAN_POINT('',(0.397,0.03,0.000999999999999987));
#11181=CARTESIAN_POINT('',(0.372,0.03,0.000999999999999987));
#11182=CARTESIAN_POINT('',(0.397,0.02,-0.024));
#11183=CARTESIAN_POINT('',(0.397,0.0225,-0.0115));
#11184=CARTESIAN_POINT('',(0.397,0.0225,-0.0115));
#11185=CARTESIAN_POINT('',(0.397,0.02,-0.0115));
#11186=CARTESIAN_POINT('',(0.397,0.0075,-0.0115));
#11187=CARTESIAN_POINT('',(0.397,0.0075,-0.0115));
#11188=CARTESIAN_POINT('',(0.397,0.,-0.024));
#11189=CARTESIAN_POINT('',(0.397,0.03,-0.024));
#11190=CARTESIAN_POINT('',(0.372,0.,-0.024));
#11191=CARTESIAN_POINT('',(0.372,0.03,-0.024));
#11192=CARTESIAN_POINT('',(0.397,0.015,-0.0115));
#11193=CARTESIAN_POINT('',(0.397,0.015,-0.0115));
#11194=CARTESIAN_POINT('',(0.397,0.015,-0.0115));
#11195=CARTESIAN_POINT('',(0.397,0.015,-0.0115));
#11196=CARTESIAN_POINT('',(0.347,0.015,-0.0115));
#11197=CARTESIAN_POINT('',(0.347,0.015,-0.0115));
#11198=CARTESIAN_POINT('',(0.,0.,0.));
#11199=CARTESIAN_POINT('',(0.472,0.02,-0.049));
#11200=CARTESIAN_POINT('',(0.472,0.,-0.049));
#11201=CARTESIAN_POINT('',(0.447,0.,-0.049));
#11202=CARTESIAN_POINT('',(0.497,0.,-0.049));
#11203=CARTESIAN_POINT('',(0.447,0.02,-0.049));
#11204=CARTESIAN_POINT('',(0.447,0.03,-0.049));
#11205=CARTESIAN_POINT('',(0.472,0.03,-0.049));
#11206=CARTESIAN_POINT('',(0.497,0.03,-0.049));
#11207=CARTESIAN_POINT('',(0.497,0.02,-0.049));
#11208=CARTESIAN_POINT('',(0.447,0.02,-0.024));
#11209=CARTESIAN_POINT('',(0.447,0.02,-0.0115));
#11210=CARTESIAN_POINT('',(0.447,0.0225,-0.0115));
#11211=CARTESIAN_POINT('',(0.447,0.0075,-0.0115));
#11212=CARTESIAN_POINT('',(0.447,0.0225,-0.0115));
#11213=CARTESIAN_POINT('',(0.447,0.0225,0.000999999999999987));
#11214=CARTESIAN_POINT('',(0.447,0.02,0.000999999999999987));
#11215=CARTESIAN_POINT('',(0.447,0.03,0.000999999999999987));
#11216=CARTESIAN_POINT('',(0.447,0.03,-0.024));
#11217=CARTESIAN_POINT('',(0.447,0.,-0.024));
#11218=CARTESIAN_POINT('',(0.447,0.,0.000999999999999987));
#11219=CARTESIAN_POINT('',(0.447,0.02,0.000999999999999987));
#11220=CARTESIAN_POINT('',(0.447,0.0075,0.000999999999999987));
#11221=CARTESIAN_POINT('',(0.447,0.0075,-0.0115));
#11222=CARTESIAN_POINT('',(0.472,0.02,0.000999999999999987));
#11223=CARTESIAN_POINT('',(0.447,0.015,0.000999999999999987));
#11224=CARTESIAN_POINT('',(0.472,0.,0.000999999999999987));
#11225=CARTESIAN_POINT('',(0.497,0.,0.000999999999999973));
#11226=CARTESIAN_POINT('',(0.497,0.02,0.000999999999999973));
#11227=CARTESIAN_POINT('',(0.497,0.03,0.000999999999999973));
#11228=CARTESIAN_POINT('',(0.472,0.03,0.000999999999999987));
#11229=CARTESIAN_POINT('',(0.497,0.02,-0.024));
#11230=CARTESIAN_POINT('',(0.497,0.,-0.024));
#11231=CARTESIAN_POINT('',(0.497,0.03,-0.024));
#11232=CARTESIAN_POINT('',(0.472,0.,-0.024));
#11233=CARTESIAN_POINT('',(0.472,0.03,-0.024));
#11234=CARTESIAN_POINT('',(0.397,0.015,-0.0115));
#11235=CARTESIAN_POINT('',(0.447,0.015,-0.0115));
#11236=CARTESIAN_POINT('',(0.447,0.015,-0.0115));
#11237=MECHANICAL_DESIGN_GEOMETRIC_PRESENTATION_REPRESENTATION('',(#6313),
#11306);
#11238=MECHANICAL_DESIGN_GEOMETRIC_PRESENTATION_REPRESENTATION('',(#6314),
#11307);
#11239=MECHANICAL_DESIGN_GEOMETRIC_PRESENTATION_REPRESENTATION('',(#6315),
#11308);
#11240=MECHANICAL_DESIGN_GEOMETRIC_PRESENTATION_REPRESENTATION('',(#6316),
#11309);
#11241=MECHANICAL_DESIGN_GEOMETRIC_PRESENTATION_REPRESENTATION('',(#6317),
#11310);
#11242=MECHANICAL_DESIGN_GEOMETRIC_PRESENTATION_REPRESENTATION('',(#6318),
#11311);
#11243=MECHANICAL_DESIGN_GEOMETRIC_PRESENTATION_REPRESENTATION('',(#6319),
#11312);
#11244=MECHANICAL_DESIGN_GEOMETRIC_PRESENTATION_REPRESENTATION('',(#6320),
#11313);
#11245=MECHANICAL_DESIGN_GEOMETRIC_PRESENTATION_REPRESENTATION('',(#6321),
#11314);
#11246=MECHANICAL_DESIGN_GEOMETRIC_PRESENTATION_REPRESENTATION('',(#6322),
#11315);
#11247=MECHANICAL_DESIGN_GEOMETRIC_PRESENTATION_REPRESENTATION('',(#6323),
#11316);
#11248=MECHANICAL_DESIGN_GEOMETRIC_PRESENTATION_REPRESENTATION('',(#6324),
#11317);
#11249=MECHANICAL_DESIGN_GEOMETRIC_PRESENTATION_REPRESENTATION('',(#6325),
#11318);
#11250=MECHANICAL_DESIGN_GEOMETRIC_PRESENTATION_REPRESENTATION('',(#6326),
#11319);
#11251=MECHANICAL_DESIGN_GEOMETRIC_PRESENTATION_REPRESENTATION('',(#6327),
#11320);
#11252=MECHANICAL_DESIGN_GEOMETRIC_PRESENTATION_REPRESENTATION('',(#6328),
#11321);
#11253=MECHANICAL_DESIGN_GEOMETRIC_PRESENTATION_REPRESENTATION('',(#6329),
#11322);
#11254=MECHANICAL_DESIGN_GEOMETRIC_PRESENTATION_REPRESENTATION('',(#6330),
#11323);
#11255=MECHANICAL_DESIGN_GEOMETRIC_PRESENTATION_REPRESENTATION('',(#6331),
#11324);
#11256=MECHANICAL_DESIGN_GEOMETRIC_PRESENTATION_REPRESENTATION('',(#6332),
#11325);
#11257=MECHANICAL_DESIGN_GEOMETRIC_PRESENTATION_REPRESENTATION('',(#6333),
#11326);
#11258=MECHANICAL_DESIGN_GEOMETRIC_PRESENTATION_REPRESENTATION('',(#6334),
#11327);
#11259=MECHANICAL_DESIGN_GEOMETRIC_PRESENTATION_REPRESENTATION('',(#6335),
#11328);
#11260=MECHANICAL_DESIGN_GEOMETRIC_PRESENTATION_REPRESENTATION('',(#6336),
#11329);
#11261=MECHANICAL_DESIGN_GEOMETRIC_PRESENTATION_REPRESENTATION('',(#6337),
#11330);
#11262=MECHANICAL_DESIGN_GEOMETRIC_PRESENTATION_REPRESENTATION('',(#6338),
#11331);
#11263=MECHANICAL_DESIGN_GEOMETRIC_PRESENTATION_REPRESENTATION('',(#6339),
#11332);
#11264=MECHANICAL_DESIGN_GEOMETRIC_PRESENTATION_REPRESENTATION('',(#6340),
#11333);
#11265=MECHANICAL_DESIGN_GEOMETRIC_PRESENTATION_REPRESENTATION('',(#6341),
#11334);
#11266=MECHANICAL_DESIGN_GEOMETRIC_PRESENTATION_REPRESENTATION('',(#6342),
#11335);
#11267=MECHANICAL_DESIGN_GEOMETRIC_PRESENTATION_REPRESENTATION('',(#6343),
#11336);
#11268=MECHANICAL_DESIGN_GEOMETRIC_PRESENTATION_REPRESENTATION('',(#6344),
#11337);
#11269=MECHANICAL_DESIGN_GEOMETRIC_PRESENTATION_REPRESENTATION('',(#6345),
#11338);
#11270=MECHANICAL_DESIGN_GEOMETRIC_PRESENTATION_REPRESENTATION('',(#6346),
#11339);
#11271=MECHANICAL_DESIGN_GEOMETRIC_PRESENTATION_REPRESENTATION('',(#6347),
#11340);
#11272=MECHANICAL_DESIGN_GEOMETRIC_PRESENTATION_REPRESENTATION('',(#6348),
#11341);
#11273=MECHANICAL_DESIGN_GEOMETRIC_PRESENTATION_REPRESENTATION('',(#6349),
#11342);
#11274=MECHANICAL_DESIGN_GEOMETRIC_PRESENTATION_REPRESENTATION('',(#6350),
#11343);
#11275=MECHANICAL_DESIGN_GEOMETRIC_PRESENTATION_REPRESENTATION('',(#6351),
#11344);
#11276=MECHANICAL_DESIGN_GEOMETRIC_PRESENTATION_REPRESENTATION('',(#6352),
#11345);
#11277=MECHANICAL_DESIGN_GEOMETRIC_PRESENTATION_REPRESENTATION('',(#6353),
#11346);
#11278=MECHANICAL_DESIGN_GEOMETRIC_PRESENTATION_REPRESENTATION('',(#6354),
#11347);
#11279=MECHANICAL_DESIGN_GEOMETRIC_PRESENTATION_REPRESENTATION('',(#6355),
#11348);
#11280=MECHANICAL_DESIGN_GEOMETRIC_PRESENTATION_REPRESENTATION('',(#6356),
#11349);
#11281=MECHANICAL_DESIGN_GEOMETRIC_PRESENTATION_REPRESENTATION('',(#6357),
#11350);
#11282=MECHANICAL_DESIGN_GEOMETRIC_PRESENTATION_REPRESENTATION('',(#6358),
#11351);
#11283=MECHANICAL_DESIGN_GEOMETRIC_PRESENTATION_REPRESENTATION('',(#6359),
#11352);
#11284=MECHANICAL_DESIGN_GEOMETRIC_PRESENTATION_REPRESENTATION('',(#6360),
#11353);
#11285=MECHANICAL_DESIGN_GEOMETRIC_PRESENTATION_REPRESENTATION('',(#6361),
#11354);
#11286=MECHANICAL_DESIGN_GEOMETRIC_PRESENTATION_REPRESENTATION('',(#6362),
#11355);
#11287=MECHANICAL_DESIGN_GEOMETRIC_PRESENTATION_REPRESENTATION('',(#6363),
#11356);
#11288=MECHANICAL_DESIGN_GEOMETRIC_PRESENTATION_REPRESENTATION('',(#6364),
#11357);
#11289=MECHANICAL_DESIGN_GEOMETRIC_PRESENTATION_REPRESENTATION('',(#6365),
#11358);
#11290=MECHANICAL_DESIGN_GEOMETRIC_PRESENTATION_REPRESENTATION('',(#6366),
#11359);
#11291=MECHANICAL_DESIGN_GEOMETRIC_PRESENTATION_REPRESENTATION('',(#6367),
#11360);
#11292=MECHANICAL_DESIGN_GEOMETRIC_PRESENTATION_REPRESENTATION('',(#6368),
#11361);
#11293=MECHANICAL_DESIGN_GEOMETRIC_PRESENTATION_REPRESENTATION('',(#6369),
#11362);
#11294=MECHANICAL_DESIGN_GEOMETRIC_PRESENTATION_REPRESENTATION('',(#6370),
#11363);
#11295=MECHANICAL_DESIGN_GEOMETRIC_PRESENTATION_REPRESENTATION('',(#6371),
#11364);
#11296=MECHANICAL_DESIGN_GEOMETRIC_PRESENTATION_REPRESENTATION('',(#6372),
#11365);
#11297=MECHANICAL_DESIGN_GEOMETRIC_PRESENTATION_REPRESENTATION('',(#6373),
#11366);
#11298=MECHANICAL_DESIGN_GEOMETRIC_PRESENTATION_REPRESENTATION('',(#6374),
#11367);
#11299=MECHANICAL_DESIGN_GEOMETRIC_PRESENTATION_REPRESENTATION('',(#6375),
#11368);
#11300=MECHANICAL_DESIGN_GEOMETRIC_PRESENTATION_REPRESENTATION('',(#6376),
#11369);
#11301=MECHANICAL_DESIGN_GEOMETRIC_PRESENTATION_REPRESENTATION('',(#6377),
#11370);
#11302=MECHANICAL_DESIGN_GEOMETRIC_PRESENTATION_REPRESENTATION('',(#6378),
#11371);
#11303=MECHANICAL_DESIGN_GEOMETRIC_PRESENTATION_REPRESENTATION('',(#6379),
#11372);
#11304=MECHANICAL_DESIGN_GEOMETRIC_PRESENTATION_REPRESENTATION('',(#6380),
#11373);
#11305=MECHANICAL_DESIGN_GEOMETRIC_PRESENTATION_REPRESENTATION('',(#6381),
#11374);
#11306=(
GEOMETRIC_REPRESENTATION_CONTEXT(3)
GLOBAL_UNCERTAINTY_ASSIGNED_CONTEXT((#11375))
GLOBAL_UNIT_ASSIGNED_CONTEXT((#11582,#11513,#11444))
REPRESENTATION_CONTEXT('Part 86','TOP_LEVEL_ASSEMBLY_PART')
);
#11307=(
GEOMETRIC_REPRESENTATION_CONTEXT(3)
GLOBAL_UNCERTAINTY_ASSIGNED_CONTEXT((#11376))
GLOBAL_UNIT_ASSIGNED_CONTEXT((#11583,#11514,#11445))
REPRESENTATION_CONTEXT('Part 87','TOP_LEVEL_ASSEMBLY_PART')
);
#11308=(
GEOMETRIC_REPRESENTATION_CONTEXT(3)
GLOBAL_UNCERTAINTY_ASSIGNED_CONTEXT((#11377))
GLOBAL_UNIT_ASSIGNED_CONTEXT((#11584,#11515,#11446))
REPRESENTATION_CONTEXT('Part 88','TOP_LEVEL_ASSEMBLY_PART')
);
#11309=(
GEOMETRIC_REPRESENTATION_CONTEXT(3)
GLOBAL_UNCERTAINTY_ASSIGNED_CONTEXT((#11378))
GLOBAL_UNIT_ASSIGNED_CONTEXT((#11585,#11516,#11447))
REPRESENTATION_CONTEXT('Part 89','TOP_LEVEL_ASSEMBLY_PART')
);
#11310=(
GEOMETRIC_REPRESENTATION_CONTEXT(3)
GLOBAL_UNCERTAINTY_ASSIGNED_CONTEXT((#11379))
GLOBAL_UNIT_ASSIGNED_CONTEXT((#11586,#11517,#11448))
REPRESENTATION_CONTEXT('Part 90','TOP_LEVEL_ASSEMBLY_PART')
);
#11311=(
GEOMETRIC_REPRESENTATION_CONTEXT(3)
GLOBAL_UNCERTAINTY_ASSIGNED_CONTEXT((#11380))
GLOBAL_UNIT_ASSIGNED_CONTEXT((#11587,#11518,#11449))
REPRESENTATION_CONTEXT('Part 91','TOP_LEVEL_ASSEMBLY_PART')
);
#11312=(
GEOMETRIC_REPRESENTATION_CONTEXT(3)
GLOBAL_UNCERTAINTY_ASSIGNED_CONTEXT((#11381))
GLOBAL_UNIT_ASSIGNED_CONTEXT((#11588,#11519,#11450))
REPRESENTATION_CONTEXT('Part 92','TOP_LEVEL_ASSEMBLY_PART')
);
#11313=(
GEOMETRIC_REPRESENTATION_CONTEXT(3)
GLOBAL_UNCERTAINTY_ASSIGNED_CONTEXT((#11382))
GLOBAL_UNIT_ASSIGNED_CONTEXT((#11589,#11520,#11451))
REPRESENTATION_CONTEXT('Part 93','TOP_LEVEL_ASSEMBLY_PART')
);
#11314=(
GEOMETRIC_REPRESENTATION_CONTEXT(3)
GLOBAL_UNCERTAINTY_ASSIGNED_CONTEXT((#11383))
GLOBAL_UNIT_ASSIGNED_CONTEXT((#11590,#11521,#11452))
REPRESENTATION_CONTEXT('Part 94','TOP_LEVEL_ASSEMBLY_PART')
);
#11315=(
GEOMETRIC_REPRESENTATION_CONTEXT(3)
GLOBAL_UNCERTAINTY_ASSIGNED_CONTEXT((#11384))
GLOBAL_UNIT_ASSIGNED_CONTEXT((#11591,#11522,#11453))
REPRESENTATION_CONTEXT('Part 95','TOP_LEVEL_ASSEMBLY_PART')
);
#11316=(
GEOMETRIC_REPRESENTATION_CONTEXT(3)
GLOBAL_UNCERTAINTY_ASSIGNED_CONTEXT((#11385))
GLOBAL_UNIT_ASSIGNED_CONTEXT((#11592,#11523,#11454))
REPRESENTATION_CONTEXT('Part 96','TOP_LEVEL_ASSEMBLY_PART')
);
#11317=(
GEOMETRIC_REPRESENTATION_CONTEXT(3)
GLOBAL_UNCERTAINTY_ASSIGNED_CONTEXT((#11386))
GLOBAL_UNIT_ASSIGNED_CONTEXT((#11593,#11524,#11455))
REPRESENTATION_CONTEXT('Part 97','TOP_LEVEL_ASSEMBLY_PART')
);
#11318=(
GEOMETRIC_REPRESENTATION_CONTEXT(3)
GLOBAL_UNCERTAINTY_ASSIGNED_CONTEXT((#11387))
GLOBAL_UNIT_ASSIGNED_CONTEXT((#11594,#11525,#11456))
REPRESENTATION_CONTEXT('Part 98','TOP_LEVEL_ASSEMBLY_PART')
);
#11319=(
GEOMETRIC_REPRESENTATION_CONTEXT(3)
GLOBAL_UNCERTAINTY_ASSIGNED_CONTEXT((#11388))
GLOBAL_UNIT_ASSIGNED_CONTEXT((#11595,#11526,#11457))
REPRESENTATION_CONTEXT('Part 99','TOP_LEVEL_ASSEMBLY_PART')
);
#11320=(
GEOMETRIC_REPRESENTATION_CONTEXT(3)
GLOBAL_UNCERTAINTY_ASSIGNED_CONTEXT((#11389))
GLOBAL_UNIT_ASSIGNED_CONTEXT((#11596,#11527,#11458))
REPRESENTATION_CONTEXT('Part 100','TOP_LEVEL_ASSEMBLY_PART')
);
#11321=(
GEOMETRIC_REPRESENTATION_CONTEXT(3)
GLOBAL_UNCERTAINTY_ASSIGNED_CONTEXT((#11390))
GLOBAL_UNIT_ASSIGNED_CONTEXT((#11597,#11528,#11459))
REPRESENTATION_CONTEXT('Part 101','TOP_LEVEL_ASSEMBLY_PART')
);
#11322=(
GEOMETRIC_REPRESENTATION_CONTEXT(3)
GLOBAL_UNCERTAINTY_ASSIGNED_CONTEXT((#11391))
GLOBAL_UNIT_ASSIGNED_CONTEXT((#11598,#11529,#11460))
REPRESENTATION_CONTEXT('Part 102','TOP_LEVEL_ASSEMBLY_PART')
);
#11323=(
GEOMETRIC_REPRESENTATION_CONTEXT(3)
GLOBAL_UNCERTAINTY_ASSIGNED_CONTEXT((#11392))
GLOBAL_UNIT_ASSIGNED_CONTEXT((#11599,#11530,#11461))
REPRESENTATION_CONTEXT('Part 163','TOP_LEVEL_ASSEMBLY_PART')
);
#11324=(
GEOMETRIC_REPRESENTATION_CONTEXT(3)
GLOBAL_UNCERTAINTY_ASSIGNED_CONTEXT((#11393))
GLOBAL_UNIT_ASSIGNED_CONTEXT((#11600,#11531,#11462))
REPRESENTATION_CONTEXT('Part 164','TOP_LEVEL_ASSEMBLY_PART')
);
#11325=(
GEOMETRIC_REPRESENTATION_CONTEXT(3)
GLOBAL_UNCERTAINTY_ASSIGNED_CONTEXT((#11394))
GLOBAL_UNIT_ASSIGNED_CONTEXT((#11601,#11532,#11463))
REPRESENTATION_CONTEXT('Part 166','TOP_LEVEL_ASSEMBLY_PART')
);
#11326=(
GEOMETRIC_REPRESENTATION_CONTEXT(3)
GLOBAL_UNCERTAINTY_ASSIGNED_CONTEXT((#11395))
GLOBAL_UNIT_ASSIGNED_CONTEXT((#11602,#11533,#11464))
REPRESENTATION_CONTEXT('Part 168','TOP_LEVEL_ASSEMBLY_PART')
);
#11327=(
GEOMETRIC_REPRESENTATION_CONTEXT(3)
GLOBAL_UNCERTAINTY_ASSIGNED_CONTEXT((#11396))
GLOBAL_UNIT_ASSIGNED_CONTEXT((#11603,#11534,#11465))
REPRESENTATION_CONTEXT('Part 167','TOP_LEVEL_ASSEMBLY_PART')
);
#11328=(
GEOMETRIC_REPRESENTATION_CONTEXT(3)
GLOBAL_UNCERTAINTY_ASSIGNED_CONTEXT((#11397))
GLOBAL_UNIT_ASSIGNED_CONTEXT((#11604,#11535,#11466))
REPRESENTATION_CONTEXT('Part 171','TOP_LEVEL_ASSEMBLY_PART')
);
#11329=(
GEOMETRIC_REPRESENTATION_CONTEXT(3)
GLOBAL_UNCERTAINTY_ASSIGNED_CONTEXT((#11398))
GLOBAL_UNIT_ASSIGNED_CONTEXT((#11605,#11536,#11467))
REPRESENTATION_CONTEXT('Part 165','TOP_LEVEL_ASSEMBLY_PART')
);
#11330=(
GEOMETRIC_REPRESENTATION_CONTEXT(3)
GLOBAL_UNCERTAINTY_ASSIGNED_CONTEXT((#11399))
GLOBAL_UNIT_ASSIGNED_CONTEXT((#11606,#11537,#11468))
REPRESENTATION_CONTEXT('Part 170','TOP_LEVEL_ASSEMBLY_PART')
);
#11331=(
GEOMETRIC_REPRESENTATION_CONTEXT(3)
GLOBAL_UNCERTAINTY_ASSIGNED_CONTEXT((#11400))
GLOBAL_UNIT_ASSIGNED_CONTEXT((#11607,#11538,#11469))
REPRESENTATION_CONTEXT('Part 169','TOP_LEVEL_ASSEMBLY_PART')
);
#11332=(
GEOMETRIC_REPRESENTATION_CONTEXT(3)
GLOBAL_UNCERTAINTY_ASSIGNED_CONTEXT((#11401))
GLOBAL_UNIT_ASSIGNED_CONTEXT((#11608,#11539,#11470))
REPRESENTATION_CONTEXT('Part 120','TOP_LEVEL_ASSEMBLY_PART')
);
#11333=(
GEOMETRIC_REPRESENTATION_CONTEXT(3)
GLOBAL_UNCERTAINTY_ASSIGNED_CONTEXT((#11402))
GLOBAL_UNIT_ASSIGNED_CONTEXT((#11609,#11540,#11471))
REPRESENTATION_CONTEXT('Part 121','TOP_LEVEL_ASSEMBLY_PART')
);
#11334=(
GEOMETRIC_REPRESENTATION_CONTEXT(3)
GLOBAL_UNCERTAINTY_ASSIGNED_CONTEXT((#11403))
GLOBAL_UNIT_ASSIGNED_CONTEXT((#11610,#11541,#11472))
REPRESENTATION_CONTEXT('Part 122','TOP_LEVEL_ASSEMBLY_PART')
);
#11335=(
GEOMETRIC_REPRESENTATION_CONTEXT(3)
GLOBAL_UNCERTAINTY_ASSIGNED_CONTEXT((#11404))
GLOBAL_UNIT_ASSIGNED_CONTEXT((#11611,#11542,#11473))
REPRESENTATION_CONTEXT('Part 123','TOP_LEVEL_ASSEMBLY_PART')
);
#11336=(
GEOMETRIC_REPRESENTATION_CONTEXT(3)
GLOBAL_UNCERTAINTY_ASSIGNED_CONTEXT((#11405))
GLOBAL_UNIT_ASSIGNED_CONTEXT((#11612,#11543,#11474))
REPRESENTATION_CONTEXT('Part 124','TOP_LEVEL_ASSEMBLY_PART')
);
#11337=(
GEOMETRIC_REPRESENTATION_CONTEXT(3)
GLOBAL_UNCERTAINTY_ASSIGNED_CONTEXT((#11406))
GLOBAL_UNIT_ASSIGNED_CONTEXT((#11613,#11544,#11475))
REPRESENTATION_CONTEXT('Part 125','TOP_LEVEL_ASSEMBLY_PART')
);
#11338=(
GEOMETRIC_REPRESENTATION_CONTEXT(3)
GLOBAL_UNCERTAINTY_ASSIGNED_CONTEXT((#11407))
GLOBAL_UNIT_ASSIGNED_CONTEXT((#11614,#11545,#11476))
REPRESENTATION_CONTEXT('Part 126','TOP_LEVEL_ASSEMBLY_PART')
);
#11339=(
GEOMETRIC_REPRESENTATION_CONTEXT(3)
GLOBAL_UNCERTAINTY_ASSIGNED_CONTEXT((#11408))
GLOBAL_UNIT_ASSIGNED_CONTEXT((#11615,#11546,#11477))
REPRESENTATION_CONTEXT('Part 127','TOP_LEVEL_ASSEMBLY_PART')
);
#11340=(
GEOMETRIC_REPRESENTATION_CONTEXT(3)
GLOBAL_UNCERTAINTY_ASSIGNED_CONTEXT((#11409))
GLOBAL_UNIT_ASSIGNED_CONTEXT((#11616,#11547,#11478))
REPRESENTATION_CONTEXT('Part 128','TOP_LEVEL_ASSEMBLY_PART')
);
#11341=(
GEOMETRIC_REPRESENTATION_CONTEXT(3)
GLOBAL_UNCERTAINTY_ASSIGNED_CONTEXT((#11410))
GLOBAL_UNIT_ASSIGNED_CONTEXT((#11617,#11548,#11479))
REPRESENTATION_CONTEXT('Part 129','TOP_LEVEL_ASSEMBLY_PART')
);
#11342=(
GEOMETRIC_REPRESENTATION_CONTEXT(3)
GLOBAL_UNCERTAINTY_ASSIGNED_CONTEXT((#11411))
GLOBAL_UNIT_ASSIGNED_CONTEXT((#11618,#11549,#11480))
REPRESENTATION_CONTEXT('Part 130','TOP_LEVEL_ASSEMBLY_PART')
);
#11343=(
GEOMETRIC_REPRESENTATION_CONTEXT(3)
GLOBAL_UNCERTAINTY_ASSIGNED_CONTEXT((#11412))
GLOBAL_UNIT_ASSIGNED_CONTEXT((#11619,#11550,#11481))
REPRESENTATION_CONTEXT('Part 131','TOP_LEVEL_ASSEMBLY_PART')
);
#11344=(
GEOMETRIC_REPRESENTATION_CONTEXT(3)
GLOBAL_UNCERTAINTY_ASSIGNED_CONTEXT((#11413))
GLOBAL_UNIT_ASSIGNED_CONTEXT((#11620,#11551,#11482))
REPRESENTATION_CONTEXT('Part 132','TOP_LEVEL_ASSEMBLY_PART')
);
#11345=(
GEOMETRIC_REPRESENTATION_CONTEXT(3)
GLOBAL_UNCERTAINTY_ASSIGNED_CONTEXT((#11414))
GLOBAL_UNIT_ASSIGNED_CONTEXT((#11621,#11552,#11483))
REPRESENTATION_CONTEXT('Part 133','TOP_LEVEL_ASSEMBLY_PART')
);
#11346=(
GEOMETRIC_REPRESENTATION_CONTEXT(3)
GLOBAL_UNCERTAINTY_ASSIGNED_CONTEXT((#11415))
GLOBAL_UNIT_ASSIGNED_CONTEXT((#11622,#11553,#11484))
REPRESENTATION_CONTEXT('Part 134','TOP_LEVEL_ASSEMBLY_PART')
);
#11347=(
GEOMETRIC_REPRESENTATION_CONTEXT(3)
GLOBAL_UNCERTAINTY_ASSIGNED_CONTEXT((#11416))
GLOBAL_UNIT_ASSIGNED_CONTEXT((#11623,#11554,#11485))
REPRESENTATION_CONTEXT('Part 135','TOP_LEVEL_ASSEMBLY_PART')
);
#11348=(
GEOMETRIC_REPRESENTATION_CONTEXT(3)
GLOBAL_UNCERTAINTY_ASSIGNED_CONTEXT((#11417))
GLOBAL_UNIT_ASSIGNED_CONTEXT((#11624,#11555,#11486))
REPRESENTATION_CONTEXT('Part 136','TOP_LEVEL_ASSEMBLY_PART')
);
#11349=(
GEOMETRIC_REPRESENTATION_CONTEXT(3)
GLOBAL_UNCERTAINTY_ASSIGNED_CONTEXT((#11418))
GLOBAL_UNIT_ASSIGNED_CONTEXT((#11625,#11556,#11487))
REPRESENTATION_CONTEXT('Part 158','TOP_LEVEL_ASSEMBLY_PART')
);
#11350=(
GEOMETRIC_REPRESENTATION_CONTEXT(3)
GLOBAL_UNCERTAINTY_ASSIGNED_CONTEXT((#11419))
GLOBAL_UNIT_ASSIGNED_CONTEXT((#11626,#11557,#11488))
REPRESENTATION_CONTEXT('Part 154','TOP_LEVEL_ASSEMBLY_PART')
);
#11351=(
GEOMETRIC_REPRESENTATION_CONTEXT(3)
GLOBAL_UNCERTAINTY_ASSIGNED_CONTEXT((#11420))
GLOBAL_UNIT_ASSIGNED_CONTEXT((#11627,#11558,#11489))
REPRESENTATION_CONTEXT('Part 157','TOP_LEVEL_ASSEMBLY_PART')
);
#11352=(
GEOMETRIC_REPRESENTATION_CONTEXT(3)
GLOBAL_UNCERTAINTY_ASSIGNED_CONTEXT((#11421))
GLOBAL_UNIT_ASSIGNED_CONTEXT((#11628,#11559,#11490))
REPRESENTATION_CONTEXT('Part 159','TOP_LEVEL_ASSEMBLY_PART')
);
#11353=(
GEOMETRIC_REPRESENTATION_CONTEXT(3)
GLOBAL_UNCERTAINTY_ASSIGNED_CONTEXT((#11422))
GLOBAL_UNIT_ASSIGNED_CONTEXT((#11629,#11560,#11491))
REPRESENTATION_CONTEXT('Part 155','TOP_LEVEL_ASSEMBLY_PART')
);
#11354=(
GEOMETRIC_REPRESENTATION_CONTEXT(3)
GLOBAL_UNCERTAINTY_ASSIGNED_CONTEXT((#11423))
GLOBAL_UNIT_ASSIGNED_CONTEXT((#11630,#11561,#11492))
REPRESENTATION_CONTEXT('Part 156','TOP_LEVEL_ASSEMBLY_PART')
);
#11355=(
GEOMETRIC_REPRESENTATION_CONTEXT(3)
GLOBAL_UNCERTAINTY_ASSIGNED_CONTEXT((#11424))
GLOBAL_UNIT_ASSIGNED_CONTEXT((#11631,#11562,#11493))
REPRESENTATION_CONTEXT('Part 162','TOP_LEVEL_ASSEMBLY_PART')
);
#11356=(
GEOMETRIC_REPRESENTATION_CONTEXT(3)
GLOBAL_UNCERTAINTY_ASSIGNED_CONTEXT((#11425))
GLOBAL_UNIT_ASSIGNED_CONTEXT((#11632,#11563,#11494))
REPRESENTATION_CONTEXT('Part 160','TOP_LEVEL_ASSEMBLY_PART')
);
#11357=(
GEOMETRIC_REPRESENTATION_CONTEXT(3)
GLOBAL_UNCERTAINTY_ASSIGNED_CONTEXT((#11426))
GLOBAL_UNIT_ASSIGNED_CONTEXT((#11633,#11564,#11495))
REPRESENTATION_CONTEXT('Part 161','TOP_LEVEL_ASSEMBLY_PART')
);
#11358=(
GEOMETRIC_REPRESENTATION_CONTEXT(3)
GLOBAL_UNCERTAINTY_ASSIGNED_CONTEXT((#11427))
GLOBAL_UNIT_ASSIGNED_CONTEXT((#11634,#11565,#11496))
REPRESENTATION_CONTEXT('Part 137','TOP_LEVEL_ASSEMBLY_PART')
);
#11359=(
GEOMETRIC_REPRESENTATION_CONTEXT(3)
GLOBAL_UNCERTAINTY_ASSIGNED_CONTEXT((#11428))
GLOBAL_UNIT_ASSIGNED_CONTEXT((#11635,#11566,#11497))
REPRESENTATION_CONTEXT('Part 138','TOP_LEVEL_ASSEMBLY_PART')
);
#11360=(
GEOMETRIC_REPRESENTATION_CONTEXT(3)
GLOBAL_UNCERTAINTY_ASSIGNED_CONTEXT((#11429))
GLOBAL_UNIT_ASSIGNED_CONTEXT((#11636,#11567,#11498))
REPRESENTATION_CONTEXT('Part 139','TOP_LEVEL_ASSEMBLY_PART')
);
#11361=(
GEOMETRIC_REPRESENTATION_CONTEXT(3)
GLOBAL_UNCERTAINTY_ASSIGNED_CONTEXT((#11430))
GLOBAL_UNIT_ASSIGNED_CONTEXT((#11637,#11568,#11499))
REPRESENTATION_CONTEXT('Part 140','TOP_LEVEL_ASSEMBLY_PART')
);
#11362=(
GEOMETRIC_REPRESENTATION_CONTEXT(3)
GLOBAL_UNCERTAINTY_ASSIGNED_CONTEXT((#11431))
GLOBAL_UNIT_ASSIGNED_CONTEXT((#11638,#11569,#11500))
REPRESENTATION_CONTEXT('Part 141','TOP_LEVEL_ASSEMBLY_PART')
);
#11363=(
GEOMETRIC_REPRESENTATION_CONTEXT(3)
GLOBAL_UNCERTAINTY_ASSIGNED_CONTEXT((#11432))
GLOBAL_UNIT_ASSIGNED_CONTEXT((#11639,#11570,#11501))
REPRESENTATION_CONTEXT('Part 142','TOP_LEVEL_ASSEMBLY_PART')
);
#11364=(
GEOMETRIC_REPRESENTATION_CONTEXT(3)
GLOBAL_UNCERTAINTY_ASSIGNED_CONTEXT((#11433))
GLOBAL_UNIT_ASSIGNED_CONTEXT((#11640,#11571,#11502))
REPRESENTATION_CONTEXT('Part 143','TOP_LEVEL_ASSEMBLY_PART')
);
#11365=(
GEOMETRIC_REPRESENTATION_CONTEXT(3)
GLOBAL_UNCERTAINTY_ASSIGNED_CONTEXT((#11434))
GLOBAL_UNIT_ASSIGNED_CONTEXT((#11641,#11572,#11503))
REPRESENTATION_CONTEXT('Part 144','TOP_LEVEL_ASSEMBLY_PART')
);
#11366=(
GEOMETRIC_REPRESENTATION_CONTEXT(3)
GLOBAL_UNCERTAINTY_ASSIGNED_CONTEXT((#11435))
GLOBAL_UNIT_ASSIGNED_CONTEXT((#11642,#11573,#11504))
REPRESENTATION_CONTEXT('Part 145','TOP_LEVEL_ASSEMBLY_PART')
);
#11367=(
GEOMETRIC_REPRESENTATION_CONTEXT(3)
GLOBAL_UNCERTAINTY_ASSIGNED_CONTEXT((#11436))
GLOBAL_UNIT_ASSIGNED_CONTEXT((#11643,#11574,#11505))
REPRESENTATION_CONTEXT('Part 146','TOP_LEVEL_ASSEMBLY_PART')
);
#11368=(
GEOMETRIC_REPRESENTATION_CONTEXT(3)
GLOBAL_UNCERTAINTY_ASSIGNED_CONTEXT((#11437))
GLOBAL_UNIT_ASSIGNED_CONTEXT((#11644,#11575,#11506))
REPRESENTATION_CONTEXT('Part 147','TOP_LEVEL_ASSEMBLY_PART')
);
#11369=(
GEOMETRIC_REPRESENTATION_CONTEXT(3)
GLOBAL_UNCERTAINTY_ASSIGNED_CONTEXT((#11438))
GLOBAL_UNIT_ASSIGNED_CONTEXT((#11645,#11576,#11507))
REPRESENTATION_CONTEXT('Part 148','TOP_LEVEL_ASSEMBLY_PART')
);
#11370=(
GEOMETRIC_REPRESENTATION_CONTEXT(3)
GLOBAL_UNCERTAINTY_ASSIGNED_CONTEXT((#11439))
GLOBAL_UNIT_ASSIGNED_CONTEXT((#11646,#11577,#11508))
REPRESENTATION_CONTEXT('Part 149','TOP_LEVEL_ASSEMBLY_PART')
);
#11371=(
GEOMETRIC_REPRESENTATION_CONTEXT(3)
GLOBAL_UNCERTAINTY_ASSIGNED_CONTEXT((#11440))
GLOBAL_UNIT_ASSIGNED_CONTEXT((#11647,#11578,#11509))
REPRESENTATION_CONTEXT('Part 150','TOP_LEVEL_ASSEMBLY_PART')
);
#11372=(
GEOMETRIC_REPRESENTATION_CONTEXT(3)
GLOBAL_UNCERTAINTY_ASSIGNED_CONTEXT((#11441))
GLOBAL_UNIT_ASSIGNED_CONTEXT((#11648,#11579,#11510))
REPRESENTATION_CONTEXT('Part 151','TOP_LEVEL_ASSEMBLY_PART')
);
#11373=(
GEOMETRIC_REPRESENTATION_CONTEXT(3)
GLOBAL_UNCERTAINTY_ASSIGNED_CONTEXT((#11442))
GLOBAL_UNIT_ASSIGNED_CONTEXT((#11649,#11580,#11511))
REPRESENTATION_CONTEXT('Part 152','TOP_LEVEL_ASSEMBLY_PART')
);
#11374=(
GEOMETRIC_REPRESENTATION_CONTEXT(3)
GLOBAL_UNCERTAINTY_ASSIGNED_CONTEXT((#11443))
GLOBAL_UNIT_ASSIGNED_CONTEXT((#11650,#11581,#11512))
REPRESENTATION_CONTEXT('Part 153','TOP_LEVEL_ASSEMBLY_PART')
);
#11375=UNCERTAINTY_MEASURE_WITH_UNIT(LENGTH_MEASURE(1.E-8),#11582,
'DISTANCE_ACCURACY_VALUE','Maximum Tolerance applied to model');
#11376=UNCERTAINTY_MEASURE_WITH_UNIT(LENGTH_MEASURE(1.E-8),#11583,
'DISTANCE_ACCURACY_VALUE','Maximum Tolerance applied to model');
#11377=UNCERTAINTY_MEASURE_WITH_UNIT(LENGTH_MEASURE(1.E-8),#11584,
'DISTANCE_ACCURACY_VALUE','Maximum Tolerance applied to model');
#11378=UNCERTAINTY_MEASURE_WITH_UNIT(LENGTH_MEASURE(1.E-8),#11585,
'DISTANCE_ACCURACY_VALUE','Maximum Tolerance applied to model');
#11379=UNCERTAINTY_MEASURE_WITH_UNIT(LENGTH_MEASURE(1.E-8),#11586,
'DISTANCE_ACCURACY_VALUE','Maximum Tolerance applied to model');
#11380=UNCERTAINTY_MEASURE_WITH_UNIT(LENGTH_MEASURE(1.E-8),#11587,
'DISTANCE_ACCURACY_VALUE','Maximum Tolerance applied to model');
#11381=UNCERTAINTY_MEASURE_WITH_UNIT(LENGTH_MEASURE(1.E-8),#11588,
'DISTANCE_ACCURACY_VALUE','Maximum Tolerance applied to model');
#11382=UNCERTAINTY_MEASURE_WITH_UNIT(LENGTH_MEASURE(1.E-8),#11589,
'DISTANCE_ACCURACY_VALUE','Maximum Tolerance applied to model');
#11383=UNCERTAINTY_MEASURE_WITH_UNIT(LENGTH_MEASURE(1.E-8),#11590,
'DISTANCE_ACCURACY_VALUE','Maximum Tolerance applied to model');
#11384=UNCERTAINTY_MEASURE_WITH_UNIT(LENGTH_MEASURE(1.E-8),#11591,
'DISTANCE_ACCURACY_VALUE','Maximum Tolerance applied to model');
#11385=UNCERTAINTY_MEASURE_WITH_UNIT(LENGTH_MEASURE(1.E-8),#11592,
'DISTANCE_ACCURACY_VALUE','Maximum Tolerance applied to model');
#11386=UNCERTAINTY_MEASURE_WITH_UNIT(LENGTH_MEASURE(1.E-8),#11593,
'DISTANCE_ACCURACY_VALUE','Maximum Tolerance applied to model');
#11387=UNCERTAINTY_MEASURE_WITH_UNIT(LENGTH_MEASURE(1.E-8),#11594,
'DISTANCE_ACCURACY_VALUE','Maximum Tolerance applied to model');
#11388=UNCERTAINTY_MEASURE_WITH_UNIT(LENGTH_MEASURE(1.E-8),#11595,
'DISTANCE_ACCURACY_VALUE','Maximum Tolerance applied to model');
#11389=UNCERTAINTY_MEASURE_WITH_UNIT(LENGTH_MEASURE(1.E-8),#11596,
'DISTANCE_ACCURACY_VALUE','Maximum Tolerance applied to model');
#11390=UNCERTAINTY_MEASURE_WITH_UNIT(LENGTH_MEASURE(1.E-8),#11597,
'DISTANCE_ACCURACY_VALUE','Maximum Tolerance applied to model');
#11391=UNCERTAINTY_MEASURE_WITH_UNIT(LENGTH_MEASURE(1.E-8),#11598,
'DISTANCE_ACCURACY_VALUE','Maximum Tolerance applied to model');
#11392=UNCERTAINTY_MEASURE_WITH_UNIT(LENGTH_MEASURE(1.E-8),#11599,
'DISTANCE_ACCURACY_VALUE','Maximum Tolerance applied to model');
#11393=UNCERTAINTY_MEASURE_WITH_UNIT(LENGTH_MEASURE(1.E-8),#11600,
'DISTANCE_ACCURACY_VALUE','Maximum Tolerance applied to model');
#11394=UNCERTAINTY_MEASURE_WITH_UNIT(LENGTH_MEASURE(1.E-8),#11601,
'DISTANCE_ACCURACY_VALUE','Maximum Tolerance applied to model');
#11395=UNCERTAINTY_MEASURE_WITH_UNIT(LENGTH_MEASURE(1.E-8),#11602,
'DISTANCE_ACCURACY_VALUE','Maximum Tolerance applied to model');
#11396=UNCERTAINTY_MEASURE_WITH_UNIT(LENGTH_MEASURE(1.E-8),#11603,
'DISTANCE_ACCURACY_VALUE','Maximum Tolerance applied to model');
#11397=UNCERTAINTY_MEASURE_WITH_UNIT(LENGTH_MEASURE(1.E-8),#11604,
'DISTANCE_ACCURACY_VALUE','Maximum Tolerance applied to model');
#11398=UNCERTAINTY_MEASURE_WITH_UNIT(LENGTH_MEASURE(1.E-8),#11605,
'DISTANCE_ACCURACY_VALUE','Maximum Tolerance applied to model');
#11399=UNCERTAINTY_MEASURE_WITH_UNIT(LENGTH_MEASURE(1.E-8),#11606,
'DISTANCE_ACCURACY_VALUE','Maximum Tolerance applied to model');
#11400=UNCERTAINTY_MEASURE_WITH_UNIT(LENGTH_MEASURE(1.E-8),#11607,
'DISTANCE_ACCURACY_VALUE','Maximum Tolerance applied to model');
#11401=UNCERTAINTY_MEASURE_WITH_UNIT(LENGTH_MEASURE(1.E-8),#11608,
'DISTANCE_ACCURACY_VALUE','Maximum Tolerance applied to model');
#11402=UNCERTAINTY_MEASURE_WITH_UNIT(LENGTH_MEASURE(1.E-8),#11609,
'DISTANCE_ACCURACY_VALUE','Maximum Tolerance applied to model');
#11403=UNCERTAINTY_MEASURE_WITH_UNIT(LENGTH_MEASURE(1.E-8),#11610,
'DISTANCE_ACCURACY_VALUE','Maximum Tolerance applied to model');
#11404=UNCERTAINTY_MEASURE_WITH_UNIT(LENGTH_MEASURE(1.E-8),#11611,
'DISTANCE_ACCURACY_VALUE','Maximum Tolerance applied to model');
#11405=UNCERTAINTY_MEASURE_WITH_UNIT(LENGTH_MEASURE(1.E-8),#11612,
'DISTANCE_ACCURACY_VALUE','Maximum Tolerance applied to model');
#11406=UNCERTAINTY_MEASURE_WITH_UNIT(LENGTH_MEASURE(1.E-8),#11613,
'DISTANCE_ACCURACY_VALUE','Maximum Tolerance applied to model');
#11407=UNCERTAINTY_MEASURE_WITH_UNIT(LENGTH_MEASURE(1.E-8),#11614,
'DISTANCE_ACCURACY_VALUE','Maximum Tolerance applied to model');
#11408=UNCERTAINTY_MEASURE_WITH_UNIT(LENGTH_MEASURE(1.E-8),#11615,
'DISTANCE_ACCURACY_VALUE','Maximum Tolerance applied to model');
#11409=UNCERTAINTY_MEASURE_WITH_UNIT(LENGTH_MEASURE(1.E-8),#11616,
'DISTANCE_ACCURACY_VALUE','Maximum Tolerance applied to model');
#11410=UNCERTAINTY_MEASURE_WITH_UNIT(LENGTH_MEASURE(1.E-8),#11617,
'DISTANCE_ACCURACY_VALUE','Maximum Tolerance applied to model');
#11411=UNCERTAINTY_MEASURE_WITH_UNIT(LENGTH_MEASURE(1.E-8),#11618,
'DISTANCE_ACCURACY_VALUE','Maximum Tolerance applied to model');
#11412=UNCERTAINTY_MEASURE_WITH_UNIT(LENGTH_MEASURE(1.E-8),#11619,
'DISTANCE_ACCURACY_VALUE','Maximum Tolerance applied to model');
#11413=UNCERTAINTY_MEASURE_WITH_UNIT(LENGTH_MEASURE(1.E-8),#11620,
'DISTANCE_ACCURACY_VALUE','Maximum Tolerance applied to model');
#11414=UNCERTAINTY_MEASURE_WITH_UNIT(LENGTH_MEASURE(1.E-8),#11621,
'DISTANCE_ACCURACY_VALUE','Maximum Tolerance applied to model');
#11415=UNCERTAINTY_MEASURE_WITH_UNIT(LENGTH_MEASURE(1.E-8),#11622,
'DISTANCE_ACCURACY_VALUE','Maximum Tolerance applied to model');
#11416=UNCERTAINTY_MEASURE_WITH_UNIT(LENGTH_MEASURE(1.E-8),#11623,
'DISTANCE_ACCURACY_VALUE','Maximum Tolerance applied to model');
#11417=UNCERTAINTY_MEASURE_WITH_UNIT(LENGTH_MEASURE(1.E-8),#11624,
'DISTANCE_ACCURACY_VALUE','Maximum Tolerance applied to model');
#11418=UNCERTAINTY_MEASURE_WITH_UNIT(LENGTH_MEASURE(1.E-8),#11625,
'DISTANCE_ACCURACY_VALUE','Maximum Tolerance applied to model');
#11419=UNCERTAINTY_MEASURE_WITH_UNIT(LENGTH_MEASURE(1.E-8),#11626,
'DISTANCE_ACCURACY_VALUE','Maximum Tolerance applied to model');
#11420=UNCERTAINTY_MEASURE_WITH_UNIT(LENGTH_MEASURE(1.E-8),#11627,
'DISTANCE_ACCURACY_VALUE','Maximum Tolerance applied to model');
#11421=UNCERTAINTY_MEASURE_WITH_UNIT(LENGTH_MEASURE(1.E-8),#11628,
'DISTANCE_ACCURACY_VALUE','Maximum Tolerance applied to model');
#11422=UNCERTAINTY_MEASURE_WITH_UNIT(LENGTH_MEASURE(1.E-8),#11629,
'DISTANCE_ACCURACY_VALUE','Maximum Tolerance applied to model');
#11423=UNCERTAINTY_MEASURE_WITH_UNIT(LENGTH_MEASURE(1.E-8),#11630,
'DISTANCE_ACCURACY_VALUE','Maximum Tolerance applied to model');
#11424=UNCERTAINTY_MEASURE_WITH_UNIT(LENGTH_MEASURE(1.E-8),#11631,
'DISTANCE_ACCURACY_VALUE','Maximum Tolerance applied to model');
#11425=UNCERTAINTY_MEASURE_WITH_UNIT(LENGTH_MEASURE(1.E-8),#11632,
'DISTANCE_ACCURACY_VALUE','Maximum Tolerance applied to model');
#11426=UNCERTAINTY_MEASURE_WITH_UNIT(LENGTH_MEASURE(1.E-8),#11633,
'DISTANCE_ACCURACY_VALUE','Maximum Tolerance applied to model');
#11427=UNCERTAINTY_MEASURE_WITH_UNIT(LENGTH_MEASURE(1.E-8),#11634,
'DISTANCE_ACCURACY_VALUE','Maximum Tolerance applied to model');
#11428=UNCERTAINTY_MEASURE_WITH_UNIT(LENGTH_MEASURE(1.E-8),#11635,
'DISTANCE_ACCURACY_VALUE','Maximum Tolerance applied to model');
#11429=UNCERTAINTY_MEASURE_WITH_UNIT(LENGTH_MEASURE(1.E-8),#11636,
'DISTANCE_ACCURACY_VALUE','Maximum Tolerance applied to model');
#11430=UNCERTAINTY_MEASURE_WITH_UNIT(LENGTH_MEASURE(1.E-8),#11637,
'DISTANCE_ACCURACY_VALUE','Maximum Tolerance applied to model');
#11431=UNCERTAINTY_MEASURE_WITH_UNIT(LENGTH_MEASURE(1.E-8),#11638,
'DISTANCE_ACCURACY_VALUE','Maximum Tolerance applied to model');
#11432=UNCERTAINTY_MEASURE_WITH_UNIT(LENGTH_MEASURE(1.E-8),#11639,
'DISTANCE_ACCURACY_VALUE','Maximum Tolerance applied to model');
#11433=UNCERTAINTY_MEASURE_WITH_UNIT(LENGTH_MEASURE(1.E-8),#11640,
'DISTANCE_ACCURACY_VALUE','Maximum Tolerance applied to model');
#11434=UNCERTAINTY_MEASURE_WITH_UNIT(LENGTH_MEASURE(1.E-8),#11641,
'DISTANCE_ACCURACY_VALUE','Maximum Tolerance applied to model');
#11435=UNCERTAINTY_MEASURE_WITH_UNIT(LENGTH_MEASURE(1.E-8),#11642,
'DISTANCE_ACCURACY_VALUE','Maximum Tolerance applied to model');
#11436=UNCERTAINTY_MEASURE_WITH_UNIT(LENGTH_MEASURE(1.E-8),#11643,
'DISTANCE_ACCURACY_VALUE','Maximum Tolerance applied to model');
#11437=UNCERTAINTY_MEASURE_WITH_UNIT(LENGTH_MEASURE(1.E-8),#11644,
'DISTANCE_ACCURACY_VALUE','Maximum Tolerance applied to model');
#11438=UNCERTAINTY_MEASURE_WITH_UNIT(LENGTH_MEASURE(1.E-8),#11645,
'DISTANCE_ACCURACY_VALUE','Maximum Tolerance applied to model');
#11439=UNCERTAINTY_MEASURE_WITH_UNIT(LENGTH_MEASURE(1.E-8),#11646,
'DISTANCE_ACCURACY_VALUE','Maximum Tolerance applied to model');
#11440=UNCERTAINTY_MEASURE_WITH_UNIT(LENGTH_MEASURE(1.E-8),#11647,
'DISTANCE_ACCURACY_VALUE','Maximum Tolerance applied to model');
#11441=UNCERTAINTY_MEASURE_WITH_UNIT(LENGTH_MEASURE(1.E-8),#11648,
'DISTANCE_ACCURACY_VALUE','Maximum Tolerance applied to model');
#11442=UNCERTAINTY_MEASURE_WITH_UNIT(LENGTH_MEASURE(1.E-8),#11649,
'DISTANCE_ACCURACY_VALUE','Maximum Tolerance applied to model');
#11443=UNCERTAINTY_MEASURE_WITH_UNIT(LENGTH_MEASURE(1.E-8),#11650,
'DISTANCE_ACCURACY_VALUE','Maximum Tolerance applied to model');
#11444=(
NAMED_UNIT(*)
SI_UNIT($,.STERADIAN.)
SOLID_ANGLE_UNIT()
);
#11445=(
NAMED_UNIT(*)
SI_UNIT($,.STERADIAN.)
SOLID_ANGLE_UNIT()
);
#11446=(
NAMED_UNIT(*)
SI_UNIT($,.STERADIAN.)
SOLID_ANGLE_UNIT()
);
#11447=(
NAMED_UNIT(*)
SI_UNIT($,.STERADIAN.)
SOLID_ANGLE_UNIT()
);
#11448=(
NAMED_UNIT(*)
SI_UNIT($,.STERADIAN.)
SOLID_ANGLE_UNIT()
);
#11449=(
NAMED_UNIT(*)
SI_UNIT($,.STERADIAN.)
SOLID_ANGLE_UNIT()
);
#11450=(
NAMED_UNIT(*)
SI_UNIT($,.STERADIAN.)
SOLID_ANGLE_UNIT()
);
#11451=(
NAMED_UNIT(*)
SI_UNIT($,.STERADIAN.)
SOLID_ANGLE_UNIT()
);
#11452=(
NAMED_UNIT(*)
SI_UNIT($,.STERADIAN.)
SOLID_ANGLE_UNIT()
);
#11453=(
NAMED_UNIT(*)
SI_UNIT($,.STERADIAN.)
SOLID_ANGLE_UNIT()
);
#11454=(
NAMED_UNIT(*)
SI_UNIT($,.STERADIAN.)
SOLID_ANGLE_UNIT()
);
#11455=(
NAMED_UNIT(*)
SI_UNIT($,.STERADIAN.)
SOLID_ANGLE_UNIT()
);
#11456=(
NAMED_UNIT(*)
SI_UNIT($,.STERADIAN.)
SOLID_ANGLE_UNIT()
);
#11457=(
NAMED_UNIT(*)
SI_UNIT($,.STERADIAN.)
SOLID_ANGLE_UNIT()
);
#11458=(
NAMED_UNIT(*)
SI_UNIT($,.STERADIAN.)
SOLID_ANGLE_UNIT()
);
#11459=(
NAMED_UNIT(*)
SI_UNIT($,.STERADIAN.)
SOLID_ANGLE_UNIT()
);
#11460=(
NAMED_UNIT(*)
SI_UNIT($,.STERADIAN.)
SOLID_ANGLE_UNIT()
);
#11461=(
NAMED_UNIT(*)
SI_UNIT($,.STERADIAN.)
SOLID_ANGLE_UNIT()
);
#11462=(
NAMED_UNIT(*)
SI_UNIT($,.STERADIAN.)
SOLID_ANGLE_UNIT()
);
#11463=(
NAMED_UNIT(*)
SI_UNIT($,.STERADIAN.)
SOLID_ANGLE_UNIT()
);
#11464=(
NAMED_UNIT(*)
SI_UNIT($,.STERADIAN.)
SOLID_ANGLE_UNIT()
);
#11465=(
NAMED_UNIT(*)
SI_UNIT($,.STERADIAN.)
SOLID_ANGLE_UNIT()
);
#11466=(
NAMED_UNIT(*)
SI_UNIT($,.STERADIAN.)
SOLID_ANGLE_UNIT()
);
#11467=(
NAMED_UNIT(*)
SI_UNIT($,.STERADIAN.)
SOLID_ANGLE_UNIT()
);
#11468=(
NAMED_UNIT(*)
SI_UNIT($,.STERADIAN.)
SOLID_ANGLE_UNIT()
);
#11469=(
NAMED_UNIT(*)
SI_UNIT($,.STERADIAN.)
SOLID_ANGLE_UNIT()
);
#11470=(
NAMED_UNIT(*)
SI_UNIT($,.STERADIAN.)
SOLID_ANGLE_UNIT()
);
#11471=(
NAMED_UNIT(*)
SI_UNIT($,.STERADIAN.)
SOLID_ANGLE_UNIT()
);
#11472=(
NAMED_UNIT(*)
SI_UNIT($,.STERADIAN.)
SOLID_ANGLE_UNIT()
);
#11473=(
NAMED_UNIT(*)
SI_UNIT($,.STERADIAN.)
SOLID_ANGLE_UNIT()
);
#11474=(
NAMED_UNIT(*)
SI_UNIT($,.STERADIAN.)
SOLID_ANGLE_UNIT()
);
#11475=(
NAMED_UNIT(*)
SI_UNIT($,.STERADIAN.)
SOLID_ANGLE_UNIT()
);
#11476=(
NAMED_UNIT(*)
SI_UNIT($,.STERADIAN.)
SOLID_ANGLE_UNIT()
);
#11477=(
NAMED_UNIT(*)
SI_UNIT($,.STERADIAN.)
SOLID_ANGLE_UNIT()
);
#11478=(
NAMED_UNIT(*)
SI_UNIT($,.STERADIAN.)
SOLID_ANGLE_UNIT()
);
#11479=(
NAMED_UNIT(*)
SI_UNIT($,.STERADIAN.)
SOLID_ANGLE_UNIT()
);
#11480=(
NAMED_UNIT(*)
SI_UNIT($,.STERADIAN.)
SOLID_ANGLE_UNIT()
);
#11481=(
NAMED_UNIT(*)
SI_UNIT($,.STERADIAN.)
SOLID_ANGLE_UNIT()
);
#11482=(
NAMED_UNIT(*)
SI_UNIT($,.STERADIAN.)
SOLID_ANGLE_UNIT()
);
#11483=(
NAMED_UNIT(*)
SI_UNIT($,.STERADIAN.)
SOLID_ANGLE_UNIT()
);
#11484=(
NAMED_UNIT(*)
SI_UNIT($,.STERADIAN.)
SOLID_ANGLE_UNIT()
);
#11485=(
NAMED_UNIT(*)
SI_UNIT($,.STERADIAN.)
SOLID_ANGLE_UNIT()
);
#11486=(
NAMED_UNIT(*)
SI_UNIT($,.STERADIAN.)
SOLID_ANGLE_UNIT()
);
#11487=(
NAMED_UNIT(*)
SI_UNIT($,.STERADIAN.)
SOLID_ANGLE_UNIT()
);
#11488=(
NAMED_UNIT(*)
SI_UNIT($,.STERADIAN.)
SOLID_ANGLE_UNIT()
);
#11489=(
NAMED_UNIT(*)
SI_UNIT($,.STERADIAN.)
SOLID_ANGLE_UNIT()
);
#11490=(
NAMED_UNIT(*)
SI_UNIT($,.STERADIAN.)
SOLID_ANGLE_UNIT()
);
#11491=(
NAMED_UNIT(*)
SI_UNIT($,.STERADIAN.)
SOLID_ANGLE_UNIT()
);
#11492=(
NAMED_UNIT(*)
SI_UNIT($,.STERADIAN.)
SOLID_ANGLE_UNIT()
);
#11493=(
NAMED_UNIT(*)
SI_UNIT($,.STERADIAN.)
SOLID_ANGLE_UNIT()
);
#11494=(
NAMED_UNIT(*)
SI_UNIT($,.STERADIAN.)
SOLID_ANGLE_UNIT()
);
#11495=(
NAMED_UNIT(*)
SI_UNIT($,.STERADIAN.)
SOLID_ANGLE_UNIT()
);
#11496=(
NAMED_UNIT(*)
SI_UNIT($,.STERADIAN.)
SOLID_ANGLE_UNIT()
);
#11497=(
NAMED_UNIT(*)
SI_UNIT($,.STERADIAN.)
SOLID_ANGLE_UNIT()
);
#11498=(
NAMED_UNIT(*)
SI_UNIT($,.STERADIAN.)
SOLID_ANGLE_UNIT()
);
#11499=(
NAMED_UNIT(*)
SI_UNIT($,.STERADIAN.)
SOLID_ANGLE_UNIT()
);
#11500=(
NAMED_UNIT(*)
SI_UNIT($,.STERADIAN.)
SOLID_ANGLE_UNIT()
);
#11501=(
NAMED_UNIT(*)
SI_UNIT($,.STERADIAN.)
SOLID_ANGLE_UNIT()
);
#11502=(
NAMED_UNIT(*)
SI_UNIT($,.STERADIAN.)
SOLID_ANGLE_UNIT()
);
#11503=(
NAMED_UNIT(*)
SI_UNIT($,.STERADIAN.)
SOLID_ANGLE_UNIT()
);
#11504=(
NAMED_UNIT(*)
SI_UNIT($,.STERADIAN.)
SOLID_ANGLE_UNIT()
);
#11505=(
NAMED_UNIT(*)
SI_UNIT($,.STERADIAN.)
SOLID_ANGLE_UNIT()
);
#11506=(
NAMED_UNIT(*)
SI_UNIT($,.STERADIAN.)
SOLID_ANGLE_UNIT()
);
#11507=(
NAMED_UNIT(*)
SI_UNIT($,.STERADIAN.)
SOLID_ANGLE_UNIT()
);
#11508=(
NAMED_UNIT(*)
SI_UNIT($,.STERADIAN.)
SOLID_ANGLE_UNIT()
);
#11509=(
NAMED_UNIT(*)
SI_UNIT($,.STERADIAN.)
SOLID_ANGLE_UNIT()
);
#11510=(
NAMED_UNIT(*)
SI_UNIT($,.STERADIAN.)
SOLID_ANGLE_UNIT()
);
#11511=(
NAMED_UNIT(*)
SI_UNIT($,.STERADIAN.)
SOLID_ANGLE_UNIT()
);
#11512=(
NAMED_UNIT(*)
SI_UNIT($,.STERADIAN.)
SOLID_ANGLE_UNIT()
);
#11513=(
NAMED_UNIT(*)
PLANE_ANGLE_UNIT()
SI_UNIT($,.RADIAN.)
);
#11514=(
NAMED_UNIT(*)
PLANE_ANGLE_UNIT()
SI_UNIT($,.RADIAN.)
);
#11515=(
NAMED_UNIT(*)
PLANE_ANGLE_UNIT()
SI_UNIT($,.RADIAN.)
);
#11516=(
NAMED_UNIT(*)
PLANE_ANGLE_UNIT()
SI_UNIT($,.RADIAN.)
);
#11517=(
NAMED_UNIT(*)
PLANE_ANGLE_UNIT()
SI_UNIT($,.RADIAN.)
);
#11518=(
NAMED_UNIT(*)
PLANE_ANGLE_UNIT()
SI_UNIT($,.RADIAN.)
);
#11519=(
NAMED_UNIT(*)
PLANE_ANGLE_UNIT()
SI_UNIT($,.RADIAN.)
);
#11520=(
NAMED_UNIT(*)
PLANE_ANGLE_UNIT()
SI_UNIT($,.RADIAN.)
);
#11521=(
NAMED_UNIT(*)
PLANE_ANGLE_UNIT()
SI_UNIT($,.RADIAN.)
);
#11522=(
NAMED_UNIT(*)
PLANE_ANGLE_UNIT()
SI_UNIT($,.RADIAN.)
);
#11523=(
NAMED_UNIT(*)
PLANE_ANGLE_UNIT()
SI_UNIT($,.RADIAN.)
);
#11524=(
NAMED_UNIT(*)
PLANE_ANGLE_UNIT()
SI_UNIT($,.RADIAN.)
);
#11525=(
NAMED_UNIT(*)
PLANE_ANGLE_UNIT()
SI_UNIT($,.RADIAN.)
);
#11526=(
NAMED_UNIT(*)
PLANE_ANGLE_UNIT()
SI_UNIT($,.RADIAN.)
);
#11527=(
NAMED_UNIT(*)
PLANE_ANGLE_UNIT()
SI_UNIT($,.RADIAN.)
);
#11528=(
NAMED_UNIT(*)
PLANE_ANGLE_UNIT()
SI_UNIT($,.RADIAN.)
);
#11529=(
NAMED_UNIT(*)
PLANE_ANGLE_UNIT()
SI_UNIT($,.RADIAN.)
);
#11530=(
NAMED_UNIT(*)
PLANE_ANGLE_UNIT()
SI_UNIT($,.RADIAN.)
);
#11531=(
NAMED_UNIT(*)
PLANE_ANGLE_UNIT()
SI_UNIT($,.RADIAN.)
);
#11532=(
NAMED_UNIT(*)
PLANE_ANGLE_UNIT()
SI_UNIT($,.RADIAN.)
);
#11533=(
NAMED_UNIT(*)
PLANE_ANGLE_UNIT()
SI_UNIT($,.RADIAN.)
);
#11534=(
NAMED_UNIT(*)
PLANE_ANGLE_UNIT()
SI_UNIT($,.RADIAN.)
);
#11535=(
NAMED_UNIT(*)
PLANE_ANGLE_UNIT()
SI_UNIT($,.RADIAN.)
);
#11536=(
NAMED_UNIT(*)
PLANE_ANGLE_UNIT()
SI_UNIT($,.RADIAN.)
);
#11537=(
NAMED_UNIT(*)
PLANE_ANGLE_UNIT()
SI_UNIT($,.RADIAN.)
);
#11538=(
NAMED_UNIT(*)
PLANE_ANGLE_UNIT()
SI_UNIT($,.RADIAN.)
);
#11539=(
NAMED_UNIT(*)
PLANE_ANGLE_UNIT()
SI_UNIT($,.RADIAN.)
);
#11540=(
NAMED_UNIT(*)
PLANE_ANGLE_UNIT()
SI_UNIT($,.RADIAN.)
);
#11541=(
NAMED_UNIT(*)
PLANE_ANGLE_UNIT()
SI_UNIT($,.RADIAN.)
);
#11542=(
NAMED_UNIT(*)
PLANE_ANGLE_UNIT()
SI_UNIT($,.RADIAN.)
);
#11543=(
NAMED_UNIT(*)
PLANE_ANGLE_UNIT()
SI_UNIT($,.RADIAN.)
);
#11544=(
NAMED_UNIT(*)
PLANE_ANGLE_UNIT()
SI_UNIT($,.RADIAN.)
);
#11545=(
NAMED_UNIT(*)
PLANE_ANGLE_UNIT()
SI_UNIT($,.RADIAN.)
);
#11546=(
NAMED_UNIT(*)
PLANE_ANGLE_UNIT()
SI_UNIT($,.RADIAN.)
);
#11547=(
NAMED_UNIT(*)
PLANE_ANGLE_UNIT()
SI_UNIT($,.RADIAN.)
);
#11548=(
NAMED_UNIT(*)
PLANE_ANGLE_UNIT()
SI_UNIT($,.RADIAN.)
);
#11549=(
NAMED_UNIT(*)
PLANE_ANGLE_UNIT()
SI_UNIT($,.RADIAN.)
);
#11550=(
NAMED_UNIT(*)
PLANE_ANGLE_UNIT()
SI_UNIT($,.RADIAN.)
);
#11551=(
NAMED_UNIT(*)
PLANE_ANGLE_UNIT()
SI_UNIT($,.RADIAN.)
);
#11552=(
NAMED_UNIT(*)
PLANE_ANGLE_UNIT()
SI_UNIT($,.RADIAN.)
);
#11553=(
NAMED_UNIT(*)
PLANE_ANGLE_UNIT()
SI_UNIT($,.RADIAN.)
);
#11554=(
NAMED_UNIT(*)
PLANE_ANGLE_UNIT()
SI_UNIT($,.RADIAN.)
);
#11555=(
NAMED_UNIT(*)
PLANE_ANGLE_UNIT()
SI_UNIT($,.RADIAN.)
);
#11556=(
NAMED_UNIT(*)
PLANE_ANGLE_UNIT()
SI_UNIT($,.RADIAN.)
);
#11557=(
NAMED_UNIT(*)
PLANE_ANGLE_UNIT()
SI_UNIT($,.RADIAN.)
);
#11558=(
NAMED_UNIT(*)
PLANE_ANGLE_UNIT()
SI_UNIT($,.RADIAN.)
);
#11559=(
NAMED_UNIT(*)
PLANE_ANGLE_UNIT()
SI_UNIT($,.RADIAN.)
);
#11560=(
NAMED_UNIT(*)
PLANE_ANGLE_UNIT()
SI_UNIT($,.RADIAN.)
);
#11561=(
NAMED_UNIT(*)
PLANE_ANGLE_UNIT()
SI_UNIT($,.RADIAN.)
);
#11562=(
NAMED_UNIT(*)
PLANE_ANGLE_UNIT()
SI_UNIT($,.RADIAN.)
);
#11563=(
NAMED_UNIT(*)
PLANE_ANGLE_UNIT()
SI_UNIT($,.RADIAN.)
);
#11564=(
NAMED_UNIT(*)
PLANE_ANGLE_UNIT()
SI_UNIT($,.RADIAN.)
);
#11565=(
NAMED_UNIT(*)
PLANE_ANGLE_UNIT()
SI_UNIT($,.RADIAN.)
);
#11566=(
NAMED_UNIT(*)
PLANE_ANGLE_UNIT()
SI_UNIT($,.RADIAN.)
);
#11567=(
NAMED_UNIT(*)
PLANE_ANGLE_UNIT()
SI_UNIT($,.RADIAN.)
);
#11568=(
NAMED_UNIT(*)
PLANE_ANGLE_UNIT()
SI_UNIT($,.RADIAN.)
);
#11569=(
NAMED_UNIT(*)
PLANE_ANGLE_UNIT()
SI_UNIT($,.RADIAN.)
);
#11570=(
NAMED_UNIT(*)
PLANE_ANGLE_UNIT()
SI_UNIT($,.RADIAN.)
);
#11571=(
NAMED_UNIT(*)
PLANE_ANGLE_UNIT()
SI_UNIT($,.RADIAN.)
);
#11572=(
NAMED_UNIT(*)
PLANE_ANGLE_UNIT()
SI_UNIT($,.RADIAN.)
);
#11573=(
NAMED_UNIT(*)
PLANE_ANGLE_UNIT()
SI_UNIT($,.RADIAN.)
);
#11574=(
NAMED_UNIT(*)
PLANE_ANGLE_UNIT()
SI_UNIT($,.RADIAN.)
);
#11575=(
NAMED_UNIT(*)
PLANE_ANGLE_UNIT()
SI_UNIT($,.RADIAN.)
);
#11576=(
NAMED_UNIT(*)
PLANE_ANGLE_UNIT()
SI_UNIT($,.RADIAN.)
);
#11577=(
NAMED_UNIT(*)
PLANE_ANGLE_UNIT()
SI_UNIT($,.RADIAN.)
);
#11578=(
NAMED_UNIT(*)
PLANE_ANGLE_UNIT()
SI_UNIT($,.RADIAN.)
);
#11579=(
NAMED_UNIT(*)
PLANE_ANGLE_UNIT()
SI_UNIT($,.RADIAN.)
);
#11580=(
NAMED_UNIT(*)
PLANE_ANGLE_UNIT()
SI_UNIT($,.RADIAN.)
);
#11581=(
NAMED_UNIT(*)
PLANE_ANGLE_UNIT()
SI_UNIT($,.RADIAN.)
);
#11582=(
LENGTH_UNIT()
NAMED_UNIT(*)
SI_UNIT($,.METRE.)
);
#11583=(
LENGTH_UNIT()
NAMED_UNIT(*)
SI_UNIT($,.METRE.)
);
#11584=(
LENGTH_UNIT()
NAMED_UNIT(*)
SI_UNIT($,.METRE.)
);
#11585=(
LENGTH_UNIT()
NAMED_UNIT(*)
SI_UNIT($,.METRE.)
);
#11586=(
LENGTH_UNIT()
NAMED_UNIT(*)
SI_UNIT($,.METRE.)
);
#11587=(
LENGTH_UNIT()
NAMED_UNIT(*)
SI_UNIT($,.METRE.)
);
#11588=(
LENGTH_UNIT()
NAMED_UNIT(*)
SI_UNIT($,.METRE.)
);
#11589=(
LENGTH_UNIT()
NAMED_UNIT(*)
SI_UNIT($,.METRE.)
);
#11590=(
LENGTH_UNIT()
NAMED_UNIT(*)
SI_UNIT($,.METRE.)
);
#11591=(
LENGTH_UNIT()
NAMED_UNIT(*)
SI_UNIT($,.METRE.)
);
#11592=(
LENGTH_UNIT()
NAMED_UNIT(*)
SI_UNIT($,.METRE.)
);
#11593=(
LENGTH_UNIT()
NAMED_UNIT(*)
SI_UNIT($,.METRE.)
);
#11594=(
LENGTH_UNIT()
NAMED_UNIT(*)
SI_UNIT($,.METRE.)
);
#11595=(
LENGTH_UNIT()
NAMED_UNIT(*)
SI_UNIT($,.METRE.)
);
#11596=(
LENGTH_UNIT()
NAMED_UNIT(*)
SI_UNIT($,.METRE.)
);
#11597=(
LENGTH_UNIT()
NAMED_UNIT(*)
SI_UNIT($,.METRE.)
);
#11598=(
LENGTH_UNIT()
NAMED_UNIT(*)
SI_UNIT($,.METRE.)
);
#11599=(
LENGTH_UNIT()
NAMED_UNIT(*)
SI_UNIT($,.METRE.)
);
#11600=(
LENGTH_UNIT()
NAMED_UNIT(*)
SI_UNIT($,.METRE.)
);
#11601=(
LENGTH_UNIT()
NAMED_UNIT(*)
SI_UNIT($,.METRE.)
);
#11602=(
LENGTH_UNIT()
NAMED_UNIT(*)
SI_UNIT($,.METRE.)
);
#11603=(
LENGTH_UNIT()
NAMED_UNIT(*)
SI_UNIT($,.METRE.)
);
#11604=(
LENGTH_UNIT()
NAMED_UNIT(*)
SI_UNIT($,.METRE.)
);
#11605=(
LENGTH_UNIT()
NAMED_UNIT(*)
SI_UNIT($,.METRE.)
);
#11606=(
LENGTH_UNIT()
NAMED_UNIT(*)
SI_UNIT($,.METRE.)
);
#11607=(
LENGTH_UNIT()
NAMED_UNIT(*)
SI_UNIT($,.METRE.)
);
#11608=(
LENGTH_UNIT()
NAMED_UNIT(*)
SI_UNIT($,.METRE.)
);
#11609=(
LENGTH_UNIT()
NAMED_UNIT(*)
SI_UNIT($,.METRE.)
);
#11610=(
LENGTH_UNIT()
NAMED_UNIT(*)
SI_UNIT($,.METRE.)
);
#11611=(
LENGTH_UNIT()
NAMED_UNIT(*)
SI_UNIT($,.METRE.)
);
#11612=(
LENGTH_UNIT()
NAMED_UNIT(*)
SI_UNIT($,.METRE.)
);
#11613=(
LENGTH_UNIT()
NAMED_UNIT(*)
SI_UNIT($,.METRE.)
);
#11614=(
LENGTH_UNIT()
NAMED_UNIT(*)
SI_UNIT($,.METRE.)
);
#11615=(
LENGTH_UNIT()
NAMED_UNIT(*)
SI_UNIT($,.METRE.)
);
#11616=(
LENGTH_UNIT()
NAMED_UNIT(*)
SI_UNIT($,.METRE.)
);
#11617=(
LENGTH_UNIT()
NAMED_UNIT(*)
SI_UNIT($,.METRE.)
);
#11618=(
LENGTH_UNIT()
NAMED_UNIT(*)
SI_UNIT($,.METRE.)
);
#11619=(
LENGTH_UNIT()
NAMED_UNIT(*)
SI_UNIT($,.METRE.)
);
#11620=(
LENGTH_UNIT()
NAMED_UNIT(*)
SI_UNIT($,.METRE.)
);
#11621=(
LENGTH_UNIT()
NAMED_UNIT(*)
SI_UNIT($,.METRE.)
);
#11622=(
LENGTH_UNIT()
NAMED_UNIT(*)
SI_UNIT($,.METRE.)
);
#11623=(
LENGTH_UNIT()
NAMED_UNIT(*)
SI_UNIT($,.METRE.)
);
#11624=(
LENGTH_UNIT()
NAMED_UNIT(*)
SI_UNIT($,.METRE.)
);
#11625=(
LENGTH_UNIT()
NAMED_UNIT(*)
SI_UNIT($,.METRE.)
);
#11626=(
LENGTH_UNIT()
NAMED_UNIT(*)
SI_UNIT($,.METRE.)
);
#11627=(
LENGTH_UNIT()
NAMED_UNIT(*)
SI_UNIT($,.METRE.)
);
#11628=(
LENGTH_UNIT()
NAMED_UNIT(*)
SI_UNIT($,.METRE.)
);
#11629=(
LENGTH_UNIT()
NAMED_UNIT(*)
SI_UNIT($,.METRE.)
);
#11630=(
LENGTH_UNIT()
NAMED_UNIT(*)
SI_UNIT($,.METRE.)
);
#11631=(
LENGTH_UNIT()
NAMED_UNIT(*)
SI_UNIT($,.METRE.)
);
#11632=(
LENGTH_UNIT()
NAMED_UNIT(*)
SI_UNIT($,.METRE.)
);
#11633=(
LENGTH_UNIT()
NAMED_UNIT(*)
SI_UNIT($,.METRE.)
);
#11634=(
LENGTH_UNIT()
NAMED_UNIT(*)
SI_UNIT($,.METRE.)
);
#11635=(
LENGTH_UNIT()
NAMED_UNIT(*)
SI_UNIT($,.METRE.)
);
#11636=(
LENGTH_UNIT()
NAMED_UNIT(*)
SI_UNIT($,.METRE.)
);
#11637=(
LENGTH_UNIT()
NAMED_UNIT(*)
SI_UNIT($,.METRE.)
);
#11638=(
LENGTH_UNIT()
NAMED_UNIT(*)
SI_UNIT($,.METRE.)
);
#11639=(
LENGTH_UNIT()
NAMED_UNIT(*)
SI_UNIT($,.METRE.)
);
#11640=(
LENGTH_UNIT()
NAMED_UNIT(*)
SI_UNIT($,.METRE.)
);
#11641=(
LENGTH_UNIT()
NAMED_UNIT(*)
SI_UNIT($,.METRE.)
);
#11642=(
LENGTH_UNIT()
NAMED_UNIT(*)
SI_UNIT($,.METRE.)
);
#11643=(
LENGTH_UNIT()
NAMED_UNIT(*)
SI_UNIT($,.METRE.)
);
#11644=(
LENGTH_UNIT()
NAMED_UNIT(*)
SI_UNIT($,.METRE.)
);
#11645=(
LENGTH_UNIT()
NAMED_UNIT(*)
SI_UNIT($,.METRE.)
);
#11646=(
LENGTH_UNIT()
NAMED_UNIT(*)
SI_UNIT($,.METRE.)
);
#11647=(
LENGTH_UNIT()
NAMED_UNIT(*)
SI_UNIT($,.METRE.)
);
#11648=(
LENGTH_UNIT()
NAMED_UNIT(*)
SI_UNIT($,.METRE.)
);
#11649=(
LENGTH_UNIT()
NAMED_UNIT(*)
SI_UNIT($,.METRE.)
);
#11650=(
LENGTH_UNIT()
NAMED_UNIT(*)
SI_UNIT($,.METRE.)
);
#11651=PRODUCT_DEFINITION_SHAPE('','',#11720);
#11652=PRODUCT_DEFINITION_SHAPE('','',#11721);
#11653=PRODUCT_DEFINITION_SHAPE('','',#11722);
#11654=PRODUCT_DEFINITION_SHAPE('','',#11723);
#11655=PRODUCT_DEFINITION_SHAPE('','',#11724);
#11656=PRODUCT_DEFINITION_SHAPE('','',#11725);
#11657=PRODUCT_DEFINITION_SHAPE('','',#11726);
#11658=PRODUCT_DEFINITION_SHAPE('','',#11727);
#11659=PRODUCT_DEFINITION_SHAPE('','',#11728);
#11660=PRODUCT_DEFINITION_SHAPE('','',#11729);
#11661=PRODUCT_DEFINITION_SHAPE('','',#11730);
#11662=PRODUCT_DEFINITION_SHAPE('','',#11731);
#11663=PRODUCT_DEFINITION_SHAPE('','',#11732);
#11664=PRODUCT_DEFINITION_SHAPE('','',#11733);
#11665=PRODUCT_DEFINITION_SHAPE('','',#11734);
#11666=PRODUCT_DEFINITION_SHAPE('','',#11735);
#11667=PRODUCT_DEFINITION_SHAPE('','',#11736);
#11668=PRODUCT_DEFINITION_SHAPE('','',#11737);
#11669=PRODUCT_DEFINITION_SHAPE('','',#11738);
#11670=PRODUCT_DEFINITION_SHAPE('','',#11739);
#11671=PRODUCT_DEFINITION_SHAPE('','',#11740);
#11672=PRODUCT_DEFINITION_SHAPE('','',#11741);
#11673=PRODUCT_DEFINITION_SHAPE('','',#11742);
#11674=PRODUCT_DEFINITION_SHAPE('','',#11743);
#11675=PRODUCT_DEFINITION_SHAPE('','',#11744);
#11676=PRODUCT_DEFINITION_SHAPE('','',#11745);
#11677=PRODUCT_DEFINITION_SHAPE('','',#11746);
#11678=PRODUCT_DEFINITION_SHAPE('','',#11747);
#11679=PRODUCT_DEFINITION_SHAPE('','',#11748);
#11680=PRODUCT_DEFINITION_SHAPE('','',#11749);
#11681=PRODUCT_DEFINITION_SHAPE('','',#11750);
#11682=PRODUCT_DEFINITION_SHAPE('','',#11751);
#11683=PRODUCT_DEFINITION_SHAPE('','',#11752);
#11684=PRODUCT_DEFINITION_SHAPE('','',#11753);
#11685=PRODUCT_DEFINITION_SHAPE('','',#11754);
#11686=PRODUCT_DEFINITION_SHAPE('','',#11755);
#11687=PRODUCT_DEFINITION_SHAPE('','',#11756);
#11688=PRODUCT_DEFINITION_SHAPE('','',#11757);
#11689=PRODUCT_DEFINITION_SHAPE('','',#11758);
#11690=PRODUCT_DEFINITION_SHAPE('','',#11759);
#11691=PRODUCT_DEFINITION_SHAPE('','',#11760);
#11692=PRODUCT_DEFINITION_SHAPE('','',#11761);
#11693=PRODUCT_DEFINITION_SHAPE('','',#11762);
#11694=PRODUCT_DEFINITION_SHAPE('','',#11763);
#11695=PRODUCT_DEFINITION_SHAPE('','',#11764);
#11696=PRODUCT_DEFINITION_SHAPE('','',#11765);
#11697=PRODUCT_DEFINITION_SHAPE('','',#11766);
#11698=PRODUCT_DEFINITION_SHAPE('','',#11767);
#11699=PRODUCT_DEFINITION_SHAPE('','',#11768);
#11700=PRODUCT_DEFINITION_SHAPE('','',#11769);
#11701=PRODUCT_DEFINITION_SHAPE('','',#11770);
#11702=PRODUCT_DEFINITION_SHAPE('','',#11771);
#11703=PRODUCT_DEFINITION_SHAPE('','',#11772);
#11704=PRODUCT_DEFINITION_SHAPE('','',#11773);
#11705=PRODUCT_DEFINITION_SHAPE('','',#11774);
#11706=PRODUCT_DEFINITION_SHAPE('','',#11775);
#11707=PRODUCT_DEFINITION_SHAPE('','',#11776);
#11708=PRODUCT_DEFINITION_SHAPE('','',#11777);
#11709=PRODUCT_DEFINITION_SHAPE('','',#11778);
#11710=PRODUCT_DEFINITION_SHAPE('','',#11779);
#11711=PRODUCT_DEFINITION_SHAPE('','',#11780);
#11712=PRODUCT_DEFINITION_SHAPE('','',#11781);
#11713=PRODUCT_DEFINITION_SHAPE('','',#11782);
#11714=PRODUCT_DEFINITION_SHAPE('','',#11783);
#11715=PRODUCT_DEFINITION_SHAPE('','',#11784);
#11716=PRODUCT_DEFINITION_SHAPE('','',#11785);
#11717=PRODUCT_DEFINITION_SHAPE('','',#11786);
#11718=PRODUCT_DEFINITION_SHAPE('','',#11787);
#11719=PRODUCT_DEFINITION_SHAPE('','',#11788);
#11720=PRODUCT_DEFINITION('','',#11858,#11789);
#11721=PRODUCT_DEFINITION('','',#11859,#11790);
#11722=PRODUCT_DEFINITION('','',#11860,#11791);
#11723=PRODUCT_DEFINITION('','',#11861,#11792);
#11724=PRODUCT_DEFINITION('','',#11862,#11793);
#11725=PRODUCT_DEFINITION('','',#11863,#11794);
#11726=PRODUCT_DEFINITION('','',#11864,#11795);
#11727=PRODUCT_DEFINITION('','',#11865,#11796);
#11728=PRODUCT_DEFINITION('','',#11866,#11797);
#11729=PRODUCT_DEFINITION('','',#11867,#11798);
#11730=PRODUCT_DEFINITION('','',#11868,#11799);
#11731=PRODUCT_DEFINITION('','',#11869,#11800);
#11732=PRODUCT_DEFINITION('','',#11870,#11801);
#11733=PRODUCT_DEFINITION('','',#11871,#11802);
#11734=PRODUCT_DEFINITION('','',#11872,#11803);
#11735=PRODUCT_DEFINITION('','',#11873,#11804);
#11736=PRODUCT_DEFINITION('','',#11874,#11805);
#11737=PRODUCT_DEFINITION('','',#11875,#11806);
#11738=PRODUCT_DEFINITION('','',#11876,#11807);
#11739=PRODUCT_DEFINITION('','',#11877,#11808);
#11740=PRODUCT_DEFINITION('','',#11878,#11809);
#11741=PRODUCT_DEFINITION('','',#11879,#11810);
#11742=PRODUCT_DEFINITION('','',#11880,#11811);
#11743=PRODUCT_DEFINITION('','',#11881,#11812);
#11744=PRODUCT_DEFINITION('','',#11882,#11813);
#11745=PRODUCT_DEFINITION('','',#11883,#11814);
#11746=PRODUCT_DEFINITION('','',#11884,#11815);
#11747=PRODUCT_DEFINITION('','',#11885,#11816);
#11748=PRODUCT_DEFINITION('','',#11886,#11817);
#11749=PRODUCT_DEFINITION('','',#11887,#11818);
#11750=PRODUCT_DEFINITION('','',#11888,#11819);
#11751=PRODUCT_DEFINITION('','',#11889,#11820);
#11752=PRODUCT_DEFINITION('','',#11890,#11821);
#11753=PRODUCT_DEFINITION('','',#11891,#11822);
#11754=PRODUCT_DEFINITION('','',#11892,#11823);
#11755=PRODUCT_DEFINITION('','',#11893,#11824);
#11756=PRODUCT_DEFINITION('','',#11894,#11825);
#11757=PRODUCT_DEFINITION('','',#11895,#11826);
#11758=PRODUCT_DEFINITION('','',#11896,#11827);
#11759=PRODUCT_DEFINITION('','',#11897,#11828);
#11760=PRODUCT_DEFINITION('','',#11898,#11829);
#11761=PRODUCT_DEFINITION('','',#11899,#11830);
#11762=PRODUCT_DEFINITION('','',#11900,#11831);
#11763=PRODUCT_DEFINITION('','',#11901,#11832);
#11764=PRODUCT_DEFINITION('','',#11902,#11833);
#11765=PRODUCT_DEFINITION('','',#11903,#11834);
#11766=PRODUCT_DEFINITION('','',#11904,#11835);
#11767=PRODUCT_DEFINITION('','',#11905,#11836);
#11768=PRODUCT_DEFINITION('','',#11906,#11837);
#11769=PRODUCT_DEFINITION('','',#11907,#11838);
#11770=PRODUCT_DEFINITION('','',#11908,#11839);
#11771=PRODUCT_DEFINITION('','',#11909,#11840);
#11772=PRODUCT_DEFINITION('','',#11910,#11841);
#11773=PRODUCT_DEFINITION('','',#11911,#11842);
#11774=PRODUCT_DEFINITION('','',#11912,#11843);
#11775=PRODUCT_DEFINITION('','',#11913,#11844);
#11776=PRODUCT_DEFINITION('','',#11914,#11845);
#11777=PRODUCT_DEFINITION('','',#11915,#11846);
#11778=PRODUCT_DEFINITION('','',#11916,#11847);
#11779=PRODUCT_DEFINITION('','',#11917,#11848);
#11780=PRODUCT_DEFINITION('','',#11918,#11849);
#11781=PRODUCT_DEFINITION('','',#11919,#11850);
#11782=PRODUCT_DEFINITION('','',#11920,#11851);
#11783=PRODUCT_DEFINITION('','',#11921,#11852);
#11784=PRODUCT_DEFINITION('','',#11922,#11853);
#11785=PRODUCT_DEFINITION('','',#11923,#11854);
#11786=PRODUCT_DEFINITION('','',#11924,#11855);
#11787=PRODUCT_DEFINITION('','',#11925,#11856);
#11788=PRODUCT_DEFINITION('','',#11926,#11857);
#11789=PRODUCT_DEFINITION_CONTEXT('',#12272,'design');
#11790=PRODUCT_DEFINITION_CONTEXT('',#12273,'design');
#11791=PRODUCT_DEFINITION_CONTEXT('',#12274,'design');
#11792=PRODUCT_DEFINITION_CONTEXT('',#12275,'design');
#11793=PRODUCT_DEFINITION_CONTEXT('',#12276,'design');
#11794=PRODUCT_DEFINITION_CONTEXT('',#12277,'design');
#11795=PRODUCT_DEFINITION_CONTEXT('',#12278,'design');
#11796=PRODUCT_DEFINITION_CONTEXT('',#12279,'design');
#11797=PRODUCT_DEFINITION_CONTEXT('',#12280,'design');
#11798=PRODUCT_DEFINITION_CONTEXT('',#12281,'design');
#11799=PRODUCT_DEFINITION_CONTEXT('',#12282,'design');
#11800=PRODUCT_DEFINITION_CONTEXT('',#12283,'design');
#11801=PRODUCT_DEFINITION_CONTEXT('',#12284,'design');
#11802=PRODUCT_DEFINITION_CONTEXT('',#12285,'design');
#11803=PRODUCT_DEFINITION_CONTEXT('',#12286,'design');
#11804=PRODUCT_DEFINITION_CONTEXT('',#12287,'design');
#11805=PRODUCT_DEFINITION_CONTEXT('',#12288,'design');
#11806=PRODUCT_DEFINITION_CONTEXT('',#12289,'design');
#11807=PRODUCT_DEFINITION_CONTEXT('',#12290,'design');
#11808=PRODUCT_DEFINITION_CONTEXT('',#12291,'design');
#11809=PRODUCT_DEFINITION_CONTEXT('',#12292,'design');
#11810=PRODUCT_DEFINITION_CONTEXT('',#12293,'design');
#11811=PRODUCT_DEFINITION_CONTEXT('',#12294,'design');
#11812=PRODUCT_DEFINITION_CONTEXT('',#12295,'design');
#11813=PRODUCT_DEFINITION_CONTEXT('',#12296,'design');
#11814=PRODUCT_DEFINITION_CONTEXT('',#12297,'design');
#11815=PRODUCT_DEFINITION_CONTEXT('',#12298,'design');
#11816=PRODUCT_DEFINITION_CONTEXT('',#12299,'design');
#11817=PRODUCT_DEFINITION_CONTEXT('',#12300,'design');
#11818=PRODUCT_DEFINITION_CONTEXT('',#12301,'design');
#11819=PRODUCT_DEFINITION_CONTEXT('',#12302,'design');
#11820=PRODUCT_DEFINITION_CONTEXT('',#12303,'design');
#11821=PRODUCT_DEFINITION_CONTEXT('',#12304,'design');
#11822=PRODUCT_DEFINITION_CONTEXT('',#12305,'design');
#11823=PRODUCT_DEFINITION_CONTEXT('',#12306,'design');
#11824=PRODUCT_DEFINITION_CONTEXT('',#12307,'design');
#11825=PRODUCT_DEFINITION_CONTEXT('',#12308,'design');
#11826=PRODUCT_DEFINITION_CONTEXT('',#12309,'design');
#11827=PRODUCT_DEFINITION_CONTEXT('',#12310,'design');
#11828=PRODUCT_DEFINITION_CONTEXT('',#12311,'design');
#11829=PRODUCT_DEFINITION_CONTEXT('',#12312,'design');
#11830=PRODUCT_DEFINITION_CONTEXT('',#12313,'design');
#11831=PRODUCT_DEFINITION_CONTEXT('',#12314,'design');
#11832=PRODUCT_DEFINITION_CONTEXT('',#12315,'design');
#11833=PRODUCT_DEFINITION_CONTEXT('',#12316,'design');
#11834=PRODUCT_DEFINITION_CONTEXT('',#12317,'design');
#11835=PRODUCT_DEFINITION_CONTEXT('',#12318,'design');
#11836=PRODUCT_DEFINITION_CONTEXT('',#12319,'design');
#11837=PRODUCT_DEFINITION_CONTEXT('',#12320,'design');
#11838=PRODUCT_DEFINITION_CONTEXT('',#12321,'design');
#11839=PRODUCT_DEFINITION_CONTEXT('',#12322,'design');
#11840=PRODUCT_DEFINITION_CONTEXT('',#12323,'design');
#11841=PRODUCT_DEFINITION_CONTEXT('',#12324,'design');
#11842=PRODUCT_DEFINITION_CONTEXT('',#12325,'design');
#11843=PRODUCT_DEFINITION_CONTEXT('',#12326,'design');
#11844=PRODUCT_DEFINITION_CONTEXT('',#12327,'design');
#11845=PRODUCT_DEFINITION_CONTEXT('',#12328,'design');
#11846=PRODUCT_DEFINITION_CONTEXT('',#12329,'design');
#11847=PRODUCT_DEFINITION_CONTEXT('',#12330,'design');
#11848=PRODUCT_DEFINITION_CONTEXT('',#12331,'design');
#11849=PRODUCT_DEFINITION_CONTEXT('',#12332,'design');
#11850=PRODUCT_DEFINITION_CONTEXT('',#12333,'design');
#11851=PRODUCT_DEFINITION_CONTEXT('',#12334,'design');
#11852=PRODUCT_DEFINITION_CONTEXT('',#12335,'design');
#11853=PRODUCT_DEFINITION_CONTEXT('',#12336,'design');
#11854=PRODUCT_DEFINITION_CONTEXT('',#12337,'design');
#11855=PRODUCT_DEFINITION_CONTEXT('',#12338,'design');
#11856=PRODUCT_DEFINITION_CONTEXT('',#12339,'design');
#11857=PRODUCT_DEFINITION_CONTEXT('',#12340,'design');
#11858=PRODUCT_DEFINITION_FORMATION_WITH_SPECIFIED_SOURCE('','',#11996,
 .NOT_KNOWN.);
#11859=PRODUCT_DEFINITION_FORMATION_WITH_SPECIFIED_SOURCE('','',#11997,
 .NOT_KNOWN.);
#11860=PRODUCT_DEFINITION_FORMATION_WITH_SPECIFIED_SOURCE('','',#11998,
 .NOT_KNOWN.);
#11861=PRODUCT_DEFINITION_FORMATION_WITH_SPECIFIED_SOURCE('','',#11999,
 .NOT_KNOWN.);
#11862=PRODUCT_DEFINITION_FORMATION_WITH_SPECIFIED_SOURCE('','',#12000,
 .NOT_KNOWN.);
#11863=PRODUCT_DEFINITION_FORMATION_WITH_SPECIFIED_SOURCE('','',#12001,
 .NOT_KNOWN.);
#11864=PRODUCT_DEFINITION_FORMATION_WITH_SPECIFIED_SOURCE('','',#12002,
 .NOT_KNOWN.);
#11865=PRODUCT_DEFINITION_FORMATION_WITH_SPECIFIED_SOURCE('','',#12003,
 .NOT_KNOWN.);
#11866=PRODUCT_DEFINITION_FORMATION_WITH_SPECIFIED_SOURCE('','',#12004,
 .NOT_KNOWN.);
#11867=PRODUCT_DEFINITION_FORMATION_WITH_SPECIFIED_SOURCE('','',#12005,
 .NOT_KNOWN.);
#11868=PRODUCT_DEFINITION_FORMATION_WITH_SPECIFIED_SOURCE('','',#12006,
 .NOT_KNOWN.);
#11869=PRODUCT_DEFINITION_FORMATION_WITH_SPECIFIED_SOURCE('','',#12007,
 .NOT_KNOWN.);
#11870=PRODUCT_DEFINITION_FORMATION_WITH_SPECIFIED_SOURCE('','',#12008,
 .NOT_KNOWN.);
#11871=PRODUCT_DEFINITION_FORMATION_WITH_SPECIFIED_SOURCE('','',#12009,
 .NOT_KNOWN.);
#11872=PRODUCT_DEFINITION_FORMATION_WITH_SPECIFIED_SOURCE('','',#12010,
 .NOT_KNOWN.);
#11873=PRODUCT_DEFINITION_FORMATION_WITH_SPECIFIED_SOURCE('','',#12011,
 .NOT_KNOWN.);
#11874=PRODUCT_DEFINITION_FORMATION_WITH_SPECIFIED_SOURCE('','',#12012,
 .NOT_KNOWN.);
#11875=PRODUCT_DEFINITION_FORMATION_WITH_SPECIFIED_SOURCE('','',#12013,
 .NOT_KNOWN.);
#11876=PRODUCT_DEFINITION_FORMATION_WITH_SPECIFIED_SOURCE('','',#12014,
 .NOT_KNOWN.);
#11877=PRODUCT_DEFINITION_FORMATION_WITH_SPECIFIED_SOURCE('','',#12015,
 .NOT_KNOWN.);
#11878=PRODUCT_DEFINITION_FORMATION_WITH_SPECIFIED_SOURCE('','',#12016,
 .NOT_KNOWN.);
#11879=PRODUCT_DEFINITION_FORMATION_WITH_SPECIFIED_SOURCE('','',#12017,
 .NOT_KNOWN.);
#11880=PRODUCT_DEFINITION_FORMATION_WITH_SPECIFIED_SOURCE('','',#12018,
 .NOT_KNOWN.);
#11881=PRODUCT_DEFINITION_FORMATION_WITH_SPECIFIED_SOURCE('','',#12019,
 .NOT_KNOWN.);
#11882=PRODUCT_DEFINITION_FORMATION_WITH_SPECIFIED_SOURCE('','',#12020,
 .NOT_KNOWN.);
#11883=PRODUCT_DEFINITION_FORMATION_WITH_SPECIFIED_SOURCE('','',#12021,
 .NOT_KNOWN.);
#11884=PRODUCT_DEFINITION_FORMATION_WITH_SPECIFIED_SOURCE('','',#12022,
 .NOT_KNOWN.);
#11885=PRODUCT_DEFINITION_FORMATION_WITH_SPECIFIED_SOURCE('','',#12023,
 .NOT_KNOWN.);
#11886=PRODUCT_DEFINITION_FORMATION_WITH_SPECIFIED_SOURCE('','',#12024,
 .NOT_KNOWN.);
#11887=PRODUCT_DEFINITION_FORMATION_WITH_SPECIFIED_SOURCE('','',#12025,
 .NOT_KNOWN.);
#11888=PRODUCT_DEFINITION_FORMATION_WITH_SPECIFIED_SOURCE('','',#12026,
 .NOT_KNOWN.);
#11889=PRODUCT_DEFINITION_FORMATION_WITH_SPECIFIED_SOURCE('','',#12027,
 .NOT_KNOWN.);
#11890=PRODUCT_DEFINITION_FORMATION_WITH_SPECIFIED_SOURCE('','',#12028,
 .NOT_KNOWN.);
#11891=PRODUCT_DEFINITION_FORMATION_WITH_SPECIFIED_SOURCE('','',#12029,
 .NOT_KNOWN.);
#11892=PRODUCT_DEFINITION_FORMATION_WITH_SPECIFIED_SOURCE('','',#12030,
 .NOT_KNOWN.);
#11893=PRODUCT_DEFINITION_FORMATION_WITH_SPECIFIED_SOURCE('','',#12031,
 .NOT_KNOWN.);
#11894=PRODUCT_DEFINITION_FORMATION_WITH_SPECIFIED_SOURCE('','',#12032,
 .NOT_KNOWN.);
#11895=PRODUCT_DEFINITION_FORMATION_WITH_SPECIFIED_SOURCE('','',#12033,
 .NOT_KNOWN.);
#11896=PRODUCT_DEFINITION_FORMATION_WITH_SPECIFIED_SOURCE('','',#12034,
 .NOT_KNOWN.);
#11897=PRODUCT_DEFINITION_FORMATION_WITH_SPECIFIED_SOURCE('','',#12035,
 .NOT_KNOWN.);
#11898=PRODUCT_DEFINITION_FORMATION_WITH_SPECIFIED_SOURCE('','',#12036,
 .NOT_KNOWN.);
#11899=PRODUCT_DEFINITION_FORMATION_WITH_SPECIFIED_SOURCE('','',#12037,
 .NOT_KNOWN.);
#11900=PRODUCT_DEFINITION_FORMATION_WITH_SPECIFIED_SOURCE('','',#12038,
 .NOT_KNOWN.);
#11901=PRODUCT_DEFINITION_FORMATION_WITH_SPECIFIED_SOURCE('','',#12039,
 .NOT_KNOWN.);
#11902=PRODUCT_DEFINITION_FORMATION_WITH_SPECIFIED_SOURCE('','',#12040,
 .NOT_KNOWN.);
#11903=PRODUCT_DEFINITION_FORMATION_WITH_SPECIFIED_SOURCE('','',#12041,
 .NOT_KNOWN.);
#11904=PRODUCT_DEFINITION_FORMATION_WITH_SPECIFIED_SOURCE('','',#12042,
 .NOT_KNOWN.);
#11905=PRODUCT_DEFINITION_FORMATION_WITH_SPECIFIED_SOURCE('','',#12043,
 .NOT_KNOWN.);
#11906=PRODUCT_DEFINITION_FORMATION_WITH_SPECIFIED_SOURCE('','',#12044,
 .NOT_KNOWN.);
#11907=PRODUCT_DEFINITION_FORMATION_WITH_SPECIFIED_SOURCE('','',#12045,
 .NOT_KNOWN.);
#11908=PRODUCT_DEFINITION_FORMATION_WITH_SPECIFIED_SOURCE('','',#12046,
 .NOT_KNOWN.);
#11909=PRODUCT_DEFINITION_FORMATION_WITH_SPECIFIED_SOURCE('','',#12047,
 .NOT_KNOWN.);
#11910=PRODUCT_DEFINITION_FORMATION_WITH_SPECIFIED_SOURCE('','',#12048,
 .NOT_KNOWN.);
#11911=PRODUCT_DEFINITION_FORMATION_WITH_SPECIFIED_SOURCE('','',#12049,
 .NOT_KNOWN.);
#11912=PRODUCT_DEFINITION_FORMATION_WITH_SPECIFIED_SOURCE('','',#12050,
 .NOT_KNOWN.);
#11913=PRODUCT_DEFINITION_FORMATION_WITH_SPECIFIED_SOURCE('','',#12051,
 .NOT_KNOWN.);
#11914=PRODUCT_DEFINITION_FORMATION_WITH_SPECIFIED_SOURCE('','',#12052,
 .NOT_KNOWN.);
#11915=PRODUCT_DEFINITION_FORMATION_WITH_SPECIFIED_SOURCE('','',#12053,
 .NOT_KNOWN.);
#11916=PRODUCT_DEFINITION_FORMATION_WITH_SPECIFIED_SOURCE('','',#12054,
 .NOT_KNOWN.);
#11917=PRODUCT_DEFINITION_FORMATION_WITH_SPECIFIED_SOURCE('','',#12055,
 .NOT_KNOWN.);
#11918=PRODUCT_DEFINITION_FORMATION_WITH_SPECIFIED_SOURCE('','',#12056,
 .NOT_KNOWN.);
#11919=PRODUCT_DEFINITION_FORMATION_WITH_SPECIFIED_SOURCE('','',#12057,
 .NOT_KNOWN.);
#11920=PRODUCT_DEFINITION_FORMATION_WITH_SPECIFIED_SOURCE('','',#12058,
 .NOT_KNOWN.);
#11921=PRODUCT_DEFINITION_FORMATION_WITH_SPECIFIED_SOURCE('','',#12059,
 .NOT_KNOWN.);
#11922=PRODUCT_DEFINITION_FORMATION_WITH_SPECIFIED_SOURCE('','',#12060,
 .NOT_KNOWN.);
#11923=PRODUCT_DEFINITION_FORMATION_WITH_SPECIFIED_SOURCE('','',#12061,
 .NOT_KNOWN.);
#11924=PRODUCT_DEFINITION_FORMATION_WITH_SPECIFIED_SOURCE('','',#12062,
 .NOT_KNOWN.);
#11925=PRODUCT_DEFINITION_FORMATION_WITH_SPECIFIED_SOURCE('','',#12063,
 .NOT_KNOWN.);
#11926=PRODUCT_DEFINITION_FORMATION_WITH_SPECIFIED_SOURCE('','',#12064,
 .NOT_KNOWN.);
#11927=PRODUCT_RELATED_PRODUCT_CATEGORY('','',(#11996));
#11928=PRODUCT_RELATED_PRODUCT_CATEGORY('','',(#11997));
#11929=PRODUCT_RELATED_PRODUCT_CATEGORY('','',(#11998));
#11930=PRODUCT_RELATED_PRODUCT_CATEGORY('','',(#11999));
#11931=PRODUCT_RELATED_PRODUCT_CATEGORY('','',(#12000));
#11932=PRODUCT_RELATED_PRODUCT_CATEGORY('','',(#12001));
#11933=PRODUCT_RELATED_PRODUCT_CATEGORY('','',(#12002));
#11934=PRODUCT_RELATED_PRODUCT_CATEGORY('','',(#12003));
#11935=PRODUCT_RELATED_PRODUCT_CATEGORY('','',(#12004));
#11936=PRODUCT_RELATED_PRODUCT_CATEGORY('','',(#12005));
#11937=PRODUCT_RELATED_PRODUCT_CATEGORY('','',(#12006));
#11938=PRODUCT_RELATED_PRODUCT_CATEGORY('','',(#12007));
#11939=PRODUCT_RELATED_PRODUCT_CATEGORY('','',(#12008));
#11940=PRODUCT_RELATED_PRODUCT_CATEGORY('','',(#12009));
#11941=PRODUCT_RELATED_PRODUCT_CATEGORY('','',(#12010));
#11942=PRODUCT_RELATED_PRODUCT_CATEGORY('','',(#12011));
#11943=PRODUCT_RELATED_PRODUCT_CATEGORY('','',(#12012));
#11944=PRODUCT_RELATED_PRODUCT_CATEGORY('','',(#12013));
#11945=PRODUCT_RELATED_PRODUCT_CATEGORY('','',(#12014));
#11946=PRODUCT_RELATED_PRODUCT_CATEGORY('','',(#12015));
#11947=PRODUCT_RELATED_PRODUCT_CATEGORY('','',(#12016));
#11948=PRODUCT_RELATED_PRODUCT_CATEGORY('','',(#12017));
#11949=PRODUCT_RELATED_PRODUCT_CATEGORY('','',(#12018));
#11950=PRODUCT_RELATED_PRODUCT_CATEGORY('','',(#12019));
#11951=PRODUCT_RELATED_PRODUCT_CATEGORY('','',(#12020));
#11952=PRODUCT_RELATED_PRODUCT_CATEGORY('','',(#12021));
#11953=PRODUCT_RELATED_PRODUCT_CATEGORY('','',(#12022));
#11954=PRODUCT_RELATED_PRODUCT_CATEGORY('','',(#12023));
#11955=PRODUCT_RELATED_PRODUCT_CATEGORY('','',(#12024));
#11956=PRODUCT_RELATED_PRODUCT_CATEGORY('','',(#12025));
#11957=PRODUCT_RELATED_PRODUCT_CATEGORY('','',(#12026));
#11958=PRODUCT_RELATED_PRODUCT_CATEGORY('','',(#12027));
#11959=PRODUCT_RELATED_PRODUCT_CATEGORY('','',(#12028));
#11960=PRODUCT_RELATED_PRODUCT_CATEGORY('','',(#12029));
#11961=PRODUCT_RELATED_PRODUCT_CATEGORY('','',(#12030));
#11962=PRODUCT_RELATED_PRODUCT_CATEGORY('','',(#12031));
#11963=PRODUCT_RELATED_PRODUCT_CATEGORY('','',(#12032));
#11964=PRODUCT_RELATED_PRODUCT_CATEGORY('','',(#12033));
#11965=PRODUCT_RELATED_PRODUCT_CATEGORY('','',(#12034));
#11966=PRODUCT_RELATED_PRODUCT_CATEGORY('','',(#12035));
#11967=PRODUCT_RELATED_PRODUCT_CATEGORY('','',(#12036));
#11968=PRODUCT_RELATED_PRODUCT_CATEGORY('','',(#12037));
#11969=PRODUCT_RELATED_PRODUCT_CATEGORY('','',(#12038));
#11970=PRODUCT_RELATED_PRODUCT_CATEGORY('','',(#12039));
#11971=PRODUCT_RELATED_PRODUCT_CATEGORY('','',(#12040));
#11972=PRODUCT_RELATED_PRODUCT_CATEGORY('','',(#12041));
#11973=PRODUCT_RELATED_PRODUCT_CATEGORY('','',(#12042));
#11974=PRODUCT_RELATED_PRODUCT_CATEGORY('','',(#12043));
#11975=PRODUCT_RELATED_PRODUCT_CATEGORY('','',(#12044));
#11976=PRODUCT_RELATED_PRODUCT_CATEGORY('','',(#12045));
#11977=PRODUCT_RELATED_PRODUCT_CATEGORY('','',(#12046));
#11978=PRODUCT_RELATED_PRODUCT_CATEGORY('','',(#12047));
#11979=PRODUCT_RELATED_PRODUCT_CATEGORY('','',(#12048));
#11980=PRODUCT_RELATED_PRODUCT_CATEGORY('','',(#12049));
#11981=PRODUCT_RELATED_PRODUCT_CATEGORY('','',(#12050));
#11982=PRODUCT_RELATED_PRODUCT_CATEGORY('','',(#12051));
#11983=PRODUCT_RELATED_PRODUCT_CATEGORY('','',(#12052));
#11984=PRODUCT_RELATED_PRODUCT_CATEGORY('','',(#12053));
#11985=PRODUCT_RELATED_PRODUCT_CATEGORY('','',(#12054));
#11986=PRODUCT_RELATED_PRODUCT_CATEGORY('','',(#12055));
#11987=PRODUCT_RELATED_PRODUCT_CATEGORY('','',(#12056));
#11988=PRODUCT_RELATED_PRODUCT_CATEGORY('','',(#12057));
#11989=PRODUCT_RELATED_PRODUCT_CATEGORY('','',(#12058));
#11990=PRODUCT_RELATED_PRODUCT_CATEGORY('','',(#12059));
#11991=PRODUCT_RELATED_PRODUCT_CATEGORY('','',(#12060));
#11992=PRODUCT_RELATED_PRODUCT_CATEGORY('','',(#12061));
#11993=PRODUCT_RELATED_PRODUCT_CATEGORY('','',(#12062));
#11994=PRODUCT_RELATED_PRODUCT_CATEGORY('','',(#12063));
#11995=PRODUCT_RELATED_PRODUCT_CATEGORY('','',(#12064));
#11996=PRODUCT('Part 86','Part 86','Part 86',(#12134));
#11997=PRODUCT('Part 87','Part 87','Part 87',(#12135));
#11998=PRODUCT('Part 88','Part 88','Part 88',(#12136));
#11999=PRODUCT('Part 89','Part 89','Part 89',(#12137));
#12000=PRODUCT('Part 90','Part 90','Part 90',(#12138));
#12001=PRODUCT('Part 91','Part 91','Part 91',(#12139));
#12002=PRODUCT('Part 92','Part 92','Part 92',(#12140));
#12003=PRODUCT('Part 93','Part 93','Part 93',(#12141));
#12004=PRODUCT('Part 94','Part 94','Part 94',(#12142));
#12005=PRODUCT('Part 95','Part 95','Part 95',(#12143));
#12006=PRODUCT('Part 96','Part 96','Part 96',(#12144));
#12007=PRODUCT('Part 97','Part 97','Part 97',(#12145));
#12008=PRODUCT('Part 98','Part 98','Part 98',(#12146));
#12009=PRODUCT('Part 99','Part 99','Part 99',(#12147));
#12010=PRODUCT('Part 100','Part 100','Part 100',(#12148));
#12011=PRODUCT('Part 101','Part 101','Part 101',(#12149));
#12012=PRODUCT('Part 102','Part 102','Part 102',(#12150));
#12013=PRODUCT('Part 163','Part 163','Part 163',(#12151));
#12014=PRODUCT('Part 164','Part 164','Part 164',(#12152));
#12015=PRODUCT('Part 166','Part 166','Part 166',(#12153));
#12016=PRODUCT('Part 168','Part 168','Part 168',(#12154));
#12017=PRODUCT('Part 167','Part 167','Part 167',(#12155));
#12018=PRODUCT('Part 171','Part 171','Part 171',(#12156));
#12019=PRODUCT('Part 165','Part 165','Part 165',(#12157));
#12020=PRODUCT('Part 170','Part 170','Part 170',(#12158));
#12021=PRODUCT('Part 169','Part 169','Part 169',(#12159));
#12022=PRODUCT('Part 120','Part 120','Part 120',(#12160));
#12023=PRODUCT('Part 121','Part 121','Part 121',(#12161));
#12024=PRODUCT('Part 122','Part 122','Part 122',(#12162));
#12025=PRODUCT('Part 123','Part 123','Part 123',(#12163));
#12026=PRODUCT('Part 124','Part 124','Part 124',(#12164));
#12027=PRODUCT('Part 125','Part 125','Part 125',(#12165));
#12028=PRODUCT('Part 126','Part 126','Part 126',(#12166));
#12029=PRODUCT('Part 127','Part 127','Part 127',(#12167));
#12030=PRODUCT('Part 128','Part 128','Part 128',(#12168));
#12031=PRODUCT('Part 129','Part 129','Part 129',(#12169));
#12032=PRODUCT('Part 130','Part 130','Part 130',(#12170));
#12033=PRODUCT('Part 131','Part 131','Part 131',(#12171));
#12034=PRODUCT('Part 132','Part 132','Part 132',(#12172));
#12035=PRODUCT('Part 133','Part 133','Part 133',(#12173));
#12036=PRODUCT('Part 134','Part 134','Part 134',(#12174));
#12037=PRODUCT('Part 135','Part 135','Part 135',(#12175));
#12038=PRODUCT('Part 136','Part 136','Part 136',(#12176));
#12039=PRODUCT('Part 158','Part 158','Part 158',(#12177));
#12040=PRODUCT('Part 154','Part 154','Part 154',(#12178));
#12041=PRODUCT('Part 157','Part 157','Part 157',(#12179));
#12042=PRODUCT('Part 159','Part 159','Part 159',(#12180));
#12043=PRODUCT('Part 155','Part 155','Part 155',(#12181));
#12044=PRODUCT('Part 156','Part 156','Part 156',(#12182));
#12045=PRODUCT('Part 162','Part 162','Part 162',(#12183));
#12046=PRODUCT('Part 160','Part 160','Part 160',(#12184));
#12047=PRODUCT('Part 161','Part 161','Part 161',(#12185));
#12048=PRODUCT('Part 137','Part 137','Part 137',(#12186));
#12049=PRODUCT('Part 138','Part 138','Part 138',(#12187));
#12050=PRODUCT('Part 139','Part 139','Part 139',(#12188));
#12051=PRODUCT('Part 140','Part 140','Part 140',(#12189));
#12052=PRODUCT('Part 141','Part 141','Part 141',(#12190));
#12053=PRODUCT('Part 142','Part 142','Part 142',(#12191));
#12054=PRODUCT('Part 143','Part 143','Part 143',(#12192));
#12055=PRODUCT('Part 144','Part 144','Part 144',(#12193));
#12056=PRODUCT('Part 145','Part 145','Part 145',(#12194));
#12057=PRODUCT('Part 146','Part 146','Part 146',(#12195));
#12058=PRODUCT('Part 147','Part 147','Part 147',(#12196));
#12059=PRODUCT('Part 148','Part 148','Part 148',(#12197));
#12060=PRODUCT('Part 149','Part 149','Part 149',(#12198));
#12061=PRODUCT('Part 150','Part 150','Part 150',(#12199));
#12062=PRODUCT('Part 151','Part 151','Part 151',(#12200));
#12063=PRODUCT('Part 152','Part 152','Part 152',(#12201));
#12064=PRODUCT('Part 153','Part 153','Part 153',(#12202));
#12065=PRODUCT_CATEGORY('','');
#12066=PRODUCT_CATEGORY('','');
#12067=PRODUCT_CATEGORY('','');
#12068=PRODUCT_CATEGORY('','');
#12069=PRODUCT_CATEGORY('','');
#12070=PRODUCT_CATEGORY('','');
#12071=PRODUCT_CATEGORY('','');
#12072=PRODUCT_CATEGORY('','');
#12073=PRODUCT_CATEGORY('','');
#12074=PRODUCT_CATEGORY('','');
#12075=PRODUCT_CATEGORY('','');
#12076=PRODUCT_CATEGORY('','');
#12077=PRODUCT_CATEGORY('','');
#12078=PRODUCT_CATEGORY('','');
#12079=PRODUCT_CATEGORY('','');
#12080=PRODUCT_CATEGORY('','');
#12081=PRODUCT_CATEGORY('','');
#12082=PRODUCT_CATEGORY('','');
#12083=PRODUCT_CATEGORY('','');
#12084=PRODUCT_CATEGORY('','');
#12085=PRODUCT_CATEGORY('','');
#12086=PRODUCT_CATEGORY('','');
#12087=PRODUCT_CATEGORY('','');
#12088=PRODUCT_CATEGORY('','');
#12089=PRODUCT_CATEGORY('','');
#12090=PRODUCT_CATEGORY('','');
#12091=PRODUCT_CATEGORY('','');
#12092=PRODUCT_CATEGORY('','');
#12093=PRODUCT_CATEGORY('','');
#12094=PRODUCT_CATEGORY('','');
#12095=PRODUCT_CATEGORY('','');
#12096=PRODUCT_CATEGORY('','');
#12097=PRODUCT_CATEGORY('','');
#12098=PRODUCT_CATEGORY('','');
#12099=PRODUCT_CATEGORY('','');
#12100=PRODUCT_CATEGORY('','');
#12101=PRODUCT_CATEGORY('','');
#12102=PRODUCT_CATEGORY('','');
#12103=PRODUCT_CATEGORY('','');
#12104=PRODUCT_CATEGORY('','');
#12105=PRODUCT_CATEGORY('','');
#12106=PRODUCT_CATEGORY('','');
#12107=PRODUCT_CATEGORY('','');
#12108=PRODUCT_CATEGORY('','');
#12109=PRODUCT_CATEGORY('','');
#12110=PRODUCT_CATEGORY('','');
#12111=PRODUCT_CATEGORY('','');
#12112=PRODUCT_CATEGORY('','');
#12113=PRODUCT_CATEGORY('','');
#12114=PRODUCT_CATEGORY('','');
#12115=PRODUCT_CATEGORY('','');
#12116=PRODUCT_CATEGORY('','');
#12117=PRODUCT_CATEGORY('','');
#12118=PRODUCT_CATEGORY('','');
#12119=PRODUCT_CATEGORY('','');
#12120=PRODUCT_CATEGORY('','');
#12121=PRODUCT_CATEGORY('','');
#12122=PRODUCT_CATEGORY('','');
#12123=PRODUCT_CATEGORY('','');
#12124=PRODUCT_CATEGORY('','');
#12125=PRODUCT_CATEGORY('','');
#12126=PRODUCT_CATEGORY('','');
#12127=PRODUCT_CATEGORY('','');
#12128=PRODUCT_CATEGORY('','');
#12129=PRODUCT_CATEGORY('','');
#12130=PRODUCT_CATEGORY('','');
#12131=PRODUCT_CATEGORY('','');
#12132=PRODUCT_CATEGORY('','');
#12133=PRODUCT_CATEGORY('','');
#12134=PRODUCT_CONTEXT('',#12272,'mechanical');
#12135=PRODUCT_CONTEXT('',#12273,'mechanical');
#12136=PRODUCT_CONTEXT('',#12274,'mechanical');
#12137=PRODUCT_CONTEXT('',#12275,'mechanical');
#12138=PRODUCT_CONTEXT('',#12276,'mechanical');
#12139=PRODUCT_CONTEXT('',#12277,'mechanical');
#12140=PRODUCT_CONTEXT('',#12278,'mechanical');
#12141=PRODUCT_CONTEXT('',#12279,'mechanical');
#12142=PRODUCT_CONTEXT('',#12280,'mechanical');
#12143=PRODUCT_CONTEXT('',#12281,'mechanical');
#12144=PRODUCT_CONTEXT('',#12282,'mechanical');
#12145=PRODUCT_CONTEXT('',#12283,'mechanical');
#12146=PRODUCT_CONTEXT('',#12284,'mechanical');
#12147=PRODUCT_CONTEXT('',#12285,'mechanical');
#12148=PRODUCT_CONTEXT('',#12286,'mechanical');
#12149=PRODUCT_CONTEXT('',#12287,'mechanical');
#12150=PRODUCT_CONTEXT('',#12288,'mechanical');
#12151=PRODUCT_CONTEXT('',#12289,'mechanical');
#12152=PRODUCT_CONTEXT('',#12290,'mechanical');
#12153=PRODUCT_CONTEXT('',#12291,'mechanical');
#12154=PRODUCT_CONTEXT('',#12292,'mechanical');
#12155=PRODUCT_CONTEXT('',#12293,'mechanical');
#12156=PRODUCT_CONTEXT('',#12294,'mechanical');
#12157=PRODUCT_CONTEXT('',#12295,'mechanical');
#12158=PRODUCT_CONTEXT('',#12296,'mechanical');
#12159=PRODUCT_CONTEXT('',#12297,'mechanical');
#12160=PRODUCT_CONTEXT('',#12298,'mechanical');
#12161=PRODUCT_CONTEXT('',#12299,'mechanical');
#12162=PRODUCT_CONTEXT('',#12300,'mechanical');
#12163=PRODUCT_CONTEXT('',#12301,'mechanical');
#12164=PRODUCT_CONTEXT('',#12302,'mechanical');
#12165=PRODUCT_CONTEXT('',#12303,'mechanical');
#12166=PRODUCT_CONTEXT('',#12304,'mechanical');
#12167=PRODUCT_CONTEXT('',#12305,'mechanical');
#12168=PRODUCT_CONTEXT('',#12306,'mechanical');
#12169=PRODUCT_CONTEXT('',#12307,'mechanical');
#12170=PRODUCT_CONTEXT('',#12308,'mechanical');
#12171=PRODUCT_CONTEXT('',#12309,'mechanical');
#12172=PRODUCT_CONTEXT('',#12310,'mechanical');
#12173=PRODUCT_CONTEXT('',#12311,'mechanical');
#12174=PRODUCT_CONTEXT('',#12312,'mechanical');
#12175=PRODUCT_CONTEXT('',#12313,'mechanical');
#12176=PRODUCT_CONTEXT('',#12314,'mechanical');
#12177=PRODUCT_CONTEXT('',#12315,'mechanical');
#12178=PRODUCT_CONTEXT('',#12316,'mechanical');
#12179=PRODUCT_CONTEXT('',#12317,'mechanical');
#12180=PRODUCT_CONTEXT('',#12318,'mechanical');
#12181=PRODUCT_CONTEXT('',#12319,'mechanical');
#12182=PRODUCT_CONTEXT('',#12320,'mechanical');
#12183=PRODUCT_CONTEXT('',#12321,'mechanical');
#12184=PRODUCT_CONTEXT('',#12322,'mechanical');
#12185=PRODUCT_CONTEXT('',#12323,'mechanical');
#12186=PRODUCT_CONTEXT('',#12324,'mechanical');
#12187=PRODUCT_CONTEXT('',#12325,'mechanical');
#12188=PRODUCT_CONTEXT('',#12326,'mechanical');
#12189=PRODUCT_CONTEXT('',#12327,'mechanical');
#12190=PRODUCT_CONTEXT('',#12328,'mechanical');
#12191=PRODUCT_CONTEXT('',#12329,'mechanical');
#12192=PRODUCT_CONTEXT('',#12330,'mechanical');
#12193=PRODUCT_CONTEXT('',#12331,'mechanical');
#12194=PRODUCT_CONTEXT('',#12332,'mechanical');
#12195=PRODUCT_CONTEXT('',#12333,'mechanical');
#12196=PRODUCT_CONTEXT('',#12334,'mechanical');
#12197=PRODUCT_CONTEXT('',#12335,'mechanical');
#12198=PRODUCT_CONTEXT('',#12336,'mechanical');
#12199=PRODUCT_CONTEXT('',#12337,'mechanical');
#12200=PRODUCT_CONTEXT('',#12338,'mechanical');
#12201=PRODUCT_CONTEXT('',#12339,'mechanical');
#12202=PRODUCT_CONTEXT('',#12340,'mechanical');
#12203=APPLICATION_PROTOCOL_DEFINITION('international standard',
'ap242_managed_model_based_3d_engineering',2011,#12272);
#12204=APPLICATION_PROTOCOL_DEFINITION('international standard',
'ap242_managed_model_based_3d_engineering',2011,#12273);
#12205=APPLICATION_PROTOCOL_DEFINITION('international standard',
'ap242_managed_model_based_3d_engineering',2011,#12274);
#12206=APPLICATION_PROTOCOL_DEFINITION('international standard',
'ap242_managed_model_based_3d_engineering',2011,#12275);
#12207=APPLICATION_PROTOCOL_DEFINITION('international standard',
'ap242_managed_model_based_3d_engineering',2011,#12276);
#12208=APPLICATION_PROTOCOL_DEFINITION('international standard',
'ap242_managed_model_based_3d_engineering',2011,#12277);
#12209=APPLICATION_PROTOCOL_DEFINITION('international standard',
'ap242_managed_model_based_3d_engineering',2011,#12278);
#12210=APPLICATION_PROTOCOL_DEFINITION('international standard',
'ap242_managed_model_based_3d_engineering',2011,#12279);
#12211=APPLICATION_PROTOCOL_DEFINITION('international standard',
'ap242_managed_model_based_3d_engineering',2011,#12280);
#12212=APPLICATION_PROTOCOL_DEFINITION('international standard',
'ap242_managed_model_based_3d_engineering',2011,#12281);
#12213=APPLICATION_PROTOCOL_DEFINITION('international standard',
'ap242_managed_model_based_3d_engineering',2011,#12282);
#12214=APPLICATION_PROTOCOL_DEFINITION('international standard',
'ap242_managed_model_based_3d_engineering',2011,#12283);
#12215=APPLICATION_PROTOCOL_DEFINITION('international standard',
'ap242_managed_model_based_3d_engineering',2011,#12284);
#12216=APPLICATION_PROTOCOL_DEFINITION('international standard',
'ap242_managed_model_based_3d_engineering',2011,#12285);
#12217=APPLICATION_PROTOCOL_DEFINITION('international standard',
'ap242_managed_model_based_3d_engineering',2011,#12286);
#12218=APPLICATION_PROTOCOL_DEFINITION('international standard',
'ap242_managed_model_based_3d_engineering',2011,#12287);
#12219=APPLICATION_PROTOCOL_DEFINITION('international standard',
'ap242_managed_model_based_3d_engineering',2011,#12288);
#12220=APPLICATION_PROTOCOL_DEFINITION('international standard',
'ap242_managed_model_based_3d_engineering',2011,#12289);
#12221=APPLICATION_PROTOCOL_DEFINITION('international standard',
'ap242_managed_model_based_3d_engineering',2011,#12290);
#12222=APPLICATION_PROTOCOL_DEFINITION('international standard',
'ap242_managed_model_based_3d_engineering',2011,#12291);
#12223=APPLICATION_PROTOCOL_DEFINITION('international standard',
'ap242_managed_model_based_3d_engineering',2011,#12292);
#12224=APPLICATION_PROTOCOL_DEFINITION('international standard',
'ap242_managed_model_based_3d_engineering',2011,#12293);
#12225=APPLICATION_PROTOCOL_DEFINITION('international standard',
'ap242_managed_model_based_3d_engineering',2011,#12294);
#12226=APPLICATION_PROTOCOL_DEFINITION('international standard',
'ap242_managed_model_based_3d_engineering',2011,#12295);
#12227=APPLICATION_PROTOCOL_DEFINITION('international standard',
'ap242_managed_model_based_3d_engineering',2011,#12296);
#12228=APPLICATION_PROTOCOL_DEFINITION('international standard',
'ap242_managed_model_based_3d_engineering',2011,#12297);
#12229=APPLICATION_PROTOCOL_DEFINITION('international standard',
'ap242_managed_model_based_3d_engineering',2011,#12298);
#12230=APPLICATION_PROTOCOL_DEFINITION('international standard',
'ap242_managed_model_based_3d_engineering',2011,#12299);
#12231=APPLICATION_PROTOCOL_DEFINITION('international standard',
'ap242_managed_model_based_3d_engineering',2011,#12300);
#12232=APPLICATION_PROTOCOL_DEFINITION('international standard',
'ap242_managed_model_based_3d_engineering',2011,#12301);
#12233=APPLICATION_PROTOCOL_DEFINITION('international standard',
'ap242_managed_model_based_3d_engineering',2011,#12302);
#12234=APPLICATION_PROTOCOL_DEFINITION('international standard',
'ap242_managed_model_based_3d_engineering',2011,#12303);
#12235=APPLICATION_PROTOCOL_DEFINITION('international standard',
'ap242_managed_model_based_3d_engineering',2011,#12304);
#12236=APPLICATION_PROTOCOL_DEFINITION('international standard',
'ap242_managed_model_based_3d_engineering',2011,#12305);
#12237=APPLICATION_PROTOCOL_DEFINITION('international standard',
'ap242_managed_model_based_3d_engineering',2011,#12306);
#12238=APPLICATION_PROTOCOL_DEFINITION('international standard',
'ap242_managed_model_based_3d_engineering',2011,#12307);
#12239=APPLICATION_PROTOCOL_DEFINITION('international standard',
'ap242_managed_model_based_3d_engineering',2011,#12308);
#12240=APPLICATION_PROTOCOL_DEFINITION('international standard',
'ap242_managed_model_based_3d_engineering',2011,#12309);
#12241=APPLICATION_PROTOCOL_DEFINITION('international standard',
'ap242_managed_model_based_3d_engineering',2011,#12310);
#12242=APPLICATION_PROTOCOL_DEFINITION('international standard',
'ap242_managed_model_based_3d_engineering',2011,#12311);
#12243=APPLICATION_PROTOCOL_DEFINITION('international standard',
'ap242_managed_model_based_3d_engineering',2011,#12312);
#12244=APPLICATION_PROTOCOL_DEFINITION('international standard',
'ap242_managed_model_based_3d_engineering',2011,#12313);
#12245=APPLICATION_PROTOCOL_DEFINITION('international standard',
'ap242_managed_model_based_3d_engineering',2011,#12314);
#12246=APPLICATION_PROTOCOL_DEFINITION('international standard',
'ap242_managed_model_based_3d_engineering',2011,#12315);
#12247=APPLICATION_PROTOCOL_DEFINITION('international standard',
'ap242_managed_model_based_3d_engineering',2011,#12316);
#12248=APPLICATION_PROTOCOL_DEFINITION('international standard',
'ap242_managed_model_based_3d_engineering',2011,#12317);
#12249=APPLICATION_PROTOCOL_DEFINITION('international standard',
'ap242_managed_model_based_3d_engineering',2011,#12318);
#12250=APPLICATION_PROTOCOL_DEFINITION('international standard',
'ap242_managed_model_based_3d_engineering',2011,#12319);
#12251=APPLICATION_PROTOCOL_DEFINITION('international standard',
'ap242_managed_model_based_3d_engineering',2011,#12320);
#12252=APPLICATION_PROTOCOL_DEFINITION('international standard',
'ap242_managed_model_based_3d_engineering',2011,#12321);
#12253=APPLICATION_PROTOCOL_DEFINITION('international standard',
'ap242_managed_model_based_3d_engineering',2011,#12322);
#12254=APPLICATION_PROTOCOL_DEFINITION('international standard',
'ap242_managed_model_based_3d_engineering',2011,#12323);
#12255=APPLICATION_PROTOCOL_DEFINITION('international standard',
'ap242_managed_model_based_3d_engineering',2011,#12324);
#12256=APPLICATION_PROTOCOL_DEFINITION('international standard',
'ap242_managed_model_based_3d_engineering',2011,#12325);
#12257=APPLICATION_PROTOCOL_DEFINITION('international standard',
'ap242_managed_model_based_3d_engineering',2011,#12326);
#12258=APPLICATION_PROTOCOL_DEFINITION('international standard',
'ap242_managed_model_based_3d_engineering',2011,#12327);
#12259=APPLICATION_PROTOCOL_DEFINITION('international standard',
'ap242_managed_model_based_3d_engineering',2011,#12328);
#12260=APPLICATION_PROTOCOL_DEFINITION('international standard',
'ap242_managed_model_based_3d_engineering',2011,#12329);
#12261=APPLICATION_PROTOCOL_DEFINITION('international standard',
'ap242_managed_model_based_3d_engineering',2011,#12330);
#12262=APPLICATION_PROTOCOL_DEFINITION('international standard',
'ap242_managed_model_based_3d_engineering',2011,#12331);
#12263=APPLICATION_PROTOCOL_DEFINITION('international standard',
'ap242_managed_model_based_3d_engineering',2011,#12332);
#12264=APPLICATION_PROTOCOL_DEFINITION('international standard',
'ap242_managed_model_based_3d_engineering',2011,#12333);
#12265=APPLICATION_PROTOCOL_DEFINITION('international standard',
'ap242_managed_model_based_3d_engineering',2011,#12334);
#12266=APPLICATION_PROTOCOL_DEFINITION('international standard',
'ap242_managed_model_based_3d_engineering',2011,#12335);
#12267=APPLICATION_PROTOCOL_DEFINITION('international standard',
'ap242_managed_model_based_3d_engineering',2011,#12336);
#12268=APPLICATION_PROTOCOL_DEFINITION('international standard',
'ap242_managed_model_based_3d_engineering',2011,#12337);
#12269=APPLICATION_PROTOCOL_DEFINITION('international standard',
'ap242_managed_model_based_3d_engineering',2011,#12338);
#12270=APPLICATION_PROTOCOL_DEFINITION('international standard',
'ap242_managed_model_based_3d_engineering',2011,#12339);
#12271=APPLICATION_PROTOCOL_DEFINITION('international standard',
'ap242_managed_model_based_3d_engineering',2011,#12340);
#12272=APPLICATION_CONTEXT('managed model based 3d engineering');
#12273=APPLICATION_CONTEXT('managed model based 3d engineering');
#12274=APPLICATION_CONTEXT('managed model based 3d engineering');
#12275=APPLICATION_CONTEXT('managed model based 3d engineering');
#12276=APPLICATION_CONTEXT('managed model based 3d engineering');
#12277=APPLICATION_CONTEXT('managed model based 3d engineering');
#12278=APPLICATION_CONTEXT('managed model based 3d engineering');
#12279=APPLICATION_CONTEXT('managed model based 3d engineering');
#12280=APPLICATION_CONTEXT('managed model based 3d engineering');
#12281=APPLICATION_CONTEXT('managed model based 3d engineering');
#12282=APPLICATION_CONTEXT('managed model based 3d engineering');
#12283=APPLICATION_CONTEXT('managed model based 3d engineering');
#12284=APPLICATION_CONTEXT('managed model based 3d engineering');
#12285=APPLICATION_CONTEXT('managed model based 3d engineering');
#12286=APPLICATION_CONTEXT('managed model based 3d engineering');
#12287=APPLICATION_CONTEXT('managed model based 3d engineering');
#12288=APPLICATION_CONTEXT('managed model based 3d engineering');
#12289=APPLICATION_CONTEXT('managed model based 3d engineering');
#12290=APPLICATION_CONTEXT('managed model based 3d engineering');
#12291=APPLICATION_CONTEXT('managed model based 3d engineering');
#12292=APPLICATION_CONTEXT('managed model based 3d engineering');
#12293=APPLICATION_CONTEXT('managed model based 3d engineering');
#12294=APPLICATION_CONTEXT('managed model based 3d engineering');
#12295=APPLICATION_CONTEXT('managed model based 3d engineering');
#12296=APPLICATION_CONTEXT('managed model based 3d engineering');
#12297=APPLICATION_CONTEXT('managed model based 3d engineering');
#12298=APPLICATION_CONTEXT('managed model based 3d engineering');
#12299=APPLICATION_CONTEXT('managed model based 3d engineering');
#12300=APPLICATION_CONTEXT('managed model based 3d engineering');
#12301=APPLICATION_CONTEXT('managed model based 3d engineering');
#12302=APPLICATION_CONTEXT('managed model based 3d engineering');
#12303=APPLICATION_CONTEXT('managed model based 3d engineering');
#12304=APPLICATION_CONTEXT('managed model based 3d engineering');
#12305=APPLICATION_CONTEXT('managed model based 3d engineering');
#12306=APPLICATION_CONTEXT('managed model based 3d engineering');
#12307=APPLICATION_CONTEXT('managed model based 3d engineering');
#12308=APPLICATION_CONTEXT('managed model based 3d engineering');
#12309=APPLICATION_CONTEXT('managed model based 3d engineering');
#12310=APPLICATION_CONTEXT('managed model based 3d engineering');
#12311=APPLICATION_CONTEXT('managed model based 3d engineering');
#12312=APPLICATION_CONTEXT('managed model based 3d engineering');
#12313=APPLICATION_CONTEXT('managed model based 3d engineering');
#12314=APPLICATION_CONTEXT('managed model based 3d engineering');
#12315=APPLICATION_CONTEXT('managed model based 3d engineering');
#12316=APPLICATION_CONTEXT('managed model based 3d engineering');
#12317=APPLICATION_CONTEXT('managed model based 3d engineering');
#12318=APPLICATION_CONTEXT('managed model based 3d engineering');
#12319=APPLICATION_CONTEXT('managed model based 3d engineering');
#12320=APPLICATION_CONTEXT('managed model based 3d engineering');
#12321=APPLICATION_CONTEXT('managed model based 3d engineering');
#12322=APPLICATION_CONTEXT('managed model based 3d engineering');
#12323=APPLICATION_CONTEXT('managed model based 3d engineering');
#12324=APPLICATION_CONTEXT('managed model based 3d engineering');
#12325=APPLICATION_CONTEXT('managed model based 3d engineering');
#12326=APPLICATION_CONTEXT('managed model based 3d engineering');
#12327=APPLICATION_CONTEXT('managed model based 3d engineering');
#12328=APPLICATION_CONTEXT('managed model based 3d engineering');
#12329=APPLICATION_CONTEXT('managed model based 3d engineering');
#12330=APPLICATION_CONTEXT('managed model based 3d engineering');
#12331=APPLICATION_CONTEXT('managed model based 3d engineering');
#12332=APPLICATION_CONTEXT('managed model based 3d engineering');
#12333=APPLICATION_CONTEXT('managed model based 3d engineering');
#12334=APPLICATION_CONTEXT('managed model based 3d engineering');
#12335=APPLICATION_CONTEXT('managed model based 3d engineering');
#12336=APPLICATION_CONTEXT('managed model based 3d engineering');
#12337=APPLICATION_CONTEXT('managed model based 3d engineering');
#12338=APPLICATION_CONTEXT('managed model based 3d engineering');
#12339=APPLICATION_CONTEXT('managed model based 3d engineering');
#12340=APPLICATION_CONTEXT('managed model based 3d engineering');
ENDSEC;
END-ISO-10303-21;
