ISO-10303-21;
HEADER;
/* Generated by software containing ST-Developer
 * from STEP Tools, Inc. (www.steptools.com) 
 */
/* OPTION: using custom renumber hook */

FILE_DESCRIPTION(
/* description */ ('STEP AP242',
'CAx-IF Rec.Pracs.---Representation and Presentation of Product Manufa
cturing Information (PMI)---4.0---2014-10-13',
'CAx-IF Rec.Pracs.---3D Tessellated Geometry---0.4---2014-09-14','2;1'),

/* implementation_level */ '2;1');

FILE_NAME(
/* name */ '6755b2ef8055c03cd76d61b5',
/* time_stamp */ '2024-12-08T14:53:36Z',
/* author */ (''),
/* organization */ (''),
/* preprocessor_version */ 'ST-DEVELOPER v20',
/* originating_system */ 'ONSHAPE BY PTC INC, 1.190',
/* authorisation */ '  ');

FILE_SCHEMA (('AP242_MANAGED_MODEL_BASED_3D_ENGINEERING_MIM_LF { 1 0 10303 442 1 1 4 }'));
ENDSEC;

DATA;
#10=ELLIPSE('',#2298,0.0141421356237309,0.01);
#11=CYLINDRICAL_SURFACE('',#2297,0.01);
#12=CYLINDRICAL_SURFACE('',#2301,0.01);
#13=CYLINDRICAL_SURFACE('',#2304,0.0045);
#14=CYLINDRICAL_SURFACE('',#2307,0.0045);
#15=CYLINDRICAL_SURFACE('',#2310,0.0045);
#16=CYLINDRICAL_SURFACE('',#2412,0.007);
#17=CYLINDRICAL_SURFACE('',#2418,0.007);
#18=CYLINDRICAL_SURFACE('',#2424,0.007);
#19=CYLINDRICAL_SURFACE('',#2430,0.007);
#20=CYLINDRICAL_SURFACE('',#2436,0.007);
#21=CYLINDRICAL_SURFACE('',#2442,0.0045);
#22=CYLINDRICAL_SURFACE('',#2448,0.007);
#23=CYLINDRICAL_SURFACE('',#2454,0.0045);
#24=CYLINDRICAL_SURFACE('',#2460,0.0045);
#25=CIRCLE('',#2289,0.0045);
#26=CIRCLE('',#2290,0.0045);
#27=CIRCLE('',#2291,0.0045);
#28=CIRCLE('',#2292,0.01);
#29=CIRCLE('',#2296,0.01);
#30=CIRCLE('',#2305,0.0045);
#31=CIRCLE('',#2308,0.0045);
#32=CIRCLE('',#2311,0.0045);
#33=CIRCLE('',#2413,0.007);
#34=CIRCLE('',#2414,0.007);
#35=CIRCLE('',#2419,0.007);
#36=CIRCLE('',#2420,0.007);
#37=CIRCLE('',#2425,0.007);
#38=CIRCLE('',#2426,0.007);
#39=CIRCLE('',#2431,0.007);
#40=CIRCLE('',#2432,0.007);
#41=CIRCLE('',#2437,0.007);
#42=CIRCLE('',#2438,0.007);
#43=CIRCLE('',#2443,0.0045);
#44=CIRCLE('',#2444,0.0045);
#45=CIRCLE('',#2449,0.007);
#46=CIRCLE('',#2450,0.007);
#47=CIRCLE('',#2455,0.0045);
#48=CIRCLE('',#2456,0.0045);
#49=CIRCLE('',#2461,0.0045);
#50=CIRCLE('',#2462,0.0045);
#51=COLOUR_RGB('',0.917647058823529,0.917647058823529,0.917647058823529);
#52=COLOUR_RGB('',0.529411764705882,0.568627450980392,0.6);
#53=COLOUR_RGB('',0.43921568627451,0.474509803921569,0.501960784313726);
#54=SHAPE_REPRESENTATION_RELATIONSHIP('','',#2247,#80);
#55=SHAPE_REPRESENTATION_RELATIONSHIP('','',#2248,#81);
#56=SHAPE_REPRESENTATION_RELATIONSHIP('','',#2249,#82);
#57=SHAPE_REPRESENTATION_RELATIONSHIP('','',#2250,#83);
#58=SHAPE_REPRESENTATION_RELATIONSHIP('','',#2251,#84);
#59=SHAPE_REPRESENTATION_RELATIONSHIP('','',#2252,#85);
#60=SHAPE_REPRESENTATION_RELATIONSHIP('','',#2253,#86);
#61=SHAPE_REPRESENTATION_RELATIONSHIP('','',#2254,#87);
#62=SHAPE_REPRESENTATION_RELATIONSHIP('','',#2255,#88);
#63=SHAPE_REPRESENTATION_RELATIONSHIP('','',#2256,#89);
#64=SHAPE_REPRESENTATION_RELATIONSHIP('','',#2257,#90);
#65=SHAPE_REPRESENTATION_RELATIONSHIP('','',#2258,#91);
#66=SHAPE_REPRESENTATION_RELATIONSHIP('','',#2259,#92);
#67=SHAPE_REPRESENTATION_RELATIONSHIP('','',#2260,#93);
#68=SHAPE_REPRESENTATION_RELATIONSHIP('','',#2261,#94);
#69=SHAPE_REPRESENTATION_RELATIONSHIP('','',#2262,#95);
#70=SHAPE_REPRESENTATION_RELATIONSHIP('','',#2263,#96);
#71=SHAPE_REPRESENTATION_RELATIONSHIP('','',#2264,#97);
#72=SHAPE_REPRESENTATION_RELATIONSHIP('','',#2265,#98);
#73=SHAPE_REPRESENTATION_RELATIONSHIP('','',#2266,#99);
#74=SHAPE_REPRESENTATION_RELATIONSHIP('','',#2267,#100);
#75=SHAPE_REPRESENTATION_RELATIONSHIP('','',#2268,#101);
#76=SHAPE_REPRESENTATION_RELATIONSHIP('','',#2269,#102);
#77=SHAPE_REPRESENTATION_RELATIONSHIP('','',#2270,#103);
#78=SHAPE_REPRESENTATION_RELATIONSHIP('','',#2271,#104);
#79=SHAPE_REPRESENTATION_RELATIONSHIP('','',#2272,#105);
#80=ADVANCED_BREP_SHAPE_REPRESENTATION('',(#2195),#3658);
#81=ADVANCED_BREP_SHAPE_REPRESENTATION('',(#2196),#3659);
#82=ADVANCED_BREP_SHAPE_REPRESENTATION('',(#2197),#3660);
#83=ADVANCED_BREP_SHAPE_REPRESENTATION('',(#2198),#3661);
#84=ADVANCED_BREP_SHAPE_REPRESENTATION('',(#2199),#3662);
#85=ADVANCED_BREP_SHAPE_REPRESENTATION('',(#2200),#3663);
#86=ADVANCED_BREP_SHAPE_REPRESENTATION('',(#2201),#3664);
#87=ADVANCED_BREP_SHAPE_REPRESENTATION('',(#2202),#3665);
#88=ADVANCED_BREP_SHAPE_REPRESENTATION('',(#2203),#3666);
#89=ADVANCED_BREP_SHAPE_REPRESENTATION('',(#2204),#3667);
#90=ADVANCED_BREP_SHAPE_REPRESENTATION('',(#2205),#3668);
#91=ADVANCED_BREP_SHAPE_REPRESENTATION('',(#2206),#3669);
#92=ADVANCED_BREP_SHAPE_REPRESENTATION('',(#2207),#3670);
#93=ADVANCED_BREP_SHAPE_REPRESENTATION('',(#2208),#3671);
#94=ADVANCED_BREP_SHAPE_REPRESENTATION('',(#2209),#3672);
#95=ADVANCED_BREP_SHAPE_REPRESENTATION('',(#2210),#3673);
#96=ADVANCED_BREP_SHAPE_REPRESENTATION('',(#2211),#3674);
#97=ADVANCED_BREP_SHAPE_REPRESENTATION('',(#2212),#3675);
#98=ADVANCED_BREP_SHAPE_REPRESENTATION('',(#2213),#3676);
#99=ADVANCED_BREP_SHAPE_REPRESENTATION('',(#2214),#3677);
#100=ADVANCED_BREP_SHAPE_REPRESENTATION('',(#2215),#3678);
#101=ADVANCED_BREP_SHAPE_REPRESENTATION('',(#2216),#3679);
#102=ADVANCED_BREP_SHAPE_REPRESENTATION('',(#2217),#3680);
#103=ADVANCED_BREP_SHAPE_REPRESENTATION('',(#2218),#3681);
#104=ADVANCED_BREP_SHAPE_REPRESENTATION('',(#2219),#3682);
#105=ADVANCED_BREP_SHAPE_REPRESENTATION('',(#2220),#3683);
#106=ORIENTED_EDGE('',*,*,#584,.F.);
#107=ORIENTED_EDGE('',*,*,#585,.F.);
#108=ORIENTED_EDGE('',*,*,#586,.T.);
#109=ORIENTED_EDGE('',*,*,#587,.T.);
#110=ORIENTED_EDGE('',*,*,#588,.T.);
#111=ORIENTED_EDGE('',*,*,#589,.F.);
#112=ORIENTED_EDGE('',*,*,#590,.F.);
#113=ORIENTED_EDGE('',*,*,#585,.T.);
#114=ORIENTED_EDGE('',*,*,#591,.T.);
#115=ORIENTED_EDGE('',*,*,#592,.F.);
#116=ORIENTED_EDGE('',*,*,#593,.F.);
#117=ORIENTED_EDGE('',*,*,#589,.T.);
#118=ORIENTED_EDGE('',*,*,#594,.F.);
#119=ORIENTED_EDGE('',*,*,#587,.F.);
#120=ORIENTED_EDGE('',*,*,#595,.T.);
#121=ORIENTED_EDGE('',*,*,#592,.T.);
#122=ORIENTED_EDGE('',*,*,#584,.T.);
#123=ORIENTED_EDGE('',*,*,#594,.T.);
#124=ORIENTED_EDGE('',*,*,#591,.F.);
#125=ORIENTED_EDGE('',*,*,#588,.F.);
#126=ORIENTED_EDGE('',*,*,#586,.F.);
#127=ORIENTED_EDGE('',*,*,#590,.T.);
#128=ORIENTED_EDGE('',*,*,#593,.T.);
#129=ORIENTED_EDGE('',*,*,#595,.F.);
#130=ORIENTED_EDGE('',*,*,#596,.F.);
#131=ORIENTED_EDGE('',*,*,#597,.F.);
#132=ORIENTED_EDGE('',*,*,#598,.T.);
#133=ORIENTED_EDGE('',*,*,#599,.T.);
#134=ORIENTED_EDGE('',*,*,#600,.T.);
#135=ORIENTED_EDGE('',*,*,#601,.F.);
#136=ORIENTED_EDGE('',*,*,#602,.F.);
#137=ORIENTED_EDGE('',*,*,#597,.T.);
#138=ORIENTED_EDGE('',*,*,#603,.T.);
#139=ORIENTED_EDGE('',*,*,#604,.F.);
#140=ORIENTED_EDGE('',*,*,#605,.F.);
#141=ORIENTED_EDGE('',*,*,#601,.T.);
#142=ORIENTED_EDGE('',*,*,#606,.F.);
#143=ORIENTED_EDGE('',*,*,#599,.F.);
#144=ORIENTED_EDGE('',*,*,#607,.T.);
#145=ORIENTED_EDGE('',*,*,#604,.T.);
#146=ORIENTED_EDGE('',*,*,#596,.T.);
#147=ORIENTED_EDGE('',*,*,#606,.T.);
#148=ORIENTED_EDGE('',*,*,#603,.F.);
#149=ORIENTED_EDGE('',*,*,#600,.F.);
#150=ORIENTED_EDGE('',*,*,#598,.F.);
#151=ORIENTED_EDGE('',*,*,#602,.T.);
#152=ORIENTED_EDGE('',*,*,#605,.T.);
#153=ORIENTED_EDGE('',*,*,#607,.F.);
#154=ORIENTED_EDGE('',*,*,#608,.T.);
#155=ORIENTED_EDGE('',*,*,#609,.T.);
#156=ORIENTED_EDGE('',*,*,#610,.T.);
#157=ORIENTED_EDGE('',*,*,#611,.F.);
#158=ORIENTED_EDGE('',*,*,#612,.F.);
#159=ORIENTED_EDGE('',*,*,#613,.F.);
#160=ORIENTED_EDGE('',*,*,#614,.T.);
#161=ORIENTED_EDGE('',*,*,#615,.T.);
#162=ORIENTED_EDGE('',*,*,#616,.F.);
#163=ORIENTED_EDGE('',*,*,#617,.T.);
#164=ORIENTED_EDGE('',*,*,#618,.T.);
#165=ORIENTED_EDGE('',*,*,#619,.T.);
#166=ORIENTED_EDGE('',*,*,#620,.T.);
#167=ORIENTED_EDGE('',*,*,#621,.T.);
#168=ORIENTED_EDGE('',*,*,#622,.F.);
#169=ORIENTED_EDGE('',*,*,#623,.F.);
#170=ORIENTED_EDGE('',*,*,#624,.F.);
#171=ORIENTED_EDGE('',*,*,#621,.F.);
#172=ORIENTED_EDGE('',*,*,#625,.T.);
#173=ORIENTED_EDGE('',*,*,#626,.F.);
#174=ORIENTED_EDGE('',*,*,#616,.T.);
#175=ORIENTED_EDGE('',*,*,#617,.F.);
#176=ORIENTED_EDGE('',*,*,#626,.T.);
#177=ORIENTED_EDGE('',*,*,#627,.F.);
#178=ORIENTED_EDGE('',*,*,#628,.T.);
#179=ORIENTED_EDGE('',*,*,#629,.T.);
#180=ORIENTED_EDGE('',*,*,#611,.T.);
#181=ORIENTED_EDGE('',*,*,#630,.F.);
#182=ORIENTED_EDGE('',*,*,#622,.T.);
#183=ORIENTED_EDGE('',*,*,#624,.T.);
#184=ORIENTED_EDGE('',*,*,#619,.F.);
#185=ORIENTED_EDGE('',*,*,#614,.F.);
#186=ORIENTED_EDGE('',*,*,#631,.T.);
#187=ORIENTED_EDGE('',*,*,#627,.T.);
#188=ORIENTED_EDGE('',*,*,#625,.F.);
#189=ORIENTED_EDGE('',*,*,#620,.F.);
#190=ORIENTED_EDGE('',*,*,#632,.T.);
#191=ORIENTED_EDGE('',*,*,#631,.F.);
#192=ORIENTED_EDGE('',*,*,#613,.T.);
#193=ORIENTED_EDGE('',*,*,#633,.F.);
#194=ORIENTED_EDGE('',*,*,#628,.F.);
#195=ORIENTED_EDGE('',*,*,#615,.F.);
#196=ORIENTED_EDGE('',*,*,#632,.F.);
#197=ORIENTED_EDGE('',*,*,#623,.T.);
#198=ORIENTED_EDGE('',*,*,#630,.T.);
#199=ORIENTED_EDGE('',*,*,#633,.T.);
#200=ORIENTED_EDGE('',*,*,#612,.T.);
#201=ORIENTED_EDGE('',*,*,#629,.F.);
#202=ORIENTED_EDGE('',*,*,#618,.F.);
#203=ORIENTED_EDGE('',*,*,#610,.F.);
#204=ORIENTED_EDGE('',*,*,#634,.F.);
#205=ORIENTED_EDGE('',*,*,#634,.T.);
#206=ORIENTED_EDGE('',*,*,#609,.F.);
#207=ORIENTED_EDGE('',*,*,#635,.F.);
#208=ORIENTED_EDGE('',*,*,#635,.T.);
#209=ORIENTED_EDGE('',*,*,#608,.F.);
#210=ORIENTED_EDGE('',*,*,#636,.F.);
#211=ORIENTED_EDGE('',*,*,#636,.T.);
#212=ORIENTED_EDGE('',*,*,#637,.F.);
#213=ORIENTED_EDGE('',*,*,#638,.F.);
#214=ORIENTED_EDGE('',*,*,#639,.T.);
#215=ORIENTED_EDGE('',*,*,#640,.T.);
#216=ORIENTED_EDGE('',*,*,#641,.T.);
#217=ORIENTED_EDGE('',*,*,#642,.F.);
#218=ORIENTED_EDGE('',*,*,#643,.F.);
#219=ORIENTED_EDGE('',*,*,#638,.T.);
#220=ORIENTED_EDGE('',*,*,#644,.T.);
#221=ORIENTED_EDGE('',*,*,#645,.F.);
#222=ORIENTED_EDGE('',*,*,#646,.F.);
#223=ORIENTED_EDGE('',*,*,#642,.T.);
#224=ORIENTED_EDGE('',*,*,#647,.F.);
#225=ORIENTED_EDGE('',*,*,#640,.F.);
#226=ORIENTED_EDGE('',*,*,#648,.T.);
#227=ORIENTED_EDGE('',*,*,#645,.T.);
#228=ORIENTED_EDGE('',*,*,#637,.T.);
#229=ORIENTED_EDGE('',*,*,#647,.T.);
#230=ORIENTED_EDGE('',*,*,#644,.F.);
#231=ORIENTED_EDGE('',*,*,#641,.F.);
#232=ORIENTED_EDGE('',*,*,#639,.F.);
#233=ORIENTED_EDGE('',*,*,#643,.T.);
#234=ORIENTED_EDGE('',*,*,#646,.T.);
#235=ORIENTED_EDGE('',*,*,#648,.F.);
#236=ORIENTED_EDGE('',*,*,#649,.F.);
#237=ORIENTED_EDGE('',*,*,#650,.F.);
#238=ORIENTED_EDGE('',*,*,#651,.T.);
#239=ORIENTED_EDGE('',*,*,#652,.T.);
#240=ORIENTED_EDGE('',*,*,#653,.T.);
#241=ORIENTED_EDGE('',*,*,#654,.F.);
#242=ORIENTED_EDGE('',*,*,#655,.F.);
#243=ORIENTED_EDGE('',*,*,#650,.T.);
#244=ORIENTED_EDGE('',*,*,#656,.T.);
#245=ORIENTED_EDGE('',*,*,#657,.F.);
#246=ORIENTED_EDGE('',*,*,#658,.F.);
#247=ORIENTED_EDGE('',*,*,#654,.T.);
#248=ORIENTED_EDGE('',*,*,#659,.F.);
#249=ORIENTED_EDGE('',*,*,#652,.F.);
#250=ORIENTED_EDGE('',*,*,#660,.T.);
#251=ORIENTED_EDGE('',*,*,#657,.T.);
#252=ORIENTED_EDGE('',*,*,#649,.T.);
#253=ORIENTED_EDGE('',*,*,#659,.T.);
#254=ORIENTED_EDGE('',*,*,#656,.F.);
#255=ORIENTED_EDGE('',*,*,#653,.F.);
#256=ORIENTED_EDGE('',*,*,#651,.F.);
#257=ORIENTED_EDGE('',*,*,#655,.T.);
#258=ORIENTED_EDGE('',*,*,#658,.T.);
#259=ORIENTED_EDGE('',*,*,#660,.F.);
#260=ORIENTED_EDGE('',*,*,#661,.F.);
#261=ORIENTED_EDGE('',*,*,#662,.F.);
#262=ORIENTED_EDGE('',*,*,#663,.T.);
#263=ORIENTED_EDGE('',*,*,#664,.T.);
#264=ORIENTED_EDGE('',*,*,#665,.T.);
#265=ORIENTED_EDGE('',*,*,#666,.F.);
#266=ORIENTED_EDGE('',*,*,#667,.F.);
#267=ORIENTED_EDGE('',*,*,#662,.T.);
#268=ORIENTED_EDGE('',*,*,#668,.T.);
#269=ORIENTED_EDGE('',*,*,#669,.F.);
#270=ORIENTED_EDGE('',*,*,#670,.F.);
#271=ORIENTED_EDGE('',*,*,#666,.T.);
#272=ORIENTED_EDGE('',*,*,#671,.F.);
#273=ORIENTED_EDGE('',*,*,#664,.F.);
#274=ORIENTED_EDGE('',*,*,#672,.T.);
#275=ORIENTED_EDGE('',*,*,#669,.T.);
#276=ORIENTED_EDGE('',*,*,#661,.T.);
#277=ORIENTED_EDGE('',*,*,#671,.T.);
#278=ORIENTED_EDGE('',*,*,#668,.F.);
#279=ORIENTED_EDGE('',*,*,#665,.F.);
#280=ORIENTED_EDGE('',*,*,#663,.F.);
#281=ORIENTED_EDGE('',*,*,#667,.T.);
#282=ORIENTED_EDGE('',*,*,#670,.T.);
#283=ORIENTED_EDGE('',*,*,#672,.F.);
#284=ORIENTED_EDGE('',*,*,#673,.F.);
#285=ORIENTED_EDGE('',*,*,#674,.F.);
#286=ORIENTED_EDGE('',*,*,#675,.T.);
#287=ORIENTED_EDGE('',*,*,#676,.T.);
#288=ORIENTED_EDGE('',*,*,#677,.T.);
#289=ORIENTED_EDGE('',*,*,#678,.F.);
#290=ORIENTED_EDGE('',*,*,#679,.F.);
#291=ORIENTED_EDGE('',*,*,#674,.T.);
#292=ORIENTED_EDGE('',*,*,#680,.T.);
#293=ORIENTED_EDGE('',*,*,#681,.F.);
#294=ORIENTED_EDGE('',*,*,#682,.F.);
#295=ORIENTED_EDGE('',*,*,#678,.T.);
#296=ORIENTED_EDGE('',*,*,#683,.F.);
#297=ORIENTED_EDGE('',*,*,#676,.F.);
#298=ORIENTED_EDGE('',*,*,#684,.T.);
#299=ORIENTED_EDGE('',*,*,#681,.T.);
#300=ORIENTED_EDGE('',*,*,#673,.T.);
#301=ORIENTED_EDGE('',*,*,#683,.T.);
#302=ORIENTED_EDGE('',*,*,#680,.F.);
#303=ORIENTED_EDGE('',*,*,#677,.F.);
#304=ORIENTED_EDGE('',*,*,#675,.F.);
#305=ORIENTED_EDGE('',*,*,#679,.T.);
#306=ORIENTED_EDGE('',*,*,#682,.T.);
#307=ORIENTED_EDGE('',*,*,#684,.F.);
#308=ORIENTED_EDGE('',*,*,#685,.F.);
#309=ORIENTED_EDGE('',*,*,#686,.F.);
#310=ORIENTED_EDGE('',*,*,#687,.T.);
#311=ORIENTED_EDGE('',*,*,#688,.T.);
#312=ORIENTED_EDGE('',*,*,#689,.T.);
#313=ORIENTED_EDGE('',*,*,#690,.F.);
#314=ORIENTED_EDGE('',*,*,#691,.F.);
#315=ORIENTED_EDGE('',*,*,#686,.T.);
#316=ORIENTED_EDGE('',*,*,#692,.T.);
#317=ORIENTED_EDGE('',*,*,#693,.F.);
#318=ORIENTED_EDGE('',*,*,#694,.F.);
#319=ORIENTED_EDGE('',*,*,#690,.T.);
#320=ORIENTED_EDGE('',*,*,#695,.F.);
#321=ORIENTED_EDGE('',*,*,#688,.F.);
#322=ORIENTED_EDGE('',*,*,#696,.T.);
#323=ORIENTED_EDGE('',*,*,#693,.T.);
#324=ORIENTED_EDGE('',*,*,#685,.T.);
#325=ORIENTED_EDGE('',*,*,#695,.T.);
#326=ORIENTED_EDGE('',*,*,#692,.F.);
#327=ORIENTED_EDGE('',*,*,#689,.F.);
#328=ORIENTED_EDGE('',*,*,#687,.F.);
#329=ORIENTED_EDGE('',*,*,#691,.T.);
#330=ORIENTED_EDGE('',*,*,#694,.T.);
#331=ORIENTED_EDGE('',*,*,#696,.F.);
#332=ORIENTED_EDGE('',*,*,#697,.F.);
#333=ORIENTED_EDGE('',*,*,#698,.F.);
#334=ORIENTED_EDGE('',*,*,#699,.T.);
#335=ORIENTED_EDGE('',*,*,#700,.T.);
#336=ORIENTED_EDGE('',*,*,#701,.T.);
#337=ORIENTED_EDGE('',*,*,#702,.F.);
#338=ORIENTED_EDGE('',*,*,#703,.F.);
#339=ORIENTED_EDGE('',*,*,#698,.T.);
#340=ORIENTED_EDGE('',*,*,#704,.T.);
#341=ORIENTED_EDGE('',*,*,#705,.F.);
#342=ORIENTED_EDGE('',*,*,#706,.F.);
#343=ORIENTED_EDGE('',*,*,#702,.T.);
#344=ORIENTED_EDGE('',*,*,#707,.F.);
#345=ORIENTED_EDGE('',*,*,#700,.F.);
#346=ORIENTED_EDGE('',*,*,#708,.T.);
#347=ORIENTED_EDGE('',*,*,#705,.T.);
#348=ORIENTED_EDGE('',*,*,#697,.T.);
#349=ORIENTED_EDGE('',*,*,#707,.T.);
#350=ORIENTED_EDGE('',*,*,#704,.F.);
#351=ORIENTED_EDGE('',*,*,#701,.F.);
#352=ORIENTED_EDGE('',*,*,#699,.F.);
#353=ORIENTED_EDGE('',*,*,#703,.T.);
#354=ORIENTED_EDGE('',*,*,#706,.T.);
#355=ORIENTED_EDGE('',*,*,#708,.F.);
#356=ORIENTED_EDGE('',*,*,#709,.F.);
#357=ORIENTED_EDGE('',*,*,#710,.F.);
#358=ORIENTED_EDGE('',*,*,#711,.T.);
#359=ORIENTED_EDGE('',*,*,#712,.T.);
#360=ORIENTED_EDGE('',*,*,#713,.T.);
#361=ORIENTED_EDGE('',*,*,#714,.F.);
#362=ORIENTED_EDGE('',*,*,#715,.F.);
#363=ORIENTED_EDGE('',*,*,#710,.T.);
#364=ORIENTED_EDGE('',*,*,#716,.T.);
#365=ORIENTED_EDGE('',*,*,#717,.F.);
#366=ORIENTED_EDGE('',*,*,#718,.F.);
#367=ORIENTED_EDGE('',*,*,#714,.T.);
#368=ORIENTED_EDGE('',*,*,#719,.F.);
#369=ORIENTED_EDGE('',*,*,#712,.F.);
#370=ORIENTED_EDGE('',*,*,#720,.T.);
#371=ORIENTED_EDGE('',*,*,#717,.T.);
#372=ORIENTED_EDGE('',*,*,#709,.T.);
#373=ORIENTED_EDGE('',*,*,#719,.T.);
#374=ORIENTED_EDGE('',*,*,#716,.F.);
#375=ORIENTED_EDGE('',*,*,#713,.F.);
#376=ORIENTED_EDGE('',*,*,#711,.F.);
#377=ORIENTED_EDGE('',*,*,#715,.T.);
#378=ORIENTED_EDGE('',*,*,#718,.T.);
#379=ORIENTED_EDGE('',*,*,#720,.F.);
#380=ORIENTED_EDGE('',*,*,#721,.F.);
#381=ORIENTED_EDGE('',*,*,#722,.F.);
#382=ORIENTED_EDGE('',*,*,#723,.T.);
#383=ORIENTED_EDGE('',*,*,#724,.T.);
#384=ORIENTED_EDGE('',*,*,#725,.T.);
#385=ORIENTED_EDGE('',*,*,#726,.F.);
#386=ORIENTED_EDGE('',*,*,#727,.F.);
#387=ORIENTED_EDGE('',*,*,#722,.T.);
#388=ORIENTED_EDGE('',*,*,#728,.T.);
#389=ORIENTED_EDGE('',*,*,#729,.F.);
#390=ORIENTED_EDGE('',*,*,#730,.F.);
#391=ORIENTED_EDGE('',*,*,#726,.T.);
#392=ORIENTED_EDGE('',*,*,#731,.F.);
#393=ORIENTED_EDGE('',*,*,#724,.F.);
#394=ORIENTED_EDGE('',*,*,#732,.T.);
#395=ORIENTED_EDGE('',*,*,#729,.T.);
#396=ORIENTED_EDGE('',*,*,#721,.T.);
#397=ORIENTED_EDGE('',*,*,#731,.T.);
#398=ORIENTED_EDGE('',*,*,#728,.F.);
#399=ORIENTED_EDGE('',*,*,#725,.F.);
#400=ORIENTED_EDGE('',*,*,#723,.F.);
#401=ORIENTED_EDGE('',*,*,#727,.T.);
#402=ORIENTED_EDGE('',*,*,#730,.T.);
#403=ORIENTED_EDGE('',*,*,#732,.F.);
#404=ORIENTED_EDGE('',*,*,#733,.F.);
#405=ORIENTED_EDGE('',*,*,#734,.F.);
#406=ORIENTED_EDGE('',*,*,#735,.T.);
#407=ORIENTED_EDGE('',*,*,#736,.T.);
#408=ORIENTED_EDGE('',*,*,#737,.T.);
#409=ORIENTED_EDGE('',*,*,#738,.F.);
#410=ORIENTED_EDGE('',*,*,#739,.F.);
#411=ORIENTED_EDGE('',*,*,#734,.T.);
#412=ORIENTED_EDGE('',*,*,#740,.T.);
#413=ORIENTED_EDGE('',*,*,#741,.F.);
#414=ORIENTED_EDGE('',*,*,#742,.F.);
#415=ORIENTED_EDGE('',*,*,#738,.T.);
#416=ORIENTED_EDGE('',*,*,#743,.F.);
#417=ORIENTED_EDGE('',*,*,#736,.F.);
#418=ORIENTED_EDGE('',*,*,#744,.T.);
#419=ORIENTED_EDGE('',*,*,#741,.T.);
#420=ORIENTED_EDGE('',*,*,#733,.T.);
#421=ORIENTED_EDGE('',*,*,#743,.T.);
#422=ORIENTED_EDGE('',*,*,#740,.F.);
#423=ORIENTED_EDGE('',*,*,#737,.F.);
#424=ORIENTED_EDGE('',*,*,#735,.F.);
#425=ORIENTED_EDGE('',*,*,#739,.T.);
#426=ORIENTED_EDGE('',*,*,#742,.T.);
#427=ORIENTED_EDGE('',*,*,#744,.F.);
#428=ORIENTED_EDGE('',*,*,#745,.F.);
#429=ORIENTED_EDGE('',*,*,#746,.F.);
#430=ORIENTED_EDGE('',*,*,#747,.T.);
#431=ORIENTED_EDGE('',*,*,#748,.T.);
#432=ORIENTED_EDGE('',*,*,#749,.T.);
#433=ORIENTED_EDGE('',*,*,#750,.F.);
#434=ORIENTED_EDGE('',*,*,#751,.F.);
#435=ORIENTED_EDGE('',*,*,#746,.T.);
#436=ORIENTED_EDGE('',*,*,#752,.T.);
#437=ORIENTED_EDGE('',*,*,#753,.F.);
#438=ORIENTED_EDGE('',*,*,#754,.F.);
#439=ORIENTED_EDGE('',*,*,#750,.T.);
#440=ORIENTED_EDGE('',*,*,#755,.F.);
#441=ORIENTED_EDGE('',*,*,#748,.F.);
#442=ORIENTED_EDGE('',*,*,#756,.T.);
#443=ORIENTED_EDGE('',*,*,#753,.T.);
#444=ORIENTED_EDGE('',*,*,#745,.T.);
#445=ORIENTED_EDGE('',*,*,#755,.T.);
#446=ORIENTED_EDGE('',*,*,#752,.F.);
#447=ORIENTED_EDGE('',*,*,#749,.F.);
#448=ORIENTED_EDGE('',*,*,#747,.F.);
#449=ORIENTED_EDGE('',*,*,#751,.T.);
#450=ORIENTED_EDGE('',*,*,#754,.T.);
#451=ORIENTED_EDGE('',*,*,#756,.F.);
#452=ORIENTED_EDGE('',*,*,#757,.F.);
#453=ORIENTED_EDGE('',*,*,#758,.F.);
#454=ORIENTED_EDGE('',*,*,#759,.T.);
#455=ORIENTED_EDGE('',*,*,#760,.T.);
#456=ORIENTED_EDGE('',*,*,#761,.T.);
#457=ORIENTED_EDGE('',*,*,#762,.F.);
#458=ORIENTED_EDGE('',*,*,#763,.F.);
#459=ORIENTED_EDGE('',*,*,#758,.T.);
#460=ORIENTED_EDGE('',*,*,#764,.T.);
#461=ORIENTED_EDGE('',*,*,#765,.F.);
#462=ORIENTED_EDGE('',*,*,#766,.F.);
#463=ORIENTED_EDGE('',*,*,#762,.T.);
#464=ORIENTED_EDGE('',*,*,#767,.F.);
#465=ORIENTED_EDGE('',*,*,#760,.F.);
#466=ORIENTED_EDGE('',*,*,#768,.T.);
#467=ORIENTED_EDGE('',*,*,#765,.T.);
#468=ORIENTED_EDGE('',*,*,#757,.T.);
#469=ORIENTED_EDGE('',*,*,#767,.T.);
#470=ORIENTED_EDGE('',*,*,#764,.F.);
#471=ORIENTED_EDGE('',*,*,#761,.F.);
#472=ORIENTED_EDGE('',*,*,#759,.F.);
#473=ORIENTED_EDGE('',*,*,#763,.T.);
#474=ORIENTED_EDGE('',*,*,#766,.T.);
#475=ORIENTED_EDGE('',*,*,#768,.F.);
#476=ORIENTED_EDGE('',*,*,#769,.F.);
#477=ORIENTED_EDGE('',*,*,#770,.F.);
#478=ORIENTED_EDGE('',*,*,#771,.T.);
#479=ORIENTED_EDGE('',*,*,#772,.T.);
#480=ORIENTED_EDGE('',*,*,#773,.T.);
#481=ORIENTED_EDGE('',*,*,#774,.F.);
#482=ORIENTED_EDGE('',*,*,#775,.F.);
#483=ORIENTED_EDGE('',*,*,#770,.T.);
#484=ORIENTED_EDGE('',*,*,#776,.T.);
#485=ORIENTED_EDGE('',*,*,#777,.F.);
#486=ORIENTED_EDGE('',*,*,#778,.F.);
#487=ORIENTED_EDGE('',*,*,#774,.T.);
#488=ORIENTED_EDGE('',*,*,#779,.F.);
#489=ORIENTED_EDGE('',*,*,#772,.F.);
#490=ORIENTED_EDGE('',*,*,#780,.T.);
#491=ORIENTED_EDGE('',*,*,#777,.T.);
#492=ORIENTED_EDGE('',*,*,#769,.T.);
#493=ORIENTED_EDGE('',*,*,#779,.T.);
#494=ORIENTED_EDGE('',*,*,#776,.F.);
#495=ORIENTED_EDGE('',*,*,#773,.F.);
#496=ORIENTED_EDGE('',*,*,#771,.F.);
#497=ORIENTED_EDGE('',*,*,#775,.T.);
#498=ORIENTED_EDGE('',*,*,#778,.T.);
#499=ORIENTED_EDGE('',*,*,#780,.F.);
#500=ORIENTED_EDGE('',*,*,#781,.F.);
#501=ORIENTED_EDGE('',*,*,#782,.F.);
#502=ORIENTED_EDGE('',*,*,#783,.T.);
#503=ORIENTED_EDGE('',*,*,#784,.T.);
#504=ORIENTED_EDGE('',*,*,#785,.T.);
#505=ORIENTED_EDGE('',*,*,#786,.F.);
#506=ORIENTED_EDGE('',*,*,#787,.F.);
#507=ORIENTED_EDGE('',*,*,#782,.T.);
#508=ORIENTED_EDGE('',*,*,#788,.T.);
#509=ORIENTED_EDGE('',*,*,#789,.F.);
#510=ORIENTED_EDGE('',*,*,#790,.F.);
#511=ORIENTED_EDGE('',*,*,#786,.T.);
#512=ORIENTED_EDGE('',*,*,#791,.F.);
#513=ORIENTED_EDGE('',*,*,#784,.F.);
#514=ORIENTED_EDGE('',*,*,#792,.T.);
#515=ORIENTED_EDGE('',*,*,#789,.T.);
#516=ORIENTED_EDGE('',*,*,#781,.T.);
#517=ORIENTED_EDGE('',*,*,#791,.T.);
#518=ORIENTED_EDGE('',*,*,#788,.F.);
#519=ORIENTED_EDGE('',*,*,#785,.F.);
#520=ORIENTED_EDGE('',*,*,#783,.F.);
#521=ORIENTED_EDGE('',*,*,#787,.T.);
#522=ORIENTED_EDGE('',*,*,#790,.T.);
#523=ORIENTED_EDGE('',*,*,#792,.F.);
#524=ORIENTED_EDGE('',*,*,#793,.F.);
#525=ORIENTED_EDGE('',*,*,#794,.F.);
#526=ORIENTED_EDGE('',*,*,#795,.T.);
#527=ORIENTED_EDGE('',*,*,#796,.T.);
#528=ORIENTED_EDGE('',*,*,#797,.T.);
#529=ORIENTED_EDGE('',*,*,#798,.F.);
#530=ORIENTED_EDGE('',*,*,#799,.F.);
#531=ORIENTED_EDGE('',*,*,#794,.T.);
#532=ORIENTED_EDGE('',*,*,#800,.T.);
#533=ORIENTED_EDGE('',*,*,#801,.F.);
#534=ORIENTED_EDGE('',*,*,#802,.F.);
#535=ORIENTED_EDGE('',*,*,#798,.T.);
#536=ORIENTED_EDGE('',*,*,#803,.F.);
#537=ORIENTED_EDGE('',*,*,#796,.F.);
#538=ORIENTED_EDGE('',*,*,#804,.T.);
#539=ORIENTED_EDGE('',*,*,#801,.T.);
#540=ORIENTED_EDGE('',*,*,#793,.T.);
#541=ORIENTED_EDGE('',*,*,#803,.T.);
#542=ORIENTED_EDGE('',*,*,#800,.F.);
#543=ORIENTED_EDGE('',*,*,#797,.F.);
#544=ORIENTED_EDGE('',*,*,#795,.F.);
#545=ORIENTED_EDGE('',*,*,#799,.T.);
#546=ORIENTED_EDGE('',*,*,#802,.T.);
#547=ORIENTED_EDGE('',*,*,#804,.F.);
#548=ORIENTED_EDGE('',*,*,#805,.F.);
#549=ORIENTED_EDGE('',*,*,#806,.T.);
#550=ORIENTED_EDGE('',*,*,#805,.T.);
#551=ORIENTED_EDGE('',*,*,#806,.F.);
#552=ORIENTED_EDGE('',*,*,#807,.F.);
#553=ORIENTED_EDGE('',*,*,#808,.T.);
#554=ORIENTED_EDGE('',*,*,#807,.T.);
#555=ORIENTED_EDGE('',*,*,#808,.F.);
#556=ORIENTED_EDGE('',*,*,#809,.F.);
#557=ORIENTED_EDGE('',*,*,#810,.T.);
#558=ORIENTED_EDGE('',*,*,#809,.T.);
#559=ORIENTED_EDGE('',*,*,#810,.F.);
#560=ORIENTED_EDGE('',*,*,#811,.F.);
#561=ORIENTED_EDGE('',*,*,#812,.T.);
#562=ORIENTED_EDGE('',*,*,#811,.T.);
#563=ORIENTED_EDGE('',*,*,#812,.F.);
#564=ORIENTED_EDGE('',*,*,#813,.F.);
#565=ORIENTED_EDGE('',*,*,#814,.T.);
#566=ORIENTED_EDGE('',*,*,#813,.T.);
#567=ORIENTED_EDGE('',*,*,#814,.F.);
#568=ORIENTED_EDGE('',*,*,#815,.F.);
#569=ORIENTED_EDGE('',*,*,#816,.T.);
#570=ORIENTED_EDGE('',*,*,#815,.T.);
#571=ORIENTED_EDGE('',*,*,#816,.F.);
#572=ORIENTED_EDGE('',*,*,#817,.F.);
#573=ORIENTED_EDGE('',*,*,#818,.T.);
#574=ORIENTED_EDGE('',*,*,#817,.T.);
#575=ORIENTED_EDGE('',*,*,#818,.F.);
#576=ORIENTED_EDGE('',*,*,#819,.F.);
#577=ORIENTED_EDGE('',*,*,#820,.T.);
#578=ORIENTED_EDGE('',*,*,#819,.T.);
#579=ORIENTED_EDGE('',*,*,#820,.F.);
#580=ORIENTED_EDGE('',*,*,#821,.F.);
#581=ORIENTED_EDGE('',*,*,#822,.T.);
#582=ORIENTED_EDGE('',*,*,#821,.T.);
#583=ORIENTED_EDGE('',*,*,#822,.F.);
#584=EDGE_CURVE('',#823,#824,#990,.T.);
#585=EDGE_CURVE('',#825,#823,#991,.T.);
#586=EDGE_CURVE('',#825,#826,#992,.T.);
#587=EDGE_CURVE('',#826,#824,#993,.T.);
#588=EDGE_CURVE('',#823,#827,#994,.T.);
#589=EDGE_CURVE('',#828,#827,#995,.T.);
#590=EDGE_CURVE('',#825,#828,#996,.F.);
#591=EDGE_CURVE('',#827,#829,#997,.T.);
#592=EDGE_CURVE('',#830,#829,#998,.T.);
#593=EDGE_CURVE('',#828,#830,#999,.T.);
#594=EDGE_CURVE('',#824,#829,#1000,.T.);
#595=EDGE_CURVE('',#826,#830,#1001,.F.);
#596=EDGE_CURVE('',#831,#832,#1002,.T.);
#597=EDGE_CURVE('',#833,#831,#1003,.T.);
#598=EDGE_CURVE('',#833,#834,#1004,.T.);
#599=EDGE_CURVE('',#834,#832,#1005,.T.);
#600=EDGE_CURVE('',#831,#835,#1006,.T.);
#601=EDGE_CURVE('',#836,#835,#1007,.T.);
#602=EDGE_CURVE('',#833,#836,#1008,.F.);
#603=EDGE_CURVE('',#835,#837,#1009,.T.);
#604=EDGE_CURVE('',#838,#837,#1010,.T.);
#605=EDGE_CURVE('',#836,#838,#1011,.T.);
#606=EDGE_CURVE('',#832,#837,#1012,.T.);
#607=EDGE_CURVE('',#834,#838,#1013,.F.);
#608=EDGE_CURVE('',#839,#839,#25,.F.);
#609=EDGE_CURVE('',#840,#840,#26,.F.);
#610=EDGE_CURVE('',#841,#841,#27,.F.);
#611=EDGE_CURVE('',#842,#843,#1014,.T.);
#612=EDGE_CURVE('',#844,#842,#1015,.T.);
#613=EDGE_CURVE('',#845,#844,#28,.F.);
#614=EDGE_CURVE('',#845,#846,#1016,.T.);
#615=EDGE_CURVE('',#846,#843,#1017,.T.);
#616=EDGE_CURVE('',#847,#848,#1018,.T.);
#617=EDGE_CURVE('',#847,#849,#1019,.F.);
#618=EDGE_CURVE('',#849,#850,#1020,.T.);
#619=EDGE_CURVE('',#850,#848,#1021,.T.);
#620=EDGE_CURVE('',#851,#852,#1022,.T.);
#621=EDGE_CURVE('',#852,#853,#1023,.T.);
#622=EDGE_CURVE('',#854,#853,#1024,.T.);
#623=EDGE_CURVE('',#851,#854,#1025,.T.);
#624=EDGE_CURVE('',#853,#848,#1026,.T.);
#625=EDGE_CURVE('',#852,#855,#1027,.T.);
#626=EDGE_CURVE('',#847,#855,#29,.F.);
#627=EDGE_CURVE('',#856,#855,#1028,.T.);
#628=EDGE_CURVE('',#856,#849,#10,.T.);
#629=EDGE_CURVE('',#850,#842,#1029,.T.);
#630=EDGE_CURVE('',#854,#843,#1030,.T.);
#631=EDGE_CURVE('',#845,#856,#1031,.F.);
#632=EDGE_CURVE('',#851,#846,#1032,.T.);
#633=EDGE_CURVE('',#849,#844,#1033,.T.);
#634=EDGE_CURVE('',#857,#857,#30,.T.);
#635=EDGE_CURVE('',#858,#858,#31,.T.);
#636=EDGE_CURVE('',#859,#859,#32,.T.);
#637=EDGE_CURVE('',#860,#861,#1034,.T.);
#638=EDGE_CURVE('',#862,#860,#1035,.T.);
#639=EDGE_CURVE('',#862,#863,#1036,.T.);
#640=EDGE_CURVE('',#863,#861,#1037,.T.);
#641=EDGE_CURVE('',#860,#864,#1038,.T.);
#642=EDGE_CURVE('',#865,#864,#1039,.T.);
#643=EDGE_CURVE('',#862,#865,#1040,.F.);
#644=EDGE_CURVE('',#864,#866,#1041,.T.);
#645=EDGE_CURVE('',#867,#866,#1042,.T.);
#646=EDGE_CURVE('',#865,#867,#1043,.T.);
#647=EDGE_CURVE('',#861,#866,#1044,.T.);
#648=EDGE_CURVE('',#863,#867,#1045,.F.);
#649=EDGE_CURVE('',#868,#869,#1046,.T.);
#650=EDGE_CURVE('',#870,#868,#1047,.T.);
#651=EDGE_CURVE('',#870,#871,#1048,.T.);
#652=EDGE_CURVE('',#871,#869,#1049,.T.);
#653=EDGE_CURVE('',#868,#872,#1050,.T.);
#654=EDGE_CURVE('',#873,#872,#1051,.T.);
#655=EDGE_CURVE('',#870,#873,#1052,.F.);
#656=EDGE_CURVE('',#872,#874,#1053,.T.);
#657=EDGE_CURVE('',#875,#874,#1054,.T.);
#658=EDGE_CURVE('',#873,#875,#1055,.T.);
#659=EDGE_CURVE('',#869,#874,#1056,.T.);
#660=EDGE_CURVE('',#871,#875,#1057,.F.);
#661=EDGE_CURVE('',#876,#877,#1058,.T.);
#662=EDGE_CURVE('',#878,#876,#1059,.T.);
#663=EDGE_CURVE('',#878,#879,#1060,.T.);
#664=EDGE_CURVE('',#879,#877,#1061,.T.);
#665=EDGE_CURVE('',#876,#880,#1062,.T.);
#666=EDGE_CURVE('',#881,#880,#1063,.T.);
#667=EDGE_CURVE('',#878,#881,#1064,.F.);
#668=EDGE_CURVE('',#880,#882,#1065,.T.);
#669=EDGE_CURVE('',#883,#882,#1066,.T.);
#670=EDGE_CURVE('',#881,#883,#1067,.T.);
#671=EDGE_CURVE('',#877,#882,#1068,.T.);
#672=EDGE_CURVE('',#879,#883,#1069,.F.);
#673=EDGE_CURVE('',#884,#885,#1070,.T.);
#674=EDGE_CURVE('',#886,#884,#1071,.T.);
#675=EDGE_CURVE('',#886,#887,#1072,.T.);
#676=EDGE_CURVE('',#887,#885,#1073,.T.);
#677=EDGE_CURVE('',#884,#888,#1074,.T.);
#678=EDGE_CURVE('',#889,#888,#1075,.T.);
#679=EDGE_CURVE('',#886,#889,#1076,.F.);
#680=EDGE_CURVE('',#888,#890,#1077,.T.);
#681=EDGE_CURVE('',#891,#890,#1078,.T.);
#682=EDGE_CURVE('',#889,#891,#1079,.T.);
#683=EDGE_CURVE('',#885,#890,#1080,.T.);
#684=EDGE_CURVE('',#887,#891,#1081,.F.);
#685=EDGE_CURVE('',#892,#893,#1082,.T.);
#686=EDGE_CURVE('',#894,#892,#1083,.T.);
#687=EDGE_CURVE('',#894,#895,#1084,.T.);
#688=EDGE_CURVE('',#895,#893,#1085,.T.);
#689=EDGE_CURVE('',#892,#896,#1086,.T.);
#690=EDGE_CURVE('',#897,#896,#1087,.T.);
#691=EDGE_CURVE('',#894,#897,#1088,.F.);
#692=EDGE_CURVE('',#896,#898,#1089,.T.);
#693=EDGE_CURVE('',#899,#898,#1090,.T.);
#694=EDGE_CURVE('',#897,#899,#1091,.T.);
#695=EDGE_CURVE('',#893,#898,#1092,.T.);
#696=EDGE_CURVE('',#895,#899,#1093,.F.);
#697=EDGE_CURVE('',#900,#901,#1094,.T.);
#698=EDGE_CURVE('',#902,#900,#1095,.T.);
#699=EDGE_CURVE('',#902,#903,#1096,.T.);
#700=EDGE_CURVE('',#903,#901,#1097,.T.);
#701=EDGE_CURVE('',#900,#904,#1098,.T.);
#702=EDGE_CURVE('',#905,#904,#1099,.T.);
#703=EDGE_CURVE('',#902,#905,#1100,.F.);
#704=EDGE_CURVE('',#904,#906,#1101,.T.);
#705=EDGE_CURVE('',#907,#906,#1102,.T.);
#706=EDGE_CURVE('',#905,#907,#1103,.T.);
#707=EDGE_CURVE('',#901,#906,#1104,.T.);
#708=EDGE_CURVE('',#903,#907,#1105,.F.);
#709=EDGE_CURVE('',#908,#909,#1106,.T.);
#710=EDGE_CURVE('',#910,#908,#1107,.T.);
#711=EDGE_CURVE('',#910,#911,#1108,.T.);
#712=EDGE_CURVE('',#911,#909,#1109,.T.);
#713=EDGE_CURVE('',#908,#912,#1110,.T.);
#714=EDGE_CURVE('',#913,#912,#1111,.T.);
#715=EDGE_CURVE('',#910,#913,#1112,.F.);
#716=EDGE_CURVE('',#912,#914,#1113,.T.);
#717=EDGE_CURVE('',#915,#914,#1114,.T.);
#718=EDGE_CURVE('',#913,#915,#1115,.T.);
#719=EDGE_CURVE('',#909,#914,#1116,.T.);
#720=EDGE_CURVE('',#911,#915,#1117,.F.);
#721=EDGE_CURVE('',#916,#917,#1118,.T.);
#722=EDGE_CURVE('',#918,#916,#1119,.T.);
#723=EDGE_CURVE('',#918,#919,#1120,.T.);
#724=EDGE_CURVE('',#919,#917,#1121,.T.);
#725=EDGE_CURVE('',#916,#920,#1122,.T.);
#726=EDGE_CURVE('',#921,#920,#1123,.T.);
#727=EDGE_CURVE('',#918,#921,#1124,.F.);
#728=EDGE_CURVE('',#920,#922,#1125,.T.);
#729=EDGE_CURVE('',#923,#922,#1126,.T.);
#730=EDGE_CURVE('',#921,#923,#1127,.T.);
#731=EDGE_CURVE('',#917,#922,#1128,.T.);
#732=EDGE_CURVE('',#919,#923,#1129,.F.);
#733=EDGE_CURVE('',#924,#925,#1130,.T.);
#734=EDGE_CURVE('',#926,#924,#1131,.T.);
#735=EDGE_CURVE('',#926,#927,#1132,.T.);
#736=EDGE_CURVE('',#927,#925,#1133,.T.);
#737=EDGE_CURVE('',#924,#928,#1134,.T.);
#738=EDGE_CURVE('',#929,#928,#1135,.T.);
#739=EDGE_CURVE('',#926,#929,#1136,.F.);
#740=EDGE_CURVE('',#928,#930,#1137,.T.);
#741=EDGE_CURVE('',#931,#930,#1138,.T.);
#742=EDGE_CURVE('',#929,#931,#1139,.T.);
#743=EDGE_CURVE('',#925,#930,#1140,.T.);
#744=EDGE_CURVE('',#927,#931,#1141,.F.);
#745=EDGE_CURVE('',#932,#933,#1142,.T.);
#746=EDGE_CURVE('',#934,#932,#1143,.T.);
#747=EDGE_CURVE('',#934,#935,#1144,.T.);
#748=EDGE_CURVE('',#935,#933,#1145,.T.);
#749=EDGE_CURVE('',#932,#936,#1146,.T.);
#750=EDGE_CURVE('',#937,#936,#1147,.T.);
#751=EDGE_CURVE('',#934,#937,#1148,.F.);
#752=EDGE_CURVE('',#936,#938,#1149,.T.);
#753=EDGE_CURVE('',#939,#938,#1150,.T.);
#754=EDGE_CURVE('',#937,#939,#1151,.T.);
#755=EDGE_CURVE('',#933,#938,#1152,.T.);
#756=EDGE_CURVE('',#935,#939,#1153,.F.);
#757=EDGE_CURVE('',#940,#941,#1154,.T.);
#758=EDGE_CURVE('',#942,#940,#1155,.T.);
#759=EDGE_CURVE('',#942,#943,#1156,.T.);
#760=EDGE_CURVE('',#943,#941,#1157,.T.);
#761=EDGE_CURVE('',#940,#944,#1158,.T.);
#762=EDGE_CURVE('',#945,#944,#1159,.T.);
#763=EDGE_CURVE('',#942,#945,#1160,.F.);
#764=EDGE_CURVE('',#944,#946,#1161,.T.);
#765=EDGE_CURVE('',#947,#946,#1162,.T.);
#766=EDGE_CURVE('',#945,#947,#1163,.T.);
#767=EDGE_CURVE('',#941,#946,#1164,.T.);
#768=EDGE_CURVE('',#943,#947,#1165,.F.);
#769=EDGE_CURVE('',#948,#949,#1166,.T.);
#770=EDGE_CURVE('',#950,#948,#1167,.T.);
#771=EDGE_CURVE('',#950,#951,#1168,.T.);
#772=EDGE_CURVE('',#951,#949,#1169,.T.);
#773=EDGE_CURVE('',#948,#952,#1170,.T.);
#774=EDGE_CURVE('',#953,#952,#1171,.T.);
#775=EDGE_CURVE('',#950,#953,#1172,.F.);
#776=EDGE_CURVE('',#952,#954,#1173,.T.);
#777=EDGE_CURVE('',#955,#954,#1174,.T.);
#778=EDGE_CURVE('',#953,#955,#1175,.T.);
#779=EDGE_CURVE('',#949,#954,#1176,.T.);
#780=EDGE_CURVE('',#951,#955,#1177,.F.);
#781=EDGE_CURVE('',#956,#957,#1178,.T.);
#782=EDGE_CURVE('',#958,#956,#1179,.T.);
#783=EDGE_CURVE('',#958,#959,#1180,.T.);
#784=EDGE_CURVE('',#959,#957,#1181,.T.);
#785=EDGE_CURVE('',#956,#960,#1182,.T.);
#786=EDGE_CURVE('',#961,#960,#1183,.T.);
#787=EDGE_CURVE('',#958,#961,#1184,.F.);
#788=EDGE_CURVE('',#960,#962,#1185,.T.);
#789=EDGE_CURVE('',#963,#962,#1186,.T.);
#790=EDGE_CURVE('',#961,#963,#1187,.T.);
#791=EDGE_CURVE('',#957,#962,#1188,.T.);
#792=EDGE_CURVE('',#959,#963,#1189,.F.);
#793=EDGE_CURVE('',#964,#965,#1190,.T.);
#794=EDGE_CURVE('',#966,#964,#1191,.T.);
#795=EDGE_CURVE('',#966,#967,#1192,.T.);
#796=EDGE_CURVE('',#967,#965,#1193,.T.);
#797=EDGE_CURVE('',#964,#968,#1194,.T.);
#798=EDGE_CURVE('',#969,#968,#1195,.T.);
#799=EDGE_CURVE('',#966,#969,#1196,.F.);
#800=EDGE_CURVE('',#968,#970,#1197,.T.);
#801=EDGE_CURVE('',#971,#970,#1198,.T.);
#802=EDGE_CURVE('',#969,#971,#1199,.T.);
#803=EDGE_CURVE('',#965,#970,#1200,.T.);
#804=EDGE_CURVE('',#967,#971,#1201,.F.);
#805=EDGE_CURVE('',#972,#972,#33,.T.);
#806=EDGE_CURVE('',#973,#973,#34,.T.);
#807=EDGE_CURVE('',#974,#974,#35,.T.);
#808=EDGE_CURVE('',#975,#975,#36,.T.);
#809=EDGE_CURVE('',#976,#976,#37,.T.);
#810=EDGE_CURVE('',#977,#977,#38,.T.);
#811=EDGE_CURVE('',#978,#978,#39,.T.);
#812=EDGE_CURVE('',#979,#979,#40,.T.);
#813=EDGE_CURVE('',#980,#980,#41,.T.);
#814=EDGE_CURVE('',#981,#981,#42,.T.);
#815=EDGE_CURVE('',#982,#982,#43,.T.);
#816=EDGE_CURVE('',#983,#983,#44,.T.);
#817=EDGE_CURVE('',#984,#984,#45,.T.);
#818=EDGE_CURVE('',#985,#985,#46,.T.);
#819=EDGE_CURVE('',#986,#986,#47,.T.);
#820=EDGE_CURVE('',#987,#987,#48,.T.);
#821=EDGE_CURVE('',#988,#988,#49,.T.);
#822=EDGE_CURVE('',#989,#989,#50,.T.);
#823=VERTEX_POINT('',#3064);
#824=VERTEX_POINT('',#3065);
#825=VERTEX_POINT('',#3067);
#826=VERTEX_POINT('',#3069);
#827=VERTEX_POINT('',#3073);
#828=VERTEX_POINT('',#3075);
#829=VERTEX_POINT('',#3079);
#830=VERTEX_POINT('',#3081);
#831=VERTEX_POINT('',#3091);
#832=VERTEX_POINT('',#3092);
#833=VERTEX_POINT('',#3094);
#834=VERTEX_POINT('',#3096);
#835=VERTEX_POINT('',#3100);
#836=VERTEX_POINT('',#3102);
#837=VERTEX_POINT('',#3106);
#838=VERTEX_POINT('',#3108);
#839=VERTEX_POINT('',#3118);
#840=VERTEX_POINT('',#3120);
#841=VERTEX_POINT('',#3122);
#842=VERTEX_POINT('',#3124);
#843=VERTEX_POINT('',#3125);
#844=VERTEX_POINT('',#3127);
#845=VERTEX_POINT('',#3129);
#846=VERTEX_POINT('',#3131);
#847=VERTEX_POINT('',#3135);
#848=VERTEX_POINT('',#3136);
#849=VERTEX_POINT('',#3138);
#850=VERTEX_POINT('',#3140);
#851=VERTEX_POINT('',#3144);
#852=VERTEX_POINT('',#3145);
#853=VERTEX_POINT('',#3147);
#854=VERTEX_POINT('',#3149);
#855=VERTEX_POINT('',#3154);
#856=VERTEX_POINT('',#3158);
#857=VERTEX_POINT('',#3172);
#858=VERTEX_POINT('',#3176);
#859=VERTEX_POINT('',#3180);
#860=VERTEX_POINT('',#3185);
#861=VERTEX_POINT('',#3186);
#862=VERTEX_POINT('',#3188);
#863=VERTEX_POINT('',#3190);
#864=VERTEX_POINT('',#3194);
#865=VERTEX_POINT('',#3196);
#866=VERTEX_POINT('',#3200);
#867=VERTEX_POINT('',#3202);
#868=VERTEX_POINT('',#3212);
#869=VERTEX_POINT('',#3213);
#870=VERTEX_POINT('',#3215);
#871=VERTEX_POINT('',#3217);
#872=VERTEX_POINT('',#3221);
#873=VERTEX_POINT('',#3223);
#874=VERTEX_POINT('',#3227);
#875=VERTEX_POINT('',#3229);
#876=VERTEX_POINT('',#3239);
#877=VERTEX_POINT('',#3240);
#878=VERTEX_POINT('',#3242);
#879=VERTEX_POINT('',#3244);
#880=VERTEX_POINT('',#3248);
#881=VERTEX_POINT('',#3250);
#882=VERTEX_POINT('',#3254);
#883=VERTEX_POINT('',#3256);
#884=VERTEX_POINT('',#3266);
#885=VERTEX_POINT('',#3267);
#886=VERTEX_POINT('',#3269);
#887=VERTEX_POINT('',#3271);
#888=VERTEX_POINT('',#3275);
#889=VERTEX_POINT('',#3277);
#890=VERTEX_POINT('',#3281);
#891=VERTEX_POINT('',#3283);
#892=VERTEX_POINT('',#3293);
#893=VERTEX_POINT('',#3294);
#894=VERTEX_POINT('',#3296);
#895=VERTEX_POINT('',#3298);
#896=VERTEX_POINT('',#3302);
#897=VERTEX_POINT('',#3304);
#898=VERTEX_POINT('',#3308);
#899=VERTEX_POINT('',#3310);
#900=VERTEX_POINT('',#3320);
#901=VERTEX_POINT('',#3321);
#902=VERTEX_POINT('',#3323);
#903=VERTEX_POINT('',#3325);
#904=VERTEX_POINT('',#3329);
#905=VERTEX_POINT('',#3331);
#906=VERTEX_POINT('',#3335);
#907=VERTEX_POINT('',#3337);
#908=VERTEX_POINT('',#3347);
#909=VERTEX_POINT('',#3348);
#910=VERTEX_POINT('',#3350);
#911=VERTEX_POINT('',#3352);
#912=VERTEX_POINT('',#3356);
#913=VERTEX_POINT('',#3358);
#914=VERTEX_POINT('',#3362);
#915=VERTEX_POINT('',#3364);
#916=VERTEX_POINT('',#3374);
#917=VERTEX_POINT('',#3375);
#918=VERTEX_POINT('',#3377);
#919=VERTEX_POINT('',#3379);
#920=VERTEX_POINT('',#3383);
#921=VERTEX_POINT('',#3385);
#922=VERTEX_POINT('',#3389);
#923=VERTEX_POINT('',#3391);
#924=VERTEX_POINT('',#3401);
#925=VERTEX_POINT('',#3402);
#926=VERTEX_POINT('',#3404);
#927=VERTEX_POINT('',#3406);
#928=VERTEX_POINT('',#3410);
#929=VERTEX_POINT('',#3412);
#930=VERTEX_POINT('',#3416);
#931=VERTEX_POINT('',#3418);
#932=VERTEX_POINT('',#3428);
#933=VERTEX_POINT('',#3429);
#934=VERTEX_POINT('',#3431);
#935=VERTEX_POINT('',#3433);
#936=VERTEX_POINT('',#3437);
#937=VERTEX_POINT('',#3439);
#938=VERTEX_POINT('',#3443);
#939=VERTEX_POINT('',#3445);
#940=VERTEX_POINT('',#3455);
#941=VERTEX_POINT('',#3456);
#942=VERTEX_POINT('',#3458);
#943=VERTEX_POINT('',#3460);
#944=VERTEX_POINT('',#3464);
#945=VERTEX_POINT('',#3466);
#946=VERTEX_POINT('',#3470);
#947=VERTEX_POINT('',#3472);
#948=VERTEX_POINT('',#3482);
#949=VERTEX_POINT('',#3483);
#950=VERTEX_POINT('',#3485);
#951=VERTEX_POINT('',#3487);
#952=VERTEX_POINT('',#3491);
#953=VERTEX_POINT('',#3493);
#954=VERTEX_POINT('',#3497);
#955=VERTEX_POINT('',#3499);
#956=VERTEX_POINT('',#3509);
#957=VERTEX_POINT('',#3510);
#958=VERTEX_POINT('',#3512);
#959=VERTEX_POINT('',#3514);
#960=VERTEX_POINT('',#3518);
#961=VERTEX_POINT('',#3520);
#962=VERTEX_POINT('',#3524);
#963=VERTEX_POINT('',#3526);
#964=VERTEX_POINT('',#3536);
#965=VERTEX_POINT('',#3537);
#966=VERTEX_POINT('',#3539);
#967=VERTEX_POINT('',#3541);
#968=VERTEX_POINT('',#3545);
#969=VERTEX_POINT('',#3547);
#970=VERTEX_POINT('',#3551);
#971=VERTEX_POINT('',#3553);
#972=VERTEX_POINT('',#3563);
#973=VERTEX_POINT('',#3565);
#974=VERTEX_POINT('',#3571);
#975=VERTEX_POINT('',#3573);
#976=VERTEX_POINT('',#3579);
#977=VERTEX_POINT('',#3581);
#978=VERTEX_POINT('',#3587);
#979=VERTEX_POINT('',#3589);
#980=VERTEX_POINT('',#3595);
#981=VERTEX_POINT('',#3597);
#982=VERTEX_POINT('',#3603);
#983=VERTEX_POINT('',#3605);
#984=VERTEX_POINT('',#3611);
#985=VERTEX_POINT('',#3613);
#986=VERTEX_POINT('',#3619);
#987=VERTEX_POINT('',#3621);
#988=VERTEX_POINT('',#3627);
#989=VERTEX_POINT('',#3629);
#990=LINE('',#3063,#1202);
#991=LINE('',#3066,#1203);
#992=LINE('',#3068,#1204);
#993=LINE('',#3070,#1205);
#994=LINE('',#3072,#1206);
#995=LINE('',#3074,#1207);
#996=LINE('',#3076,#1208);
#997=LINE('',#3078,#1209);
#998=LINE('',#3080,#1210);
#999=LINE('',#3082,#1211);
#1000=LINE('',#3084,#1212);
#1001=LINE('',#3085,#1213);
#1002=LINE('',#3090,#1214);
#1003=LINE('',#3093,#1215);
#1004=LINE('',#3095,#1216);
#1005=LINE('',#3097,#1217);
#1006=LINE('',#3099,#1218);
#1007=LINE('',#3101,#1219);
#1008=LINE('',#3103,#1220);
#1009=LINE('',#3105,#1221);
#1010=LINE('',#3107,#1222);
#1011=LINE('',#3109,#1223);
#1012=LINE('',#3111,#1224);
#1013=LINE('',#3112,#1225);
#1014=LINE('',#3123,#1226);
#1015=LINE('',#3126,#1227);
#1016=LINE('',#3130,#1228);
#1017=LINE('',#3132,#1229);
#1018=LINE('',#3134,#1230);
#1019=LINE('',#3137,#1231);
#1020=LINE('',#3139,#1232);
#1021=LINE('',#3141,#1233);
#1022=LINE('',#3143,#1234);
#1023=LINE('',#3146,#1235);
#1024=LINE('',#3148,#1236);
#1025=LINE('',#3150,#1237);
#1026=LINE('',#3152,#1238);
#1027=LINE('',#3153,#1239);
#1028=LINE('',#3157,#1240);
#1029=LINE('',#3161,#1241);
#1030=LINE('',#3162,#1242);
#1031=LINE('',#3164,#1243);
#1032=LINE('',#3165,#1244);
#1033=LINE('',#3167,#1245);
#1034=LINE('',#3184,#1246);
#1035=LINE('',#3187,#1247);
#1036=LINE('',#3189,#1248);
#1037=LINE('',#3191,#1249);
#1038=LINE('',#3193,#1250);
#1039=LINE('',#3195,#1251);
#1040=LINE('',#3197,#1252);
#1041=LINE('',#3199,#1253);
#1042=LINE('',#3201,#1254);
#1043=LINE('',#3203,#1255);
#1044=LINE('',#3205,#1256);
#1045=LINE('',#3206,#1257);
#1046=LINE('',#3211,#1258);
#1047=LINE('',#3214,#1259);
#1048=LINE('',#3216,#1260);
#1049=LINE('',#3218,#1261);
#1050=LINE('',#3220,#1262);
#1051=LINE('',#3222,#1263);
#1052=LINE('',#3224,#1264);
#1053=LINE('',#3226,#1265);
#1054=LINE('',#3228,#1266);
#1055=LINE('',#3230,#1267);
#1056=LINE('',#3232,#1268);
#1057=LINE('',#3233,#1269);
#1058=LINE('',#3238,#1270);
#1059=LINE('',#3241,#1271);
#1060=LINE('',#3243,#1272);
#1061=LINE('',#3245,#1273);
#1062=LINE('',#3247,#1274);
#1063=LINE('',#3249,#1275);
#1064=LINE('',#3251,#1276);
#1065=LINE('',#3253,#1277);
#1066=LINE('',#3255,#1278);
#1067=LINE('',#3257,#1279);
#1068=LINE('',#3259,#1280);
#1069=LINE('',#3260,#1281);
#1070=LINE('',#3265,#1282);
#1071=LINE('',#3268,#1283);
#1072=LINE('',#3270,#1284);
#1073=LINE('',#3272,#1285);
#1074=LINE('',#3274,#1286);
#1075=LINE('',#3276,#1287);
#1076=LINE('',#3278,#1288);
#1077=LINE('',#3280,#1289);
#1078=LINE('',#3282,#1290);
#1079=LINE('',#3284,#1291);
#1080=LINE('',#3286,#1292);
#1081=LINE('',#3287,#1293);
#1082=LINE('',#3292,#1294);
#1083=LINE('',#3295,#1295);
#1084=LINE('',#3297,#1296);
#1085=LINE('',#3299,#1297);
#1086=LINE('',#3301,#1298);
#1087=LINE('',#3303,#1299);
#1088=LINE('',#3305,#1300);
#1089=LINE('',#3307,#1301);
#1090=LINE('',#3309,#1302);
#1091=LINE('',#3311,#1303);
#1092=LINE('',#3313,#1304);
#1093=LINE('',#3314,#1305);
#1094=LINE('',#3319,#1306);
#1095=LINE('',#3322,#1307);
#1096=LINE('',#3324,#1308);
#1097=LINE('',#3326,#1309);
#1098=LINE('',#3328,#1310);
#1099=LINE('',#3330,#1311);
#1100=LINE('',#3332,#1312);
#1101=LINE('',#3334,#1313);
#1102=LINE('',#3336,#1314);
#1103=LINE('',#3338,#1315);
#1104=LINE('',#3340,#1316);
#1105=LINE('',#3341,#1317);
#1106=LINE('',#3346,#1318);
#1107=LINE('',#3349,#1319);
#1108=LINE('',#3351,#1320);
#1109=LINE('',#3353,#1321);
#1110=LINE('',#3355,#1322);
#1111=LINE('',#3357,#1323);
#1112=LINE('',#3359,#1324);
#1113=LINE('',#3361,#1325);
#1114=LINE('',#3363,#1326);
#1115=LINE('',#3365,#1327);
#1116=LINE('',#3367,#1328);
#1117=LINE('',#3368,#1329);
#1118=LINE('',#3373,#1330);
#1119=LINE('',#3376,#1331);
#1120=LINE('',#3378,#1332);
#1121=LINE('',#3380,#1333);
#1122=LINE('',#3382,#1334);
#1123=LINE('',#3384,#1335);
#1124=LINE('',#3386,#1336);
#1125=LINE('',#3388,#1337);
#1126=LINE('',#3390,#1338);
#1127=LINE('',#3392,#1339);
#1128=LINE('',#3394,#1340);
#1129=LINE('',#3395,#1341);
#1130=LINE('',#3400,#1342);
#1131=LINE('',#3403,#1343);
#1132=LINE('',#3405,#1344);
#1133=LINE('',#3407,#1345);
#1134=LINE('',#3409,#1346);
#1135=LINE('',#3411,#1347);
#1136=LINE('',#3413,#1348);
#1137=LINE('',#3415,#1349);
#1138=LINE('',#3417,#1350);
#1139=LINE('',#3419,#1351);
#1140=LINE('',#3421,#1352);
#1141=LINE('',#3422,#1353);
#1142=LINE('',#3427,#1354);
#1143=LINE('',#3430,#1355);
#1144=LINE('',#3432,#1356);
#1145=LINE('',#3434,#1357);
#1146=LINE('',#3436,#1358);
#1147=LINE('',#3438,#1359);
#1148=LINE('',#3440,#1360);
#1149=LINE('',#3442,#1361);
#1150=LINE('',#3444,#1362);
#1151=LINE('',#3446,#1363);
#1152=LINE('',#3448,#1364);
#1153=LINE('',#3449,#1365);
#1154=LINE('',#3454,#1366);
#1155=LINE('',#3457,#1367);
#1156=LINE('',#3459,#1368);
#1157=LINE('',#3461,#1369);
#1158=LINE('',#3463,#1370);
#1159=LINE('',#3465,#1371);
#1160=LINE('',#3467,#1372);
#1161=LINE('',#3469,#1373);
#1162=LINE('',#3471,#1374);
#1163=LINE('',#3473,#1375);
#1164=LINE('',#3475,#1376);
#1165=LINE('',#3476,#1377);
#1166=LINE('',#3481,#1378);
#1167=LINE('',#3484,#1379);
#1168=LINE('',#3486,#1380);
#1169=LINE('',#3488,#1381);
#1170=LINE('',#3490,#1382);
#1171=LINE('',#3492,#1383);
#1172=LINE('',#3494,#1384);
#1173=LINE('',#3496,#1385);
#1174=LINE('',#3498,#1386);
#1175=LINE('',#3500,#1387);
#1176=LINE('',#3502,#1388);
#1177=LINE('',#3503,#1389);
#1178=LINE('',#3508,#1390);
#1179=LINE('',#3511,#1391);
#1180=LINE('',#3513,#1392);
#1181=LINE('',#3515,#1393);
#1182=LINE('',#3517,#1394);
#1183=LINE('',#3519,#1395);
#1184=LINE('',#3521,#1396);
#1185=LINE('',#3523,#1397);
#1186=LINE('',#3525,#1398);
#1187=LINE('',#3527,#1399);
#1188=LINE('',#3529,#1400);
#1189=LINE('',#3530,#1401);
#1190=LINE('',#3535,#1402);
#1191=LINE('',#3538,#1403);
#1192=LINE('',#3540,#1404);
#1193=LINE('',#3542,#1405);
#1194=LINE('',#3544,#1406);
#1195=LINE('',#3546,#1407);
#1196=LINE('',#3548,#1408);
#1197=LINE('',#3550,#1409);
#1198=LINE('',#3552,#1410);
#1199=LINE('',#3554,#1411);
#1200=LINE('',#3556,#1412);
#1201=LINE('',#3557,#1413);
#1202=VECTOR('',#2469,1.);
#1203=VECTOR('',#2470,1.);
#1204=VECTOR('',#2471,1.);
#1205=VECTOR('',#2472,1.);
#1206=VECTOR('',#2475,1.);
#1207=VECTOR('',#2476,1.);
#1208=VECTOR('',#2477,1.);
#1209=VECTOR('',#2480,1.);
#1210=VECTOR('',#2481,1.);
#1211=VECTOR('',#2482,1.);
#1212=VECTOR('',#2485,1.);
#1213=VECTOR('',#2486,1.);
#1214=VECTOR('',#2495,1.);
#1215=VECTOR('',#2496,1.);
#1216=VECTOR('',#2497,1.);
#1217=VECTOR('',#2498,1.);
#1218=VECTOR('',#2501,1.);
#1219=VECTOR('',#2502,1.);
#1220=VECTOR('',#2503,1.);
#1221=VECTOR('',#2506,1.);
#1222=VECTOR('',#2507,1.);
#1223=VECTOR('',#2508,1.);
#1224=VECTOR('',#2511,1.);
#1225=VECTOR('',#2512,1.);
#1226=VECTOR('',#2527,1.);
#1227=VECTOR('',#2528,1.);
#1228=VECTOR('',#2531,1.);
#1229=VECTOR('',#2532,1.);
#1230=VECTOR('',#2535,1.);
#1231=VECTOR('',#2536,1.);
#1232=VECTOR('',#2537,1.);
#1233=VECTOR('',#2538,1.);
#1234=VECTOR('',#2541,1.);
#1235=VECTOR('',#2542,1.);
#1236=VECTOR('',#2543,1.);
#1237=VECTOR('',#2544,1.);
#1238=VECTOR('',#2547,1.);
#1239=VECTOR('',#2548,1.);
#1240=VECTOR('',#2553,1.);
#1241=VECTOR('',#2558,1.);
#1242=VECTOR('',#2559,1.);
#1243=VECTOR('',#2562,1.);
#1244=VECTOR('',#2563,1.);
#1245=VECTOR('',#2566,1.);
#1246=VECTOR('',#2593,1.);
#1247=VECTOR('',#2594,1.);
#1248=VECTOR('',#2595,1.);
#1249=VECTOR('',#2596,1.);
#1250=VECTOR('',#2599,1.);
#1251=VECTOR('',#2600,1.);
#1252=VECTOR('',#2601,1.);
#1253=VECTOR('',#2604,1.);
#1254=VECTOR('',#2605,1.);
#1255=VECTOR('',#2606,1.);
#1256=VECTOR('',#2609,1.);
#1257=VECTOR('',#2610,1.);
#1258=VECTOR('',#2619,1.);
#1259=VECTOR('',#2620,1.);
#1260=VECTOR('',#2621,1.);
#1261=VECTOR('',#2622,1.);
#1262=VECTOR('',#2625,1.);
#1263=VECTOR('',#2626,1.);
#1264=VECTOR('',#2627,1.);
#1265=VECTOR('',#2630,1.);
#1266=VECTOR('',#2631,1.);
#1267=VECTOR('',#2632,1.);
#1268=VECTOR('',#2635,1.);
#1269=VECTOR('',#2636,1.);
#1270=VECTOR('',#2645,1.);
#1271=VECTOR('',#2646,1.);
#1272=VECTOR('',#2647,1.);
#1273=VECTOR('',#2648,1.);
#1274=VECTOR('',#2651,1.);
#1275=VECTOR('',#2652,1.);
#1276=VECTOR('',#2653,1.);
#1277=VECTOR('',#2656,1.);
#1278=VECTOR('',#2657,1.);
#1279=VECTOR('',#2658,1.);
#1280=VECTOR('',#2661,1.);
#1281=VECTOR('',#2662,1.);
#1282=VECTOR('',#2671,1.);
#1283=VECTOR('',#2672,1.);
#1284=VECTOR('',#2673,1.);
#1285=VECTOR('',#2674,1.);
#1286=VECTOR('',#2677,1.);
#1287=VECTOR('',#2678,1.);
#1288=VECTOR('',#2679,1.);
#1289=VECTOR('',#2682,1.);
#1290=VECTOR('',#2683,1.);
#1291=VECTOR('',#2684,1.);
#1292=VECTOR('',#2687,1.);
#1293=VECTOR('',#2688,1.);
#1294=VECTOR('',#2697,1.);
#1295=VECTOR('',#2698,1.);
#1296=VECTOR('',#2699,1.);
#1297=VECTOR('',#2700,1.);
#1298=VECTOR('',#2703,1.);
#1299=VECTOR('',#2704,1.);
#1300=VECTOR('',#2705,1.);
#1301=VECTOR('',#2708,1.);
#1302=VECTOR('',#2709,1.);
#1303=VECTOR('',#2710,1.);
#1304=VECTOR('',#2713,1.);
#1305=VECTOR('',#2714,1.);
#1306=VECTOR('',#2723,1.);
#1307=VECTOR('',#2724,1.);
#1308=VECTOR('',#2725,1.);
#1309=VECTOR('',#2726,1.);
#1310=VECTOR('',#2729,1.);
#1311=VECTOR('',#2730,1.);
#1312=VECTOR('',#2731,1.);
#1313=VECTOR('',#2734,1.);
#1314=VECTOR('',#2735,1.);
#1315=VECTOR('',#2736,1.);
#1316=VECTOR('',#2739,1.);
#1317=VECTOR('',#2740,1.);
#1318=VECTOR('',#2749,1.);
#1319=VECTOR('',#2750,1.);
#1320=VECTOR('',#2751,1.);
#1321=VECTOR('',#2752,1.);
#1322=VECTOR('',#2755,1.);
#1323=VECTOR('',#2756,1.);
#1324=VECTOR('',#2757,1.);
#1325=VECTOR('',#2760,1.);
#1326=VECTOR('',#2761,1.);
#1327=VECTOR('',#2762,1.);
#1328=VECTOR('',#2765,1.);
#1329=VECTOR('',#2766,1.);
#1330=VECTOR('',#2775,1.);
#1331=VECTOR('',#2776,1.);
#1332=VECTOR('',#2777,1.);
#1333=VECTOR('',#2778,1.);
#1334=VECTOR('',#2781,1.);
#1335=VECTOR('',#2782,1.);
#1336=VECTOR('',#2783,1.);
#1337=VECTOR('',#2786,1.);
#1338=VECTOR('',#2787,1.);
#1339=VECTOR('',#2788,1.);
#1340=VECTOR('',#2791,1.);
#1341=VECTOR('',#2792,1.);
#1342=VECTOR('',#2801,1.);
#1343=VECTOR('',#2802,1.);
#1344=VECTOR('',#2803,1.);
#1345=VECTOR('',#2804,1.);
#1346=VECTOR('',#2807,1.);
#1347=VECTOR('',#2808,1.);
#1348=VECTOR('',#2809,1.);
#1349=VECTOR('',#2812,1.);
#1350=VECTOR('',#2813,1.);
#1351=VECTOR('',#2814,1.);
#1352=VECTOR('',#2817,1.);
#1353=VECTOR('',#2818,1.);
#1354=VECTOR('',#2827,1.);
#1355=VECTOR('',#2828,1.);
#1356=VECTOR('',#2829,1.);
#1357=VECTOR('',#2830,1.);
#1358=VECTOR('',#2833,1.);
#1359=VECTOR('',#2834,1.);
#1360=VECTOR('',#2835,1.);
#1361=VECTOR('',#2838,1.);
#1362=VECTOR('',#2839,1.);
#1363=VECTOR('',#2840,1.);
#1364=VECTOR('',#2843,1.);
#1365=VECTOR('',#2844,1.);
#1366=VECTOR('',#2853,1.);
#1367=VECTOR('',#2854,1.);
#1368=VECTOR('',#2855,1.);
#1369=VECTOR('',#2856,1.);
#1370=VECTOR('',#2859,1.);
#1371=VECTOR('',#2860,1.);
#1372=VECTOR('',#2861,1.);
#1373=VECTOR('',#2864,1.);
#1374=VECTOR('',#2865,1.);
#1375=VECTOR('',#2866,1.);
#1376=VECTOR('',#2869,1.);
#1377=VECTOR('',#2870,1.);
#1378=VECTOR('',#2879,1.);
#1379=VECTOR('',#2880,1.);
#1380=VECTOR('',#2881,1.);
#1381=VECTOR('',#2882,1.);
#1382=VECTOR('',#2885,1.);
#1383=VECTOR('',#2886,1.);
#1384=VECTOR('',#2887,1.);
#1385=VECTOR('',#2890,1.);
#1386=VECTOR('',#2891,1.);
#1387=VECTOR('',#2892,1.);
#1388=VECTOR('',#2895,1.);
#1389=VECTOR('',#2896,1.);
#1390=VECTOR('',#2905,1.);
#1391=VECTOR('',#2906,1.);
#1392=VECTOR('',#2907,1.);
#1393=VECTOR('',#2908,1.);
#1394=VECTOR('',#2911,1.);
#1395=VECTOR('',#2912,1.);
#1396=VECTOR('',#2913,1.);
#1397=VECTOR('',#2916,1.);
#1398=VECTOR('',#2917,1.);
#1399=VECTOR('',#2918,1.);
#1400=VECTOR('',#2921,1.);
#1401=VECTOR('',#2922,1.);
#1402=VECTOR('',#2931,1.);
#1403=VECTOR('',#2932,1.);
#1404=VECTOR('',#2933,1.);
#1405=VECTOR('',#2934,1.);
#1406=VECTOR('',#2937,1.);
#1407=VECTOR('',#2938,1.);
#1408=VECTOR('',#2939,1.);
#1409=VECTOR('',#2942,1.);
#1410=VECTOR('',#2943,1.);
#1411=VECTOR('',#2944,1.);
#1412=VECTOR('',#2947,1.);
#1413=VECTOR('',#2948,1.);
#1414=EDGE_LOOP('',(#106,#107,#108,#109));
#1415=EDGE_LOOP('',(#110,#111,#112,#113));
#1416=EDGE_LOOP('',(#114,#115,#116,#117));
#1417=EDGE_LOOP('',(#118,#119,#120,#121));
#1418=EDGE_LOOP('',(#122,#123,#124,#125));
#1419=EDGE_LOOP('',(#126,#127,#128,#129));
#1420=EDGE_LOOP('',(#130,#131,#132,#133));
#1421=EDGE_LOOP('',(#134,#135,#136,#137));
#1422=EDGE_LOOP('',(#138,#139,#140,#141));
#1423=EDGE_LOOP('',(#142,#143,#144,#145));
#1424=EDGE_LOOP('',(#146,#147,#148,#149));
#1425=EDGE_LOOP('',(#150,#151,#152,#153));
#1426=EDGE_LOOP('',(#154));
#1427=EDGE_LOOP('',(#155));
#1428=EDGE_LOOP('',(#156));
#1429=EDGE_LOOP('',(#157,#158,#159,#160,#161));
#1430=EDGE_LOOP('',(#162,#163,#164,#165));
#1431=EDGE_LOOP('',(#166,#167,#168,#169));
#1432=EDGE_LOOP('',(#170,#171,#172,#173,#174));
#1433=EDGE_LOOP('',(#175,#176,#177,#178));
#1434=EDGE_LOOP('',(#179,#180,#181,#182,#183,#184));
#1435=EDGE_LOOP('',(#185,#186,#187,#188,#189,#190));
#1436=EDGE_LOOP('',(#191,#192,#193,#194));
#1437=EDGE_LOOP('',(#195,#196,#197,#198));
#1438=EDGE_LOOP('',(#199,#200,#201,#202));
#1439=EDGE_LOOP('',(#203));
#1440=EDGE_LOOP('',(#204));
#1441=EDGE_LOOP('',(#205));
#1442=EDGE_LOOP('',(#206));
#1443=EDGE_LOOP('',(#207));
#1444=EDGE_LOOP('',(#208));
#1445=EDGE_LOOP('',(#209));
#1446=EDGE_LOOP('',(#210));
#1447=EDGE_LOOP('',(#211));
#1448=EDGE_LOOP('',(#212,#213,#214,#215));
#1449=EDGE_LOOP('',(#216,#217,#218,#219));
#1450=EDGE_LOOP('',(#220,#221,#222,#223));
#1451=EDGE_LOOP('',(#224,#225,#226,#227));
#1452=EDGE_LOOP('',(#228,#229,#230,#231));
#1453=EDGE_LOOP('',(#232,#233,#234,#235));
#1454=EDGE_LOOP('',(#236,#237,#238,#239));
#1455=EDGE_LOOP('',(#240,#241,#242,#243));
#1456=EDGE_LOOP('',(#244,#245,#246,#247));
#1457=EDGE_LOOP('',(#248,#249,#250,#251));
#1458=EDGE_LOOP('',(#252,#253,#254,#255));
#1459=EDGE_LOOP('',(#256,#257,#258,#259));
#1460=EDGE_LOOP('',(#260,#261,#262,#263));
#1461=EDGE_LOOP('',(#264,#265,#266,#267));
#1462=EDGE_LOOP('',(#268,#269,#270,#271));
#1463=EDGE_LOOP('',(#272,#273,#274,#275));
#1464=EDGE_LOOP('',(#276,#277,#278,#279));
#1465=EDGE_LOOP('',(#280,#281,#282,#283));
#1466=EDGE_LOOP('',(#284,#285,#286,#287));
#1467=EDGE_LOOP('',(#288,#289,#290,#291));
#1468=EDGE_LOOP('',(#292,#293,#294,#295));
#1469=EDGE_LOOP('',(#296,#297,#298,#299));
#1470=EDGE_LOOP('',(#300,#301,#302,#303));
#1471=EDGE_LOOP('',(#304,#305,#306,#307));
#1472=EDGE_LOOP('',(#308,#309,#310,#311));
#1473=EDGE_LOOP('',(#312,#313,#314,#315));
#1474=EDGE_LOOP('',(#316,#317,#318,#319));
#1475=EDGE_LOOP('',(#320,#321,#322,#323));
#1476=EDGE_LOOP('',(#324,#325,#326,#327));
#1477=EDGE_LOOP('',(#328,#329,#330,#331));
#1478=EDGE_LOOP('',(#332,#333,#334,#335));
#1479=EDGE_LOOP('',(#336,#337,#338,#339));
#1480=EDGE_LOOP('',(#340,#341,#342,#343));
#1481=EDGE_LOOP('',(#344,#345,#346,#347));
#1482=EDGE_LOOP('',(#348,#349,#350,#351));
#1483=EDGE_LOOP('',(#352,#353,#354,#355));
#1484=EDGE_LOOP('',(#356,#357,#358,#359));
#1485=EDGE_LOOP('',(#360,#361,#362,#363));
#1486=EDGE_LOOP('',(#364,#365,#366,#367));
#1487=EDGE_LOOP('',(#368,#369,#370,#371));
#1488=EDGE_LOOP('',(#372,#373,#374,#375));
#1489=EDGE_LOOP('',(#376,#377,#378,#379));
#1490=EDGE_LOOP('',(#380,#381,#382,#383));
#1491=EDGE_LOOP('',(#384,#385,#386,#387));
#1492=EDGE_LOOP('',(#388,#389,#390,#391));
#1493=EDGE_LOOP('',(#392,#393,#394,#395));
#1494=EDGE_LOOP('',(#396,#397,#398,#399));
#1495=EDGE_LOOP('',(#400,#401,#402,#403));
#1496=EDGE_LOOP('',(#404,#405,#406,#407));
#1497=EDGE_LOOP('',(#408,#409,#410,#411));
#1498=EDGE_LOOP('',(#412,#413,#414,#415));
#1499=EDGE_LOOP('',(#416,#417,#418,#419));
#1500=EDGE_LOOP('',(#420,#421,#422,#423));
#1501=EDGE_LOOP('',(#424,#425,#426,#427));
#1502=EDGE_LOOP('',(#428,#429,#430,#431));
#1503=EDGE_LOOP('',(#432,#433,#434,#435));
#1504=EDGE_LOOP('',(#436,#437,#438,#439));
#1505=EDGE_LOOP('',(#440,#441,#442,#443));
#1506=EDGE_LOOP('',(#444,#445,#446,#447));
#1507=EDGE_LOOP('',(#448,#449,#450,#451));
#1508=EDGE_LOOP('',(#452,#453,#454,#455));
#1509=EDGE_LOOP('',(#456,#457,#458,#459));
#1510=EDGE_LOOP('',(#460,#461,#462,#463));
#1511=EDGE_LOOP('',(#464,#465,#466,#467));
#1512=EDGE_LOOP('',(#468,#469,#470,#471));
#1513=EDGE_LOOP('',(#472,#473,#474,#475));
#1514=EDGE_LOOP('',(#476,#477,#478,#479));
#1515=EDGE_LOOP('',(#480,#481,#482,#483));
#1516=EDGE_LOOP('',(#484,#485,#486,#487));
#1517=EDGE_LOOP('',(#488,#489,#490,#491));
#1518=EDGE_LOOP('',(#492,#493,#494,#495));
#1519=EDGE_LOOP('',(#496,#497,#498,#499));
#1520=EDGE_LOOP('',(#500,#501,#502,#503));
#1521=EDGE_LOOP('',(#504,#505,#506,#507));
#1522=EDGE_LOOP('',(#508,#509,#510,#511));
#1523=EDGE_LOOP('',(#512,#513,#514,#515));
#1524=EDGE_LOOP('',(#516,#517,#518,#519));
#1525=EDGE_LOOP('',(#520,#521,#522,#523));
#1526=EDGE_LOOP('',(#524,#525,#526,#527));
#1527=EDGE_LOOP('',(#528,#529,#530,#531));
#1528=EDGE_LOOP('',(#532,#533,#534,#535));
#1529=EDGE_LOOP('',(#536,#537,#538,#539));
#1530=EDGE_LOOP('',(#540,#541,#542,#543));
#1531=EDGE_LOOP('',(#544,#545,#546,#547));
#1532=EDGE_LOOP('',(#548));
#1533=EDGE_LOOP('',(#549));
#1534=EDGE_LOOP('',(#550));
#1535=EDGE_LOOP('',(#551));
#1536=EDGE_LOOP('',(#552));
#1537=EDGE_LOOP('',(#553));
#1538=EDGE_LOOP('',(#554));
#1539=EDGE_LOOP('',(#555));
#1540=EDGE_LOOP('',(#556));
#1541=EDGE_LOOP('',(#557));
#1542=EDGE_LOOP('',(#558));
#1543=EDGE_LOOP('',(#559));
#1544=EDGE_LOOP('',(#560));
#1545=EDGE_LOOP('',(#561));
#1546=EDGE_LOOP('',(#562));
#1547=EDGE_LOOP('',(#563));
#1548=EDGE_LOOP('',(#564));
#1549=EDGE_LOOP('',(#565));
#1550=EDGE_LOOP('',(#566));
#1551=EDGE_LOOP('',(#567));
#1552=EDGE_LOOP('',(#568));
#1553=EDGE_LOOP('',(#569));
#1554=EDGE_LOOP('',(#570));
#1555=EDGE_LOOP('',(#571));
#1556=EDGE_LOOP('',(#572));
#1557=EDGE_LOOP('',(#573));
#1558=EDGE_LOOP('',(#574));
#1559=EDGE_LOOP('',(#575));
#1560=EDGE_LOOP('',(#576));
#1561=EDGE_LOOP('',(#577));
#1562=EDGE_LOOP('',(#578));
#1563=EDGE_LOOP('',(#579));
#1564=EDGE_LOOP('',(#580));
#1565=EDGE_LOOP('',(#581));
#1566=EDGE_LOOP('',(#582));
#1567=EDGE_LOOP('',(#583));
#1568=FACE_BOUND('',#1414,.T.);
#1569=FACE_BOUND('',#1415,.T.);
#1570=FACE_BOUND('',#1416,.T.);
#1571=FACE_BOUND('',#1417,.T.);
#1572=FACE_BOUND('',#1418,.T.);
#1573=FACE_BOUND('',#1419,.T.);
#1574=FACE_BOUND('',#1420,.T.);
#1575=FACE_BOUND('',#1421,.T.);
#1576=FACE_BOUND('',#1422,.T.);
#1577=FACE_BOUND('',#1423,.T.);
#1578=FACE_BOUND('',#1424,.T.);
#1579=FACE_BOUND('',#1425,.T.);
#1580=FACE_BOUND('',#1426,.T.);
#1581=FACE_BOUND('',#1427,.T.);
#1582=FACE_BOUND('',#1428,.T.);
#1583=FACE_BOUND('',#1429,.T.);
#1584=FACE_BOUND('',#1430,.T.);
#1585=FACE_BOUND('',#1431,.T.);
#1586=FACE_BOUND('',#1432,.T.);
#1587=FACE_BOUND('',#1433,.T.);
#1588=FACE_BOUND('',#1434,.T.);
#1589=FACE_BOUND('',#1435,.T.);
#1590=FACE_BOUND('',#1436,.T.);
#1591=FACE_BOUND('',#1437,.T.);
#1592=FACE_BOUND('',#1438,.T.);
#1593=FACE_BOUND('',#1439,.T.);
#1594=FACE_BOUND('',#1440,.T.);
#1595=FACE_BOUND('',#1441,.T.);
#1596=FACE_BOUND('',#1442,.T.);
#1597=FACE_BOUND('',#1443,.T.);
#1598=FACE_BOUND('',#1444,.T.);
#1599=FACE_BOUND('',#1445,.T.);
#1600=FACE_BOUND('',#1446,.T.);
#1601=FACE_BOUND('',#1447,.T.);
#1602=FACE_BOUND('',#1448,.T.);
#1603=FACE_BOUND('',#1449,.T.);
#1604=FACE_BOUND('',#1450,.T.);
#1605=FACE_BOUND('',#1451,.T.);
#1606=FACE_BOUND('',#1452,.T.);
#1607=FACE_BOUND('',#1453,.T.);
#1608=FACE_BOUND('',#1454,.T.);
#1609=FACE_BOUND('',#1455,.T.);
#1610=FACE_BOUND('',#1456,.T.);
#1611=FACE_BOUND('',#1457,.T.);
#1612=FACE_BOUND('',#1458,.T.);
#1613=FACE_BOUND('',#1459,.T.);
#1614=FACE_BOUND('',#1460,.T.);
#1615=FACE_BOUND('',#1461,.T.);
#1616=FACE_BOUND('',#1462,.T.);
#1617=FACE_BOUND('',#1463,.T.);
#1618=FACE_BOUND('',#1464,.T.);
#1619=FACE_BOUND('',#1465,.T.);
#1620=FACE_BOUND('',#1466,.T.);
#1621=FACE_BOUND('',#1467,.T.);
#1622=FACE_BOUND('',#1468,.T.);
#1623=FACE_BOUND('',#1469,.T.);
#1624=FACE_BOUND('',#1470,.T.);
#1625=FACE_BOUND('',#1471,.T.);
#1626=FACE_BOUND('',#1472,.T.);
#1627=FACE_BOUND('',#1473,.T.);
#1628=FACE_BOUND('',#1474,.T.);
#1629=FACE_BOUND('',#1475,.T.);
#1630=FACE_BOUND('',#1476,.T.);
#1631=FACE_BOUND('',#1477,.T.);
#1632=FACE_BOUND('',#1478,.T.);
#1633=FACE_BOUND('',#1479,.T.);
#1634=FACE_BOUND('',#1480,.T.);
#1635=FACE_BOUND('',#1481,.T.);
#1636=FACE_BOUND('',#1482,.T.);
#1637=FACE_BOUND('',#1483,.T.);
#1638=FACE_BOUND('',#1484,.T.);
#1639=FACE_BOUND('',#1485,.T.);
#1640=FACE_BOUND('',#1486,.T.);
#1641=FACE_BOUND('',#1487,.T.);
#1642=FACE_BOUND('',#1488,.T.);
#1643=FACE_BOUND('',#1489,.T.);
#1644=FACE_BOUND('',#1490,.T.);
#1645=FACE_BOUND('',#1491,.T.);
#1646=FACE_BOUND('',#1492,.T.);
#1647=FACE_BOUND('',#1493,.T.);
#1648=FACE_BOUND('',#1494,.T.);
#1649=FACE_BOUND('',#1495,.T.);
#1650=FACE_BOUND('',#1496,.T.);
#1651=FACE_BOUND('',#1497,.T.);
#1652=FACE_BOUND('',#1498,.T.);
#1653=FACE_BOUND('',#1499,.T.);
#1654=FACE_BOUND('',#1500,.T.);
#1655=FACE_BOUND('',#1501,.T.);
#1656=FACE_BOUND('',#1502,.T.);
#1657=FACE_BOUND('',#1503,.T.);
#1658=FACE_BOUND('',#1504,.T.);
#1659=FACE_BOUND('',#1505,.T.);
#1660=FACE_BOUND('',#1506,.T.);
#1661=FACE_BOUND('',#1507,.T.);
#1662=FACE_BOUND('',#1508,.T.);
#1663=FACE_BOUND('',#1509,.T.);
#1664=FACE_BOUND('',#1510,.T.);
#1665=FACE_BOUND('',#1511,.T.);
#1666=FACE_BOUND('',#1512,.T.);
#1667=FACE_BOUND('',#1513,.T.);
#1668=FACE_BOUND('',#1514,.T.);
#1669=FACE_BOUND('',#1515,.T.);
#1670=FACE_BOUND('',#1516,.T.);
#1671=FACE_BOUND('',#1517,.T.);
#1672=FACE_BOUND('',#1518,.T.);
#1673=FACE_BOUND('',#1519,.T.);
#1674=FACE_BOUND('',#1520,.T.);
#1675=FACE_BOUND('',#1521,.T.);
#1676=FACE_BOUND('',#1522,.T.);
#1677=FACE_BOUND('',#1523,.T.);
#1678=FACE_BOUND('',#1524,.T.);
#1679=FACE_BOUND('',#1525,.T.);
#1680=FACE_BOUND('',#1526,.T.);
#1681=FACE_BOUND('',#1527,.T.);
#1682=FACE_BOUND('',#1528,.T.);
#1683=FACE_BOUND('',#1529,.T.);
#1684=FACE_BOUND('',#1530,.T.);
#1685=FACE_BOUND('',#1531,.T.);
#1686=FACE_BOUND('',#1532,.T.);
#1687=FACE_BOUND('',#1533,.T.);
#1688=FACE_BOUND('',#1534,.T.);
#1689=FACE_BOUND('',#1535,.T.);
#1690=FACE_BOUND('',#1536,.T.);
#1691=FACE_BOUND('',#1537,.T.);
#1692=FACE_BOUND('',#1538,.T.);
#1693=FACE_BOUND('',#1539,.T.);
#1694=FACE_BOUND('',#1540,.T.);
#1695=FACE_BOUND('',#1541,.T.);
#1696=FACE_BOUND('',#1542,.T.);
#1697=FACE_BOUND('',#1543,.T.);
#1698=FACE_BOUND('',#1544,.T.);
#1699=FACE_BOUND('',#1545,.T.);
#1700=FACE_BOUND('',#1546,.T.);
#1701=FACE_BOUND('',#1547,.T.);
#1702=FACE_BOUND('',#1548,.T.);
#1703=FACE_BOUND('',#1549,.T.);
#1704=FACE_BOUND('',#1550,.T.);
#1705=FACE_BOUND('',#1551,.T.);
#1706=FACE_BOUND('',#1552,.T.);
#1707=FACE_BOUND('',#1553,.T.);
#1708=FACE_BOUND('',#1554,.T.);
#1709=FACE_BOUND('',#1555,.T.);
#1710=FACE_BOUND('',#1556,.T.);
#1711=FACE_BOUND('',#1557,.T.);
#1712=FACE_BOUND('',#1558,.T.);
#1713=FACE_BOUND('',#1559,.T.);
#1714=FACE_BOUND('',#1560,.T.);
#1715=FACE_BOUND('',#1561,.T.);
#1716=FACE_BOUND('',#1562,.T.);
#1717=FACE_BOUND('',#1563,.T.);
#1718=FACE_BOUND('',#1564,.T.);
#1719=FACE_BOUND('',#1565,.T.);
#1720=FACE_BOUND('',#1566,.T.);
#1721=FACE_BOUND('',#1567,.T.);
#1722=PLANE('',#2274);
#1723=PLANE('',#2275);
#1724=PLANE('',#2276);
#1725=PLANE('',#2277);
#1726=PLANE('',#2278);
#1727=PLANE('',#2279);
#1728=PLANE('',#2281);
#1729=PLANE('',#2282);
#1730=PLANE('',#2283);
#1731=PLANE('',#2284);
#1732=PLANE('',#2285);
#1733=PLANE('',#2286);
#1734=PLANE('',#2288);
#1735=PLANE('',#2293);
#1736=PLANE('',#2294);
#1737=PLANE('',#2295);
#1738=PLANE('',#2299);
#1739=PLANE('',#2300);
#1740=PLANE('',#2302);
#1741=PLANE('',#2303);
#1742=PLANE('',#2306);
#1743=PLANE('',#2309);
#1744=PLANE('',#2312);
#1745=PLANE('',#2314);
#1746=PLANE('',#2315);
#1747=PLANE('',#2316);
#1748=PLANE('',#2317);
#1749=PLANE('',#2318);
#1750=PLANE('',#2319);
#1751=PLANE('',#2321);
#1752=PLANE('',#2322);
#1753=PLANE('',#2323);
#1754=PLANE('',#2324);
#1755=PLANE('',#2325);
#1756=PLANE('',#2326);
#1757=PLANE('',#2328);
#1758=PLANE('',#2329);
#1759=PLANE('',#2330);
#1760=PLANE('',#2331);
#1761=PLANE('',#2332);
#1762=PLANE('',#2333);
#1763=PLANE('',#2335);
#1764=PLANE('',#2336);
#1765=PLANE('',#2337);
#1766=PLANE('',#2338);
#1767=PLANE('',#2339);
#1768=PLANE('',#2340);
#1769=PLANE('',#2342);
#1770=PLANE('',#2343);
#1771=PLANE('',#2344);
#1772=PLANE('',#2345);
#1773=PLANE('',#2346);
#1774=PLANE('',#2347);
#1775=PLANE('',#2349);
#1776=PLANE('',#2350);
#1777=PLANE('',#2351);
#1778=PLANE('',#2352);
#1779=PLANE('',#2353);
#1780=PLANE('',#2354);
#1781=PLANE('',#2356);
#1782=PLANE('',#2357);
#1783=PLANE('',#2358);
#1784=PLANE('',#2359);
#1785=PLANE('',#2360);
#1786=PLANE('',#2361);
#1787=PLANE('',#2363);
#1788=PLANE('',#2364);
#1789=PLANE('',#2365);
#1790=PLANE('',#2366);
#1791=PLANE('',#2367);
#1792=PLANE('',#2368);
#1793=PLANE('',#2370);
#1794=PLANE('',#2371);
#1795=PLANE('',#2372);
#1796=PLANE('',#2373);
#1797=PLANE('',#2374);
#1798=PLANE('',#2375);
#1799=PLANE('',#2377);
#1800=PLANE('',#2378);
#1801=PLANE('',#2379);
#1802=PLANE('',#2380);
#1803=PLANE('',#2381);
#1804=PLANE('',#2382);
#1805=PLANE('',#2384);
#1806=PLANE('',#2385);
#1807=PLANE('',#2386);
#1808=PLANE('',#2387);
#1809=PLANE('',#2388);
#1810=PLANE('',#2389);
#1811=PLANE('',#2391);
#1812=PLANE('',#2392);
#1813=PLANE('',#2393);
#1814=PLANE('',#2394);
#1815=PLANE('',#2395);
#1816=PLANE('',#2396);
#1817=PLANE('',#2398);
#1818=PLANE('',#2399);
#1819=PLANE('',#2400);
#1820=PLANE('',#2401);
#1821=PLANE('',#2402);
#1822=PLANE('',#2403);
#1823=PLANE('',#2405);
#1824=PLANE('',#2406);
#1825=PLANE('',#2407);
#1826=PLANE('',#2408);
#1827=PLANE('',#2409);
#1828=PLANE('',#2410);
#1829=PLANE('',#2415);
#1830=PLANE('',#2416);
#1831=PLANE('',#2421);
#1832=PLANE('',#2422);
#1833=PLANE('',#2427);
#1834=PLANE('',#2428);
#1835=PLANE('',#2433);
#1836=PLANE('',#2434);
#1837=PLANE('',#2439);
#1838=PLANE('',#2440);
#1839=PLANE('',#2445);
#1840=PLANE('',#2446);
#1841=PLANE('',#2451);
#1842=PLANE('',#2452);
#1843=PLANE('',#2457);
#1844=PLANE('',#2458);
#1845=PLANE('',#2463);
#1846=PLANE('',#2464);
#1847=ADVANCED_FACE('',(#1568),#1722,.T.);
#1848=ADVANCED_FACE('',(#1569),#1723,.F.);
#1849=ADVANCED_FACE('',(#1570),#1724,.F.);
#1850=ADVANCED_FACE('',(#1571),#1725,.T.);
#1851=ADVANCED_FACE('',(#1572),#1726,.F.);
#1852=ADVANCED_FACE('',(#1573),#1727,.T.);
#1853=ADVANCED_FACE('',(#1574),#1728,.T.);
#1854=ADVANCED_FACE('',(#1575),#1729,.F.);
#1855=ADVANCED_FACE('',(#1576),#1730,.F.);
#1856=ADVANCED_FACE('',(#1577),#1731,.T.);
#1857=ADVANCED_FACE('',(#1578),#1732,.F.);
#1858=ADVANCED_FACE('',(#1579),#1733,.T.);
#1859=ADVANCED_FACE('',(#1580,#1581,#1582,#1583),#1734,.T.);
#1860=ADVANCED_FACE('',(#1584),#1735,.F.);
#1861=ADVANCED_FACE('',(#1585),#1736,.T.);
#1862=ADVANCED_FACE('',(#1586),#1737,.T.);
#1863=ADVANCED_FACE('',(#1587),#11,.T.);
#1864=ADVANCED_FACE('',(#1588),#1738,.T.);
#1865=ADVANCED_FACE('',(#1589),#1739,.F.);
#1866=ADVANCED_FACE('',(#1590),#12,.T.);
#1867=ADVANCED_FACE('',(#1591),#1740,.F.);
#1868=ADVANCED_FACE('',(#1592),#1741,.T.);
#1869=ADVANCED_FACE('',(#1593,#1594),#13,.T.);
#1870=ADVANCED_FACE('',(#1595),#1742,.T.);
#1871=ADVANCED_FACE('',(#1596,#1597),#14,.T.);
#1872=ADVANCED_FACE('',(#1598),#1743,.T.);
#1873=ADVANCED_FACE('',(#1599,#1600),#15,.T.);
#1874=ADVANCED_FACE('',(#1601),#1744,.T.);
#1875=ADVANCED_FACE('',(#1602),#1745,.T.);
#1876=ADVANCED_FACE('',(#1603),#1746,.F.);
#1877=ADVANCED_FACE('',(#1604),#1747,.F.);
#1878=ADVANCED_FACE('',(#1605),#1748,.T.);
#1879=ADVANCED_FACE('',(#1606),#1749,.F.);
#1880=ADVANCED_FACE('',(#1607),#1750,.T.);
#1881=ADVANCED_FACE('',(#1608),#1751,.T.);
#1882=ADVANCED_FACE('',(#1609),#1752,.F.);
#1883=ADVANCED_FACE('',(#1610),#1753,.F.);
#1884=ADVANCED_FACE('',(#1611),#1754,.T.);
#1885=ADVANCED_FACE('',(#1612),#1755,.F.);
#1886=ADVANCED_FACE('',(#1613),#1756,.T.);
#1887=ADVANCED_FACE('',(#1614),#1757,.T.);
#1888=ADVANCED_FACE('',(#1615),#1758,.F.);
#1889=ADVANCED_FACE('',(#1616),#1759,.F.);
#1890=ADVANCED_FACE('',(#1617),#1760,.T.);
#1891=ADVANCED_FACE('',(#1618),#1761,.F.);
#1892=ADVANCED_FACE('',(#1619),#1762,.T.);
#1893=ADVANCED_FACE('',(#1620),#1763,.T.);
#1894=ADVANCED_FACE('',(#1621),#1764,.F.);
#1895=ADVANCED_FACE('',(#1622),#1765,.F.);
#1896=ADVANCED_FACE('',(#1623),#1766,.T.);
#1897=ADVANCED_FACE('',(#1624),#1767,.F.);
#1898=ADVANCED_FACE('',(#1625),#1768,.T.);
#1899=ADVANCED_FACE('',(#1626),#1769,.T.);
#1900=ADVANCED_FACE('',(#1627),#1770,.F.);
#1901=ADVANCED_FACE('',(#1628),#1771,.F.);
#1902=ADVANCED_FACE('',(#1629),#1772,.T.);
#1903=ADVANCED_FACE('',(#1630),#1773,.F.);
#1904=ADVANCED_FACE('',(#1631),#1774,.T.);
#1905=ADVANCED_FACE('',(#1632),#1775,.T.);
#1906=ADVANCED_FACE('',(#1633),#1776,.F.);
#1907=ADVANCED_FACE('',(#1634),#1777,.F.);
#1908=ADVANCED_FACE('',(#1635),#1778,.T.);
#1909=ADVANCED_FACE('',(#1636),#1779,.F.);
#1910=ADVANCED_FACE('',(#1637),#1780,.T.);
#1911=ADVANCED_FACE('',(#1638),#1781,.T.);
#1912=ADVANCED_FACE('',(#1639),#1782,.F.);
#1913=ADVANCED_FACE('',(#1640),#1783,.F.);
#1914=ADVANCED_FACE('',(#1641),#1784,.T.);
#1915=ADVANCED_FACE('',(#1642),#1785,.F.);
#1916=ADVANCED_FACE('',(#1643),#1786,.T.);
#1917=ADVANCED_FACE('',(#1644),#1787,.T.);
#1918=ADVANCED_FACE('',(#1645),#1788,.F.);
#1919=ADVANCED_FACE('',(#1646),#1789,.F.);
#1920=ADVANCED_FACE('',(#1647),#1790,.T.);
#1921=ADVANCED_FACE('',(#1648),#1791,.F.);
#1922=ADVANCED_FACE('',(#1649),#1792,.T.);
#1923=ADVANCED_FACE('',(#1650),#1793,.T.);
#1924=ADVANCED_FACE('',(#1651),#1794,.F.);
#1925=ADVANCED_FACE('',(#1652),#1795,.F.);
#1926=ADVANCED_FACE('',(#1653),#1796,.T.);
#1927=ADVANCED_FACE('',(#1654),#1797,.F.);
#1928=ADVANCED_FACE('',(#1655),#1798,.T.);
#1929=ADVANCED_FACE('',(#1656),#1799,.T.);
#1930=ADVANCED_FACE('',(#1657),#1800,.F.);
#1931=ADVANCED_FACE('',(#1658),#1801,.F.);
#1932=ADVANCED_FACE('',(#1659),#1802,.T.);
#1933=ADVANCED_FACE('',(#1660),#1803,.F.);
#1934=ADVANCED_FACE('',(#1661),#1804,.T.);
#1935=ADVANCED_FACE('',(#1662),#1805,.T.);
#1936=ADVANCED_FACE('',(#1663),#1806,.F.);
#1937=ADVANCED_FACE('',(#1664),#1807,.F.);
#1938=ADVANCED_FACE('',(#1665),#1808,.T.);
#1939=ADVANCED_FACE('',(#1666),#1809,.F.);
#1940=ADVANCED_FACE('',(#1667),#1810,.T.);
#1941=ADVANCED_FACE('',(#1668),#1811,.T.);
#1942=ADVANCED_FACE('',(#1669),#1812,.F.);
#1943=ADVANCED_FACE('',(#1670),#1813,.F.);
#1944=ADVANCED_FACE('',(#1671),#1814,.T.);
#1945=ADVANCED_FACE('',(#1672),#1815,.F.);
#1946=ADVANCED_FACE('',(#1673),#1816,.T.);
#1947=ADVANCED_FACE('',(#1674),#1817,.T.);
#1948=ADVANCED_FACE('',(#1675),#1818,.F.);
#1949=ADVANCED_FACE('',(#1676),#1819,.F.);
#1950=ADVANCED_FACE('',(#1677),#1820,.T.);
#1951=ADVANCED_FACE('',(#1678),#1821,.F.);
#1952=ADVANCED_FACE('',(#1679),#1822,.T.);
#1953=ADVANCED_FACE('',(#1680),#1823,.T.);
#1954=ADVANCED_FACE('',(#1681),#1824,.F.);
#1955=ADVANCED_FACE('',(#1682),#1825,.F.);
#1956=ADVANCED_FACE('',(#1683),#1826,.T.);
#1957=ADVANCED_FACE('',(#1684),#1827,.F.);
#1958=ADVANCED_FACE('',(#1685),#1828,.T.);
#1959=ADVANCED_FACE('',(#1686,#1687),#16,.T.);
#1960=ADVANCED_FACE('',(#1688),#1829,.T.);
#1961=ADVANCED_FACE('',(#1689),#1830,.F.);
#1962=ADVANCED_FACE('',(#1690,#1691),#17,.T.);
#1963=ADVANCED_FACE('',(#1692),#1831,.T.);
#1964=ADVANCED_FACE('',(#1693),#1832,.F.);
#1965=ADVANCED_FACE('',(#1694,#1695),#18,.T.);
#1966=ADVANCED_FACE('',(#1696),#1833,.T.);
#1967=ADVANCED_FACE('',(#1697),#1834,.F.);
#1968=ADVANCED_FACE('',(#1698,#1699),#19,.T.);
#1969=ADVANCED_FACE('',(#1700),#1835,.T.);
#1970=ADVANCED_FACE('',(#1701),#1836,.F.);
#1971=ADVANCED_FACE('',(#1702,#1703),#20,.T.);
#1972=ADVANCED_FACE('',(#1704),#1837,.T.);
#1973=ADVANCED_FACE('',(#1705),#1838,.F.);
#1974=ADVANCED_FACE('',(#1706,#1707),#21,.T.);
#1975=ADVANCED_FACE('',(#1708),#1839,.T.);
#1976=ADVANCED_FACE('',(#1709),#1840,.F.);
#1977=ADVANCED_FACE('',(#1710,#1711),#22,.T.);
#1978=ADVANCED_FACE('',(#1712),#1841,.T.);
#1979=ADVANCED_FACE('',(#1713),#1842,.F.);
#1980=ADVANCED_FACE('',(#1714,#1715),#23,.T.);
#1981=ADVANCED_FACE('',(#1716),#1843,.T.);
#1982=ADVANCED_FACE('',(#1717),#1844,.F.);
#1983=ADVANCED_FACE('',(#1718,#1719),#24,.T.);
#1984=ADVANCED_FACE('',(#1720),#1845,.T.);
#1985=ADVANCED_FACE('',(#1721),#1846,.F.);
#1986=CLOSED_SHELL('',(#1847,#1848,#1849,#1850,#1851,#1852));
#1987=CLOSED_SHELL('',(#1853,#1854,#1855,#1856,#1857,#1858));
#1988=CLOSED_SHELL('',(#1859,#1860,#1861,#1862,#1863,#1864,#1865,#1866,
#1867,#1868,#1869,#1870,#1871,#1872,#1873,#1874));
#1989=CLOSED_SHELL('',(#1875,#1876,#1877,#1878,#1879,#1880));
#1990=CLOSED_SHELL('',(#1881,#1882,#1883,#1884,#1885,#1886));
#1991=CLOSED_SHELL('',(#1887,#1888,#1889,#1890,#1891,#1892));
#1992=CLOSED_SHELL('',(#1893,#1894,#1895,#1896,#1897,#1898));
#1993=CLOSED_SHELL('',(#1899,#1900,#1901,#1902,#1903,#1904));
#1994=CLOSED_SHELL('',(#1905,#1906,#1907,#1908,#1909,#1910));
#1995=CLOSED_SHELL('',(#1911,#1912,#1913,#1914,#1915,#1916));
#1996=CLOSED_SHELL('',(#1917,#1918,#1919,#1920,#1921,#1922));
#1997=CLOSED_SHELL('',(#1923,#1924,#1925,#1926,#1927,#1928));
#1998=CLOSED_SHELL('',(#1929,#1930,#1931,#1932,#1933,#1934));
#1999=CLOSED_SHELL('',(#1935,#1936,#1937,#1938,#1939,#1940));
#2000=CLOSED_SHELL('',(#1941,#1942,#1943,#1944,#1945,#1946));
#2001=CLOSED_SHELL('',(#1947,#1948,#1949,#1950,#1951,#1952));
#2002=CLOSED_SHELL('',(#1953,#1954,#1955,#1956,#1957,#1958));
#2003=CLOSED_SHELL('',(#1959,#1960,#1961));
#2004=CLOSED_SHELL('',(#1962,#1963,#1964));
#2005=CLOSED_SHELL('',(#1965,#1966,#1967));
#2006=CLOSED_SHELL('',(#1968,#1969,#1970));
#2007=CLOSED_SHELL('',(#1971,#1972,#1973));
#2008=CLOSED_SHELL('',(#1974,#1975,#1976));
#2009=CLOSED_SHELL('',(#1977,#1978,#1979));
#2010=CLOSED_SHELL('',(#1980,#1981,#1982));
#2011=CLOSED_SHELL('',(#1983,#1984,#1985));
#2012=STYLED_ITEM('',(#2038),#2195);
#2013=STYLED_ITEM('',(#2039),#2196);
#2014=STYLED_ITEM('',(#2040),#2197);
#2015=STYLED_ITEM('',(#2041),#2198);
#2016=STYLED_ITEM('',(#2042),#2199);
#2017=STYLED_ITEM('',(#2043),#2200);
#2018=STYLED_ITEM('',(#2044),#2201);
#2019=STYLED_ITEM('',(#2045),#2202);
#2020=STYLED_ITEM('',(#2046),#2203);
#2021=STYLED_ITEM('',(#2047),#2204);
#2022=STYLED_ITEM('',(#2048),#2205);
#2023=STYLED_ITEM('',(#2049),#2206);
#2024=STYLED_ITEM('',(#2050),#2207);
#2025=STYLED_ITEM('',(#2051),#2208);
#2026=STYLED_ITEM('',(#2052),#2209);
#2027=STYLED_ITEM('',(#2053),#2210);
#2028=STYLED_ITEM('',(#2054),#2211);
#2029=STYLED_ITEM('',(#2055),#2212);
#2030=STYLED_ITEM('',(#2056),#2213);
#2031=STYLED_ITEM('',(#2057),#2214);
#2032=STYLED_ITEM('',(#2058),#2215);
#2033=STYLED_ITEM('',(#2059),#2216);
#2034=STYLED_ITEM('',(#2060),#2217);
#2035=STYLED_ITEM('',(#2061),#2218);
#2036=STYLED_ITEM('',(#2062),#2219);
#2037=STYLED_ITEM('',(#2063),#2220);
#2038=PRESENTATION_STYLE_ASSIGNMENT((#2064));
#2039=PRESENTATION_STYLE_ASSIGNMENT((#2065));
#2040=PRESENTATION_STYLE_ASSIGNMENT((#2066));
#2041=PRESENTATION_STYLE_ASSIGNMENT((#2067));
#2042=PRESENTATION_STYLE_ASSIGNMENT((#2068));
#2043=PRESENTATION_STYLE_ASSIGNMENT((#2069));
#2044=PRESENTATION_STYLE_ASSIGNMENT((#2070));
#2045=PRESENTATION_STYLE_ASSIGNMENT((#2071));
#2046=PRESENTATION_STYLE_ASSIGNMENT((#2072));
#2047=PRESENTATION_STYLE_ASSIGNMENT((#2073));
#2048=PRESENTATION_STYLE_ASSIGNMENT((#2074));
#2049=PRESENTATION_STYLE_ASSIGNMENT((#2075));
#2050=PRESENTATION_STYLE_ASSIGNMENT((#2076));
#2051=PRESENTATION_STYLE_ASSIGNMENT((#2077));
#2052=PRESENTATION_STYLE_ASSIGNMENT((#2078));
#2053=PRESENTATION_STYLE_ASSIGNMENT((#2079));
#2054=PRESENTATION_STYLE_ASSIGNMENT((#2080));
#2055=PRESENTATION_STYLE_ASSIGNMENT((#2081));
#2056=PRESENTATION_STYLE_ASSIGNMENT((#2082));
#2057=PRESENTATION_STYLE_ASSIGNMENT((#2083));
#2058=PRESENTATION_STYLE_ASSIGNMENT((#2084));
#2059=PRESENTATION_STYLE_ASSIGNMENT((#2085));
#2060=PRESENTATION_STYLE_ASSIGNMENT((#2086));
#2061=PRESENTATION_STYLE_ASSIGNMENT((#2087));
#2062=PRESENTATION_STYLE_ASSIGNMENT((#2088));
#2063=PRESENTATION_STYLE_ASSIGNMENT((#2089));
#2064=SURFACE_STYLE_USAGE(.BOTH.,#2090);
#2065=SURFACE_STYLE_USAGE(.BOTH.,#2091);
#2066=SURFACE_STYLE_USAGE(.BOTH.,#2092);
#2067=SURFACE_STYLE_USAGE(.BOTH.,#2093);
#2068=SURFACE_STYLE_USAGE(.BOTH.,#2094);
#2069=SURFACE_STYLE_USAGE(.BOTH.,#2095);
#2070=SURFACE_STYLE_USAGE(.BOTH.,#2096);
#2071=SURFACE_STYLE_USAGE(.BOTH.,#2097);
#2072=SURFACE_STYLE_USAGE(.BOTH.,#2098);
#2073=SURFACE_STYLE_USAGE(.BOTH.,#2099);
#2074=SURFACE_STYLE_USAGE(.BOTH.,#2100);
#2075=SURFACE_STYLE_USAGE(.BOTH.,#2101);
#2076=SURFACE_STYLE_USAGE(.BOTH.,#2102);
#2077=SURFACE_STYLE_USAGE(.BOTH.,#2103);
#2078=SURFACE_STYLE_USAGE(.BOTH.,#2104);
#2079=SURFACE_STYLE_USAGE(.BOTH.,#2105);
#2080=SURFACE_STYLE_USAGE(.BOTH.,#2106);
#2081=SURFACE_STYLE_USAGE(.BOTH.,#2107);
#2082=SURFACE_STYLE_USAGE(.BOTH.,#2108);
#2083=SURFACE_STYLE_USAGE(.BOTH.,#2109);
#2084=SURFACE_STYLE_USAGE(.BOTH.,#2110);
#2085=SURFACE_STYLE_USAGE(.BOTH.,#2111);
#2086=SURFACE_STYLE_USAGE(.BOTH.,#2112);
#2087=SURFACE_STYLE_USAGE(.BOTH.,#2113);
#2088=SURFACE_STYLE_USAGE(.BOTH.,#2114);
#2089=SURFACE_STYLE_USAGE(.BOTH.,#2115);
#2090=SURFACE_SIDE_STYLE('',(#2116));
#2091=SURFACE_SIDE_STYLE('',(#2117));
#2092=SURFACE_SIDE_STYLE('',(#2118));
#2093=SURFACE_SIDE_STYLE('',(#2119));
#2094=SURFACE_SIDE_STYLE('',(#2120));
#2095=SURFACE_SIDE_STYLE('',(#2121));
#2096=SURFACE_SIDE_STYLE('',(#2122));
#2097=SURFACE_SIDE_STYLE('',(#2123));
#2098=SURFACE_SIDE_STYLE('',(#2124));
#2099=SURFACE_SIDE_STYLE('',(#2125));
#2100=SURFACE_SIDE_STYLE('',(#2126));
#2101=SURFACE_SIDE_STYLE('',(#2127));
#2102=SURFACE_SIDE_STYLE('',(#2128));
#2103=SURFACE_SIDE_STYLE('',(#2129));
#2104=SURFACE_SIDE_STYLE('',(#2130));
#2105=SURFACE_SIDE_STYLE('',(#2131));
#2106=SURFACE_SIDE_STYLE('',(#2132));
#2107=SURFACE_SIDE_STYLE('',(#2133));
#2108=SURFACE_SIDE_STYLE('',(#2134));
#2109=SURFACE_SIDE_STYLE('',(#2135));
#2110=SURFACE_SIDE_STYLE('',(#2136));
#2111=SURFACE_SIDE_STYLE('',(#2137));
#2112=SURFACE_SIDE_STYLE('',(#2138));
#2113=SURFACE_SIDE_STYLE('',(#2139));
#2114=SURFACE_SIDE_STYLE('',(#2140));
#2115=SURFACE_SIDE_STYLE('',(#2141));
#2116=SURFACE_STYLE_FILL_AREA(#2142);
#2117=SURFACE_STYLE_FILL_AREA(#2143);
#2118=SURFACE_STYLE_FILL_AREA(#2144);
#2119=SURFACE_STYLE_FILL_AREA(#2145);
#2120=SURFACE_STYLE_FILL_AREA(#2146);
#2121=SURFACE_STYLE_FILL_AREA(#2147);
#2122=SURFACE_STYLE_FILL_AREA(#2148);
#2123=SURFACE_STYLE_FILL_AREA(#2149);
#2124=SURFACE_STYLE_FILL_AREA(#2150);
#2125=SURFACE_STYLE_FILL_AREA(#2151);
#2126=SURFACE_STYLE_FILL_AREA(#2152);
#2127=SURFACE_STYLE_FILL_AREA(#2153);
#2128=SURFACE_STYLE_FILL_AREA(#2154);
#2129=SURFACE_STYLE_FILL_AREA(#2155);
#2130=SURFACE_STYLE_FILL_AREA(#2156);
#2131=SURFACE_STYLE_FILL_AREA(#2157);
#2132=SURFACE_STYLE_FILL_AREA(#2158);
#2133=SURFACE_STYLE_FILL_AREA(#2159);
#2134=SURFACE_STYLE_FILL_AREA(#2160);
#2135=SURFACE_STYLE_FILL_AREA(#2161);
#2136=SURFACE_STYLE_FILL_AREA(#2162);
#2137=SURFACE_STYLE_FILL_AREA(#2163);
#2138=SURFACE_STYLE_FILL_AREA(#2164);
#2139=SURFACE_STYLE_FILL_AREA(#2165);
#2140=SURFACE_STYLE_FILL_AREA(#2166);
#2141=SURFACE_STYLE_FILL_AREA(#2167);
#2142=FILL_AREA_STYLE('',(#2168));
#2143=FILL_AREA_STYLE('',(#2169));
#2144=FILL_AREA_STYLE('',(#2170));
#2145=FILL_AREA_STYLE('',(#2171));
#2146=FILL_AREA_STYLE('',(#2172));
#2147=FILL_AREA_STYLE('',(#2173));
#2148=FILL_AREA_STYLE('',(#2174));
#2149=FILL_AREA_STYLE('',(#2175));
#2150=FILL_AREA_STYLE('',(#2176));
#2151=FILL_AREA_STYLE('',(#2177));
#2152=FILL_AREA_STYLE('',(#2178));
#2153=FILL_AREA_STYLE('',(#2179));
#2154=FILL_AREA_STYLE('',(#2180));
#2155=FILL_AREA_STYLE('',(#2181));
#2156=FILL_AREA_STYLE('',(#2182));
#2157=FILL_AREA_STYLE('',(#2183));
#2158=FILL_AREA_STYLE('',(#2184));
#2159=FILL_AREA_STYLE('',(#2185));
#2160=FILL_AREA_STYLE('',(#2186));
#2161=FILL_AREA_STYLE('',(#2187));
#2162=FILL_AREA_STYLE('',(#2188));
#2163=FILL_AREA_STYLE('',(#2189));
#2164=FILL_AREA_STYLE('',(#2190));
#2165=FILL_AREA_STYLE('',(#2191));
#2166=FILL_AREA_STYLE('',(#2192));
#2167=FILL_AREA_STYLE('',(#2193));
#2168=FILL_AREA_STYLE_COLOUR('',#2194);
#2169=FILL_AREA_STYLE_COLOUR('',#51);
#2170=FILL_AREA_STYLE_COLOUR('',#52);
#2171=FILL_AREA_STYLE_COLOUR('',#51);
#2172=FILL_AREA_STYLE_COLOUR('',#51);
#2173=FILL_AREA_STYLE_COLOUR('',#51);
#2174=FILL_AREA_STYLE_COLOUR('',#51);
#2175=FILL_AREA_STYLE_COLOUR('',#51);
#2176=FILL_AREA_STYLE_COLOUR('',#51);
#2177=FILL_AREA_STYLE_COLOUR('',#51);
#2178=FILL_AREA_STYLE_COLOUR('',#2194);
#2179=FILL_AREA_STYLE_COLOUR('',#2194);
#2180=FILL_AREA_STYLE_COLOUR('',#2194);
#2181=FILL_AREA_STYLE_COLOUR('',#2194);
#2182=FILL_AREA_STYLE_COLOUR('',#2194);
#2183=FILL_AREA_STYLE_COLOUR('',#2194);
#2184=FILL_AREA_STYLE_COLOUR('',#2194);
#2185=FILL_AREA_STYLE_COLOUR('',#51);
#2186=FILL_AREA_STYLE_COLOUR('',#51);
#2187=FILL_AREA_STYLE_COLOUR('',#51);
#2188=FILL_AREA_STYLE_COLOUR('',#51);
#2189=FILL_AREA_STYLE_COLOUR('',#51);
#2190=FILL_AREA_STYLE_COLOUR('',#53);
#2191=FILL_AREA_STYLE_COLOUR('',#51);
#2192=FILL_AREA_STYLE_COLOUR('',#53);
#2193=FILL_AREA_STYLE_COLOUR('',#53);
#2194=DRAUGHTING_PRE_DEFINED_COLOUR('black');
#2195=MANIFOLD_SOLID_BREP('Part 86',#1986);
#2196=MANIFOLD_SOLID_BREP('Part 87',#1987);
#2197=MANIFOLD_SOLID_BREP('Part 88',#1988);
#2198=MANIFOLD_SOLID_BREP('Part 89',#1989);
#2199=MANIFOLD_SOLID_BREP('Part 90',#1990);
#2200=MANIFOLD_SOLID_BREP('Part 91',#1991);
#2201=MANIFOLD_SOLID_BREP('Part 92',#1992);
#2202=MANIFOLD_SOLID_BREP('Part 93',#1993);
#2203=MANIFOLD_SOLID_BREP('Part 94',#1994);
#2204=MANIFOLD_SOLID_BREP('Part 95',#1995);
#2205=MANIFOLD_SOLID_BREP('Part 96',#1996);
#2206=MANIFOLD_SOLID_BREP('Part 97',#1997);
#2207=MANIFOLD_SOLID_BREP('Part 98',#1998);
#2208=MANIFOLD_SOLID_BREP('Part 99',#1999);
#2209=MANIFOLD_SOLID_BREP('Part 100',#2000);
#2210=MANIFOLD_SOLID_BREP('Part 101',#2001);
#2211=MANIFOLD_SOLID_BREP('Part 102',#2002);
#2212=MANIFOLD_SOLID_BREP('Part 163',#2003);
#2213=MANIFOLD_SOLID_BREP('Part 164',#2004);
#2214=MANIFOLD_SOLID_BREP('Part 166',#2005);
#2215=MANIFOLD_SOLID_BREP('Part 168',#2006);
#2216=MANIFOLD_SOLID_BREP('Part 167',#2007);
#2217=MANIFOLD_SOLID_BREP('Part 171',#2008);
#2218=MANIFOLD_SOLID_BREP('Part 165',#2009);
#2219=MANIFOLD_SOLID_BREP('Part 170',#2010);
#2220=MANIFOLD_SOLID_BREP('Part 169',#2011);
#2221=SHAPE_DEFINITION_REPRESENTATION(#3788,#2247);
#2222=SHAPE_DEFINITION_REPRESENTATION(#3789,#2248);
#2223=SHAPE_DEFINITION_REPRESENTATION(#3790,#2249);
#2224=SHAPE_DEFINITION_REPRESENTATION(#3791,#2250);
#2225=SHAPE_DEFINITION_REPRESENTATION(#3792,#2251);
#2226=SHAPE_DEFINITION_REPRESENTATION(#3793,#2252);
#2227=SHAPE_DEFINITION_REPRESENTATION(#3794,#2253);
#2228=SHAPE_DEFINITION_REPRESENTATION(#3795,#2254);
#2229=SHAPE_DEFINITION_REPRESENTATION(#3796,#2255);
#2230=SHAPE_DEFINITION_REPRESENTATION(#3797,#2256);
#2231=SHAPE_DEFINITION_REPRESENTATION(#3798,#2257);
#2232=SHAPE_DEFINITION_REPRESENTATION(#3799,#2258);
#2233=SHAPE_DEFINITION_REPRESENTATION(#3800,#2259);
#2234=SHAPE_DEFINITION_REPRESENTATION(#3801,#2260);
#2235=SHAPE_DEFINITION_REPRESENTATION(#3802,#2261);
#2236=SHAPE_DEFINITION_REPRESENTATION(#3803,#2262);
#2237=SHAPE_DEFINITION_REPRESENTATION(#3804,#2263);
#2238=SHAPE_DEFINITION_REPRESENTATION(#3805,#2264);
#2239=SHAPE_DEFINITION_REPRESENTATION(#3806,#2265);
#2240=SHAPE_DEFINITION_REPRESENTATION(#3807,#2266);
#2241=SHAPE_DEFINITION_REPRESENTATION(#3808,#2267);
#2242=SHAPE_DEFINITION_REPRESENTATION(#3809,#2268);
#2243=SHAPE_DEFINITION_REPRESENTATION(#3810,#2269);
#2244=SHAPE_DEFINITION_REPRESENTATION(#3811,#2270);
#2245=SHAPE_DEFINITION_REPRESENTATION(#3812,#2271);
#2246=SHAPE_DEFINITION_REPRESENTATION(#3813,#2272);
#2247=SHAPE_REPRESENTATION('Part 86',(#2273),#3658);
#2248=SHAPE_REPRESENTATION('Part 87',(#2280),#3659);
#2249=SHAPE_REPRESENTATION('Part 88',(#2287),#3660);
#2250=SHAPE_REPRESENTATION('Part 89',(#2313),#3661);
#2251=SHAPE_REPRESENTATION('Part 90',(#2320),#3662);
#2252=SHAPE_REPRESENTATION('Part 91',(#2327),#3663);
#2253=SHAPE_REPRESENTATION('Part 92',(#2334),#3664);
#2254=SHAPE_REPRESENTATION('Part 93',(#2341),#3665);
#2255=SHAPE_REPRESENTATION('Part 94',(#2348),#3666);
#2256=SHAPE_REPRESENTATION('Part 95',(#2355),#3667);
#2257=SHAPE_REPRESENTATION('Part 96',(#2362),#3668);
#2258=SHAPE_REPRESENTATION('Part 97',(#2369),#3669);
#2259=SHAPE_REPRESENTATION('Part 98',(#2376),#3670);
#2260=SHAPE_REPRESENTATION('Part 99',(#2383),#3671);
#2261=SHAPE_REPRESENTATION('Part 100',(#2390),#3672);
#2262=SHAPE_REPRESENTATION('Part 101',(#2397),#3673);
#2263=SHAPE_REPRESENTATION('Part 102',(#2404),#3674);
#2264=SHAPE_REPRESENTATION('Part 163',(#2411),#3675);
#2265=SHAPE_REPRESENTATION('Part 164',(#2417),#3676);
#2266=SHAPE_REPRESENTATION('Part 166',(#2423),#3677);
#2267=SHAPE_REPRESENTATION('Part 168',(#2429),#3678);
#2268=SHAPE_REPRESENTATION('Part 167',(#2435),#3679);
#2269=SHAPE_REPRESENTATION('Part 171',(#2441),#3680);
#2270=SHAPE_REPRESENTATION('Part 165',(#2447),#3681);
#2271=SHAPE_REPRESENTATION('Part 170',(#2453),#3682);
#2272=SHAPE_REPRESENTATION('Part 169',(#2459),#3683);
#2273=AXIS2_PLACEMENT_3D('',#3061,#2465,#2466);
#2274=AXIS2_PLACEMENT_3D('',#3062,#2467,#2468);
#2275=AXIS2_PLACEMENT_3D('',#3071,#2473,#2474);
#2276=AXIS2_PLACEMENT_3D('',#3077,#2478,#2479);
#2277=AXIS2_PLACEMENT_3D('',#3083,#2483,#2484);
#2278=AXIS2_PLACEMENT_3D('',#3086,#2487,#2488);
#2279=AXIS2_PLACEMENT_3D('',#3087,#2489,#2490);
#2280=AXIS2_PLACEMENT_3D('',#3088,#2491,#2492);
#2281=AXIS2_PLACEMENT_3D('',#3089,#2493,#2494);
#2282=AXIS2_PLACEMENT_3D('',#3098,#2499,#2500);
#2283=AXIS2_PLACEMENT_3D('',#3104,#2504,#2505);
#2284=AXIS2_PLACEMENT_3D('',#3110,#2509,#2510);
#2285=AXIS2_PLACEMENT_3D('',#3113,#2513,#2514);
#2286=AXIS2_PLACEMENT_3D('',#3114,#2515,#2516);
#2287=AXIS2_PLACEMENT_3D('',#3115,#2517,#2518);
#2288=AXIS2_PLACEMENT_3D('',#3116,#2519,#2520);
#2289=AXIS2_PLACEMENT_3D('',#3117,#2521,#2522);
#2290=AXIS2_PLACEMENT_3D('',#3119,#2523,#2524);
#2291=AXIS2_PLACEMENT_3D('',#3121,#2525,#2526);
#2292=AXIS2_PLACEMENT_3D('',#3128,#2529,#2530);
#2293=AXIS2_PLACEMENT_3D('',#3133,#2533,#2534);
#2294=AXIS2_PLACEMENT_3D('',#3142,#2539,#2540);
#2295=AXIS2_PLACEMENT_3D('',#3151,#2545,#2546);
#2296=AXIS2_PLACEMENT_3D('',#3155,#2549,#2550);
#2297=AXIS2_PLACEMENT_3D('',#3156,#2551,#2552);
#2298=AXIS2_PLACEMENT_3D('',#3159,#2554,#2555);
#2299=AXIS2_PLACEMENT_3D('',#3160,#2556,#2557);
#2300=AXIS2_PLACEMENT_3D('',#3163,#2560,#2561);
#2301=AXIS2_PLACEMENT_3D('',#3166,#2564,#2565);
#2302=AXIS2_PLACEMENT_3D('',#3168,#2567,#2568);
#2303=AXIS2_PLACEMENT_3D('',#3169,#2569,#2570);
#2304=AXIS2_PLACEMENT_3D('',#3170,#2571,#2572);
#2305=AXIS2_PLACEMENT_3D('',#3171,#2573,#2574);
#2306=AXIS2_PLACEMENT_3D('',#3173,#2575,#2576);
#2307=AXIS2_PLACEMENT_3D('',#3174,#2577,#2578);
#2308=AXIS2_PLACEMENT_3D('',#3175,#2579,#2580);
#2309=AXIS2_PLACEMENT_3D('',#3177,#2581,#2582);
#2310=AXIS2_PLACEMENT_3D('',#3178,#2583,#2584);
#2311=AXIS2_PLACEMENT_3D('',#3179,#2585,#2586);
#2312=AXIS2_PLACEMENT_3D('',#3181,#2587,#2588);
#2313=AXIS2_PLACEMENT_3D('',#3182,#2589,#2590);
#2314=AXIS2_PLACEMENT_3D('',#3183,#2591,#2592);
#2315=AXIS2_PLACEMENT_3D('',#3192,#2597,#2598);
#2316=AXIS2_PLACEMENT_3D('',#3198,#2602,#2603);
#2317=AXIS2_PLACEMENT_3D('',#3204,#2607,#2608);
#2318=AXIS2_PLACEMENT_3D('',#3207,#2611,#2612);
#2319=AXIS2_PLACEMENT_3D('',#3208,#2613,#2614);
#2320=AXIS2_PLACEMENT_3D('',#3209,#2615,#2616);
#2321=AXIS2_PLACEMENT_3D('',#3210,#2617,#2618);
#2322=AXIS2_PLACEMENT_3D('',#3219,#2623,#2624);
#2323=AXIS2_PLACEMENT_3D('',#3225,#2628,#2629);
#2324=AXIS2_PLACEMENT_3D('',#3231,#2633,#2634);
#2325=AXIS2_PLACEMENT_3D('',#3234,#2637,#2638);
#2326=AXIS2_PLACEMENT_3D('',#3235,#2639,#2640);
#2327=AXIS2_PLACEMENT_3D('',#3236,#2641,#2642);
#2328=AXIS2_PLACEMENT_3D('',#3237,#2643,#2644);
#2329=AXIS2_PLACEMENT_3D('',#3246,#2649,#2650);
#2330=AXIS2_PLACEMENT_3D('',#3252,#2654,#2655);
#2331=AXIS2_PLACEMENT_3D('',#3258,#2659,#2660);
#2332=AXIS2_PLACEMENT_3D('',#3261,#2663,#2664);
#2333=AXIS2_PLACEMENT_3D('',#3262,#2665,#2666);
#2334=AXIS2_PLACEMENT_3D('',#3263,#2667,#2668);
#2335=AXIS2_PLACEMENT_3D('',#3264,#2669,#2670);
#2336=AXIS2_PLACEMENT_3D('',#3273,#2675,#2676);
#2337=AXIS2_PLACEMENT_3D('',#3279,#2680,#2681);
#2338=AXIS2_PLACEMENT_3D('',#3285,#2685,#2686);
#2339=AXIS2_PLACEMENT_3D('',#3288,#2689,#2690);
#2340=AXIS2_PLACEMENT_3D('',#3289,#2691,#2692);
#2341=AXIS2_PLACEMENT_3D('',#3290,#2693,#2694);
#2342=AXIS2_PLACEMENT_3D('',#3291,#2695,#2696);
#2343=AXIS2_PLACEMENT_3D('',#3300,#2701,#2702);
#2344=AXIS2_PLACEMENT_3D('',#3306,#2706,#2707);
#2345=AXIS2_PLACEMENT_3D('',#3312,#2711,#2712);
#2346=AXIS2_PLACEMENT_3D('',#3315,#2715,#2716);
#2347=AXIS2_PLACEMENT_3D('',#3316,#2717,#2718);
#2348=AXIS2_PLACEMENT_3D('',#3317,#2719,#2720);
#2349=AXIS2_PLACEMENT_3D('',#3318,#2721,#2722);
#2350=AXIS2_PLACEMENT_3D('',#3327,#2727,#2728);
#2351=AXIS2_PLACEMENT_3D('',#3333,#2732,#2733);
#2352=AXIS2_PLACEMENT_3D('',#3339,#2737,#2738);
#2353=AXIS2_PLACEMENT_3D('',#3342,#2741,#2742);
#2354=AXIS2_PLACEMENT_3D('',#3343,#2743,#2744);
#2355=AXIS2_PLACEMENT_3D('',#3344,#2745,#2746);
#2356=AXIS2_PLACEMENT_3D('',#3345,#2747,#2748);
#2357=AXIS2_PLACEMENT_3D('',#3354,#2753,#2754);
#2358=AXIS2_PLACEMENT_3D('',#3360,#2758,#2759);
#2359=AXIS2_PLACEMENT_3D('',#3366,#2763,#2764);
#2360=AXIS2_PLACEMENT_3D('',#3369,#2767,#2768);
#2361=AXIS2_PLACEMENT_3D('',#3370,#2769,#2770);
#2362=AXIS2_PLACEMENT_3D('',#3371,#2771,#2772);
#2363=AXIS2_PLACEMENT_3D('',#3372,#2773,#2774);
#2364=AXIS2_PLACEMENT_3D('',#3381,#2779,#2780);
#2365=AXIS2_PLACEMENT_3D('',#3387,#2784,#2785);
#2366=AXIS2_PLACEMENT_3D('',#3393,#2789,#2790);
#2367=AXIS2_PLACEMENT_3D('',#3396,#2793,#2794);
#2368=AXIS2_PLACEMENT_3D('',#3397,#2795,#2796);
#2369=AXIS2_PLACEMENT_3D('',#3398,#2797,#2798);
#2370=AXIS2_PLACEMENT_3D('',#3399,#2799,#2800);
#2371=AXIS2_PLACEMENT_3D('',#3408,#2805,#2806);
#2372=AXIS2_PLACEMENT_3D('',#3414,#2810,#2811);
#2373=AXIS2_PLACEMENT_3D('',#3420,#2815,#2816);
#2374=AXIS2_PLACEMENT_3D('',#3423,#2819,#2820);
#2375=AXIS2_PLACEMENT_3D('',#3424,#2821,#2822);
#2376=AXIS2_PLACEMENT_3D('',#3425,#2823,#2824);
#2377=AXIS2_PLACEMENT_3D('',#3426,#2825,#2826);
#2378=AXIS2_PLACEMENT_3D('',#3435,#2831,#2832);
#2379=AXIS2_PLACEMENT_3D('',#3441,#2836,#2837);
#2380=AXIS2_PLACEMENT_3D('',#3447,#2841,#2842);
#2381=AXIS2_PLACEMENT_3D('',#3450,#2845,#2846);
#2382=AXIS2_PLACEMENT_3D('',#3451,#2847,#2848);
#2383=AXIS2_PLACEMENT_3D('',#3452,#2849,#2850);
#2384=AXIS2_PLACEMENT_3D('',#3453,#2851,#2852);
#2385=AXIS2_PLACEMENT_3D('',#3462,#2857,#2858);
#2386=AXIS2_PLACEMENT_3D('',#3468,#2862,#2863);
#2387=AXIS2_PLACEMENT_3D('',#3474,#2867,#2868);
#2388=AXIS2_PLACEMENT_3D('',#3477,#2871,#2872);
#2389=AXIS2_PLACEMENT_3D('',#3478,#2873,#2874);
#2390=AXIS2_PLACEMENT_3D('',#3479,#2875,#2876);
#2391=AXIS2_PLACEMENT_3D('',#3480,#2877,#2878);
#2392=AXIS2_PLACEMENT_3D('',#3489,#2883,#2884);
#2393=AXIS2_PLACEMENT_3D('',#3495,#2888,#2889);
#2394=AXIS2_PLACEMENT_3D('',#3501,#2893,#2894);
#2395=AXIS2_PLACEMENT_3D('',#3504,#2897,#2898);
#2396=AXIS2_PLACEMENT_3D('',#3505,#2899,#2900);
#2397=AXIS2_PLACEMENT_3D('',#3506,#2901,#2902);
#2398=AXIS2_PLACEMENT_3D('',#3507,#2903,#2904);
#2399=AXIS2_PLACEMENT_3D('',#3516,#2909,#2910);
#2400=AXIS2_PLACEMENT_3D('',#3522,#2914,#2915);
#2401=AXIS2_PLACEMENT_3D('',#3528,#2919,#2920);
#2402=AXIS2_PLACEMENT_3D('',#3531,#2923,#2924);
#2403=AXIS2_PLACEMENT_3D('',#3532,#2925,#2926);
#2404=AXIS2_PLACEMENT_3D('',#3533,#2927,#2928);
#2405=AXIS2_PLACEMENT_3D('',#3534,#2929,#2930);
#2406=AXIS2_PLACEMENT_3D('',#3543,#2935,#2936);
#2407=AXIS2_PLACEMENT_3D('',#3549,#2940,#2941);
#2408=AXIS2_PLACEMENT_3D('',#3555,#2945,#2946);
#2409=AXIS2_PLACEMENT_3D('',#3558,#2949,#2950);
#2410=AXIS2_PLACEMENT_3D('',#3559,#2951,#2952);
#2411=AXIS2_PLACEMENT_3D('',#3560,#2953,#2954);
#2412=AXIS2_PLACEMENT_3D('',#3561,#2955,#2956);
#2413=AXIS2_PLACEMENT_3D('',#3562,#2957,#2958);
#2414=AXIS2_PLACEMENT_3D('',#3564,#2959,#2960);
#2415=AXIS2_PLACEMENT_3D('',#3566,#2961,#2962);
#2416=AXIS2_PLACEMENT_3D('',#3567,#2963,#2964);
#2417=AXIS2_PLACEMENT_3D('',#3568,#2965,#2966);
#2418=AXIS2_PLACEMENT_3D('',#3569,#2967,#2968);
#2419=AXIS2_PLACEMENT_3D('',#3570,#2969,#2970);
#2420=AXIS2_PLACEMENT_3D('',#3572,#2971,#2972);
#2421=AXIS2_PLACEMENT_3D('',#3574,#2973,#2974);
#2422=AXIS2_PLACEMENT_3D('',#3575,#2975,#2976);
#2423=AXIS2_PLACEMENT_3D('',#3576,#2977,#2978);
#2424=AXIS2_PLACEMENT_3D('',#3577,#2979,#2980);
#2425=AXIS2_PLACEMENT_3D('',#3578,#2981,#2982);
#2426=AXIS2_PLACEMENT_3D('',#3580,#2983,#2984);
#2427=AXIS2_PLACEMENT_3D('',#3582,#2985,#2986);
#2428=AXIS2_PLACEMENT_3D('',#3583,#2987,#2988);
#2429=AXIS2_PLACEMENT_3D('',#3584,#2989,#2990);
#2430=AXIS2_PLACEMENT_3D('',#3585,#2991,#2992);
#2431=AXIS2_PLACEMENT_3D('',#3586,#2993,#2994);
#2432=AXIS2_PLACEMENT_3D('',#3588,#2995,#2996);
#2433=AXIS2_PLACEMENT_3D('',#3590,#2997,#2998);
#2434=AXIS2_PLACEMENT_3D('',#3591,#2999,#3000);
#2435=AXIS2_PLACEMENT_3D('',#3592,#3001,#3002);
#2436=AXIS2_PLACEMENT_3D('',#3593,#3003,#3004);
#2437=AXIS2_PLACEMENT_3D('',#3594,#3005,#3006);
#2438=AXIS2_PLACEMENT_3D('',#3596,#3007,#3008);
#2439=AXIS2_PLACEMENT_3D('',#3598,#3009,#3010);
#2440=AXIS2_PLACEMENT_3D('',#3599,#3011,#3012);
#2441=AXIS2_PLACEMENT_3D('',#3600,#3013,#3014);
#2442=AXIS2_PLACEMENT_3D('',#3601,#3015,#3016);
#2443=AXIS2_PLACEMENT_3D('',#3602,#3017,#3018);
#2444=AXIS2_PLACEMENT_3D('',#3604,#3019,#3020);
#2445=AXIS2_PLACEMENT_3D('',#3606,#3021,#3022);
#2446=AXIS2_PLACEMENT_3D('',#3607,#3023,#3024);
#2447=AXIS2_PLACEMENT_3D('',#3608,#3025,#3026);
#2448=AXIS2_PLACEMENT_3D('',#3609,#3027,#3028);
#2449=AXIS2_PLACEMENT_3D('',#3610,#3029,#3030);
#2450=AXIS2_PLACEMENT_3D('',#3612,#3031,#3032);
#2451=AXIS2_PLACEMENT_3D('',#3614,#3033,#3034);
#2452=AXIS2_PLACEMENT_3D('',#3615,#3035,#3036);
#2453=AXIS2_PLACEMENT_3D('',#3616,#3037,#3038);
#2454=AXIS2_PLACEMENT_3D('',#3617,#3039,#3040);
#2455=AXIS2_PLACEMENT_3D('',#3618,#3041,#3042);
#2456=AXIS2_PLACEMENT_3D('',#3620,#3043,#3044);
#2457=AXIS2_PLACEMENT_3D('',#3622,#3045,#3046);
#2458=AXIS2_PLACEMENT_3D('',#3623,#3047,#3048);
#2459=AXIS2_PLACEMENT_3D('',#3624,#3049,#3050);
#2460=AXIS2_PLACEMENT_3D('',#3625,#3051,#3052);
#2461=AXIS2_PLACEMENT_3D('',#3626,#3053,#3054);
#2462=AXIS2_PLACEMENT_3D('',#3628,#3055,#3056);
#2463=AXIS2_PLACEMENT_3D('',#3630,#3057,#3058);
#2464=AXIS2_PLACEMENT_3D('',#3631,#3059,#3060);
#2465=DIRECTION('',(0.,0.,1.));
#2466=DIRECTION('',(1.,0.,0.));
#2467=DIRECTION('',(0.,0.,-1.));
#2468=DIRECTION('',(0.,1.,0.));
#2469=DIRECTION('',(1.,0.,0.));
#2470=DIRECTION('',(0.,-1.,0.));
#2471=DIRECTION('',(1.,0.,0.));
#2472=DIRECTION('',(0.,-1.,0.));
#2473=DIRECTION('',(1.,0.,0.));
#2474=DIRECTION('',(0.,-1.,0.));
#2475=DIRECTION('',(0.,0.,1.));
#2476=DIRECTION('',(0.,-1.,0.));
#2477=DIRECTION('',(0.,0.,-1.));
#2478=DIRECTION('',(0.,0.,-1.));
#2479=DIRECTION('',(0.,1.,0.));
#2480=DIRECTION('',(1.,0.,0.));
#2481=DIRECTION('',(0.,-1.,0.));
#2482=DIRECTION('',(1.,0.,0.));
#2483=DIRECTION('',(1.,0.,0.));
#2484=DIRECTION('',(0.,-1.,0.));
#2485=DIRECTION('',(0.,0.,1.));
#2486=DIRECTION('',(0.,0.,-1.));
#2487=DIRECTION('',(0.,1.,0.));
#2488=DIRECTION('',(1.,0.,0.));
#2489=DIRECTION('',(0.,1.,0.));
#2490=DIRECTION('',(1.,0.,0.));
#2491=DIRECTION('',(0.,0.,1.));
#2492=DIRECTION('',(1.,0.,0.));
#2493=DIRECTION('',(0.,0.,-1.));
#2494=DIRECTION('',(0.,1.,0.));
#2495=DIRECTION('',(1.,0.,0.));
#2496=DIRECTION('',(0.,-1.,0.));
#2497=DIRECTION('',(1.,0.,0.));
#2498=DIRECTION('',(0.,-1.,0.));
#2499=DIRECTION('',(1.,0.,0.));
#2500=DIRECTION('',(0.,-1.,0.));
#2501=DIRECTION('',(0.,0.,1.));
#2502=DIRECTION('',(0.,-1.,0.));
#2503=DIRECTION('',(0.,0.,-1.));
#2504=DIRECTION('',(0.,0.,-1.));
#2505=DIRECTION('',(0.,1.,0.));
#2506=DIRECTION('',(1.,0.,0.));
#2507=DIRECTION('',(0.,-1.,0.));
#2508=DIRECTION('',(1.,0.,0.));
#2509=DIRECTION('',(1.,0.,0.));
#2510=DIRECTION('',(0.,-1.,0.));
#2511=DIRECTION('',(0.,0.,1.));
#2512=DIRECTION('',(0.,0.,-1.));
#2513=DIRECTION('',(0.,1.,0.));
#2514=DIRECTION('',(1.,0.,0.));
#2515=DIRECTION('',(0.,1.,0.));
#2516=DIRECTION('',(1.,0.,0.));
#2517=DIRECTION('',(0.,0.,1.));
#2518=DIRECTION('',(1.,0.,0.));
#2519=DIRECTION('',(0.,0.,1.));
#2520=DIRECTION('',(1.,0.,0.));
#2521=DIRECTION('',(0.,0.,1.));
#2522=DIRECTION('',(0.,-1.,0.));
#2523=DIRECTION('',(0.,0.,1.));
#2524=DIRECTION('',(0.,-1.,0.));
#2525=DIRECTION('',(0.,0.,1.));
#2526=DIRECTION('',(0.,-1.,0.));
#2527=DIRECTION('',(1.,0.,0.));
#2528=DIRECTION('',(0.,1.,0.));
#2529=DIRECTION('',(0.,0.,1.));
#2530=DIRECTION('',(0.,-1.,0.));
#2531=DIRECTION('',(1.,0.,0.));
#2532=DIRECTION('',(0.,1.,0.));
#2533=DIRECTION('',(0.,0.,1.));
#2534=DIRECTION('',(0.,-1.,0.));
#2535=DIRECTION('',(0.,1.,0.));
#2536=DIRECTION('',(1.,0.,0.));
#2537=DIRECTION('',(0.,1.,0.));
#2538=DIRECTION('',(1.,0.,0.));
#2539=DIRECTION('',(0.,0.,1.));
#2540=DIRECTION('',(0.,-1.,0.));
#2541=DIRECTION('',(1.,0.,0.));
#2542=DIRECTION('',(0.,1.,0.));
#2543=DIRECTION('',(1.,0.,0.));
#2544=DIRECTION('',(0.,1.,0.));
#2545=DIRECTION('',(1.,0.,0.));
#2546=DIRECTION('',(0.,0.,-1.));
#2547=DIRECTION('',(0.,0.,-1.));
#2548=DIRECTION('',(0.,0.,-1.));
#2549=DIRECTION('',(1.,0.,0.));
#2550=DIRECTION('',(0.,-1.,0.));
#2551=DIRECTION('',(1.,0.,0.));
#2552=DIRECTION('',(0.,-1.,0.));
#2553=DIRECTION('',(1.,0.,0.));
#2554=DIRECTION('',(0.707106781186548,0.,-0.707106781186548));
#2555=DIRECTION('',(0.707106781186548,0.,0.707106781186548));
#2556=DIRECTION('',(0.,1.,0.));
#2557=DIRECTION('',(1.,0.,0.));
#2558=DIRECTION('',(0.,0.,1.));
#2559=DIRECTION('',(0.,0.,1.));
#2560=DIRECTION('',(0.,1.,0.));
#2561=DIRECTION('',(1.,0.,0.));
#2562=DIRECTION('',(0.,0.,1.));
#2563=DIRECTION('',(0.,0.,1.));
#2564=DIRECTION('',(0.,0.,-1.));
#2565=DIRECTION('',(0.,1.,0.));
#2566=DIRECTION('',(0.,0.,1.));
#2567=DIRECTION('',(-1.,0.,0.));
#2568=DIRECTION('',(0.,1.,0.));
#2569=DIRECTION('',(-1.,0.,0.));
#2570=DIRECTION('',(0.,1.,0.));
#2571=DIRECTION('',(0.,0.,-1.));
#2572=DIRECTION('',(0.,1.,0.));
#2573=DIRECTION('',(0.,0.,1.));
#2574=DIRECTION('',(0.,-1.,0.));
#2575=DIRECTION('',(0.,0.,1.));
#2576=DIRECTION('',(1.,0.,0.));
#2577=DIRECTION('',(0.,0.,-1.));
#2578=DIRECTION('',(0.,1.,0.));
#2579=DIRECTION('',(0.,0.,1.));
#2580=DIRECTION('',(0.,-1.,0.));
#2581=DIRECTION('',(0.,0.,1.));
#2582=DIRECTION('',(1.,0.,0.));
#2583=DIRECTION('',(0.,0.,-1.));
#2584=DIRECTION('',(0.,1.,0.));
#2585=DIRECTION('',(0.,0.,1.));
#2586=DIRECTION('',(0.,-1.,0.));
#2587=DIRECTION('',(0.,0.,1.));
#2588=DIRECTION('',(1.,0.,0.));
#2589=DIRECTION('',(0.,0.,1.));
#2590=DIRECTION('',(1.,0.,0.));
#2591=DIRECTION('',(0.,0.,-1.));
#2592=DIRECTION('',(0.,1.,0.));
#2593=DIRECTION('',(1.,0.,0.));
#2594=DIRECTION('',(0.,-1.,0.));
#2595=DIRECTION('',(1.,0.,0.));
#2596=DIRECTION('',(0.,-1.,0.));
#2597=DIRECTION('',(1.,0.,0.));
#2598=DIRECTION('',(0.,-1.,0.));
#2599=DIRECTION('',(0.,0.,1.));
#2600=DIRECTION('',(0.,-1.,0.));
#2601=DIRECTION('',(0.,0.,-1.));
#2602=DIRECTION('',(0.,0.,-1.));
#2603=DIRECTION('',(0.,1.,0.));
#2604=DIRECTION('',(1.,0.,0.));
#2605=DIRECTION('',(0.,-1.,0.));
#2606=DIRECTION('',(1.,0.,0.));
#2607=DIRECTION('',(1.,0.,0.));
#2608=DIRECTION('',(0.,-1.,0.));
#2609=DIRECTION('',(0.,0.,1.));
#2610=DIRECTION('',(0.,0.,-1.));
#2611=DIRECTION('',(0.,1.,0.));
#2612=DIRECTION('',(1.,0.,0.));
#2613=DIRECTION('',(0.,1.,0.));
#2614=DIRECTION('',(1.,0.,0.));
#2615=DIRECTION('',(0.,0.,1.));
#2616=DIRECTION('',(1.,0.,0.));
#2617=DIRECTION('',(0.,0.,-1.));
#2618=DIRECTION('',(0.,1.,0.));
#2619=DIRECTION('',(1.,0.,0.));
#2620=DIRECTION('',(0.,-1.,0.));
#2621=DIRECTION('',(1.,0.,0.));
#2622=DIRECTION('',(0.,-1.,0.));
#2623=DIRECTION('',(1.,0.,0.));
#2624=DIRECTION('',(0.,-1.,0.));
#2625=DIRECTION('',(0.,0.,1.));
#2626=DIRECTION('',(0.,-1.,0.));
#2627=DIRECTION('',(0.,0.,-1.));
#2628=DIRECTION('',(0.,0.,-1.));
#2629=DIRECTION('',(0.,1.,0.));
#2630=DIRECTION('',(1.,0.,0.));
#2631=DIRECTION('',(0.,-1.,0.));
#2632=DIRECTION('',(1.,0.,0.));
#2633=DIRECTION('',(1.,0.,0.));
#2634=DIRECTION('',(0.,-1.,0.));
#2635=DIRECTION('',(0.,0.,1.));
#2636=DIRECTION('',(0.,0.,-1.));
#2637=DIRECTION('',(0.,1.,0.));
#2638=DIRECTION('',(1.,0.,0.));
#2639=DIRECTION('',(0.,1.,0.));
#2640=DIRECTION('',(1.,0.,0.));
#2641=DIRECTION('',(0.,0.,1.));
#2642=DIRECTION('',(1.,0.,0.));
#2643=DIRECTION('',(0.,0.,-1.));
#2644=DIRECTION('',(0.,1.,0.));
#2645=DIRECTION('',(1.,0.,0.));
#2646=DIRECTION('',(0.,-1.,0.));
#2647=DIRECTION('',(1.,0.,0.));
#2648=DIRECTION('',(0.,-1.,0.));
#2649=DIRECTION('',(1.,0.,0.));
#2650=DIRECTION('',(0.,-1.,0.));
#2651=DIRECTION('',(0.,0.,1.));
#2652=DIRECTION('',(0.,-1.,0.));
#2653=DIRECTION('',(0.,0.,-1.));
#2654=DIRECTION('',(0.,0.,-1.));
#2655=DIRECTION('',(0.,1.,0.));
#2656=DIRECTION('',(1.,0.,0.));
#2657=DIRECTION('',(0.,-1.,0.));
#2658=DIRECTION('',(1.,0.,0.));
#2659=DIRECTION('',(1.,0.,0.));
#2660=DIRECTION('',(0.,-1.,0.));
#2661=DIRECTION('',(0.,0.,1.));
#2662=DIRECTION('',(0.,0.,-1.));
#2663=DIRECTION('',(0.,1.,0.));
#2664=DIRECTION('',(1.,0.,0.));
#2665=DIRECTION('',(0.,1.,0.));
#2666=DIRECTION('',(1.,0.,0.));
#2667=DIRECTION('',(0.,0.,1.));
#2668=DIRECTION('',(1.,0.,0.));
#2669=DIRECTION('',(0.,0.,-1.));
#2670=DIRECTION('',(0.,1.,0.));
#2671=DIRECTION('',(1.,0.,0.));
#2672=DIRECTION('',(0.,-1.,0.));
#2673=DIRECTION('',(1.,0.,0.));
#2674=DIRECTION('',(0.,-1.,0.));
#2675=DIRECTION('',(1.,0.,0.));
#2676=DIRECTION('',(0.,-1.,0.));
#2677=DIRECTION('',(0.,0.,1.));
#2678=DIRECTION('',(0.,-1.,0.));
#2679=DIRECTION('',(0.,0.,-1.));
#2680=DIRECTION('',(0.,0.,-1.));
#2681=DIRECTION('',(0.,1.,0.));
#2682=DIRECTION('',(1.,0.,0.));
#2683=DIRECTION('',(0.,-1.,0.));
#2684=DIRECTION('',(1.,0.,0.));
#2685=DIRECTION('',(1.,0.,0.));
#2686=DIRECTION('',(0.,-1.,0.));
#2687=DIRECTION('',(0.,0.,1.));
#2688=DIRECTION('',(0.,0.,-1.));
#2689=DIRECTION('',(0.,1.,0.));
#2690=DIRECTION('',(1.,0.,0.));
#2691=DIRECTION('',(0.,1.,0.));
#2692=DIRECTION('',(1.,0.,0.));
#2693=DIRECTION('',(0.,0.,1.));
#2694=DIRECTION('',(1.,0.,0.));
#2695=DIRECTION('',(0.,0.,-1.));
#2696=DIRECTION('',(0.,1.,0.));
#2697=DIRECTION('',(1.,0.,0.));
#2698=DIRECTION('',(0.,-1.,0.));
#2699=DIRECTION('',(1.,0.,0.));
#2700=DIRECTION('',(0.,-1.,0.));
#2701=DIRECTION('',(1.,0.,0.));
#2702=DIRECTION('',(0.,-1.,0.));
#2703=DIRECTION('',(0.,0.,1.));
#2704=DIRECTION('',(0.,-1.,0.));
#2705=DIRECTION('',(0.,0.,-1.));
#2706=DIRECTION('',(0.,0.,-1.));
#2707=DIRECTION('',(0.,1.,0.));
#2708=DIRECTION('',(1.,0.,0.));
#2709=DIRECTION('',(0.,-1.,0.));
#2710=DIRECTION('',(1.,0.,0.));
#2711=DIRECTION('',(1.,0.,0.));
#2712=DIRECTION('',(0.,-1.,0.));
#2713=DIRECTION('',(0.,0.,1.));
#2714=DIRECTION('',(0.,0.,-1.));
#2715=DIRECTION('',(0.,1.,0.));
#2716=DIRECTION('',(1.,0.,0.));
#2717=DIRECTION('',(0.,1.,0.));
#2718=DIRECTION('',(1.,0.,0.));
#2719=DIRECTION('',(0.,0.,1.));
#2720=DIRECTION('',(1.,0.,0.));
#2721=DIRECTION('',(0.,0.,-1.));
#2722=DIRECTION('',(0.,1.,0.));
#2723=DIRECTION('',(1.,0.,0.));
#2724=DIRECTION('',(0.,-1.,0.));
#2725=DIRECTION('',(1.,0.,0.));
#2726=DIRECTION('',(0.,-1.,0.));
#2727=DIRECTION('',(1.,0.,0.));
#2728=DIRECTION('',(0.,-1.,0.));
#2729=DIRECTION('',(0.,0.,1.));
#2730=DIRECTION('',(0.,-1.,0.));
#2731=DIRECTION('',(0.,0.,-1.));
#2732=DIRECTION('',(0.,0.,-1.));
#2733=DIRECTION('',(0.,1.,0.));
#2734=DIRECTION('',(1.,0.,0.));
#2735=DIRECTION('',(0.,-1.,0.));
#2736=DIRECTION('',(1.,0.,0.));
#2737=DIRECTION('',(1.,0.,0.));
#2738=DIRECTION('',(0.,-1.,0.));
#2739=DIRECTION('',(0.,0.,1.));
#2740=DIRECTION('',(0.,0.,-1.));
#2741=DIRECTION('',(0.,1.,0.));
#2742=DIRECTION('',(1.,0.,0.));
#2743=DIRECTION('',(0.,1.,0.));
#2744=DIRECTION('',(1.,0.,0.));
#2745=DIRECTION('',(0.,0.,1.));
#2746=DIRECTION('',(1.,0.,0.));
#2747=DIRECTION('',(0.,0.,-1.));
#2748=DIRECTION('',(0.,1.,0.));
#2749=DIRECTION('',(1.,0.,0.));
#2750=DIRECTION('',(0.,-1.,0.));
#2751=DIRECTION('',(1.,0.,0.));
#2752=DIRECTION('',(0.,-1.,0.));
#2753=DIRECTION('',(1.,0.,0.));
#2754=DIRECTION('',(0.,-1.,0.));
#2755=DIRECTION('',(0.,0.,1.));
#2756=DIRECTION('',(0.,-1.,0.));
#2757=DIRECTION('',(0.,0.,-1.));
#2758=DIRECTION('',(0.,0.,-1.));
#2759=DIRECTION('',(0.,1.,0.));
#2760=DIRECTION('',(1.,0.,0.));
#2761=DIRECTION('',(0.,-1.,0.));
#2762=DIRECTION('',(1.,0.,0.));
#2763=DIRECTION('',(1.,0.,0.));
#2764=DIRECTION('',(0.,-1.,0.));
#2765=DIRECTION('',(0.,0.,1.));
#2766=DIRECTION('',(0.,0.,-1.));
#2767=DIRECTION('',(0.,1.,0.));
#2768=DIRECTION('',(1.,0.,0.));
#2769=DIRECTION('',(0.,1.,0.));
#2770=DIRECTION('',(1.,0.,0.));
#2771=DIRECTION('',(0.,0.,1.));
#2772=DIRECTION('',(1.,0.,0.));
#2773=DIRECTION('',(0.,0.,-1.));
#2774=DIRECTION('',(0.,1.,0.));
#2775=DIRECTION('',(1.,0.,0.));
#2776=DIRECTION('',(0.,-1.,0.));
#2777=DIRECTION('',(1.,0.,0.));
#2778=DIRECTION('',(0.,-1.,0.));
#2779=DIRECTION('',(1.,0.,0.));
#2780=DIRECTION('',(0.,-1.,0.));
#2781=DIRECTION('',(0.,0.,1.));
#2782=DIRECTION('',(0.,-1.,0.));
#2783=DIRECTION('',(0.,0.,-1.));
#2784=DIRECTION('',(0.,0.,-1.));
#2785=DIRECTION('',(0.,1.,0.));
#2786=DIRECTION('',(1.,0.,0.));
#2787=DIRECTION('',(0.,-1.,0.));
#2788=DIRECTION('',(1.,0.,0.));
#2789=DIRECTION('',(1.,0.,0.));
#2790=DIRECTION('',(0.,-1.,0.));
#2791=DIRECTION('',(0.,0.,1.));
#2792=DIRECTION('',(0.,0.,-1.));
#2793=DIRECTION('',(0.,1.,0.));
#2794=DIRECTION('',(1.,0.,0.));
#2795=DIRECTION('',(0.,1.,0.));
#2796=DIRECTION('',(1.,0.,0.));
#2797=DIRECTION('',(0.,0.,1.));
#2798=DIRECTION('',(1.,0.,0.));
#2799=DIRECTION('',(0.,0.,-1.));
#2800=DIRECTION('',(0.,1.,0.));
#2801=DIRECTION('',(1.,0.,0.));
#2802=DIRECTION('',(0.,-1.,0.));
#2803=DIRECTION('',(1.,0.,0.));
#2804=DIRECTION('',(0.,-1.,0.));
#2805=DIRECTION('',(1.,0.,0.));
#2806=DIRECTION('',(0.,-1.,0.));
#2807=DIRECTION('',(0.,0.,1.));
#2808=DIRECTION('',(0.,-1.,0.));
#2809=DIRECTION('',(0.,0.,-1.));
#2810=DIRECTION('',(0.,0.,-1.));
#2811=DIRECTION('',(0.,1.,0.));
#2812=DIRECTION('',(1.,0.,0.));
#2813=DIRECTION('',(0.,-1.,0.));
#2814=DIRECTION('',(1.,0.,0.));
#2815=DIRECTION('',(1.,0.,0.));
#2816=DIRECTION('',(0.,-1.,0.));
#2817=DIRECTION('',(0.,0.,1.));
#2818=DIRECTION('',(0.,0.,-1.));
#2819=DIRECTION('',(0.,1.,0.));
#2820=DIRECTION('',(1.,0.,0.));
#2821=DIRECTION('',(0.,1.,0.));
#2822=DIRECTION('',(1.,0.,0.));
#2823=DIRECTION('',(0.,0.,1.));
#2824=DIRECTION('',(1.,0.,0.));
#2825=DIRECTION('',(0.,0.,-1.));
#2826=DIRECTION('',(0.,1.,0.));
#2827=DIRECTION('',(1.,0.,0.));
#2828=DIRECTION('',(0.,-1.,0.));
#2829=DIRECTION('',(1.,0.,0.));
#2830=DIRECTION('',(0.,-1.,0.));
#2831=DIRECTION('',(1.,0.,0.));
#2832=DIRECTION('',(0.,-1.,0.));
#2833=DIRECTION('',(0.,0.,1.));
#2834=DIRECTION('',(0.,-1.,0.));
#2835=DIRECTION('',(0.,0.,-1.));
#2836=DIRECTION('',(0.,0.,-1.));
#2837=DIRECTION('',(0.,1.,0.));
#2838=DIRECTION('',(1.,0.,0.));
#2839=DIRECTION('',(0.,-1.,0.));
#2840=DIRECTION('',(1.,0.,0.));
#2841=DIRECTION('',(1.,0.,0.));
#2842=DIRECTION('',(0.,-1.,0.));
#2843=DIRECTION('',(0.,0.,1.));
#2844=DIRECTION('',(0.,0.,-1.));
#2845=DIRECTION('',(0.,1.,0.));
#2846=DIRECTION('',(1.,0.,0.));
#2847=DIRECTION('',(0.,1.,0.));
#2848=DIRECTION('',(1.,0.,0.));
#2849=DIRECTION('',(0.,0.,1.));
#2850=DIRECTION('',(1.,0.,0.));
#2851=DIRECTION('',(0.,0.,-1.));
#2852=DIRECTION('',(0.,1.,0.));
#2853=DIRECTION('',(1.,0.,0.));
#2854=DIRECTION('',(0.,-1.,0.));
#2855=DIRECTION('',(1.,0.,0.));
#2856=DIRECTION('',(0.,-1.,0.));
#2857=DIRECTION('',(1.,0.,0.));
#2858=DIRECTION('',(0.,-1.,0.));
#2859=DIRECTION('',(0.,0.,1.));
#2860=DIRECTION('',(0.,-1.,0.));
#2861=DIRECTION('',(0.,0.,-1.));
#2862=DIRECTION('',(0.,0.,-1.));
#2863=DIRECTION('',(0.,1.,0.));
#2864=DIRECTION('',(1.,0.,0.));
#2865=DIRECTION('',(0.,-1.,0.));
#2866=DIRECTION('',(1.,0.,0.));
#2867=DIRECTION('',(1.,0.,0.));
#2868=DIRECTION('',(0.,-1.,0.));
#2869=DIRECTION('',(0.,0.,1.));
#2870=DIRECTION('',(0.,0.,-1.));
#2871=DIRECTION('',(0.,1.,0.));
#2872=DIRECTION('',(1.,0.,0.));
#2873=DIRECTION('',(0.,1.,0.));
#2874=DIRECTION('',(1.,0.,0.));
#2875=DIRECTION('',(0.,0.,1.));
#2876=DIRECTION('',(1.,0.,0.));
#2877=DIRECTION('',(0.,0.,-1.));
#2878=DIRECTION('',(0.,1.,0.));
#2879=DIRECTION('',(1.,0.,0.));
#2880=DIRECTION('',(0.,-1.,0.));
#2881=DIRECTION('',(1.,0.,0.));
#2882=DIRECTION('',(0.,-1.,0.));
#2883=DIRECTION('',(1.,0.,0.));
#2884=DIRECTION('',(0.,-1.,0.));
#2885=DIRECTION('',(0.,0.,1.));
#2886=DIRECTION('',(0.,-1.,0.));
#2887=DIRECTION('',(0.,0.,-1.));
#2888=DIRECTION('',(0.,0.,-1.));
#2889=DIRECTION('',(0.,1.,0.));
#2890=DIRECTION('',(1.,0.,0.));
#2891=DIRECTION('',(0.,-1.,0.));
#2892=DIRECTION('',(1.,0.,0.));
#2893=DIRECTION('',(1.,0.,0.));
#2894=DIRECTION('',(0.,-1.,0.));
#2895=DIRECTION('',(0.,0.,1.));
#2896=DIRECTION('',(0.,0.,-1.));
#2897=DIRECTION('',(0.,1.,0.));
#2898=DIRECTION('',(1.,0.,0.));
#2899=DIRECTION('',(0.,1.,0.));
#2900=DIRECTION('',(1.,0.,0.));
#2901=DIRECTION('',(0.,0.,1.));
#2902=DIRECTION('',(1.,0.,0.));
#2903=DIRECTION('',(0.,0.,-1.));
#2904=DIRECTION('',(0.,1.,0.));
#2905=DIRECTION('',(1.,0.,0.));
#2906=DIRECTION('',(0.,-1.,0.));
#2907=DIRECTION('',(1.,0.,0.));
#2908=DIRECTION('',(0.,-1.,0.));
#2909=DIRECTION('',(1.,0.,0.));
#2910=DIRECTION('',(0.,-1.,0.));
#2911=DIRECTION('',(0.,0.,1.));
#2912=DIRECTION('',(0.,-1.,0.));
#2913=DIRECTION('',(0.,0.,-1.));
#2914=DIRECTION('',(0.,0.,-1.));
#2915=DIRECTION('',(0.,1.,0.));
#2916=DIRECTION('',(1.,0.,0.));
#2917=DIRECTION('',(0.,-1.,0.));
#2918=DIRECTION('',(1.,0.,0.));
#2919=DIRECTION('',(1.,0.,0.));
#2920=DIRECTION('',(0.,-1.,0.));
#2921=DIRECTION('',(0.,0.,1.));
#2922=DIRECTION('',(0.,0.,-1.));
#2923=DIRECTION('',(0.,1.,0.));
#2924=DIRECTION('',(1.,0.,0.));
#2925=DIRECTION('',(0.,1.,0.));
#2926=DIRECTION('',(1.,0.,0.));
#2927=DIRECTION('',(0.,0.,1.));
#2928=DIRECTION('',(1.,0.,0.));
#2929=DIRECTION('',(0.,0.,-1.));
#2930=DIRECTION('',(0.,1.,0.));
#2931=DIRECTION('',(1.,0.,0.));
#2932=DIRECTION('',(0.,-1.,0.));
#2933=DIRECTION('',(1.,0.,0.));
#2934=DIRECTION('',(0.,-1.,0.));
#2935=DIRECTION('',(1.,0.,0.));
#2936=DIRECTION('',(0.,-1.,0.));
#2937=DIRECTION('',(0.,0.,1.));
#2938=DIRECTION('',(0.,-1.,0.));
#2939=DIRECTION('',(0.,0.,-1.));
#2940=DIRECTION('',(0.,0.,-1.));
#2941=DIRECTION('',(0.,1.,0.));
#2942=DIRECTION('',(1.,0.,0.));
#2943=DIRECTION('',(0.,-1.,0.));
#2944=DIRECTION('',(1.,0.,0.));
#2945=DIRECTION('',(1.,0.,0.));
#2946=DIRECTION('',(0.,-1.,0.));
#2947=DIRECTION('',(0.,0.,1.));
#2948=DIRECTION('',(0.,0.,-1.));
#2949=DIRECTION('',(0.,1.,0.));
#2950=DIRECTION('',(1.,0.,0.));
#2951=DIRECTION('',(0.,1.,0.));
#2952=DIRECTION('',(1.,0.,0.));
#2953=DIRECTION('',(0.,0.,1.));
#2954=DIRECTION('',(1.,0.,0.));
#2955=DIRECTION('',(0.,0.,-1.));
#2956=DIRECTION('',(0.,1.,0.));
#2957=DIRECTION('',(0.,0.,1.));
#2958=DIRECTION('',(0.,-1.,0.));
#2959=DIRECTION('',(0.,0.,1.));
#2960=DIRECTION('',(0.,-1.,0.));
#2961=DIRECTION('',(0.,0.,1.));
#2962=DIRECTION('',(1.,0.,0.));
#2963=DIRECTION('',(0.,0.,1.));
#2964=DIRECTION('',(1.,0.,0.));
#2965=DIRECTION('',(0.,0.,1.));
#2966=DIRECTION('',(1.,0.,0.));
#2967=DIRECTION('',(0.,0.,-1.));
#2968=DIRECTION('',(0.,1.,0.));
#2969=DIRECTION('',(0.,0.,1.));
#2970=DIRECTION('',(0.,-1.,0.));
#2971=DIRECTION('',(0.,0.,1.));
#2972=DIRECTION('',(0.,-1.,0.));
#2973=DIRECTION('',(0.,0.,1.));
#2974=DIRECTION('',(1.,0.,0.));
#2975=DIRECTION('',(0.,0.,1.));
#2976=DIRECTION('',(1.,0.,0.));
#2977=DIRECTION('',(0.,0.,1.));
#2978=DIRECTION('',(1.,0.,0.));
#2979=DIRECTION('',(-1.,0.,0.));
#2980=DIRECTION('',(0.,1.,0.));
#2981=DIRECTION('',(1.,0.,0.));
#2982=DIRECTION('',(0.,-1.,0.));
#2983=DIRECTION('',(1.,0.,0.));
#2984=DIRECTION('',(0.,-1.,0.));
#2985=DIRECTION('',(1.,0.,0.));
#2986=DIRECTION('',(0.,0.,-1.));
#2987=DIRECTION('',(1.,0.,0.));
#2988=DIRECTION('',(0.,0.,-1.));
#2989=DIRECTION('',(0.,0.,1.));
#2990=DIRECTION('',(1.,0.,0.));
#2991=DIRECTION('',(-1.,0.,0.));
#2992=DIRECTION('',(0.,1.,0.));
#2993=DIRECTION('',(1.,0.,0.));
#2994=DIRECTION('',(0.,-1.,0.));
#2995=DIRECTION('',(1.,0.,0.));
#2996=DIRECTION('',(0.,-1.,0.));
#2997=DIRECTION('',(1.,0.,0.));
#2998=DIRECTION('',(0.,0.,-1.));
#2999=DIRECTION('',(1.,0.,0.));
#3000=DIRECTION('',(0.,0.,-1.));
#3001=DIRECTION('',(0.,0.,1.));
#3002=DIRECTION('',(1.,0.,0.));
#3003=DIRECTION('',(-1.,0.,0.));
#3004=DIRECTION('',(0.,1.,0.));
#3005=DIRECTION('',(1.,0.,0.));
#3006=DIRECTION('',(0.,-1.,0.));
#3007=DIRECTION('',(1.,0.,0.));
#3008=DIRECTION('',(0.,-1.,0.));
#3009=DIRECTION('',(1.,0.,0.));
#3010=DIRECTION('',(0.,0.,-1.));
#3011=DIRECTION('',(1.,0.,0.));
#3012=DIRECTION('',(0.,0.,-1.));
#3013=DIRECTION('',(0.,0.,1.));
#3014=DIRECTION('',(1.,0.,0.));
#3015=DIRECTION('',(-1.,0.,0.));
#3016=DIRECTION('',(0.,1.,0.));
#3017=DIRECTION('',(1.,0.,0.));
#3018=DIRECTION('',(0.,-1.,0.));
#3019=DIRECTION('',(1.,0.,0.));
#3020=DIRECTION('',(0.,-1.,0.));
#3021=DIRECTION('',(1.,0.,0.));
#3022=DIRECTION('',(0.,0.,-1.));
#3023=DIRECTION('',(1.,0.,0.));
#3024=DIRECTION('',(0.,0.,-1.));
#3025=DIRECTION('',(0.,0.,1.));
#3026=DIRECTION('',(1.,0.,0.));
#3027=DIRECTION('',(0.,0.,-1.));
#3028=DIRECTION('',(0.,1.,0.));
#3029=DIRECTION('',(0.,0.,1.));
#3030=DIRECTION('',(0.,-1.,0.));
#3031=DIRECTION('',(0.,0.,1.));
#3032=DIRECTION('',(0.,-1.,0.));
#3033=DIRECTION('',(0.,0.,1.));
#3034=DIRECTION('',(1.,0.,0.));
#3035=DIRECTION('',(0.,0.,1.));
#3036=DIRECTION('',(1.,0.,0.));
#3037=DIRECTION('',(0.,0.,1.));
#3038=DIRECTION('',(1.,0.,0.));
#3039=DIRECTION('',(-1.,0.,0.));
#3040=DIRECTION('',(0.,1.,0.));
#3041=DIRECTION('',(1.,0.,0.));
#3042=DIRECTION('',(0.,-1.,0.));
#3043=DIRECTION('',(1.,0.,0.));
#3044=DIRECTION('',(0.,-1.,0.));
#3045=DIRECTION('',(1.,0.,0.));
#3046=DIRECTION('',(0.,0.,-1.));
#3047=DIRECTION('',(1.,0.,0.));
#3048=DIRECTION('',(0.,0.,-1.));
#3049=DIRECTION('',(0.,0.,1.));
#3050=DIRECTION('',(1.,0.,0.));
#3051=DIRECTION('',(-1.,0.,0.));
#3052=DIRECTION('',(0.,1.,0.));
#3053=DIRECTION('',(1.,0.,0.));
#3054=DIRECTION('',(0.,-1.,0.));
#3055=DIRECTION('',(1.,0.,0.));
#3056=DIRECTION('',(0.,-1.,0.));
#3057=DIRECTION('',(1.,0.,0.));
#3058=DIRECTION('',(0.,0.,-1.));
#3059=DIRECTION('',(1.,0.,0.));
#3060=DIRECTION('',(0.,0.,-1.));
#3061=CARTESIAN_POINT('',(0.,0.,0.));
#3062=CARTESIAN_POINT('',(-0.587,0.02,-0.223));
#3063=CARTESIAN_POINT('',(-0.587,0.,-0.223));
#3064=CARTESIAN_POINT('',(-0.612,0.,-0.223));
#3065=CARTESIAN_POINT('',(-0.562,0.,-0.223));
#3066=CARTESIAN_POINT('',(-0.612,0.02,-0.223));
#3067=CARTESIAN_POINT('',(-0.612,0.03,-0.223));
#3068=CARTESIAN_POINT('',(-0.587,0.03,-0.223));
#3069=CARTESIAN_POINT('',(-0.562,0.03,-0.223));
#3070=CARTESIAN_POINT('',(-0.562,0.02,-0.223));
#3071=CARTESIAN_POINT('',(-0.612,0.02,-0.198));
#3072=CARTESIAN_POINT('',(-0.612,0.,-0.198));
#3073=CARTESIAN_POINT('',(-0.612,0.,-0.173));
#3074=CARTESIAN_POINT('',(-0.612,0.02,-0.173));
#3075=CARTESIAN_POINT('',(-0.612,0.03,-0.173));
#3076=CARTESIAN_POINT('',(-0.612,0.03,-0.198));
#3077=CARTESIAN_POINT('',(-0.587,0.02,-0.173));
#3078=CARTESIAN_POINT('',(-0.587,0.,-0.173));
#3079=CARTESIAN_POINT('',(-0.562,0.,-0.173));
#3080=CARTESIAN_POINT('',(-0.562,0.02,-0.173));
#3081=CARTESIAN_POINT('',(-0.562,0.03,-0.173));
#3082=CARTESIAN_POINT('',(-0.587,0.03,-0.173));
#3083=CARTESIAN_POINT('',(-0.562,0.02,-0.198));
#3084=CARTESIAN_POINT('',(-0.562,0.,-0.198));
#3085=CARTESIAN_POINT('',(-0.562,0.03,-0.198));
#3086=CARTESIAN_POINT('',(-0.587,0.,-0.198));
#3087=CARTESIAN_POINT('',(-0.587,0.03,-0.198));
#3088=CARTESIAN_POINT('',(0.,0.,0.));
#3089=CARTESIAN_POINT('',(-0.537,0.02,-0.223));
#3090=CARTESIAN_POINT('',(-0.537,0.,-0.223));
#3091=CARTESIAN_POINT('',(-0.562,0.,-0.223));
#3092=CARTESIAN_POINT('',(-0.512,0.,-0.223));
#3093=CARTESIAN_POINT('',(-0.562,0.02,-0.223));
#3094=CARTESIAN_POINT('',(-0.562,0.03,-0.223));
#3095=CARTESIAN_POINT('',(-0.537,0.03,-0.223));
#3096=CARTESIAN_POINT('',(-0.512,0.03,-0.223));
#3097=CARTESIAN_POINT('',(-0.512,0.02,-0.223));
#3098=CARTESIAN_POINT('',(-0.562,0.02,-0.198));
#3099=CARTESIAN_POINT('',(-0.562,0.,-0.198));
#3100=CARTESIAN_POINT('',(-0.562,0.,-0.173));
#3101=CARTESIAN_POINT('',(-0.562,0.02,-0.173));
#3102=CARTESIAN_POINT('',(-0.562,0.03,-0.173));
#3103=CARTESIAN_POINT('',(-0.562,0.03,-0.198));
#3104=CARTESIAN_POINT('',(-0.537,0.02,-0.173));
#3105=CARTESIAN_POINT('',(-0.537,0.,-0.173));
#3106=CARTESIAN_POINT('',(-0.512,0.,-0.173));
#3107=CARTESIAN_POINT('',(-0.512,0.02,-0.173));
#3108=CARTESIAN_POINT('',(-0.512,0.03,-0.173));
#3109=CARTESIAN_POINT('',(-0.537,0.03,-0.173));
#3110=CARTESIAN_POINT('',(-0.512,0.02,-0.198));
#3111=CARTESIAN_POINT('',(-0.512,0.,-0.198));
#3112=CARTESIAN_POINT('',(-0.512,0.03,-0.198));
#3113=CARTESIAN_POINT('',(-0.537,0.,-0.198));
#3114=CARTESIAN_POINT('',(-0.537,0.03,-0.198));
#3115=CARTESIAN_POINT('',(0.,0.,0.));
#3116=CARTESIAN_POINT('',(-0.412,0.,-0.023));
#3117=CARTESIAN_POINT('',(-0.622,0.05,-0.023));
#3118=CARTESIAN_POINT('',(-0.622,0.0455,-0.023));
#3119=CARTESIAN_POINT('',(-0.622,0.03,-0.023));
#3120=CARTESIAN_POINT('',(-0.622,0.0255,-0.023));
#3121=CARTESIAN_POINT('',(-0.622,0.01,-0.023));
#3122=CARTESIAN_POINT('',(-0.622,0.0055,-0.023));
#3123=CARTESIAN_POINT('',(-0.412,0.07,-0.023));
#3124=CARTESIAN_POINT('',(-0.632,0.07,-0.023));
#3125=CARTESIAN_POINT('',(-0.612,0.07,-0.023));
#3126=CARTESIAN_POINT('',(-0.632,0.,-0.023));
#3127=CARTESIAN_POINT('',(-0.632,0.01,-0.023));
#3128=CARTESIAN_POINT('',(-0.622,0.01,-0.023));
#3129=CARTESIAN_POINT('',(-0.622,0.,-0.023));
#3130=CARTESIAN_POINT('',(-0.412,0.,-0.023));
#3131=CARTESIAN_POINT('',(-0.612,0.,-0.023));
#3132=CARTESIAN_POINT('',(-0.612,0.,-0.023));
#3133=CARTESIAN_POINT('',(-0.412,0.,-0.243));
#3134=CARTESIAN_POINT('',(-0.412,0.,-0.243));
#3135=CARTESIAN_POINT('',(-0.412,0.01,-0.243));
#3136=CARTESIAN_POINT('',(-0.412,0.07,-0.243));
#3137=CARTESIAN_POINT('',(-0.412,0.01,-0.243));
#3138=CARTESIAN_POINT('',(-0.632,0.01,-0.243));
#3139=CARTESIAN_POINT('',(-0.632,0.,-0.243));
#3140=CARTESIAN_POINT('',(-0.632,0.07,-0.243));
#3141=CARTESIAN_POINT('',(-0.412,0.07,-0.243));
#3142=CARTESIAN_POINT('',(-0.412,0.,-0.223));
#3143=CARTESIAN_POINT('',(-0.412,0.,-0.223));
#3144=CARTESIAN_POINT('',(-0.612,0.,-0.223));
#3145=CARTESIAN_POINT('',(-0.412,0.,-0.223));
#3146=CARTESIAN_POINT('',(-0.412,0.,-0.223));
#3147=CARTESIAN_POINT('',(-0.412,0.07,-0.223));
#3148=CARTESIAN_POINT('',(-0.412,0.07,-0.223));
#3149=CARTESIAN_POINT('',(-0.612,0.07,-0.223));
#3150=CARTESIAN_POINT('',(-0.612,0.,-0.223));
#3151=CARTESIAN_POINT('',(-0.412,0.,-0.023));
#3152=CARTESIAN_POINT('',(-0.412,0.07,-0.023));
#3153=CARTESIAN_POINT('',(-0.412,0.,-0.023));
#3154=CARTESIAN_POINT('',(-0.412,0.,-0.233));
#3155=CARTESIAN_POINT('',(-0.412,0.01,-0.233));
#3156=CARTESIAN_POINT('',(-0.412,0.01,-0.233));
#3157=CARTESIAN_POINT('',(-0.412,0.,-0.233));
#3158=CARTESIAN_POINT('',(-0.622,0.,-0.233));
#3159=CARTESIAN_POINT('',(-0.622,0.01,-0.233));
#3160=CARTESIAN_POINT('',(-0.412,0.07,-0.023));
#3161=CARTESIAN_POINT('',(-0.632,0.07,-0.023));
#3162=CARTESIAN_POINT('',(-0.612,0.07,-0.023));
#3163=CARTESIAN_POINT('',(-0.412,0.,-0.023));
#3164=CARTESIAN_POINT('',(-0.622,0.,-0.243));
#3165=CARTESIAN_POINT('',(-0.612,0.,-0.023));
#3166=CARTESIAN_POINT('',(-0.622,0.01,-0.023));
#3167=CARTESIAN_POINT('',(-0.632,0.01,0.197));
#3168=CARTESIAN_POINT('',(-0.612,0.,-0.023));
#3169=CARTESIAN_POINT('',(-0.632,0.,-0.023));
#3170=CARTESIAN_POINT('',(-0.622,0.01,-0.0105));
#3171=CARTESIAN_POINT('',(-0.622,0.01,-0.0105));
#3172=CARTESIAN_POINT('',(-0.622,0.0055,-0.0105));
#3173=CARTESIAN_POINT('',(-0.622,0.035,-0.0105));
#3174=CARTESIAN_POINT('',(-0.622,0.03,-0.0105));
#3175=CARTESIAN_POINT('',(-0.622,0.03,-0.0105));
#3176=CARTESIAN_POINT('',(-0.622,0.0255,-0.0105));
#3177=CARTESIAN_POINT('',(-0.622,0.035,-0.0105));
#3178=CARTESIAN_POINT('',(-0.622,0.05,-0.0105));
#3179=CARTESIAN_POINT('',(-0.622,0.05,-0.0105));
#3180=CARTESIAN_POINT('',(-0.622,0.0455,-0.0105));
#3181=CARTESIAN_POINT('',(-0.622,0.035,-0.0105));
#3182=CARTESIAN_POINT('',(0.,0.,0.));
#3183=CARTESIAN_POINT('',(-0.587,0.02,-0.173));
#3184=CARTESIAN_POINT('',(-0.587,0.,-0.173));
#3185=CARTESIAN_POINT('',(-0.612,0.,-0.173));
#3186=CARTESIAN_POINT('',(-0.562,0.,-0.173));
#3187=CARTESIAN_POINT('',(-0.612,0.02,-0.173));
#3188=CARTESIAN_POINT('',(-0.612,0.03,-0.173));
#3189=CARTESIAN_POINT('',(-0.587,0.03,-0.173));
#3190=CARTESIAN_POINT('',(-0.562,0.03,-0.173));
#3191=CARTESIAN_POINT('',(-0.562,0.02,-0.173));
#3192=CARTESIAN_POINT('',(-0.612,0.02,-0.148));
#3193=CARTESIAN_POINT('',(-0.612,0.,-0.148));
#3194=CARTESIAN_POINT('',(-0.612,0.,-0.123));
#3195=CARTESIAN_POINT('',(-0.612,0.02,-0.123));
#3196=CARTESIAN_POINT('',(-0.612,0.03,-0.123));
#3197=CARTESIAN_POINT('',(-0.612,0.03,-0.148));
#3198=CARTESIAN_POINT('',(-0.587,0.02,-0.123));
#3199=CARTESIAN_POINT('',(-0.587,0.,-0.123));
#3200=CARTESIAN_POINT('',(-0.562,0.,-0.123));
#3201=CARTESIAN_POINT('',(-0.562,0.02,-0.123));
#3202=CARTESIAN_POINT('',(-0.562,0.03,-0.123));
#3203=CARTESIAN_POINT('',(-0.587,0.03,-0.123));
#3204=CARTESIAN_POINT('',(-0.562,0.02,-0.148));
#3205=CARTESIAN_POINT('',(-0.562,0.,-0.148));
#3206=CARTESIAN_POINT('',(-0.562,0.03,-0.148));
#3207=CARTESIAN_POINT('',(-0.587,0.,-0.148));
#3208=CARTESIAN_POINT('',(-0.587,0.03,-0.148));
#3209=CARTESIAN_POINT('',(0.,0.,0.));
#3210=CARTESIAN_POINT('',(-0.487,0.02,-0.173));
#3211=CARTESIAN_POINT('',(-0.487,0.,-0.173));
#3212=CARTESIAN_POINT('',(-0.512,0.,-0.173));
#3213=CARTESIAN_POINT('',(-0.462,0.,-0.173));
#3214=CARTESIAN_POINT('',(-0.512,0.02,-0.173));
#3215=CARTESIAN_POINT('',(-0.512,0.03,-0.173));
#3216=CARTESIAN_POINT('',(-0.487,0.03,-0.173));
#3217=CARTESIAN_POINT('',(-0.462,0.03,-0.173));
#3218=CARTESIAN_POINT('',(-0.462,0.02,-0.173));
#3219=CARTESIAN_POINT('',(-0.512,0.02,-0.148));
#3220=CARTESIAN_POINT('',(-0.512,0.,-0.148));
#3221=CARTESIAN_POINT('',(-0.512,0.,-0.123));
#3222=CARTESIAN_POINT('',(-0.512,0.02,-0.123));
#3223=CARTESIAN_POINT('',(-0.512,0.03,-0.123));
#3224=CARTESIAN_POINT('',(-0.512,0.03,-0.148));
#3225=CARTESIAN_POINT('',(-0.487,0.02,-0.123));
#3226=CARTESIAN_POINT('',(-0.487,0.,-0.123));
#3227=CARTESIAN_POINT('',(-0.462,0.,-0.123));
#3228=CARTESIAN_POINT('',(-0.462,0.02,-0.123));
#3229=CARTESIAN_POINT('',(-0.462,0.03,-0.123));
#3230=CARTESIAN_POINT('',(-0.487,0.03,-0.123));
#3231=CARTESIAN_POINT('',(-0.462,0.02,-0.148));
#3232=CARTESIAN_POINT('',(-0.462,0.,-0.148));
#3233=CARTESIAN_POINT('',(-0.462,0.03,-0.148));
#3234=CARTESIAN_POINT('',(-0.487,0.,-0.148));
#3235=CARTESIAN_POINT('',(-0.487,0.03,-0.148));
#3236=CARTESIAN_POINT('',(0.,0.,0.));
#3237=CARTESIAN_POINT('',(-0.537,0.02,-0.123));
#3238=CARTESIAN_POINT('',(-0.537,0.,-0.123));
#3239=CARTESIAN_POINT('',(-0.562,0.,-0.123));
#3240=CARTESIAN_POINT('',(-0.512,0.,-0.123));
#3241=CARTESIAN_POINT('',(-0.562,0.02,-0.123));
#3242=CARTESIAN_POINT('',(-0.562,0.03,-0.123));
#3243=CARTESIAN_POINT('',(-0.537,0.03,-0.123));
#3244=CARTESIAN_POINT('',(-0.512,0.03,-0.123));
#3245=CARTESIAN_POINT('',(-0.512,0.02,-0.123));
#3246=CARTESIAN_POINT('',(-0.562,0.02,-0.098));
#3247=CARTESIAN_POINT('',(-0.562,0.,-0.098));
#3248=CARTESIAN_POINT('',(-0.562,0.,-0.073));
#3249=CARTESIAN_POINT('',(-0.562,0.02,-0.073));
#3250=CARTESIAN_POINT('',(-0.562,0.03,-0.073));
#3251=CARTESIAN_POINT('',(-0.562,0.03,-0.098));
#3252=CARTESIAN_POINT('',(-0.537,0.02,-0.073));
#3253=CARTESIAN_POINT('',(-0.537,0.,-0.073));
#3254=CARTESIAN_POINT('',(-0.512,0.,-0.073));
#3255=CARTESIAN_POINT('',(-0.512,0.02,-0.073));
#3256=CARTESIAN_POINT('',(-0.512,0.03,-0.073));
#3257=CARTESIAN_POINT('',(-0.537,0.03,-0.073));
#3258=CARTESIAN_POINT('',(-0.512,0.02,-0.098));
#3259=CARTESIAN_POINT('',(-0.512,0.,-0.098));
#3260=CARTESIAN_POINT('',(-0.512,0.03,-0.098));
#3261=CARTESIAN_POINT('',(-0.537,0.,-0.098));
#3262=CARTESIAN_POINT('',(-0.537,0.03,-0.098));
#3263=CARTESIAN_POINT('',(0.,0.,0.));
#3264=CARTESIAN_POINT('',(-0.437,0.02,-0.223));
#3265=CARTESIAN_POINT('',(-0.437,0.,-0.223));
#3266=CARTESIAN_POINT('',(-0.462,0.,-0.223));
#3267=CARTESIAN_POINT('',(-0.412,0.,-0.223));
#3268=CARTESIAN_POINT('',(-0.462,0.02,-0.223));
#3269=CARTESIAN_POINT('',(-0.462,0.03,-0.223));
#3270=CARTESIAN_POINT('',(-0.437,0.03,-0.223));
#3271=CARTESIAN_POINT('',(-0.412,0.03,-0.223));
#3272=CARTESIAN_POINT('',(-0.412,0.02,-0.223));
#3273=CARTESIAN_POINT('',(-0.462,0.02,-0.198));
#3274=CARTESIAN_POINT('',(-0.462,0.,-0.198));
#3275=CARTESIAN_POINT('',(-0.462,0.,-0.173));
#3276=CARTESIAN_POINT('',(-0.462,0.02,-0.173));
#3277=CARTESIAN_POINT('',(-0.462,0.03,-0.173));
#3278=CARTESIAN_POINT('',(-0.462,0.03,-0.198));
#3279=CARTESIAN_POINT('',(-0.437,0.02,-0.173));
#3280=CARTESIAN_POINT('',(-0.437,0.,-0.173));
#3281=CARTESIAN_POINT('',(-0.412,0.,-0.173));
#3282=CARTESIAN_POINT('',(-0.412,0.02,-0.173));
#3283=CARTESIAN_POINT('',(-0.412,0.03,-0.173));
#3284=CARTESIAN_POINT('',(-0.437,0.03,-0.173));
#3285=CARTESIAN_POINT('',(-0.412,0.02,-0.198));
#3286=CARTESIAN_POINT('',(-0.412,0.,-0.198));
#3287=CARTESIAN_POINT('',(-0.412,0.03,-0.198));
#3288=CARTESIAN_POINT('',(-0.437,0.,-0.198));
#3289=CARTESIAN_POINT('',(-0.437,0.03,-0.198));
#3290=CARTESIAN_POINT('',(0.,0.,0.));
#3291=CARTESIAN_POINT('',(-0.437,0.02,-0.123));
#3292=CARTESIAN_POINT('',(-0.437,0.,-0.123));
#3293=CARTESIAN_POINT('',(-0.462,0.,-0.123));
#3294=CARTESIAN_POINT('',(-0.412,0.,-0.123));
#3295=CARTESIAN_POINT('',(-0.462,0.02,-0.123));
#3296=CARTESIAN_POINT('',(-0.462,0.03,-0.123));
#3297=CARTESIAN_POINT('',(-0.437,0.03,-0.123));
#3298=CARTESIAN_POINT('',(-0.412,0.03,-0.123));
#3299=CARTESIAN_POINT('',(-0.412,0.02,-0.123));
#3300=CARTESIAN_POINT('',(-0.462,0.02,-0.098));
#3301=CARTESIAN_POINT('',(-0.462,0.,-0.098));
#3302=CARTESIAN_POINT('',(-0.462,0.,-0.073));
#3303=CARTESIAN_POINT('',(-0.462,0.02,-0.073));
#3304=CARTESIAN_POINT('',(-0.462,0.03,-0.073));
#3305=CARTESIAN_POINT('',(-0.462,0.03,-0.098));
#3306=CARTESIAN_POINT('',(-0.437,0.02,-0.073));
#3307=CARTESIAN_POINT('',(-0.437,0.,-0.073));
#3308=CARTESIAN_POINT('',(-0.412,0.,-0.073));
#3309=CARTESIAN_POINT('',(-0.412,0.02,-0.073));
#3310=CARTESIAN_POINT('',(-0.412,0.03,-0.073));
#3311=CARTESIAN_POINT('',(-0.437,0.03,-0.073));
#3312=CARTESIAN_POINT('',(-0.412,0.02,-0.098));
#3313=CARTESIAN_POINT('',(-0.412,0.,-0.098));
#3314=CARTESIAN_POINT('',(-0.412,0.03,-0.098));
#3315=CARTESIAN_POINT('',(-0.437,0.,-0.098));
#3316=CARTESIAN_POINT('',(-0.437,0.03,-0.098));
#3317=CARTESIAN_POINT('',(0.,0.,0.));
#3318=CARTESIAN_POINT('',(-0.587,0.02,-0.073));
#3319=CARTESIAN_POINT('',(-0.587,0.,-0.073));
#3320=CARTESIAN_POINT('',(-0.612,0.,-0.073));
#3321=CARTESIAN_POINT('',(-0.562,0.,-0.073));
#3322=CARTESIAN_POINT('',(-0.612,0.02,-0.073));
#3323=CARTESIAN_POINT('',(-0.612,0.03,-0.073));
#3324=CARTESIAN_POINT('',(-0.587,0.03,-0.073));
#3325=CARTESIAN_POINT('',(-0.562,0.03,-0.073));
#3326=CARTESIAN_POINT('',(-0.562,0.02,-0.073));
#3327=CARTESIAN_POINT('',(-0.612,0.02,-0.048));
#3328=CARTESIAN_POINT('',(-0.612,0.,-0.048));
#3329=CARTESIAN_POINT('',(-0.612,0.,-0.023));
#3330=CARTESIAN_POINT('',(-0.612,0.02,-0.023));
#3331=CARTESIAN_POINT('',(-0.612,0.03,-0.023));
#3332=CARTESIAN_POINT('',(-0.612,0.03,-0.048));
#3333=CARTESIAN_POINT('',(-0.587,0.02,-0.023));
#3334=CARTESIAN_POINT('',(-0.587,0.,-0.023));
#3335=CARTESIAN_POINT('',(-0.562,0.,-0.023));
#3336=CARTESIAN_POINT('',(-0.562,0.02,-0.023));
#3337=CARTESIAN_POINT('',(-0.562,0.03,-0.023));
#3338=CARTESIAN_POINT('',(-0.587,0.03,-0.023));
#3339=CARTESIAN_POINT('',(-0.562,0.02,-0.048));
#3340=CARTESIAN_POINT('',(-0.562,0.,-0.048));
#3341=CARTESIAN_POINT('',(-0.562,0.03,-0.048));
#3342=CARTESIAN_POINT('',(-0.587,0.,-0.048));
#3343=CARTESIAN_POINT('',(-0.587,0.03,-0.048));
#3344=CARTESIAN_POINT('',(0.,0.,0.));
#3345=CARTESIAN_POINT('',(-0.487,0.02,-0.073));
#3346=CARTESIAN_POINT('',(-0.487,0.,-0.073));
#3347=CARTESIAN_POINT('',(-0.512,0.,-0.073));
#3348=CARTESIAN_POINT('',(-0.462,0.,-0.073));
#3349=CARTESIAN_POINT('',(-0.512,0.02,-0.073));
#3350=CARTESIAN_POINT('',(-0.512,0.03,-0.073));
#3351=CARTESIAN_POINT('',(-0.487,0.03,-0.073));
#3352=CARTESIAN_POINT('',(-0.462,0.03,-0.073));
#3353=CARTESIAN_POINT('',(-0.462,0.02,-0.073));
#3354=CARTESIAN_POINT('',(-0.512,0.02,-0.048));
#3355=CARTESIAN_POINT('',(-0.512,0.,-0.048));
#3356=CARTESIAN_POINT('',(-0.512,0.,-0.023));
#3357=CARTESIAN_POINT('',(-0.512,0.02,-0.023));
#3358=CARTESIAN_POINT('',(-0.512,0.03,-0.023));
#3359=CARTESIAN_POINT('',(-0.512,0.03,-0.048));
#3360=CARTESIAN_POINT('',(-0.487,0.02,-0.023));
#3361=CARTESIAN_POINT('',(-0.487,0.,-0.023));
#3362=CARTESIAN_POINT('',(-0.462,0.,-0.023));
#3363=CARTESIAN_POINT('',(-0.462,0.02,-0.023));
#3364=CARTESIAN_POINT('',(-0.462,0.03,-0.023));
#3365=CARTESIAN_POINT('',(-0.487,0.03,-0.023));
#3366=CARTESIAN_POINT('',(-0.462,0.02,-0.048));
#3367=CARTESIAN_POINT('',(-0.462,0.,-0.048));
#3368=CARTESIAN_POINT('',(-0.462,0.03,-0.048));
#3369=CARTESIAN_POINT('',(-0.487,0.,-0.048));
#3370=CARTESIAN_POINT('',(-0.487,0.03,-0.048));
#3371=CARTESIAN_POINT('',(0.,0.,0.));
#3372=CARTESIAN_POINT('',(-0.487,0.02,-0.223));
#3373=CARTESIAN_POINT('',(-0.487,0.,-0.223));
#3374=CARTESIAN_POINT('',(-0.512,0.,-0.223));
#3375=CARTESIAN_POINT('',(-0.462,0.,-0.223));
#3376=CARTESIAN_POINT('',(-0.512,0.02,-0.223));
#3377=CARTESIAN_POINT('',(-0.512,0.03,-0.223));
#3378=CARTESIAN_POINT('',(-0.487,0.03,-0.223));
#3379=CARTESIAN_POINT('',(-0.462,0.03,-0.223));
#3380=CARTESIAN_POINT('',(-0.462,0.02,-0.223));
#3381=CARTESIAN_POINT('',(-0.512,0.02,-0.198));
#3382=CARTESIAN_POINT('',(-0.512,0.,-0.198));
#3383=CARTESIAN_POINT('',(-0.512,0.,-0.173));
#3384=CARTESIAN_POINT('',(-0.512,0.02,-0.173));
#3385=CARTESIAN_POINT('',(-0.512,0.03,-0.173));
#3386=CARTESIAN_POINT('',(-0.512,0.03,-0.198));
#3387=CARTESIAN_POINT('',(-0.487,0.02,-0.173));
#3388=CARTESIAN_POINT('',(-0.487,0.,-0.173));
#3389=CARTESIAN_POINT('',(-0.462,0.,-0.173));
#3390=CARTESIAN_POINT('',(-0.462,0.02,-0.173));
#3391=CARTESIAN_POINT('',(-0.462,0.03,-0.173));
#3392=CARTESIAN_POINT('',(-0.487,0.03,-0.173));
#3393=CARTESIAN_POINT('',(-0.462,0.02,-0.198));
#3394=CARTESIAN_POINT('',(-0.462,0.,-0.198));
#3395=CARTESIAN_POINT('',(-0.462,0.03,-0.198));
#3396=CARTESIAN_POINT('',(-0.487,0.,-0.198));
#3397=CARTESIAN_POINT('',(-0.487,0.03,-0.198));
#3398=CARTESIAN_POINT('',(0.,0.,0.));
#3399=CARTESIAN_POINT('',(-0.537,0.02,-0.173));
#3400=CARTESIAN_POINT('',(-0.537,0.,-0.173));
#3401=CARTESIAN_POINT('',(-0.562,0.,-0.173));
#3402=CARTESIAN_POINT('',(-0.512,0.,-0.173));
#3403=CARTESIAN_POINT('',(-0.562,0.02,-0.173));
#3404=CARTESIAN_POINT('',(-0.562,0.03,-0.173));
#3405=CARTESIAN_POINT('',(-0.537,0.03,-0.173));
#3406=CARTESIAN_POINT('',(-0.512,0.03,-0.173));
#3407=CARTESIAN_POINT('',(-0.512,0.02,-0.173));
#3408=CARTESIAN_POINT('',(-0.562,0.02,-0.148));
#3409=CARTESIAN_POINT('',(-0.562,0.,-0.148));
#3410=CARTESIAN_POINT('',(-0.562,0.,-0.123));
#3411=CARTESIAN_POINT('',(-0.562,0.02,-0.123));
#3412=CARTESIAN_POINT('',(-0.562,0.03,-0.123));
#3413=CARTESIAN_POINT('',(-0.562,0.03,-0.148));
#3414=CARTESIAN_POINT('',(-0.537,0.02,-0.123));
#3415=CARTESIAN_POINT('',(-0.537,0.,-0.123));
#3416=CARTESIAN_POINT('',(-0.512,0.,-0.123));
#3417=CARTESIAN_POINT('',(-0.512,0.02,-0.123));
#3418=CARTESIAN_POINT('',(-0.512,0.03,-0.123));
#3419=CARTESIAN_POINT('',(-0.537,0.03,-0.123));
#3420=CARTESIAN_POINT('',(-0.512,0.02,-0.148));
#3421=CARTESIAN_POINT('',(-0.512,0.,-0.148));
#3422=CARTESIAN_POINT('',(-0.512,0.03,-0.148));
#3423=CARTESIAN_POINT('',(-0.537,0.,-0.148));
#3424=CARTESIAN_POINT('',(-0.537,0.03,-0.148));
#3425=CARTESIAN_POINT('',(0.,0.,0.));
#3426=CARTESIAN_POINT('',(-0.587,0.02,-0.123));
#3427=CARTESIAN_POINT('',(-0.587,0.,-0.123));
#3428=CARTESIAN_POINT('',(-0.612,0.,-0.123));
#3429=CARTESIAN_POINT('',(-0.562,0.,-0.123));
#3430=CARTESIAN_POINT('',(-0.612,0.02,-0.123));
#3431=CARTESIAN_POINT('',(-0.612,0.03,-0.123));
#3432=CARTESIAN_POINT('',(-0.587,0.03,-0.123));
#3433=CARTESIAN_POINT('',(-0.562,0.03,-0.123));
#3434=CARTESIAN_POINT('',(-0.562,0.02,-0.123));
#3435=CARTESIAN_POINT('',(-0.612,0.02,-0.098));
#3436=CARTESIAN_POINT('',(-0.612,0.,-0.098));
#3437=CARTESIAN_POINT('',(-0.612,0.,-0.073));
#3438=CARTESIAN_POINT('',(-0.612,0.02,-0.073));
#3439=CARTESIAN_POINT('',(-0.612,0.03,-0.073));
#3440=CARTESIAN_POINT('',(-0.612,0.03,-0.098));
#3441=CARTESIAN_POINT('',(-0.587,0.02,-0.073));
#3442=CARTESIAN_POINT('',(-0.587,0.,-0.073));
#3443=CARTESIAN_POINT('',(-0.562,0.,-0.073));
#3444=CARTESIAN_POINT('',(-0.562,0.02,-0.073));
#3445=CARTESIAN_POINT('',(-0.562,0.03,-0.073));
#3446=CARTESIAN_POINT('',(-0.587,0.03,-0.073));
#3447=CARTESIAN_POINT('',(-0.562,0.02,-0.098));
#3448=CARTESIAN_POINT('',(-0.562,0.,-0.098));
#3449=CARTESIAN_POINT('',(-0.562,0.03,-0.098));
#3450=CARTESIAN_POINT('',(-0.587,0.,-0.098));
#3451=CARTESIAN_POINT('',(-0.587,0.03,-0.098));
#3452=CARTESIAN_POINT('',(0.,0.,0.));
#3453=CARTESIAN_POINT('',(-0.487,0.02,-0.123));
#3454=CARTESIAN_POINT('',(-0.487,0.,-0.123));
#3455=CARTESIAN_POINT('',(-0.512,0.,-0.123));
#3456=CARTESIAN_POINT('',(-0.462,0.,-0.123));
#3457=CARTESIAN_POINT('',(-0.512,0.02,-0.123));
#3458=CARTESIAN_POINT('',(-0.512,0.03,-0.123));
#3459=CARTESIAN_POINT('',(-0.487,0.03,-0.123));
#3460=CARTESIAN_POINT('',(-0.462,0.03,-0.123));
#3461=CARTESIAN_POINT('',(-0.462,0.02,-0.123));
#3462=CARTESIAN_POINT('',(-0.512,0.02,-0.098));
#3463=CARTESIAN_POINT('',(-0.512,0.,-0.098));
#3464=CARTESIAN_POINT('',(-0.512,0.,-0.073));
#3465=CARTESIAN_POINT('',(-0.512,0.02,-0.073));
#3466=CARTESIAN_POINT('',(-0.512,0.03,-0.073));
#3467=CARTESIAN_POINT('',(-0.512,0.03,-0.098));
#3468=CARTESIAN_POINT('',(-0.487,0.02,-0.073));
#3469=CARTESIAN_POINT('',(-0.487,0.,-0.073));
#3470=CARTESIAN_POINT('',(-0.462,0.,-0.073));
#3471=CARTESIAN_POINT('',(-0.462,0.02,-0.073));
#3472=CARTESIAN_POINT('',(-0.462,0.03,-0.073));
#3473=CARTESIAN_POINT('',(-0.487,0.03,-0.073));
#3474=CARTESIAN_POINT('',(-0.462,0.02,-0.098));
#3475=CARTESIAN_POINT('',(-0.462,0.,-0.098));
#3476=CARTESIAN_POINT('',(-0.462,0.03,-0.098));
#3477=CARTESIAN_POINT('',(-0.487,0.,-0.098));
#3478=CARTESIAN_POINT('',(-0.487,0.03,-0.098));
#3479=CARTESIAN_POINT('',(0.,0.,0.));
#3480=CARTESIAN_POINT('',(-0.437,0.02,-0.173));
#3481=CARTESIAN_POINT('',(-0.437,0.,-0.173));
#3482=CARTESIAN_POINT('',(-0.462,0.,-0.173));
#3483=CARTESIAN_POINT('',(-0.412,0.,-0.173));
#3484=CARTESIAN_POINT('',(-0.462,0.02,-0.173));
#3485=CARTESIAN_POINT('',(-0.462,0.03,-0.173));
#3486=CARTESIAN_POINT('',(-0.437,0.03,-0.173));
#3487=CARTESIAN_POINT('',(-0.412,0.03,-0.173));
#3488=CARTESIAN_POINT('',(-0.412,0.02,-0.173));
#3489=CARTESIAN_POINT('',(-0.462,0.02,-0.148));
#3490=CARTESIAN_POINT('',(-0.462,0.,-0.148));
#3491=CARTESIAN_POINT('',(-0.462,0.,-0.123));
#3492=CARTESIAN_POINT('',(-0.462,0.02,-0.123));
#3493=CARTESIAN_POINT('',(-0.462,0.03,-0.123));
#3494=CARTESIAN_POINT('',(-0.462,0.03,-0.148));
#3495=CARTESIAN_POINT('',(-0.437,0.02,-0.123));
#3496=CARTESIAN_POINT('',(-0.437,0.,-0.123));
#3497=CARTESIAN_POINT('',(-0.412,0.,-0.123));
#3498=CARTESIAN_POINT('',(-0.412,0.02,-0.123));
#3499=CARTESIAN_POINT('',(-0.412,0.03,-0.123));
#3500=CARTESIAN_POINT('',(-0.437,0.03,-0.123));
#3501=CARTESIAN_POINT('',(-0.412,0.02,-0.148));
#3502=CARTESIAN_POINT('',(-0.412,0.,-0.148));
#3503=CARTESIAN_POINT('',(-0.412,0.03,-0.148));
#3504=CARTESIAN_POINT('',(-0.437,0.,-0.148));
#3505=CARTESIAN_POINT('',(-0.437,0.03,-0.148));
#3506=CARTESIAN_POINT('',(0.,0.,0.));
#3507=CARTESIAN_POINT('',(-0.537,0.02,-0.073));
#3508=CARTESIAN_POINT('',(-0.537,0.,-0.073));
#3509=CARTESIAN_POINT('',(-0.562,0.,-0.073));
#3510=CARTESIAN_POINT('',(-0.512,0.,-0.073));
#3511=CARTESIAN_POINT('',(-0.562,0.02,-0.073));
#3512=CARTESIAN_POINT('',(-0.562,0.03,-0.073));
#3513=CARTESIAN_POINT('',(-0.537,0.03,-0.073));
#3514=CARTESIAN_POINT('',(-0.512,0.03,-0.073));
#3515=CARTESIAN_POINT('',(-0.512,0.02,-0.073));
#3516=CARTESIAN_POINT('',(-0.562,0.02,-0.048));
#3517=CARTESIAN_POINT('',(-0.562,0.,-0.048));
#3518=CARTESIAN_POINT('',(-0.562,0.,-0.023));
#3519=CARTESIAN_POINT('',(-0.562,0.02,-0.023));
#3520=CARTESIAN_POINT('',(-0.562,0.03,-0.023));
#3521=CARTESIAN_POINT('',(-0.562,0.03,-0.048));
#3522=CARTESIAN_POINT('',(-0.537,0.02,-0.023));
#3523=CARTESIAN_POINT('',(-0.537,0.,-0.023));
#3524=CARTESIAN_POINT('',(-0.512,0.,-0.023));
#3525=CARTESIAN_POINT('',(-0.512,0.02,-0.023));
#3526=CARTESIAN_POINT('',(-0.512,0.03,-0.023));
#3527=CARTESIAN_POINT('',(-0.537,0.03,-0.023));
#3528=CARTESIAN_POINT('',(-0.512,0.02,-0.048));
#3529=CARTESIAN_POINT('',(-0.512,0.,-0.048));
#3530=CARTESIAN_POINT('',(-0.512,0.03,-0.048));
#3531=CARTESIAN_POINT('',(-0.537,0.,-0.048));
#3532=CARTESIAN_POINT('',(-0.537,0.03,-0.048));
#3533=CARTESIAN_POINT('',(0.,0.,0.));
#3534=CARTESIAN_POINT('',(-0.437,0.02,-0.073));
#3535=CARTESIAN_POINT('',(-0.437,0.,-0.073));
#3536=CARTESIAN_POINT('',(-0.462,0.,-0.073));
#3537=CARTESIAN_POINT('',(-0.412,0.,-0.073));
#3538=CARTESIAN_POINT('',(-0.462,0.02,-0.073));
#3539=CARTESIAN_POINT('',(-0.462,0.03,-0.073));
#3540=CARTESIAN_POINT('',(-0.437,0.03,-0.073));
#3541=CARTESIAN_POINT('',(-0.412,0.03,-0.073));
#3542=CARTESIAN_POINT('',(-0.412,0.02,-0.073));
#3543=CARTESIAN_POINT('',(-0.462,0.02,-0.048));
#3544=CARTESIAN_POINT('',(-0.462,0.,-0.048));
#3545=CARTESIAN_POINT('',(-0.462,0.,-0.023));
#3546=CARTESIAN_POINT('',(-0.462,0.02,-0.023));
#3547=CARTESIAN_POINT('',(-0.462,0.03,-0.023));
#3548=CARTESIAN_POINT('',(-0.462,0.03,-0.048));
#3549=CARTESIAN_POINT('',(-0.437,0.02,-0.023));
#3550=CARTESIAN_POINT('',(-0.437,0.,-0.023));
#3551=CARTESIAN_POINT('',(-0.412,0.,-0.023));
#3552=CARTESIAN_POINT('',(-0.412,0.02,-0.023));
#3553=CARTESIAN_POINT('',(-0.412,0.03,-0.023));
#3554=CARTESIAN_POINT('',(-0.437,0.03,-0.023));
#3555=CARTESIAN_POINT('',(-0.412,0.02,-0.048));
#3556=CARTESIAN_POINT('',(-0.412,0.,-0.048));
#3557=CARTESIAN_POINT('',(-0.412,0.03,-0.048));
#3558=CARTESIAN_POINT('',(-0.437,0.,-0.048));
#3559=CARTESIAN_POINT('',(-0.437,0.03,-0.048));
#3560=CARTESIAN_POINT('',(0.,0.,0.));
#3561=CARTESIAN_POINT('',(-0.562,0.015,-0.0105));
#3562=CARTESIAN_POINT('',(-0.562,0.015,-0.0105));
#3563=CARTESIAN_POINT('',(-0.562,0.008,-0.0105));
#3564=CARTESIAN_POINT('',(-0.562,0.015,-0.0355));
#3565=CARTESIAN_POINT('',(-0.562,0.008,-0.0355));
#3566=CARTESIAN_POINT('',(-0.512,0.015,-0.0105));
#3567=CARTESIAN_POINT('',(-0.512,0.015,-0.0355));
#3568=CARTESIAN_POINT('',(0.,0.,0.));
#3569=CARTESIAN_POINT('',(-0.512,0.015,-0.0105));
#3570=CARTESIAN_POINT('',(-0.512,0.015,-0.0105));
#3571=CARTESIAN_POINT('',(-0.512,0.008,-0.0105));
#3572=CARTESIAN_POINT('',(-0.512,0.015,-0.0355));
#3573=CARTESIAN_POINT('',(-0.512,0.008,-0.0355));
#3574=CARTESIAN_POINT('',(-0.512,0.015,-0.0105));
#3575=CARTESIAN_POINT('',(-0.512,0.015,-0.0355));
#3576=CARTESIAN_POINT('',(0.,0.,0.));
#3577=CARTESIAN_POINT('',(-0.3995,0.015,-0.073));
#3578=CARTESIAN_POINT('',(-0.3995,0.015,-0.073));
#3579=CARTESIAN_POINT('',(-0.3995,0.008,-0.073));
#3580=CARTESIAN_POINT('',(-0.4245,0.015,-0.073));
#3581=CARTESIAN_POINT('',(-0.4245,0.008,-0.073));
#3582=CARTESIAN_POINT('',(-0.3995,0.015,-0.123));
#3583=CARTESIAN_POINT('',(-0.4245,0.015,-0.123));
#3584=CARTESIAN_POINT('',(0.,0.,0.));
#3585=CARTESIAN_POINT('',(-0.3995,0.015,-0.173));
#3586=CARTESIAN_POINT('',(-0.3995,0.015,-0.173));
#3587=CARTESIAN_POINT('',(-0.3995,0.008,-0.173));
#3588=CARTESIAN_POINT('',(-0.4245,0.015,-0.173));
#3589=CARTESIAN_POINT('',(-0.4245,0.008,-0.173));
#3590=CARTESIAN_POINT('',(-0.3995,0.015,-0.123));
#3591=CARTESIAN_POINT('',(-0.4245,0.015,-0.123));
#3592=CARTESIAN_POINT('',(0.,0.,0.));
#3593=CARTESIAN_POINT('',(-0.3995,0.015,-0.123));
#3594=CARTESIAN_POINT('',(-0.3995,0.015,-0.123));
#3595=CARTESIAN_POINT('',(-0.3995,0.008,-0.123));
#3596=CARTESIAN_POINT('',(-0.4245,0.015,-0.123));
#3597=CARTESIAN_POINT('',(-0.4245,0.008,-0.123));
#3598=CARTESIAN_POINT('',(-0.3995,0.015,-0.123));
#3599=CARTESIAN_POINT('',(-0.4245,0.015,-0.123));
#3600=CARTESIAN_POINT('',(0.,0.,0.));
#3601=CARTESIAN_POINT('',(-0.3995,0.01,-0.233));
#3602=CARTESIAN_POINT('',(-0.3995,0.01,-0.233));
#3603=CARTESIAN_POINT('',(-0.3995,0.0055,-0.233));
#3604=CARTESIAN_POINT('',(-0.4245,0.01,-0.233));
#3605=CARTESIAN_POINT('',(-0.4245,0.0055,-0.233));
#3606=CARTESIAN_POINT('',(-0.3995,0.035,-0.233));
#3607=CARTESIAN_POINT('',(-0.4245,0.035,-0.233));
#3608=CARTESIAN_POINT('',(0.,0.,0.));
#3609=CARTESIAN_POINT('',(-0.462,0.015,-0.0105));
#3610=CARTESIAN_POINT('',(-0.462,0.015,-0.0105));
#3611=CARTESIAN_POINT('',(-0.462,0.008,-0.0105));
#3612=CARTESIAN_POINT('',(-0.462,0.015,-0.0355));
#3613=CARTESIAN_POINT('',(-0.462,0.008,-0.0355));
#3614=CARTESIAN_POINT('',(-0.512,0.015,-0.0105));
#3615=CARTESIAN_POINT('',(-0.512,0.015,-0.0355));
#3616=CARTESIAN_POINT('',(0.,0.,0.));
#3617=CARTESIAN_POINT('',(-0.3995,0.03,-0.233));
#3618=CARTESIAN_POINT('',(-0.3995,0.03,-0.233));
#3619=CARTESIAN_POINT('',(-0.3995,0.0255,-0.233));
#3620=CARTESIAN_POINT('',(-0.4245,0.03,-0.233));
#3621=CARTESIAN_POINT('',(-0.4245,0.0255,-0.233));
#3622=CARTESIAN_POINT('',(-0.3995,0.035,-0.233));
#3623=CARTESIAN_POINT('',(-0.4245,0.035,-0.233));
#3624=CARTESIAN_POINT('',(0.,0.,0.));
#3625=CARTESIAN_POINT('',(-0.3995,0.05,-0.233));
#3626=CARTESIAN_POINT('',(-0.3995,0.05,-0.233));
#3627=CARTESIAN_POINT('',(-0.3995,0.0455,-0.233));
#3628=CARTESIAN_POINT('',(-0.4245,0.05,-0.233));
#3629=CARTESIAN_POINT('',(-0.4245,0.0455,-0.233));
#3630=CARTESIAN_POINT('',(-0.3995,0.035,-0.233));
#3631=CARTESIAN_POINT('',(-0.4245,0.035,-0.233));
#3632=MECHANICAL_DESIGN_GEOMETRIC_PRESENTATION_REPRESENTATION('',(#2012),
#3658);
#3633=MECHANICAL_DESIGN_GEOMETRIC_PRESENTATION_REPRESENTATION('',(#2013),
#3659);
#3634=MECHANICAL_DESIGN_GEOMETRIC_PRESENTATION_REPRESENTATION('',(#2014),
#3660);
#3635=MECHANICAL_DESIGN_GEOMETRIC_PRESENTATION_REPRESENTATION('',(#2015),
#3661);
#3636=MECHANICAL_DESIGN_GEOMETRIC_PRESENTATION_REPRESENTATION('',(#2016),
#3662);
#3637=MECHANICAL_DESIGN_GEOMETRIC_PRESENTATION_REPRESENTATION('',(#2017),
#3663);
#3638=MECHANICAL_DESIGN_GEOMETRIC_PRESENTATION_REPRESENTATION('',(#2018),
#3664);
#3639=MECHANICAL_DESIGN_GEOMETRIC_PRESENTATION_REPRESENTATION('',(#2019),
#3665);
#3640=MECHANICAL_DESIGN_GEOMETRIC_PRESENTATION_REPRESENTATION('',(#2020),
#3666);
#3641=MECHANICAL_DESIGN_GEOMETRIC_PRESENTATION_REPRESENTATION('',(#2021),
#3667);
#3642=MECHANICAL_DESIGN_GEOMETRIC_PRESENTATION_REPRESENTATION('',(#2022),
#3668);
#3643=MECHANICAL_DESIGN_GEOMETRIC_PRESENTATION_REPRESENTATION('',(#2023),
#3669);
#3644=MECHANICAL_DESIGN_GEOMETRIC_PRESENTATION_REPRESENTATION('',(#2024),
#3670);
#3645=MECHANICAL_DESIGN_GEOMETRIC_PRESENTATION_REPRESENTATION('',(#2025),
#3671);
#3646=MECHANICAL_DESIGN_GEOMETRIC_PRESENTATION_REPRESENTATION('',(#2026),
#3672);
#3647=MECHANICAL_DESIGN_GEOMETRIC_PRESENTATION_REPRESENTATION('',(#2027),
#3673);
#3648=MECHANICAL_DESIGN_GEOMETRIC_PRESENTATION_REPRESENTATION('',(#2028),
#3674);
#3649=MECHANICAL_DESIGN_GEOMETRIC_PRESENTATION_REPRESENTATION('',(#2029),
#3675);
#3650=MECHANICAL_DESIGN_GEOMETRIC_PRESENTATION_REPRESENTATION('',(#2030),
#3676);
#3651=MECHANICAL_DESIGN_GEOMETRIC_PRESENTATION_REPRESENTATION('',(#2031),
#3677);
#3652=MECHANICAL_DESIGN_GEOMETRIC_PRESENTATION_REPRESENTATION('',(#2032),
#3678);
#3653=MECHANICAL_DESIGN_GEOMETRIC_PRESENTATION_REPRESENTATION('',(#2033),
#3679);
#3654=MECHANICAL_DESIGN_GEOMETRIC_PRESENTATION_REPRESENTATION('',(#2034),
#3680);
#3655=MECHANICAL_DESIGN_GEOMETRIC_PRESENTATION_REPRESENTATION('',(#2035),
#3681);
#3656=MECHANICAL_DESIGN_GEOMETRIC_PRESENTATION_REPRESENTATION('',(#2036),
#3682);
#3657=MECHANICAL_DESIGN_GEOMETRIC_PRESENTATION_REPRESENTATION('',(#2037),
#3683);
#3658=(
GEOMETRIC_REPRESENTATION_CONTEXT(3)
GLOBAL_UNCERTAINTY_ASSIGNED_CONTEXT((#3684))
GLOBAL_UNIT_ASSIGNED_CONTEXT((#3762,#3736,#3710))
REPRESENTATION_CONTEXT('Part 86','TOP_LEVEL_ASSEMBLY_PART')
);
#3659=(
GEOMETRIC_REPRESENTATION_CONTEXT(3)
GLOBAL_UNCERTAINTY_ASSIGNED_CONTEXT((#3685))
GLOBAL_UNIT_ASSIGNED_CONTEXT((#3763,#3737,#3711))
REPRESENTATION_CONTEXT('Part 87','TOP_LEVEL_ASSEMBLY_PART')
);
#3660=(
GEOMETRIC_REPRESENTATION_CONTEXT(3)
GLOBAL_UNCERTAINTY_ASSIGNED_CONTEXT((#3686))
GLOBAL_UNIT_ASSIGNED_CONTEXT((#3764,#3738,#3712))
REPRESENTATION_CONTEXT('Part 88','TOP_LEVEL_ASSEMBLY_PART')
);
#3661=(
GEOMETRIC_REPRESENTATION_CONTEXT(3)
GLOBAL_UNCERTAINTY_ASSIGNED_CONTEXT((#3687))
GLOBAL_UNIT_ASSIGNED_CONTEXT((#3765,#3739,#3713))
REPRESENTATION_CONTEXT('Part 89','TOP_LEVEL_ASSEMBLY_PART')
);
#3662=(
GEOMETRIC_REPRESENTATION_CONTEXT(3)
GLOBAL_UNCERTAINTY_ASSIGNED_CONTEXT((#3688))
GLOBAL_UNIT_ASSIGNED_CONTEXT((#3766,#3740,#3714))
REPRESENTATION_CONTEXT('Part 90','TOP_LEVEL_ASSEMBLY_PART')
);
#3663=(
GEOMETRIC_REPRESENTATION_CONTEXT(3)
GLOBAL_UNCERTAINTY_ASSIGNED_CONTEXT((#3689))
GLOBAL_UNIT_ASSIGNED_CONTEXT((#3767,#3741,#3715))
REPRESENTATION_CONTEXT('Part 91','TOP_LEVEL_ASSEMBLY_PART')
);
#3664=(
GEOMETRIC_REPRESENTATION_CONTEXT(3)
GLOBAL_UNCERTAINTY_ASSIGNED_CONTEXT((#3690))
GLOBAL_UNIT_ASSIGNED_CONTEXT((#3768,#3742,#3716))
REPRESENTATION_CONTEXT('Part 92','TOP_LEVEL_ASSEMBLY_PART')
);
#3665=(
GEOMETRIC_REPRESENTATION_CONTEXT(3)
GLOBAL_UNCERTAINTY_ASSIGNED_CONTEXT((#3691))
GLOBAL_UNIT_ASSIGNED_CONTEXT((#3769,#3743,#3717))
REPRESENTATION_CONTEXT('Part 93','TOP_LEVEL_ASSEMBLY_PART')
);
#3666=(
GEOMETRIC_REPRESENTATION_CONTEXT(3)
GLOBAL_UNCERTAINTY_ASSIGNED_CONTEXT((#3692))
GLOBAL_UNIT_ASSIGNED_CONTEXT((#3770,#3744,#3718))
REPRESENTATION_CONTEXT('Part 94','TOP_LEVEL_ASSEMBLY_PART')
);
#3667=(
GEOMETRIC_REPRESENTATION_CONTEXT(3)
GLOBAL_UNCERTAINTY_ASSIGNED_CONTEXT((#3693))
GLOBAL_UNIT_ASSIGNED_CONTEXT((#3771,#3745,#3719))
REPRESENTATION_CONTEXT('Part 95','TOP_LEVEL_ASSEMBLY_PART')
);
#3668=(
GEOMETRIC_REPRESENTATION_CONTEXT(3)
GLOBAL_UNCERTAINTY_ASSIGNED_CONTEXT((#3694))
GLOBAL_UNIT_ASSIGNED_CONTEXT((#3772,#3746,#3720))
REPRESENTATION_CONTEXT('Part 96','TOP_LEVEL_ASSEMBLY_PART')
);
#3669=(
GEOMETRIC_REPRESENTATION_CONTEXT(3)
GLOBAL_UNCERTAINTY_ASSIGNED_CONTEXT((#3695))
GLOBAL_UNIT_ASSIGNED_CONTEXT((#3773,#3747,#3721))
REPRESENTATION_CONTEXT('Part 97','TOP_LEVEL_ASSEMBLY_PART')
);
#3670=(
GEOMETRIC_REPRESENTATION_CONTEXT(3)
GLOBAL_UNCERTAINTY_ASSIGNED_CONTEXT((#3696))
GLOBAL_UNIT_ASSIGNED_CONTEXT((#3774,#3748,#3722))
REPRESENTATION_CONTEXT('Part 98','TOP_LEVEL_ASSEMBLY_PART')
);
#3671=(
GEOMETRIC_REPRESENTATION_CONTEXT(3)
GLOBAL_UNCERTAINTY_ASSIGNED_CONTEXT((#3697))
GLOBAL_UNIT_ASSIGNED_CONTEXT((#3775,#3749,#3723))
REPRESENTATION_CONTEXT('Part 99','TOP_LEVEL_ASSEMBLY_PART')
);
#3672=(
GEOMETRIC_REPRESENTATION_CONTEXT(3)
GLOBAL_UNCERTAINTY_ASSIGNED_CONTEXT((#3698))
GLOBAL_UNIT_ASSIGNED_CONTEXT((#3776,#3750,#3724))
REPRESENTATION_CONTEXT('Part 100','TOP_LEVEL_ASSEMBLY_PART')
);
#3673=(
GEOMETRIC_REPRESENTATION_CONTEXT(3)
GLOBAL_UNCERTAINTY_ASSIGNED_CONTEXT((#3699))
GLOBAL_UNIT_ASSIGNED_CONTEXT((#3777,#3751,#3725))
REPRESENTATION_CONTEXT('Part 101','TOP_LEVEL_ASSEMBLY_PART')
);
#3674=(
GEOMETRIC_REPRESENTATION_CONTEXT(3)
GLOBAL_UNCERTAINTY_ASSIGNED_CONTEXT((#3700))
GLOBAL_UNIT_ASSIGNED_CONTEXT((#3778,#3752,#3726))
REPRESENTATION_CONTEXT('Part 102','TOP_LEVEL_ASSEMBLY_PART')
);
#3675=(
GEOMETRIC_REPRESENTATION_CONTEXT(3)
GLOBAL_UNCERTAINTY_ASSIGNED_CONTEXT((#3701))
GLOBAL_UNIT_ASSIGNED_CONTEXT((#3779,#3753,#3727))
REPRESENTATION_CONTEXT('Part 163','TOP_LEVEL_ASSEMBLY_PART')
);
#3676=(
GEOMETRIC_REPRESENTATION_CONTEXT(3)
GLOBAL_UNCERTAINTY_ASSIGNED_CONTEXT((#3702))
GLOBAL_UNIT_ASSIGNED_CONTEXT((#3780,#3754,#3728))
REPRESENTATION_CONTEXT('Part 164','TOP_LEVEL_ASSEMBLY_PART')
);
#3677=(
GEOMETRIC_REPRESENTATION_CONTEXT(3)
GLOBAL_UNCERTAINTY_ASSIGNED_CONTEXT((#3703))
GLOBAL_UNIT_ASSIGNED_CONTEXT((#3781,#3755,#3729))
REPRESENTATION_CONTEXT('Part 166','TOP_LEVEL_ASSEMBLY_PART')
);
#3678=(
GEOMETRIC_REPRESENTATION_CONTEXT(3)
GLOBAL_UNCERTAINTY_ASSIGNED_CONTEXT((#3704))
GLOBAL_UNIT_ASSIGNED_CONTEXT((#3782,#3756,#3730))
REPRESENTATION_CONTEXT('Part 168','TOP_LEVEL_ASSEMBLY_PART')
);
#3679=(
GEOMETRIC_REPRESENTATION_CONTEXT(3)
GLOBAL_UNCERTAINTY_ASSIGNED_CONTEXT((#3705))
GLOBAL_UNIT_ASSIGNED_CONTEXT((#3783,#3757,#3731))
REPRESENTATION_CONTEXT('Part 167','TOP_LEVEL_ASSEMBLY_PART')
);
#3680=(
GEOMETRIC_REPRESENTATION_CONTEXT(3)
GLOBAL_UNCERTAINTY_ASSIGNED_CONTEXT((#3706))
GLOBAL_UNIT_ASSIGNED_CONTEXT((#3784,#3758,#3732))
REPRESENTATION_CONTEXT('Part 171','TOP_LEVEL_ASSEMBLY_PART')
);
#3681=(
GEOMETRIC_REPRESENTATION_CONTEXT(3)
GLOBAL_UNCERTAINTY_ASSIGNED_CONTEXT((#3707))
GLOBAL_UNIT_ASSIGNED_CONTEXT((#3785,#3759,#3733))
REPRESENTATION_CONTEXT('Part 165','TOP_LEVEL_ASSEMBLY_PART')
);
#3682=(
GEOMETRIC_REPRESENTATION_CONTEXT(3)
GLOBAL_UNCERTAINTY_ASSIGNED_CONTEXT((#3708))
GLOBAL_UNIT_ASSIGNED_CONTEXT((#3786,#3760,#3734))
REPRESENTATION_CONTEXT('Part 170','TOP_LEVEL_ASSEMBLY_PART')
);
#3683=(
GEOMETRIC_REPRESENTATION_CONTEXT(3)
GLOBAL_UNCERTAINTY_ASSIGNED_CONTEXT((#3709))
GLOBAL_UNIT_ASSIGNED_CONTEXT((#3787,#3761,#3735))
REPRESENTATION_CONTEXT('Part 169','TOP_LEVEL_ASSEMBLY_PART')
);
#3684=UNCERTAINTY_MEASURE_WITH_UNIT(LENGTH_MEASURE(1.E-8),#3762,
'DISTANCE_ACCURACY_VALUE','Maximum Tolerance applied to model');
#3685=UNCERTAINTY_MEASURE_WITH_UNIT(LENGTH_MEASURE(1.E-8),#3763,
'DISTANCE_ACCURACY_VALUE','Maximum Tolerance applied to model');
#3686=UNCERTAINTY_MEASURE_WITH_UNIT(LENGTH_MEASURE(1.E-8),#3764,
'DISTANCE_ACCURACY_VALUE','Maximum Tolerance applied to model');
#3687=UNCERTAINTY_MEASURE_WITH_UNIT(LENGTH_MEASURE(1.E-8),#3765,
'DISTANCE_ACCURACY_VALUE','Maximum Tolerance applied to model');
#3688=UNCERTAINTY_MEASURE_WITH_UNIT(LENGTH_MEASURE(1.E-8),#3766,
'DISTANCE_ACCURACY_VALUE','Maximum Tolerance applied to model');
#3689=UNCERTAINTY_MEASURE_WITH_UNIT(LENGTH_MEASURE(1.E-8),#3767,
'DISTANCE_ACCURACY_VALUE','Maximum Tolerance applied to model');
#3690=UNCERTAINTY_MEASURE_WITH_UNIT(LENGTH_MEASURE(1.E-8),#3768,
'DISTANCE_ACCURACY_VALUE','Maximum Tolerance applied to model');
#3691=UNCERTAINTY_MEASURE_WITH_UNIT(LENGTH_MEASURE(1.E-8),#3769,
'DISTANCE_ACCURACY_VALUE','Maximum Tolerance applied to model');
#3692=UNCERTAINTY_MEASURE_WITH_UNIT(LENGTH_MEASURE(1.E-8),#3770,
'DISTANCE_ACCURACY_VALUE','Maximum Tolerance applied to model');
#3693=UNCERTAINTY_MEASURE_WITH_UNIT(LENGTH_MEASURE(1.E-8),#3771,
'DISTANCE_ACCURACY_VALUE','Maximum Tolerance applied to model');
#3694=UNCERTAINTY_MEASURE_WITH_UNIT(LENGTH_MEASURE(1.E-8),#3772,
'DISTANCE_ACCURACY_VALUE','Maximum Tolerance applied to model');
#3695=UNCERTAINTY_MEASURE_WITH_UNIT(LENGTH_MEASURE(1.E-8),#3773,
'DISTANCE_ACCURACY_VALUE','Maximum Tolerance applied to model');
#3696=UNCERTAINTY_MEASURE_WITH_UNIT(LENGTH_MEASURE(1.E-8),#3774,
'DISTANCE_ACCURACY_VALUE','Maximum Tolerance applied to model');
#3697=UNCERTAINTY_MEASURE_WITH_UNIT(LENGTH_MEASURE(1.E-8),#3775,
'DISTANCE_ACCURACY_VALUE','Maximum Tolerance applied to model');
#3698=UNCERTAINTY_MEASURE_WITH_UNIT(LENGTH_MEASURE(1.E-8),#3776,
'DISTANCE_ACCURACY_VALUE','Maximum Tolerance applied to model');
#3699=UNCERTAINTY_MEASURE_WITH_UNIT(LENGTH_MEASURE(1.E-8),#3777,
'DISTANCE_ACCURACY_VALUE','Maximum Tolerance applied to model');
#3700=UNCERTAINTY_MEASURE_WITH_UNIT(LENGTH_MEASURE(1.E-8),#3778,
'DISTANCE_ACCURACY_VALUE','Maximum Tolerance applied to model');
#3701=UNCERTAINTY_MEASURE_WITH_UNIT(LENGTH_MEASURE(1.E-8),#3779,
'DISTANCE_ACCURACY_VALUE','Maximum Tolerance applied to model');
#3702=UNCERTAINTY_MEASURE_WITH_UNIT(LENGTH_MEASURE(1.E-8),#3780,
'DISTANCE_ACCURACY_VALUE','Maximum Tolerance applied to model');
#3703=UNCERTAINTY_MEASURE_WITH_UNIT(LENGTH_MEASURE(1.E-8),#3781,
'DISTANCE_ACCURACY_VALUE','Maximum Tolerance applied to model');
#3704=UNCERTAINTY_MEASURE_WITH_UNIT(LENGTH_MEASURE(1.E-8),#3782,
'DISTANCE_ACCURACY_VALUE','Maximum Tolerance applied to model');
#3705=UNCERTAINTY_MEASURE_WITH_UNIT(LENGTH_MEASURE(1.E-8),#3783,
'DISTANCE_ACCURACY_VALUE','Maximum Tolerance applied to model');
#3706=UNCERTAINTY_MEASURE_WITH_UNIT(LENGTH_MEASURE(1.E-8),#3784,
'DISTANCE_ACCURACY_VALUE','Maximum Tolerance applied to model');
#3707=UNCERTAINTY_MEASURE_WITH_UNIT(LENGTH_MEASURE(1.E-8),#3785,
'DISTANCE_ACCURACY_VALUE','Maximum Tolerance applied to model');
#3708=UNCERTAINTY_MEASURE_WITH_UNIT(LENGTH_MEASURE(1.E-8),#3786,
'DISTANCE_ACCURACY_VALUE','Maximum Tolerance applied to model');
#3709=UNCERTAINTY_MEASURE_WITH_UNIT(LENGTH_MEASURE(1.E-8),#3787,
'DISTANCE_ACCURACY_VALUE','Maximum Tolerance applied to model');
#3710=(
NAMED_UNIT(*)
SI_UNIT($,.STERADIAN.)
SOLID_ANGLE_UNIT()
);
#3711=(
NAMED_UNIT(*)
SI_UNIT($,.STERADIAN.)
SOLID_ANGLE_UNIT()
);
#3712=(
NAMED_UNIT(*)
SI_UNIT($,.STERADIAN.)
SOLID_ANGLE_UNIT()
);
#3713=(
NAMED_UNIT(*)
SI_UNIT($,.STERADIAN.)
SOLID_ANGLE_UNIT()
);
#3714=(
NAMED_UNIT(*)
SI_UNIT($,.STERADIAN.)
SOLID_ANGLE_UNIT()
);
#3715=(
NAMED_UNIT(*)
SI_UNIT($,.STERADIAN.)
SOLID_ANGLE_UNIT()
);
#3716=(
NAMED_UNIT(*)
SI_UNIT($,.STERADIAN.)
SOLID_ANGLE_UNIT()
);
#3717=(
NAMED_UNIT(*)
SI_UNIT($,.STERADIAN.)
SOLID_ANGLE_UNIT()
);
#3718=(
NAMED_UNIT(*)
SI_UNIT($,.STERADIAN.)
SOLID_ANGLE_UNIT()
);
#3719=(
NAMED_UNIT(*)
SI_UNIT($,.STERADIAN.)
SOLID_ANGLE_UNIT()
);
#3720=(
NAMED_UNIT(*)
SI_UNIT($,.STERADIAN.)
SOLID_ANGLE_UNIT()
);
#3721=(
NAMED_UNIT(*)
SI_UNIT($,.STERADIAN.)
SOLID_ANGLE_UNIT()
);
#3722=(
NAMED_UNIT(*)
SI_UNIT($,.STERADIAN.)
SOLID_ANGLE_UNIT()
);
#3723=(
NAMED_UNIT(*)
SI_UNIT($,.STERADIAN.)
SOLID_ANGLE_UNIT()
);
#3724=(
NAMED_UNIT(*)
SI_UNIT($,.STERADIAN.)
SOLID_ANGLE_UNIT()
);
#3725=(
NAMED_UNIT(*)
SI_UNIT($,.STERADIAN.)
SOLID_ANGLE_UNIT()
);
#3726=(
NAMED_UNIT(*)
SI_UNIT($,.STERADIAN.)
SOLID_ANGLE_UNIT()
);
#3727=(
NAMED_UNIT(*)
SI_UNIT($,.STERADIAN.)
SOLID_ANGLE_UNIT()
);
#3728=(
NAMED_UNIT(*)
SI_UNIT($,.STERADIAN.)
SOLID_ANGLE_UNIT()
);
#3729=(
NAMED_UNIT(*)
SI_UNIT($,.STERADIAN.)
SOLID_ANGLE_UNIT()
);
#3730=(
NAMED_UNIT(*)
SI_UNIT($,.STERADIAN.)
SOLID_ANGLE_UNIT()
);
#3731=(
NAMED_UNIT(*)
SI_UNIT($,.STERADIAN.)
SOLID_ANGLE_UNIT()
);
#3732=(
NAMED_UNIT(*)
SI_UNIT($,.STERADIAN.)
SOLID_ANGLE_UNIT()
);
#3733=(
NAMED_UNIT(*)
SI_UNIT($,.STERADIAN.)
SOLID_ANGLE_UNIT()
);
#3734=(
NAMED_UNIT(*)
SI_UNIT($,.STERADIAN.)
SOLID_ANGLE_UNIT()
);
#3735=(
NAMED_UNIT(*)
SI_UNIT($,.STERADIAN.)
SOLID_ANGLE_UNIT()
);
#3736=(
NAMED_UNIT(*)
PLANE_ANGLE_UNIT()
SI_UNIT($,.RADIAN.)
);
#3737=(
NAMED_UNIT(*)
PLANE_ANGLE_UNIT()
SI_UNIT($,.RADIAN.)
);
#3738=(
NAMED_UNIT(*)
PLANE_ANGLE_UNIT()
SI_UNIT($,.RADIAN.)
);
#3739=(
NAMED_UNIT(*)
PLANE_ANGLE_UNIT()
SI_UNIT($,.RADIAN.)
);
#3740=(
NAMED_UNIT(*)
PLANE_ANGLE_UNIT()
SI_UNIT($,.RADIAN.)
);
#3741=(
NAMED_UNIT(*)
PLANE_ANGLE_UNIT()
SI_UNIT($,.RADIAN.)
);
#3742=(
NAMED_UNIT(*)
PLANE_ANGLE_UNIT()
SI_UNIT($,.RADIAN.)
);
#3743=(
NAMED_UNIT(*)
PLANE_ANGLE_UNIT()
SI_UNIT($,.RADIAN.)
);
#3744=(
NAMED_UNIT(*)
PLANE_ANGLE_UNIT()
SI_UNIT($,.RADIAN.)
);
#3745=(
NAMED_UNIT(*)
PLANE_ANGLE_UNIT()
SI_UNIT($,.RADIAN.)
);
#3746=(
NAMED_UNIT(*)
PLANE_ANGLE_UNIT()
SI_UNIT($,.RADIAN.)
);
#3747=(
NAMED_UNIT(*)
PLANE_ANGLE_UNIT()
SI_UNIT($,.RADIAN.)
);
#3748=(
NAMED_UNIT(*)
PLANE_ANGLE_UNIT()
SI_UNIT($,.RADIAN.)
);
#3749=(
NAMED_UNIT(*)
PLANE_ANGLE_UNIT()
SI_UNIT($,.RADIAN.)
);
#3750=(
NAMED_UNIT(*)
PLANE_ANGLE_UNIT()
SI_UNIT($,.RADIAN.)
);
#3751=(
NAMED_UNIT(*)
PLANE_ANGLE_UNIT()
SI_UNIT($,.RADIAN.)
);
#3752=(
NAMED_UNIT(*)
PLANE_ANGLE_UNIT()
SI_UNIT($,.RADIAN.)
);
#3753=(
NAMED_UNIT(*)
PLANE_ANGLE_UNIT()
SI_UNIT($,.RADIAN.)
);
#3754=(
NAMED_UNIT(*)
PLANE_ANGLE_UNIT()
SI_UNIT($,.RADIAN.)
);
#3755=(
NAMED_UNIT(*)
PLANE_ANGLE_UNIT()
SI_UNIT($,.RADIAN.)
);
#3756=(
NAMED_UNIT(*)
PLANE_ANGLE_UNIT()
SI_UNIT($,.RADIAN.)
);
#3757=(
NAMED_UNIT(*)
PLANE_ANGLE_UNIT()
SI_UNIT($,.RADIAN.)
);
#3758=(
NAMED_UNIT(*)
PLANE_ANGLE_UNIT()
SI_UNIT($,.RADIAN.)
);
#3759=(
NAMED_UNIT(*)
PLANE_ANGLE_UNIT()
SI_UNIT($,.RADIAN.)
);
#3760=(
NAMED_UNIT(*)
PLANE_ANGLE_UNIT()
SI_UNIT($,.RADIAN.)
);
#3761=(
NAMED_UNIT(*)
PLANE_ANGLE_UNIT()
SI_UNIT($,.RADIAN.)
);
#3762=(
LENGTH_UNIT()
NAMED_UNIT(*)
SI_UNIT($,.METRE.)
);
#3763=(
LENGTH_UNIT()
NAMED_UNIT(*)
SI_UNIT($,.METRE.)
);
#3764=(
LENGTH_UNIT()
NAMED_UNIT(*)
SI_UNIT($,.METRE.)
);
#3765=(
LENGTH_UNIT()
NAMED_UNIT(*)
SI_UNIT($,.METRE.)
);
#3766=(
LENGTH_UNIT()
NAMED_UNIT(*)
SI_UNIT($,.METRE.)
);
#3767=(
LENGTH_UNIT()
NAMED_UNIT(*)
SI_UNIT($,.METRE.)
);
#3768=(
LENGTH_UNIT()
NAMED_UNIT(*)
SI_UNIT($,.METRE.)
);
#3769=(
LENGTH_UNIT()
NAMED_UNIT(*)
SI_UNIT($,.METRE.)
);
#3770=(
LENGTH_UNIT()
NAMED_UNIT(*)
SI_UNIT($,.METRE.)
);
#3771=(
LENGTH_UNIT()
NAMED_UNIT(*)
SI_UNIT($,.METRE.)
);
#3772=(
LENGTH_UNIT()
NAMED_UNIT(*)
SI_UNIT($,.METRE.)
);
#3773=(
LENGTH_UNIT()
NAMED_UNIT(*)
SI_UNIT($,.METRE.)
);
#3774=(
LENGTH_UNIT()
NAMED_UNIT(*)
SI_UNIT($,.METRE.)
);
#3775=(
LENGTH_UNIT()
NAMED_UNIT(*)
SI_UNIT($,.METRE.)
);
#3776=(
LENGTH_UNIT()
NAMED_UNIT(*)
SI_UNIT($,.METRE.)
);
#3777=(
LENGTH_UNIT()
NAMED_UNIT(*)
SI_UNIT($,.METRE.)
);
#3778=(
LENGTH_UNIT()
NAMED_UNIT(*)
SI_UNIT($,.METRE.)
);
#3779=(
LENGTH_UNIT()
NAMED_UNIT(*)
SI_UNIT($,.METRE.)
);
#3780=(
LENGTH_UNIT()
NAMED_UNIT(*)
SI_UNIT($,.METRE.)
);
#3781=(
LENGTH_UNIT()
NAMED_UNIT(*)
SI_UNIT($,.METRE.)
);
#3782=(
LENGTH_UNIT()
NAMED_UNIT(*)
SI_UNIT($,.METRE.)
);
#3783=(
LENGTH_UNIT()
NAMED_UNIT(*)
SI_UNIT($,.METRE.)
);
#3784=(
LENGTH_UNIT()
NAMED_UNIT(*)
SI_UNIT($,.METRE.)
);
#3785=(
LENGTH_UNIT()
NAMED_UNIT(*)
SI_UNIT($,.METRE.)
);
#3786=(
LENGTH_UNIT()
NAMED_UNIT(*)
SI_UNIT($,.METRE.)
);
#3787=(
LENGTH_UNIT()
NAMED_UNIT(*)
SI_UNIT($,.METRE.)
);
#3788=PRODUCT_DEFINITION_SHAPE('','',#3814);
#3789=PRODUCT_DEFINITION_SHAPE('','',#3815);
#3790=PRODUCT_DEFINITION_SHAPE('','',#3816);
#3791=PRODUCT_DEFINITION_SHAPE('','',#3817);
#3792=PRODUCT_DEFINITION_SHAPE('','',#3818);
#3793=PRODUCT_DEFINITION_SHAPE('','',#3819);
#3794=PRODUCT_DEFINITION_SHAPE('','',#3820);
#3795=PRODUCT_DEFINITION_SHAPE('','',#3821);
#3796=PRODUCT_DEFINITION_SHAPE('','',#3822);
#3797=PRODUCT_DEFINITION_SHAPE('','',#3823);
#3798=PRODUCT_DEFINITION_SHAPE('','',#3824);
#3799=PRODUCT_DEFINITION_SHAPE('','',#3825);
#3800=PRODUCT_DEFINITION_SHAPE('','',#3826);
#3801=PRODUCT_DEFINITION_SHAPE('','',#3827);
#3802=PRODUCT_DEFINITION_SHAPE('','',#3828);
#3803=PRODUCT_DEFINITION_SHAPE('','',#3829);
#3804=PRODUCT_DEFINITION_SHAPE('','',#3830);
#3805=PRODUCT_DEFINITION_SHAPE('','',#3831);
#3806=PRODUCT_DEFINITION_SHAPE('','',#3832);
#3807=PRODUCT_DEFINITION_SHAPE('','',#3833);
#3808=PRODUCT_DEFINITION_SHAPE('','',#3834);
#3809=PRODUCT_DEFINITION_SHAPE('','',#3835);
#3810=PRODUCT_DEFINITION_SHAPE('','',#3836);
#3811=PRODUCT_DEFINITION_SHAPE('','',#3837);
#3812=PRODUCT_DEFINITION_SHAPE('','',#3838);
#3813=PRODUCT_DEFINITION_SHAPE('','',#3839);
#3814=PRODUCT_DEFINITION('','',#3866,#3840);
#3815=PRODUCT_DEFINITION('','',#3867,#3841);
#3816=PRODUCT_DEFINITION('','',#3868,#3842);
#3817=PRODUCT_DEFINITION('','',#3869,#3843);
#3818=PRODUCT_DEFINITION('','',#3870,#3844);
#3819=PRODUCT_DEFINITION('','',#3871,#3845);
#3820=PRODUCT_DEFINITION('','',#3872,#3846);
#3821=PRODUCT_DEFINITION('','',#3873,#3847);
#3822=PRODUCT_DEFINITION('','',#3874,#3848);
#3823=PRODUCT_DEFINITION('','',#3875,#3849);
#3824=PRODUCT_DEFINITION('','',#3876,#3850);
#3825=PRODUCT_DEFINITION('','',#3877,#3851);
#3826=PRODUCT_DEFINITION('','',#3878,#3852);
#3827=PRODUCT_DEFINITION('','',#3879,#3853);
#3828=PRODUCT_DEFINITION('','',#3880,#3854);
#3829=PRODUCT_DEFINITION('','',#3881,#3855);
#3830=PRODUCT_DEFINITION('','',#3882,#3856);
#3831=PRODUCT_DEFINITION('','',#3883,#3857);
#3832=PRODUCT_DEFINITION('','',#3884,#3858);
#3833=PRODUCT_DEFINITION('','',#3885,#3859);
#3834=PRODUCT_DEFINITION('','',#3886,#3860);
#3835=PRODUCT_DEFINITION('','',#3887,#3861);
#3836=PRODUCT_DEFINITION('','',#3888,#3862);
#3837=PRODUCT_DEFINITION('','',#3889,#3863);
#3838=PRODUCT_DEFINITION('','',#3890,#3864);
#3839=PRODUCT_DEFINITION('','',#3891,#3865);
#3840=PRODUCT_DEFINITION_CONTEXT('',#4022,'design');
#3841=PRODUCT_DEFINITION_CONTEXT('',#4023,'design');
#3842=PRODUCT_DEFINITION_CONTEXT('',#4024,'design');
#3843=PRODUCT_DEFINITION_CONTEXT('',#4025,'design');
#3844=PRODUCT_DEFINITION_CONTEXT('',#4026,'design');
#3845=PRODUCT_DEFINITION_CONTEXT('',#4027,'design');
#3846=PRODUCT_DEFINITION_CONTEXT('',#4028,'design');
#3847=PRODUCT_DEFINITION_CONTEXT('',#4029,'design');
#3848=PRODUCT_DEFINITION_CONTEXT('',#4030,'design');
#3849=PRODUCT_DEFINITION_CONTEXT('',#4031,'design');
#3850=PRODUCT_DEFINITION_CONTEXT('',#4032,'design');
#3851=PRODUCT_DEFINITION_CONTEXT('',#4033,'design');
#3852=PRODUCT_DEFINITION_CONTEXT('',#4034,'design');
#3853=PRODUCT_DEFINITION_CONTEXT('',#4035,'design');
#3854=PRODUCT_DEFINITION_CONTEXT('',#4036,'design');
#3855=PRODUCT_DEFINITION_CONTEXT('',#4037,'design');
#3856=PRODUCT_DEFINITION_CONTEXT('',#4038,'design');
#3857=PRODUCT_DEFINITION_CONTEXT('',#4039,'design');
#3858=PRODUCT_DEFINITION_CONTEXT('',#4040,'design');
#3859=PRODUCT_DEFINITION_CONTEXT('',#4041,'design');
#3860=PRODUCT_DEFINITION_CONTEXT('',#4042,'design');
#3861=PRODUCT_DEFINITION_CONTEXT('',#4043,'design');
#3862=PRODUCT_DEFINITION_CONTEXT('',#4044,'design');
#3863=PRODUCT_DEFINITION_CONTEXT('',#4045,'design');
#3864=PRODUCT_DEFINITION_CONTEXT('',#4046,'design');
#3865=PRODUCT_DEFINITION_CONTEXT('',#4047,'design');
#3866=PRODUCT_DEFINITION_FORMATION_WITH_SPECIFIED_SOURCE('','',#3918,
 .NOT_KNOWN.);
#3867=PRODUCT_DEFINITION_FORMATION_WITH_SPECIFIED_SOURCE('','',#3919,
 .NOT_KNOWN.);
#3868=PRODUCT_DEFINITION_FORMATION_WITH_SPECIFIED_SOURCE('','',#3920,
 .NOT_KNOWN.);
#3869=PRODUCT_DEFINITION_FORMATION_WITH_SPECIFIED_SOURCE('','',#3921,
 .NOT_KNOWN.);
#3870=PRODUCT_DEFINITION_FORMATION_WITH_SPECIFIED_SOURCE('','',#3922,
 .NOT_KNOWN.);
#3871=PRODUCT_DEFINITION_FORMATION_WITH_SPECIFIED_SOURCE('','',#3923,
 .NOT_KNOWN.);
#3872=PRODUCT_DEFINITION_FORMATION_WITH_SPECIFIED_SOURCE('','',#3924,
 .NOT_KNOWN.);
#3873=PRODUCT_DEFINITION_FORMATION_WITH_SPECIFIED_SOURCE('','',#3925,
 .NOT_KNOWN.);
#3874=PRODUCT_DEFINITION_FORMATION_WITH_SPECIFIED_SOURCE('','',#3926,
 .NOT_KNOWN.);
#3875=PRODUCT_DEFINITION_FORMATION_WITH_SPECIFIED_SOURCE('','',#3927,
 .NOT_KNOWN.);
#3876=PRODUCT_DEFINITION_FORMATION_WITH_SPECIFIED_SOURCE('','',#3928,
 .NOT_KNOWN.);
#3877=PRODUCT_DEFINITION_FORMATION_WITH_SPECIFIED_SOURCE('','',#3929,
 .NOT_KNOWN.);
#3878=PRODUCT_DEFINITION_FORMATION_WITH_SPECIFIED_SOURCE('','',#3930,
 .NOT_KNOWN.);
#3879=PRODUCT_DEFINITION_FORMATION_WITH_SPECIFIED_SOURCE('','',#3931,
 .NOT_KNOWN.);
#3880=PRODUCT_DEFINITION_FORMATION_WITH_SPECIFIED_SOURCE('','',#3932,
 .NOT_KNOWN.);
#3881=PRODUCT_DEFINITION_FORMATION_WITH_SPECIFIED_SOURCE('','',#3933,
 .NOT_KNOWN.);
#3882=PRODUCT_DEFINITION_FORMATION_WITH_SPECIFIED_SOURCE('','',#3934,
 .NOT_KNOWN.);
#3883=PRODUCT_DEFINITION_FORMATION_WITH_SPECIFIED_SOURCE('','',#3935,
 .NOT_KNOWN.);
#3884=PRODUCT_DEFINITION_FORMATION_WITH_SPECIFIED_SOURCE('','',#3936,
 .NOT_KNOWN.);
#3885=PRODUCT_DEFINITION_FORMATION_WITH_SPECIFIED_SOURCE('','',#3937,
 .NOT_KNOWN.);
#3886=PRODUCT_DEFINITION_FORMATION_WITH_SPECIFIED_SOURCE('','',#3938,
 .NOT_KNOWN.);
#3887=PRODUCT_DEFINITION_FORMATION_WITH_SPECIFIED_SOURCE('','',#3939,
 .NOT_KNOWN.);
#3888=PRODUCT_DEFINITION_FORMATION_WITH_SPECIFIED_SOURCE('','',#3940,
 .NOT_KNOWN.);
#3889=PRODUCT_DEFINITION_FORMATION_WITH_SPECIFIED_SOURCE('','',#3941,
 .NOT_KNOWN.);
#3890=PRODUCT_DEFINITION_FORMATION_WITH_SPECIFIED_SOURCE('','',#3942,
 .NOT_KNOWN.);
#3891=PRODUCT_DEFINITION_FORMATION_WITH_SPECIFIED_SOURCE('','',#3943,
 .NOT_KNOWN.);
#3892=PRODUCT_RELATED_PRODUCT_CATEGORY('','',(#3918));
#3893=PRODUCT_RELATED_PRODUCT_CATEGORY('','',(#3919));
#3894=PRODUCT_RELATED_PRODUCT_CATEGORY('','',(#3920));
#3895=PRODUCT_RELATED_PRODUCT_CATEGORY('','',(#3921));
#3896=PRODUCT_RELATED_PRODUCT_CATEGORY('','',(#3922));
#3897=PRODUCT_RELATED_PRODUCT_CATEGORY('','',(#3923));
#3898=PRODUCT_RELATED_PRODUCT_CATEGORY('','',(#3924));
#3899=PRODUCT_RELATED_PRODUCT_CATEGORY('','',(#3925));
#3900=PRODUCT_RELATED_PRODUCT_CATEGORY('','',(#3926));
#3901=PRODUCT_RELATED_PRODUCT_CATEGORY('','',(#3927));
#3902=PRODUCT_RELATED_PRODUCT_CATEGORY('','',(#3928));
#3903=PRODUCT_RELATED_PRODUCT_CATEGORY('','',(#3929));
#3904=PRODUCT_RELATED_PRODUCT_CATEGORY('','',(#3930));
#3905=PRODUCT_RELATED_PRODUCT_CATEGORY('','',(#3931));
#3906=PRODUCT_RELATED_PRODUCT_CATEGORY('','',(#3932));
#3907=PRODUCT_RELATED_PRODUCT_CATEGORY('','',(#3933));
#3908=PRODUCT_RELATED_PRODUCT_CATEGORY('','',(#3934));
#3909=PRODUCT_RELATED_PRODUCT_CATEGORY('','',(#3935));
#3910=PRODUCT_RELATED_PRODUCT_CATEGORY('','',(#3936));
#3911=PRODUCT_RELATED_PRODUCT_CATEGORY('','',(#3937));
#3912=PRODUCT_RELATED_PRODUCT_CATEGORY('','',(#3938));
#3913=PRODUCT_RELATED_PRODUCT_CATEGORY('','',(#3939));
#3914=PRODUCT_RELATED_PRODUCT_CATEGORY('','',(#3940));
#3915=PRODUCT_RELATED_PRODUCT_CATEGORY('','',(#3941));
#3916=PRODUCT_RELATED_PRODUCT_CATEGORY('','',(#3942));
#3917=PRODUCT_RELATED_PRODUCT_CATEGORY('','',(#3943));
#3918=PRODUCT('Part 86','Part 86','Part 86',(#3970));
#3919=PRODUCT('Part 87','Part 87','Part 87',(#3971));
#3920=PRODUCT('Part 88','Part 88','Part 88',(#3972));
#3921=PRODUCT('Part 89','Part 89','Part 89',(#3973));
#3922=PRODUCT('Part 90','Part 90','Part 90',(#3974));
#3923=PRODUCT('Part 91','Part 91','Part 91',(#3975));
#3924=PRODUCT('Part 92','Part 92','Part 92',(#3976));
#3925=PRODUCT('Part 93','Part 93','Part 93',(#3977));
#3926=PRODUCT('Part 94','Part 94','Part 94',(#3978));
#3927=PRODUCT('Part 95','Part 95','Part 95',(#3979));
#3928=PRODUCT('Part 96','Part 96','Part 96',(#3980));
#3929=PRODUCT('Part 97','Part 97','Part 97',(#3981));
#3930=PRODUCT('Part 98','Part 98','Part 98',(#3982));
#3931=PRODUCT('Part 99','Part 99','Part 99',(#3983));
#3932=PRODUCT('Part 100','Part 100','Part 100',(#3984));
#3933=PRODUCT('Part 101','Part 101','Part 101',(#3985));
#3934=PRODUCT('Part 102','Part 102','Part 102',(#3986));
#3935=PRODUCT('Part 163','Part 163','Part 163',(#3987));
#3936=PRODUCT('Part 164','Part 164','Part 164',(#3988));
#3937=PRODUCT('Part 166','Part 166','Part 166',(#3989));
#3938=PRODUCT('Part 168','Part 168','Part 168',(#3990));
#3939=PRODUCT('Part 167','Part 167','Part 167',(#3991));
#3940=PRODUCT('Part 171','Part 171','Part 171',(#3992));
#3941=PRODUCT('Part 165','Part 165','Part 165',(#3993));
#3942=PRODUCT('Part 170','Part 170','Part 170',(#3994));
#3943=PRODUCT('Part 169','Part 169','Part 169',(#3995));
#3944=PRODUCT_CATEGORY('','');
#3945=PRODUCT_CATEGORY('','');
#3946=PRODUCT_CATEGORY('','');
#3947=PRODUCT_CATEGORY('','');
#3948=PRODUCT_CATEGORY('','');
#3949=PRODUCT_CATEGORY('','');
#3950=PRODUCT_CATEGORY('','');
#3951=PRODUCT_CATEGORY('','');
#3952=PRODUCT_CATEGORY('','');
#3953=PRODUCT_CATEGORY('','');
#3954=PRODUCT_CATEGORY('','');
#3955=PRODUCT_CATEGORY('','');
#3956=PRODUCT_CATEGORY('','');
#3957=PRODUCT_CATEGORY('','');
#3958=PRODUCT_CATEGORY('','');
#3959=PRODUCT_CATEGORY('','');
#3960=PRODUCT_CATEGORY('','');
#3961=PRODUCT_CATEGORY('','');
#3962=PRODUCT_CATEGORY('','');
#3963=PRODUCT_CATEGORY('','');
#3964=PRODUCT_CATEGORY('','');
#3965=PRODUCT_CATEGORY('','');
#3966=PRODUCT_CATEGORY('','');
#3967=PRODUCT_CATEGORY('','');
#3968=PRODUCT_CATEGORY('','');
#3969=PRODUCT_CATEGORY('','');
#3970=PRODUCT_CONTEXT('',#4022,'mechanical');
#3971=PRODUCT_CONTEXT('',#4023,'mechanical');
#3972=PRODUCT_CONTEXT('',#4024,'mechanical');
#3973=PRODUCT_CONTEXT('',#4025,'mechanical');
#3974=PRODUCT_CONTEXT('',#4026,'mechanical');
#3975=PRODUCT_CONTEXT('',#4027,'mechanical');
#3976=PRODUCT_CONTEXT('',#4028,'mechanical');
#3977=PRODUCT_CONTEXT('',#4029,'mechanical');
#3978=PRODUCT_CONTEXT('',#4030,'mechanical');
#3979=PRODUCT_CONTEXT('',#4031,'mechanical');
#3980=PRODUCT_CONTEXT('',#4032,'mechanical');
#3981=PRODUCT_CONTEXT('',#4033,'mechanical');
#3982=PRODUCT_CONTEXT('',#4034,'mechanical');
#3983=PRODUCT_CONTEXT('',#4035,'mechanical');
#3984=PRODUCT_CONTEXT('',#4036,'mechanical');
#3985=PRODUCT_CONTEXT('',#4037,'mechanical');
#3986=PRODUCT_CONTEXT('',#4038,'mechanical');
#3987=PRODUCT_CONTEXT('',#4039,'mechanical');
#3988=PRODUCT_CONTEXT('',#4040,'mechanical');
#3989=PRODUCT_CONTEXT('',#4041,'mechanical');
#3990=PRODUCT_CONTEXT('',#4042,'mechanical');
#3991=PRODUCT_CONTEXT('',#4043,'mechanical');
#3992=PRODUCT_CONTEXT('',#4044,'mechanical');
#3993=PRODUCT_CONTEXT('',#4045,'mechanical');
#3994=PRODUCT_CONTEXT('',#4046,'mechanical');
#3995=PRODUCT_CONTEXT('',#4047,'mechanical');
#3996=APPLICATION_PROTOCOL_DEFINITION('international standard',
'ap242_managed_model_based_3d_engineering',2011,#4022);
#3997=APPLICATION_PROTOCOL_DEFINITION('international standard',
'ap242_managed_model_based_3d_engineering',2011,#4023);
#3998=APPLICATION_PROTOCOL_DEFINITION('international standard',
'ap242_managed_model_based_3d_engineering',2011,#4024);
#3999=APPLICATION_PROTOCOL_DEFINITION('international standard',
'ap242_managed_model_based_3d_engineering',2011,#4025);
#4000=APPLICATION_PROTOCOL_DEFINITION('international standard',
'ap242_managed_model_based_3d_engineering',2011,#4026);
#4001=APPLICATION_PROTOCOL_DEFINITION('international standard',
'ap242_managed_model_based_3d_engineering',2011,#4027);
#4002=APPLICATION_PROTOCOL_DEFINITION('international standard',
'ap242_managed_model_based_3d_engineering',2011,#4028);
#4003=APPLICATION_PROTOCOL_DEFINITION('international standard',
'ap242_managed_model_based_3d_engineering',2011,#4029);
#4004=APPLICATION_PROTOCOL_DEFINITION('international standard',
'ap242_managed_model_based_3d_engineering',2011,#4030);
#4005=APPLICATION_PROTOCOL_DEFINITION('international standard',
'ap242_managed_model_based_3d_engineering',2011,#4031);
#4006=APPLICATION_PROTOCOL_DEFINITION('international standard',
'ap242_managed_model_based_3d_engineering',2011,#4032);
#4007=APPLICATION_PROTOCOL_DEFINITION('international standard',
'ap242_managed_model_based_3d_engineering',2011,#4033);
#4008=APPLICATION_PROTOCOL_DEFINITION('international standard',
'ap242_managed_model_based_3d_engineering',2011,#4034);
#4009=APPLICATION_PROTOCOL_DEFINITION('international standard',
'ap242_managed_model_based_3d_engineering',2011,#4035);
#4010=APPLICATION_PROTOCOL_DEFINITION('international standard',
'ap242_managed_model_based_3d_engineering',2011,#4036);
#4011=APPLICATION_PROTOCOL_DEFINITION('international standard',
'ap242_managed_model_based_3d_engineering',2011,#4037);
#4012=APPLICATION_PROTOCOL_DEFINITION('international standard',
'ap242_managed_model_based_3d_engineering',2011,#4038);
#4013=APPLICATION_PROTOCOL_DEFINITION('international standard',
'ap242_managed_model_based_3d_engineering',2011,#4039);
#4014=APPLICATION_PROTOCOL_DEFINITION('international standard',
'ap242_managed_model_based_3d_engineering',2011,#4040);
#4015=APPLICATION_PROTOCOL_DEFINITION('international standard',
'ap242_managed_model_based_3d_engineering',2011,#4041);
#4016=APPLICATION_PROTOCOL_DEFINITION('international standard',
'ap242_managed_model_based_3d_engineering',2011,#4042);
#4017=APPLICATION_PROTOCOL_DEFINITION('international standard',
'ap242_managed_model_based_3d_engineering',2011,#4043);
#4018=APPLICATION_PROTOCOL_DEFINITION('international standard',
'ap242_managed_model_based_3d_engineering',2011,#4044);
#4019=APPLICATION_PROTOCOL_DEFINITION('international standard',
'ap242_managed_model_based_3d_engineering',2011,#4045);
#4020=APPLICATION_PROTOCOL_DEFINITION('international standard',
'ap242_managed_model_based_3d_engineering',2011,#4046);
#4021=APPLICATION_PROTOCOL_DEFINITION('international standard',
'ap242_managed_model_based_3d_engineering',2011,#4047);
#4022=APPLICATION_CONTEXT('managed model based 3d engineering');
#4023=APPLICATION_CONTEXT('managed model based 3d engineering');
#4024=APPLICATION_CONTEXT('managed model based 3d engineering');
#4025=APPLICATION_CONTEXT('managed model based 3d engineering');
#4026=APPLICATION_CONTEXT('managed model based 3d engineering');
#4027=APPLICATION_CONTEXT('managed model based 3d engineering');
#4028=APPLICATION_CONTEXT('managed model based 3d engineering');
#4029=APPLICATION_CONTEXT('managed model based 3d engineering');
#4030=APPLICATION_CONTEXT('managed model based 3d engineering');
#4031=APPLICATION_CONTEXT('managed model based 3d engineering');
#4032=APPLICATION_CONTEXT('managed model based 3d engineering');
#4033=APPLICATION_CONTEXT('managed model based 3d engineering');
#4034=APPLICATION_CONTEXT('managed model based 3d engineering');
#4035=APPLICATION_CONTEXT('managed model based 3d engineering');
#4036=APPLICATION_CONTEXT('managed model based 3d engineering');
#4037=APPLICATION_CONTEXT('managed model based 3d engineering');
#4038=APPLICATION_CONTEXT('managed model based 3d engineering');
#4039=APPLICATION_CONTEXT('managed model based 3d engineering');
#4040=APPLICATION_CONTEXT('managed model based 3d engineering');
#4041=APPLICATION_CONTEXT('managed model based 3d engineering');
#4042=APPLICATION_CONTEXT('managed model based 3d engineering');
#4043=APPLICATION_CONTEXT('managed model based 3d engineering');
#4044=APPLICATION_CONTEXT('managed model based 3d engineering');
#4045=APPLICATION_CONTEXT('managed model based 3d engineering');
#4046=APPLICATION_CONTEXT('managed model based 3d engineering');
#4047=APPLICATION_CONTEXT('managed model based 3d engineering');
ENDSEC;
END-ISO-10303-21;
