ISO-10303-21;
HEADER;
/* Generated by software containing ST-Developer
 * from STEP Tools, Inc. (www.steptools.com) 
 */
/* OPTION: using custom renumber hook */

FILE_DESCRIPTION(
/* description */ ('STEP AP242',
'CAx-IF Rec.Pracs.---Representation and Presentation of Product Manufa
cturing Information (PMI)---4.0---2014-10-13',
'CAx-IF Rec.Pracs.---3D Tessellated Geometry---0.4---2014-09-14','2;1'),

/* implementation_level */ '2;1');

FILE_NAME(
/* name */ '67545fe94feae02a9fb22d36',
/* time_stamp */ '2024-12-07T14:47:06Z',
/* author */ (''),
/* organization */ (''),
/* preprocessor_version */ 'ST-DEVELOPER v20',
/* originating_system */ 'ONSHAPE BY PTC INC, 1.190',
/* authorisation */ '  ');

FILE_SCHEMA (('AP242_MANAGED_MODEL_BASED_3D_ENGINEERING_MIM_LF { 1 0 10303 442 1 1 4 }'));
ENDSEC;

DATA;
#10=DRAUGHTING_PRE_DEFINED_COLOUR('black');
#11=ELLIPSE('',#2504,0.0141421356237309,0.01);
#12=CIRCLE('',#2503,0.01);
#13=CIRCLE('',#2507,0.01);
#14=CIRCLE('',#2512,0.005);
#15=CIRCLE('',#2513,0.005);
#16=CIRCLE('',#2514,0.005);
#17=CIRCLE('',#2516,0.005);
#18=CIRCLE('',#2517,0.005);
#19=CIRCLE('',#2518,0.005);
#20=CIRCLE('',#2520,0.005);
#21=CIRCLE('',#2523,0.005);
#22=CIRCLE('',#2526,0.005);
#23=CIRCLE('',#2529,0.005);
#24=CIRCLE('',#2532,0.005);
#25=CIRCLE('',#2535,0.005);
#26=CIRCLE('',#2563,0.0075);
#27=CIRCLE('',#2564,0.0075);
#28=CIRCLE('',#2568,0.0075);
#29=CIRCLE('',#2571,0.0075);
#30=CIRCLE('',#2575,0.0075);
#31=CIRCLE('',#2576,0.0075);
#32=CIRCLE('',#2583,0.0075);
#33=CIRCLE('',#2586,0.0075);
#34=CIRCLE('',#2590,0.0075);
#35=CIRCLE('',#2594,0.0075);
#36=CIRCLE('',#2598,0.0075);
#37=CIRCLE('',#2601,0.0075);
#38=CIRCLE('',#2636,0.0075);
#39=CIRCLE('',#2637,0.0075);
#40=CIRCLE('',#2641,0.0075);
#41=CIRCLE('',#2644,0.0075);
#42=CIRCLE('',#2651,0.0075);
#43=CIRCLE('',#2655,0.0075);
#44=CIRCLE('',#2659,0.0075);
#45=CIRCLE('',#2666,0.0075);
#46=CIRCLE('',#2670,0.0075);
#47=CIRCLE('',#2671,0.0075);
#48=CIRCLE('',#2678,0.0075);
#49=CIRCLE('',#2681,0.0075);
#50=CYLINDRICAL_SURFACE('',#2502,0.01);
#51=CYLINDRICAL_SURFACE('',#2506,0.01);
#52=CYLINDRICAL_SURFACE('',#2519,0.005);
#53=CYLINDRICAL_SURFACE('',#2522,0.005);
#54=CYLINDRICAL_SURFACE('',#2525,0.005);
#55=CYLINDRICAL_SURFACE('',#2528,0.005);
#56=CYLINDRICAL_SURFACE('',#2531,0.005);
#57=CYLINDRICAL_SURFACE('',#2534,0.005);
#58=CYLINDRICAL_SURFACE('',#2567,0.0075);
#59=CYLINDRICAL_SURFACE('',#2572,0.0075);
#60=CYLINDRICAL_SURFACE('',#2582,0.0075);
#61=CYLINDRICAL_SURFACE('',#2585,0.0075);
#62=CYLINDRICAL_SURFACE('',#2599,0.0075);
#63=CYLINDRICAL_SURFACE('',#2600,0.0075);
#64=CYLINDRICAL_SURFACE('',#2640,0.0075);
#65=CYLINDRICAL_SURFACE('',#2645,0.0075);
#66=CYLINDRICAL_SURFACE('',#2654,0.0075);
#67=CYLINDRICAL_SURFACE('',#2665,0.0075);
#68=CYLINDRICAL_SURFACE('',#2677,0.0075);
#69=CYLINDRICAL_SURFACE('',#2680,0.0075);
#70=SHAPE_REPRESENTATION_RELATIONSHIP('','',#2468,#87);
#71=SHAPE_REPRESENTATION_RELATIONSHIP('','',#2469,#88);
#72=SHAPE_REPRESENTATION_RELATIONSHIP('','',#2470,#89);
#73=SHAPE_REPRESENTATION_RELATIONSHIP('','',#2471,#90);
#74=SHAPE_REPRESENTATION_RELATIONSHIP('','',#2472,#91);
#75=SHAPE_REPRESENTATION_RELATIONSHIP('','',#2473,#92);
#76=SHAPE_REPRESENTATION_RELATIONSHIP('','',#2474,#93);
#77=SHAPE_REPRESENTATION_RELATIONSHIP('','',#2475,#94);
#78=SHAPE_REPRESENTATION_RELATIONSHIP('','',#2476,#95);
#79=SHAPE_REPRESENTATION_RELATIONSHIP('','',#2477,#96);
#80=SHAPE_REPRESENTATION_RELATIONSHIP('','',#2478,#97);
#81=SHAPE_REPRESENTATION_RELATIONSHIP('','',#2479,#98);
#82=SHAPE_REPRESENTATION_RELATIONSHIP('','',#2480,#99);
#83=SHAPE_REPRESENTATION_RELATIONSHIP('','',#2481,#100);
#84=SHAPE_REPRESENTATION_RELATIONSHIP('','',#2482,#101);
#85=SHAPE_REPRESENTATION_RELATIONSHIP('','',#2483,#102);
#86=SHAPE_REPRESENTATION_RELATIONSHIP('','',#2484,#103);
#87=ADVANCED_BREP_SHAPE_REPRESENTATION('',(#2434),#4017);
#88=ADVANCED_BREP_SHAPE_REPRESENTATION('',(#2435),#4018);
#89=ADVANCED_BREP_SHAPE_REPRESENTATION('',(#2436),#4019);
#90=ADVANCED_BREP_SHAPE_REPRESENTATION('',(#2437),#4020);
#91=ADVANCED_BREP_SHAPE_REPRESENTATION('',(#2438),#4021);
#92=ADVANCED_BREP_SHAPE_REPRESENTATION('',(#2439),#4022);
#93=ADVANCED_BREP_SHAPE_REPRESENTATION('',(#2440),#4023);
#94=ADVANCED_BREP_SHAPE_REPRESENTATION('',(#2441),#4024);
#95=ADVANCED_BREP_SHAPE_REPRESENTATION('',(#2442),#4025);
#96=ADVANCED_BREP_SHAPE_REPRESENTATION('',(#2443),#4026);
#97=ADVANCED_BREP_SHAPE_REPRESENTATION('',(#2444),#4027);
#98=ADVANCED_BREP_SHAPE_REPRESENTATION('',(#2445),#4028);
#99=ADVANCED_BREP_SHAPE_REPRESENTATION('',(#2446),#4029);
#100=ADVANCED_BREP_SHAPE_REPRESENTATION('',(#2447),#4030);
#101=ADVANCED_BREP_SHAPE_REPRESENTATION('',(#2448),#4031);
#102=ADVANCED_BREP_SHAPE_REPRESENTATION('',(#2449),#4032);
#103=ADVANCED_BREP_SHAPE_REPRESENTATION('',(#2450),#4033);
#104=ORIENTED_EDGE('',*,*,#702,.F.);
#105=ORIENTED_EDGE('',*,*,#703,.F.);
#106=ORIENTED_EDGE('',*,*,#704,.T.);
#107=ORIENTED_EDGE('',*,*,#705,.T.);
#108=ORIENTED_EDGE('',*,*,#706,.T.);
#109=ORIENTED_EDGE('',*,*,#707,.F.);
#110=ORIENTED_EDGE('',*,*,#708,.F.);
#111=ORIENTED_EDGE('',*,*,#703,.T.);
#112=ORIENTED_EDGE('',*,*,#709,.T.);
#113=ORIENTED_EDGE('',*,*,#710,.F.);
#114=ORIENTED_EDGE('',*,*,#711,.F.);
#115=ORIENTED_EDGE('',*,*,#707,.T.);
#116=ORIENTED_EDGE('',*,*,#712,.F.);
#117=ORIENTED_EDGE('',*,*,#705,.F.);
#118=ORIENTED_EDGE('',*,*,#713,.T.);
#119=ORIENTED_EDGE('',*,*,#710,.T.);
#120=ORIENTED_EDGE('',*,*,#702,.T.);
#121=ORIENTED_EDGE('',*,*,#712,.T.);
#122=ORIENTED_EDGE('',*,*,#709,.F.);
#123=ORIENTED_EDGE('',*,*,#706,.F.);
#124=ORIENTED_EDGE('',*,*,#704,.F.);
#125=ORIENTED_EDGE('',*,*,#708,.T.);
#126=ORIENTED_EDGE('',*,*,#711,.T.);
#127=ORIENTED_EDGE('',*,*,#713,.F.);
#128=ORIENTED_EDGE('',*,*,#714,.F.);
#129=ORIENTED_EDGE('',*,*,#715,.F.);
#130=ORIENTED_EDGE('',*,*,#716,.T.);
#131=ORIENTED_EDGE('',*,*,#717,.T.);
#132=ORIENTED_EDGE('',*,*,#718,.T.);
#133=ORIENTED_EDGE('',*,*,#719,.F.);
#134=ORIENTED_EDGE('',*,*,#720,.F.);
#135=ORIENTED_EDGE('',*,*,#715,.T.);
#136=ORIENTED_EDGE('',*,*,#721,.T.);
#137=ORIENTED_EDGE('',*,*,#722,.F.);
#138=ORIENTED_EDGE('',*,*,#723,.F.);
#139=ORIENTED_EDGE('',*,*,#719,.T.);
#140=ORIENTED_EDGE('',*,*,#724,.F.);
#141=ORIENTED_EDGE('',*,*,#717,.F.);
#142=ORIENTED_EDGE('',*,*,#725,.T.);
#143=ORIENTED_EDGE('',*,*,#722,.T.);
#144=ORIENTED_EDGE('',*,*,#714,.T.);
#145=ORIENTED_EDGE('',*,*,#724,.T.);
#146=ORIENTED_EDGE('',*,*,#721,.F.);
#147=ORIENTED_EDGE('',*,*,#718,.F.);
#148=ORIENTED_EDGE('',*,*,#716,.F.);
#149=ORIENTED_EDGE('',*,*,#720,.T.);
#150=ORIENTED_EDGE('',*,*,#723,.T.);
#151=ORIENTED_EDGE('',*,*,#725,.F.);
#152=ORIENTED_EDGE('',*,*,#726,.F.);
#153=ORIENTED_EDGE('',*,*,#727,.T.);
#154=ORIENTED_EDGE('',*,*,#728,.T.);
#155=ORIENTED_EDGE('',*,*,#729,.F.);
#156=ORIENTED_EDGE('',*,*,#730,.F.);
#157=ORIENTED_EDGE('',*,*,#731,.T.);
#158=ORIENTED_EDGE('',*,*,#732,.T.);
#159=ORIENTED_EDGE('',*,*,#733,.F.);
#160=ORIENTED_EDGE('',*,*,#734,.F.);
#161=ORIENTED_EDGE('',*,*,#735,.F.);
#162=ORIENTED_EDGE('',*,*,#736,.F.);
#163=ORIENTED_EDGE('',*,*,#727,.F.);
#164=ORIENTED_EDGE('',*,*,#737,.F.);
#165=ORIENTED_EDGE('',*,*,#729,.T.);
#166=ORIENTED_EDGE('',*,*,#738,.T.);
#167=ORIENTED_EDGE('',*,*,#739,.T.);
#168=ORIENTED_EDGE('',*,*,#740,.F.);
#169=ORIENTED_EDGE('',*,*,#732,.F.);
#170=ORIENTED_EDGE('',*,*,#741,.F.);
#171=ORIENTED_EDGE('',*,*,#742,.T.);
#172=ORIENTED_EDGE('',*,*,#743,.F.);
#173=ORIENTED_EDGE('',*,*,#736,.T.);
#174=ORIENTED_EDGE('',*,*,#735,.T.);
#175=ORIENTED_EDGE('',*,*,#744,.T.);
#176=ORIENTED_EDGE('',*,*,#730,.T.);
#177=ORIENTED_EDGE('',*,*,#745,.T.);
#178=ORIENTED_EDGE('',*,*,#746,.F.);
#179=ORIENTED_EDGE('',*,*,#741,.T.);
#180=ORIENTED_EDGE('',*,*,#747,.F.);
#181=ORIENTED_EDGE('',*,*,#745,.F.);
#182=ORIENTED_EDGE('',*,*,#733,.T.);
#183=ORIENTED_EDGE('',*,*,#740,.T.);
#184=ORIENTED_EDGE('',*,*,#743,.T.);
#185=ORIENTED_EDGE('',*,*,#748,.T.);
#186=ORIENTED_EDGE('',*,*,#738,.F.);
#187=ORIENTED_EDGE('',*,*,#728,.F.);
#188=ORIENTED_EDGE('',*,*,#749,.T.);
#189=ORIENTED_EDGE('',*,*,#750,.T.);
#190=ORIENTED_EDGE('',*,*,#751,.T.);
#191=ORIENTED_EDGE('',*,*,#739,.F.);
#192=ORIENTED_EDGE('',*,*,#748,.F.);
#193=ORIENTED_EDGE('',*,*,#742,.F.);
#194=ORIENTED_EDGE('',*,*,#746,.T.);
#195=ORIENTED_EDGE('',*,*,#747,.T.);
#196=ORIENTED_EDGE('',*,*,#752,.T.);
#197=ORIENTED_EDGE('',*,*,#753,.T.);
#198=ORIENTED_EDGE('',*,*,#754,.T.);
#199=ORIENTED_EDGE('',*,*,#737,.T.);
#200=ORIENTED_EDGE('',*,*,#731,.F.);
#201=ORIENTED_EDGE('',*,*,#744,.F.);
#202=ORIENTED_EDGE('',*,*,#734,.T.);
#203=ORIENTED_EDGE('',*,*,#726,.T.);
#204=ORIENTED_EDGE('',*,*,#751,.F.);
#205=ORIENTED_EDGE('',*,*,#755,.F.);
#206=ORIENTED_EDGE('',*,*,#755,.T.);
#207=ORIENTED_EDGE('',*,*,#750,.F.);
#208=ORIENTED_EDGE('',*,*,#756,.F.);
#209=ORIENTED_EDGE('',*,*,#756,.T.);
#210=ORIENTED_EDGE('',*,*,#749,.F.);
#211=ORIENTED_EDGE('',*,*,#757,.F.);
#212=ORIENTED_EDGE('',*,*,#757,.T.);
#213=ORIENTED_EDGE('',*,*,#758,.F.);
#214=ORIENTED_EDGE('',*,*,#754,.F.);
#215=ORIENTED_EDGE('',*,*,#758,.T.);
#216=ORIENTED_EDGE('',*,*,#759,.F.);
#217=ORIENTED_EDGE('',*,*,#753,.F.);
#218=ORIENTED_EDGE('',*,*,#759,.T.);
#219=ORIENTED_EDGE('',*,*,#760,.F.);
#220=ORIENTED_EDGE('',*,*,#752,.F.);
#221=ORIENTED_EDGE('',*,*,#760,.T.);
#222=ORIENTED_EDGE('',*,*,#761,.F.);
#223=ORIENTED_EDGE('',*,*,#762,.F.);
#224=ORIENTED_EDGE('',*,*,#763,.T.);
#225=ORIENTED_EDGE('',*,*,#764,.T.);
#226=ORIENTED_EDGE('',*,*,#765,.T.);
#227=ORIENTED_EDGE('',*,*,#766,.F.);
#228=ORIENTED_EDGE('',*,*,#767,.F.);
#229=ORIENTED_EDGE('',*,*,#762,.T.);
#230=ORIENTED_EDGE('',*,*,#768,.T.);
#231=ORIENTED_EDGE('',*,*,#769,.F.);
#232=ORIENTED_EDGE('',*,*,#770,.F.);
#233=ORIENTED_EDGE('',*,*,#766,.T.);
#234=ORIENTED_EDGE('',*,*,#771,.F.);
#235=ORIENTED_EDGE('',*,*,#764,.F.);
#236=ORIENTED_EDGE('',*,*,#772,.T.);
#237=ORIENTED_EDGE('',*,*,#769,.T.);
#238=ORIENTED_EDGE('',*,*,#761,.T.);
#239=ORIENTED_EDGE('',*,*,#771,.T.);
#240=ORIENTED_EDGE('',*,*,#768,.F.);
#241=ORIENTED_EDGE('',*,*,#765,.F.);
#242=ORIENTED_EDGE('',*,*,#763,.F.);
#243=ORIENTED_EDGE('',*,*,#767,.T.);
#244=ORIENTED_EDGE('',*,*,#770,.T.);
#245=ORIENTED_EDGE('',*,*,#772,.F.);
#246=ORIENTED_EDGE('',*,*,#773,.F.);
#247=ORIENTED_EDGE('',*,*,#774,.F.);
#248=ORIENTED_EDGE('',*,*,#775,.T.);
#249=ORIENTED_EDGE('',*,*,#776,.T.);
#250=ORIENTED_EDGE('',*,*,#777,.T.);
#251=ORIENTED_EDGE('',*,*,#778,.F.);
#252=ORIENTED_EDGE('',*,*,#779,.F.);
#253=ORIENTED_EDGE('',*,*,#774,.T.);
#254=ORIENTED_EDGE('',*,*,#780,.T.);
#255=ORIENTED_EDGE('',*,*,#781,.F.);
#256=ORIENTED_EDGE('',*,*,#782,.F.);
#257=ORIENTED_EDGE('',*,*,#778,.T.);
#258=ORIENTED_EDGE('',*,*,#783,.F.);
#259=ORIENTED_EDGE('',*,*,#776,.F.);
#260=ORIENTED_EDGE('',*,*,#784,.T.);
#261=ORIENTED_EDGE('',*,*,#781,.T.);
#262=ORIENTED_EDGE('',*,*,#773,.T.);
#263=ORIENTED_EDGE('',*,*,#783,.T.);
#264=ORIENTED_EDGE('',*,*,#780,.F.);
#265=ORIENTED_EDGE('',*,*,#777,.F.);
#266=ORIENTED_EDGE('',*,*,#775,.F.);
#267=ORIENTED_EDGE('',*,*,#779,.T.);
#268=ORIENTED_EDGE('',*,*,#782,.T.);
#269=ORIENTED_EDGE('',*,*,#784,.F.);
#270=ORIENTED_EDGE('',*,*,#785,.F.);
#271=ORIENTED_EDGE('',*,*,#786,.F.);
#272=ORIENTED_EDGE('',*,*,#787,.T.);
#273=ORIENTED_EDGE('',*,*,#788,.T.);
#274=ORIENTED_EDGE('',*,*,#789,.T.);
#275=ORIENTED_EDGE('',*,*,#790,.F.);
#276=ORIENTED_EDGE('',*,*,#791,.F.);
#277=ORIENTED_EDGE('',*,*,#786,.T.);
#278=ORIENTED_EDGE('',*,*,#792,.T.);
#279=ORIENTED_EDGE('',*,*,#793,.F.);
#280=ORIENTED_EDGE('',*,*,#794,.F.);
#281=ORIENTED_EDGE('',*,*,#790,.T.);
#282=ORIENTED_EDGE('',*,*,#795,.F.);
#283=ORIENTED_EDGE('',*,*,#788,.F.);
#284=ORIENTED_EDGE('',*,*,#796,.T.);
#285=ORIENTED_EDGE('',*,*,#793,.T.);
#286=ORIENTED_EDGE('',*,*,#785,.T.);
#287=ORIENTED_EDGE('',*,*,#795,.T.);
#288=ORIENTED_EDGE('',*,*,#792,.F.);
#289=ORIENTED_EDGE('',*,*,#789,.F.);
#290=ORIENTED_EDGE('',*,*,#787,.F.);
#291=ORIENTED_EDGE('',*,*,#791,.T.);
#292=ORIENTED_EDGE('',*,*,#794,.T.);
#293=ORIENTED_EDGE('',*,*,#796,.F.);
#294=ORIENTED_EDGE('',*,*,#797,.F.);
#295=ORIENTED_EDGE('',*,*,#798,.T.);
#296=ORIENTED_EDGE('',*,*,#799,.F.);
#297=ORIENTED_EDGE('',*,*,#800,.T.);
#298=ORIENTED_EDGE('',*,*,#801,.F.);
#299=ORIENTED_EDGE('',*,*,#802,.F.);
#300=ORIENTED_EDGE('',*,*,#803,.T.);
#301=ORIENTED_EDGE('',*,*,#804,.T.);
#302=ORIENTED_EDGE('',*,*,#805,.T.);
#303=ORIENTED_EDGE('',*,*,#806,.F.);
#304=ORIENTED_EDGE('',*,*,#807,.F.);
#305=ORIENTED_EDGE('',*,*,#802,.T.);
#306=ORIENTED_EDGE('',*,*,#808,.F.);
#307=ORIENTED_EDGE('',*,*,#809,.T.);
#308=ORIENTED_EDGE('',*,*,#810,.F.);
#309=ORIENTED_EDGE('',*,*,#811,.F.);
#310=ORIENTED_EDGE('',*,*,#806,.T.);
#311=ORIENTED_EDGE('',*,*,#812,.T.);
#312=ORIENTED_EDGE('',*,*,#813,.F.);
#313=ORIENTED_EDGE('',*,*,#814,.T.);
#314=ORIENTED_EDGE('',*,*,#815,.F.);
#315=ORIENTED_EDGE('',*,*,#813,.T.);
#316=ORIENTED_EDGE('',*,*,#816,.F.);
#317=ORIENTED_EDGE('',*,*,#800,.F.);
#318=ORIENTED_EDGE('',*,*,#817,.F.);
#319=ORIENTED_EDGE('',*,*,#804,.F.);
#320=ORIENTED_EDGE('',*,*,#818,.T.);
#321=ORIENTED_EDGE('',*,*,#810,.T.);
#322=ORIENTED_EDGE('',*,*,#801,.T.);
#323=ORIENTED_EDGE('',*,*,#816,.T.);
#324=ORIENTED_EDGE('',*,*,#812,.F.);
#325=ORIENTED_EDGE('',*,*,#805,.F.);
#326=ORIENTED_EDGE('',*,*,#803,.F.);
#327=ORIENTED_EDGE('',*,*,#807,.T.);
#328=ORIENTED_EDGE('',*,*,#811,.T.);
#329=ORIENTED_EDGE('',*,*,#818,.F.);
#330=ORIENTED_EDGE('',*,*,#797,.T.);
#331=ORIENTED_EDGE('',*,*,#817,.T.);
#332=ORIENTED_EDGE('',*,*,#799,.T.);
#333=ORIENTED_EDGE('',*,*,#819,.F.);
#334=ORIENTED_EDGE('',*,*,#819,.T.);
#335=ORIENTED_EDGE('',*,*,#798,.F.);
#336=ORIENTED_EDGE('',*,*,#808,.T.);
#337=ORIENTED_EDGE('',*,*,#820,.T.);
#338=ORIENTED_EDGE('',*,*,#820,.F.);
#339=ORIENTED_EDGE('',*,*,#814,.F.);
#340=ORIENTED_EDGE('',*,*,#815,.T.);
#341=ORIENTED_EDGE('',*,*,#809,.F.);
#342=ORIENTED_EDGE('',*,*,#821,.F.);
#343=ORIENTED_EDGE('',*,*,#822,.T.);
#344=ORIENTED_EDGE('',*,*,#823,.F.);
#345=ORIENTED_EDGE('',*,*,#824,.F.);
#346=ORIENTED_EDGE('',*,*,#825,.F.);
#347=ORIENTED_EDGE('',*,*,#826,.F.);
#348=ORIENTED_EDGE('',*,*,#827,.T.);
#349=ORIENTED_EDGE('',*,*,#828,.T.);
#350=ORIENTED_EDGE('',*,*,#829,.F.);
#351=ORIENTED_EDGE('',*,*,#830,.T.);
#352=ORIENTED_EDGE('',*,*,#824,.T.);
#353=ORIENTED_EDGE('',*,*,#831,.T.);
#354=ORIENTED_EDGE('',*,*,#832,.F.);
#355=ORIENTED_EDGE('',*,*,#833,.F.);
#356=ORIENTED_EDGE('',*,*,#826,.T.);
#357=ORIENTED_EDGE('',*,*,#834,.T.);
#358=ORIENTED_EDGE('',*,*,#835,.T.);
#359=ORIENTED_EDGE('',*,*,#836,.F.);
#360=ORIENTED_EDGE('',*,*,#837,.F.);
#361=ORIENTED_EDGE('',*,*,#832,.T.);
#362=ORIENTED_EDGE('',*,*,#838,.F.);
#363=ORIENTED_EDGE('',*,*,#839,.T.);
#364=ORIENTED_EDGE('',*,*,#840,.F.);
#365=ORIENTED_EDGE('',*,*,#828,.F.);
#366=ORIENTED_EDGE('',*,*,#841,.T.);
#367=ORIENTED_EDGE('',*,*,#836,.T.);
#368=ORIENTED_EDGE('',*,*,#842,.F.);
#369=ORIENTED_EDGE('',*,*,#822,.F.);
#370=ORIENTED_EDGE('',*,*,#823,.T.);
#371=ORIENTED_EDGE('',*,*,#842,.T.);
#372=ORIENTED_EDGE('',*,*,#835,.F.);
#373=ORIENTED_EDGE('',*,*,#831,.F.);
#374=ORIENTED_EDGE('',*,*,#827,.F.);
#375=ORIENTED_EDGE('',*,*,#833,.T.);
#376=ORIENTED_EDGE('',*,*,#837,.T.);
#377=ORIENTED_EDGE('',*,*,#841,.F.);
#378=ORIENTED_EDGE('',*,*,#838,.T.);
#379=ORIENTED_EDGE('',*,*,#821,.T.);
#380=ORIENTED_EDGE('',*,*,#840,.T.);
#381=ORIENTED_EDGE('',*,*,#843,.F.);
#382=ORIENTED_EDGE('',*,*,#843,.T.);
#383=ORIENTED_EDGE('',*,*,#839,.F.);
#384=ORIENTED_EDGE('',*,*,#844,.F.);
#385=ORIENTED_EDGE('',*,*,#834,.F.);
#386=ORIENTED_EDGE('',*,*,#825,.T.);
#387=ORIENTED_EDGE('',*,*,#830,.F.);
#388=ORIENTED_EDGE('',*,*,#829,.T.);
#389=ORIENTED_EDGE('',*,*,#844,.T.);
#390=ORIENTED_EDGE('',*,*,#845,.F.);
#391=ORIENTED_EDGE('',*,*,#846,.F.);
#392=ORIENTED_EDGE('',*,*,#847,.T.);
#393=ORIENTED_EDGE('',*,*,#848,.T.);
#394=ORIENTED_EDGE('',*,*,#849,.F.);
#395=ORIENTED_EDGE('',*,*,#850,.F.);
#396=ORIENTED_EDGE('',*,*,#851,.F.);
#397=ORIENTED_EDGE('',*,*,#852,.T.);
#398=ORIENTED_EDGE('',*,*,#850,.T.);
#399=ORIENTED_EDGE('',*,*,#853,.T.);
#400=ORIENTED_EDGE('',*,*,#854,.F.);
#401=ORIENTED_EDGE('',*,*,#855,.F.);
#402=ORIENTED_EDGE('',*,*,#846,.T.);
#403=ORIENTED_EDGE('',*,*,#856,.T.);
#404=ORIENTED_EDGE('',*,*,#857,.F.);
#405=ORIENTED_EDGE('',*,*,#858,.T.);
#406=ORIENTED_EDGE('',*,*,#859,.F.);
#407=ORIENTED_EDGE('',*,*,#860,.F.);
#408=ORIENTED_EDGE('',*,*,#854,.T.);
#409=ORIENTED_EDGE('',*,*,#861,.T.);
#410=ORIENTED_EDGE('',*,*,#862,.F.);
#411=ORIENTED_EDGE('',*,*,#863,.T.);
#412=ORIENTED_EDGE('',*,*,#864,.F.);
#413=ORIENTED_EDGE('',*,*,#862,.T.);
#414=ORIENTED_EDGE('',*,*,#865,.F.);
#415=ORIENTED_EDGE('',*,*,#848,.F.);
#416=ORIENTED_EDGE('',*,*,#866,.T.);
#417=ORIENTED_EDGE('',*,*,#859,.T.);
#418=ORIENTED_EDGE('',*,*,#849,.T.);
#419=ORIENTED_EDGE('',*,*,#865,.T.);
#420=ORIENTED_EDGE('',*,*,#861,.F.);
#421=ORIENTED_EDGE('',*,*,#853,.F.);
#422=ORIENTED_EDGE('',*,*,#847,.F.);
#423=ORIENTED_EDGE('',*,*,#855,.T.);
#424=ORIENTED_EDGE('',*,*,#860,.T.);
#425=ORIENTED_EDGE('',*,*,#866,.F.);
#426=ORIENTED_EDGE('',*,*,#857,.T.);
#427=ORIENTED_EDGE('',*,*,#867,.T.);
#428=ORIENTED_EDGE('',*,*,#867,.F.);
#429=ORIENTED_EDGE('',*,*,#863,.F.);
#430=ORIENTED_EDGE('',*,*,#864,.T.);
#431=ORIENTED_EDGE('',*,*,#858,.F.);
#432=ORIENTED_EDGE('',*,*,#868,.F.);
#433=ORIENTED_EDGE('',*,*,#856,.F.);
#434=ORIENTED_EDGE('',*,*,#845,.T.);
#435=ORIENTED_EDGE('',*,*,#852,.F.);
#436=ORIENTED_EDGE('',*,*,#851,.T.);
#437=ORIENTED_EDGE('',*,*,#868,.T.);
#438=ORIENTED_EDGE('',*,*,#869,.F.);
#439=ORIENTED_EDGE('',*,*,#870,.F.);
#440=ORIENTED_EDGE('',*,*,#871,.T.);
#441=ORIENTED_EDGE('',*,*,#872,.T.);
#442=ORIENTED_EDGE('',*,*,#873,.T.);
#443=ORIENTED_EDGE('',*,*,#874,.F.);
#444=ORIENTED_EDGE('',*,*,#875,.F.);
#445=ORIENTED_EDGE('',*,*,#870,.T.);
#446=ORIENTED_EDGE('',*,*,#876,.T.);
#447=ORIENTED_EDGE('',*,*,#877,.F.);
#448=ORIENTED_EDGE('',*,*,#878,.F.);
#449=ORIENTED_EDGE('',*,*,#874,.T.);
#450=ORIENTED_EDGE('',*,*,#879,.F.);
#451=ORIENTED_EDGE('',*,*,#872,.F.);
#452=ORIENTED_EDGE('',*,*,#880,.T.);
#453=ORIENTED_EDGE('',*,*,#877,.T.);
#454=ORIENTED_EDGE('',*,*,#869,.T.);
#455=ORIENTED_EDGE('',*,*,#879,.T.);
#456=ORIENTED_EDGE('',*,*,#876,.F.);
#457=ORIENTED_EDGE('',*,*,#873,.F.);
#458=ORIENTED_EDGE('',*,*,#871,.F.);
#459=ORIENTED_EDGE('',*,*,#875,.T.);
#460=ORIENTED_EDGE('',*,*,#878,.T.);
#461=ORIENTED_EDGE('',*,*,#880,.F.);
#462=ORIENTED_EDGE('',*,*,#881,.F.);
#463=ORIENTED_EDGE('',*,*,#882,.F.);
#464=ORIENTED_EDGE('',*,*,#883,.T.);
#465=ORIENTED_EDGE('',*,*,#884,.T.);
#466=ORIENTED_EDGE('',*,*,#885,.T.);
#467=ORIENTED_EDGE('',*,*,#886,.F.);
#468=ORIENTED_EDGE('',*,*,#887,.F.);
#469=ORIENTED_EDGE('',*,*,#882,.T.);
#470=ORIENTED_EDGE('',*,*,#888,.T.);
#471=ORIENTED_EDGE('',*,*,#889,.F.);
#472=ORIENTED_EDGE('',*,*,#890,.F.);
#473=ORIENTED_EDGE('',*,*,#886,.T.);
#474=ORIENTED_EDGE('',*,*,#891,.F.);
#475=ORIENTED_EDGE('',*,*,#884,.F.);
#476=ORIENTED_EDGE('',*,*,#892,.T.);
#477=ORIENTED_EDGE('',*,*,#889,.T.);
#478=ORIENTED_EDGE('',*,*,#881,.T.);
#479=ORIENTED_EDGE('',*,*,#891,.T.);
#480=ORIENTED_EDGE('',*,*,#888,.F.);
#481=ORIENTED_EDGE('',*,*,#885,.F.);
#482=ORIENTED_EDGE('',*,*,#883,.F.);
#483=ORIENTED_EDGE('',*,*,#887,.T.);
#484=ORIENTED_EDGE('',*,*,#890,.T.);
#485=ORIENTED_EDGE('',*,*,#892,.F.);
#486=ORIENTED_EDGE('',*,*,#893,.F.);
#487=ORIENTED_EDGE('',*,*,#894,.F.);
#488=ORIENTED_EDGE('',*,*,#895,.T.);
#489=ORIENTED_EDGE('',*,*,#896,.T.);
#490=ORIENTED_EDGE('',*,*,#897,.T.);
#491=ORIENTED_EDGE('',*,*,#898,.F.);
#492=ORIENTED_EDGE('',*,*,#899,.F.);
#493=ORIENTED_EDGE('',*,*,#894,.T.);
#494=ORIENTED_EDGE('',*,*,#900,.T.);
#495=ORIENTED_EDGE('',*,*,#901,.F.);
#496=ORIENTED_EDGE('',*,*,#902,.F.);
#497=ORIENTED_EDGE('',*,*,#898,.T.);
#498=ORIENTED_EDGE('',*,*,#903,.F.);
#499=ORIENTED_EDGE('',*,*,#896,.F.);
#500=ORIENTED_EDGE('',*,*,#904,.T.);
#501=ORIENTED_EDGE('',*,*,#901,.T.);
#502=ORIENTED_EDGE('',*,*,#893,.T.);
#503=ORIENTED_EDGE('',*,*,#903,.T.);
#504=ORIENTED_EDGE('',*,*,#900,.F.);
#505=ORIENTED_EDGE('',*,*,#897,.F.);
#506=ORIENTED_EDGE('',*,*,#895,.F.);
#507=ORIENTED_EDGE('',*,*,#899,.T.);
#508=ORIENTED_EDGE('',*,*,#902,.T.);
#509=ORIENTED_EDGE('',*,*,#904,.F.);
#510=ORIENTED_EDGE('',*,*,#905,.F.);
#511=ORIENTED_EDGE('',*,*,#906,.F.);
#512=ORIENTED_EDGE('',*,*,#907,.T.);
#513=ORIENTED_EDGE('',*,*,#908,.T.);
#514=ORIENTED_EDGE('',*,*,#909,.T.);
#515=ORIENTED_EDGE('',*,*,#910,.F.);
#516=ORIENTED_EDGE('',*,*,#911,.F.);
#517=ORIENTED_EDGE('',*,*,#906,.T.);
#518=ORIENTED_EDGE('',*,*,#912,.T.);
#519=ORIENTED_EDGE('',*,*,#913,.F.);
#520=ORIENTED_EDGE('',*,*,#914,.F.);
#521=ORIENTED_EDGE('',*,*,#910,.T.);
#522=ORIENTED_EDGE('',*,*,#915,.F.);
#523=ORIENTED_EDGE('',*,*,#908,.F.);
#524=ORIENTED_EDGE('',*,*,#916,.T.);
#525=ORIENTED_EDGE('',*,*,#913,.T.);
#526=ORIENTED_EDGE('',*,*,#905,.T.);
#527=ORIENTED_EDGE('',*,*,#915,.T.);
#528=ORIENTED_EDGE('',*,*,#912,.F.);
#529=ORIENTED_EDGE('',*,*,#909,.F.);
#530=ORIENTED_EDGE('',*,*,#907,.F.);
#531=ORIENTED_EDGE('',*,*,#911,.T.);
#532=ORIENTED_EDGE('',*,*,#914,.T.);
#533=ORIENTED_EDGE('',*,*,#916,.F.);
#534=ORIENTED_EDGE('',*,*,#917,.F.);
#535=ORIENTED_EDGE('',*,*,#918,.T.);
#536=ORIENTED_EDGE('',*,*,#919,.F.);
#537=ORIENTED_EDGE('',*,*,#920,.T.);
#538=ORIENTED_EDGE('',*,*,#921,.F.);
#539=ORIENTED_EDGE('',*,*,#922,.F.);
#540=ORIENTED_EDGE('',*,*,#923,.T.);
#541=ORIENTED_EDGE('',*,*,#924,.T.);
#542=ORIENTED_EDGE('',*,*,#925,.T.);
#543=ORIENTED_EDGE('',*,*,#926,.F.);
#544=ORIENTED_EDGE('',*,*,#927,.F.);
#545=ORIENTED_EDGE('',*,*,#922,.T.);
#546=ORIENTED_EDGE('',*,*,#928,.F.);
#547=ORIENTED_EDGE('',*,*,#929,.T.);
#548=ORIENTED_EDGE('',*,*,#930,.F.);
#549=ORIENTED_EDGE('',*,*,#931,.F.);
#550=ORIENTED_EDGE('',*,*,#926,.T.);
#551=ORIENTED_EDGE('',*,*,#932,.T.);
#552=ORIENTED_EDGE('',*,*,#933,.F.);
#553=ORIENTED_EDGE('',*,*,#934,.T.);
#554=ORIENTED_EDGE('',*,*,#935,.F.);
#555=ORIENTED_EDGE('',*,*,#933,.T.);
#556=ORIENTED_EDGE('',*,*,#936,.F.);
#557=ORIENTED_EDGE('',*,*,#920,.F.);
#558=ORIENTED_EDGE('',*,*,#937,.F.);
#559=ORIENTED_EDGE('',*,*,#924,.F.);
#560=ORIENTED_EDGE('',*,*,#938,.T.);
#561=ORIENTED_EDGE('',*,*,#930,.T.);
#562=ORIENTED_EDGE('',*,*,#921,.T.);
#563=ORIENTED_EDGE('',*,*,#936,.T.);
#564=ORIENTED_EDGE('',*,*,#932,.F.);
#565=ORIENTED_EDGE('',*,*,#925,.F.);
#566=ORIENTED_EDGE('',*,*,#923,.F.);
#567=ORIENTED_EDGE('',*,*,#927,.T.);
#568=ORIENTED_EDGE('',*,*,#931,.T.);
#569=ORIENTED_EDGE('',*,*,#938,.F.);
#570=ORIENTED_EDGE('',*,*,#917,.T.);
#571=ORIENTED_EDGE('',*,*,#937,.T.);
#572=ORIENTED_EDGE('',*,*,#919,.T.);
#573=ORIENTED_EDGE('',*,*,#939,.F.);
#574=ORIENTED_EDGE('',*,*,#939,.T.);
#575=ORIENTED_EDGE('',*,*,#918,.F.);
#576=ORIENTED_EDGE('',*,*,#928,.T.);
#577=ORIENTED_EDGE('',*,*,#940,.T.);
#578=ORIENTED_EDGE('',*,*,#940,.F.);
#579=ORIENTED_EDGE('',*,*,#934,.F.);
#580=ORIENTED_EDGE('',*,*,#935,.T.);
#581=ORIENTED_EDGE('',*,*,#929,.F.);
#582=ORIENTED_EDGE('',*,*,#941,.F.);
#583=ORIENTED_EDGE('',*,*,#942,.T.);
#584=ORIENTED_EDGE('',*,*,#943,.F.);
#585=ORIENTED_EDGE('',*,*,#944,.T.);
#586=ORIENTED_EDGE('',*,*,#945,.F.);
#587=ORIENTED_EDGE('',*,*,#946,.F.);
#588=ORIENTED_EDGE('',*,*,#947,.T.);
#589=ORIENTED_EDGE('',*,*,#948,.T.);
#590=ORIENTED_EDGE('',*,*,#949,.T.);
#591=ORIENTED_EDGE('',*,*,#950,.F.);
#592=ORIENTED_EDGE('',*,*,#951,.F.);
#593=ORIENTED_EDGE('',*,*,#946,.T.);
#594=ORIENTED_EDGE('',*,*,#952,.T.);
#595=ORIENTED_EDGE('',*,*,#953,.F.);
#596=ORIENTED_EDGE('',*,*,#954,.F.);
#597=ORIENTED_EDGE('',*,*,#950,.T.);
#598=ORIENTED_EDGE('',*,*,#955,.F.);
#599=ORIENTED_EDGE('',*,*,#948,.F.);
#600=ORIENTED_EDGE('',*,*,#956,.T.);
#601=ORIENTED_EDGE('',*,*,#953,.T.);
#602=ORIENTED_EDGE('',*,*,#957,.F.);
#603=ORIENTED_EDGE('',*,*,#944,.F.);
#604=ORIENTED_EDGE('',*,*,#945,.T.);
#605=ORIENTED_EDGE('',*,*,#957,.T.);
#606=ORIENTED_EDGE('',*,*,#952,.F.);
#607=ORIENTED_EDGE('',*,*,#949,.F.);
#608=ORIENTED_EDGE('',*,*,#947,.F.);
#609=ORIENTED_EDGE('',*,*,#951,.T.);
#610=ORIENTED_EDGE('',*,*,#954,.T.);
#611=ORIENTED_EDGE('',*,*,#956,.F.);
#612=ORIENTED_EDGE('',*,*,#941,.T.);
#613=ORIENTED_EDGE('',*,*,#955,.T.);
#614=ORIENTED_EDGE('',*,*,#943,.T.);
#615=ORIENTED_EDGE('',*,*,#958,.F.);
#616=ORIENTED_EDGE('',*,*,#958,.T.);
#617=ORIENTED_EDGE('',*,*,#942,.F.);
#618=ORIENTED_EDGE('',*,*,#959,.F.);
#619=ORIENTED_EDGE('',*,*,#960,.T.);
#620=ORIENTED_EDGE('',*,*,#961,.F.);
#621=ORIENTED_EDGE('',*,*,#962,.F.);
#622=ORIENTED_EDGE('',*,*,#963,.T.);
#623=ORIENTED_EDGE('',*,*,#964,.T.);
#624=ORIENTED_EDGE('',*,*,#965,.T.);
#625=ORIENTED_EDGE('',*,*,#966,.F.);
#626=ORIENTED_EDGE('',*,*,#967,.F.);
#627=ORIENTED_EDGE('',*,*,#962,.T.);
#628=ORIENTED_EDGE('',*,*,#968,.T.);
#629=ORIENTED_EDGE('',*,*,#969,.F.);
#630=ORIENTED_EDGE('',*,*,#970,.F.);
#631=ORIENTED_EDGE('',*,*,#966,.T.);
#632=ORIENTED_EDGE('',*,*,#971,.F.);
#633=ORIENTED_EDGE('',*,*,#972,.T.);
#634=ORIENTED_EDGE('',*,*,#973,.F.);
#635=ORIENTED_EDGE('',*,*,#964,.F.);
#636=ORIENTED_EDGE('',*,*,#974,.T.);
#637=ORIENTED_EDGE('',*,*,#969,.T.);
#638=ORIENTED_EDGE('',*,*,#975,.F.);
#639=ORIENTED_EDGE('',*,*,#960,.F.);
#640=ORIENTED_EDGE('',*,*,#961,.T.);
#641=ORIENTED_EDGE('',*,*,#975,.T.);
#642=ORIENTED_EDGE('',*,*,#968,.F.);
#643=ORIENTED_EDGE('',*,*,#965,.F.);
#644=ORIENTED_EDGE('',*,*,#963,.F.);
#645=ORIENTED_EDGE('',*,*,#967,.T.);
#646=ORIENTED_EDGE('',*,*,#970,.T.);
#647=ORIENTED_EDGE('',*,*,#974,.F.);
#648=ORIENTED_EDGE('',*,*,#971,.T.);
#649=ORIENTED_EDGE('',*,*,#959,.T.);
#650=ORIENTED_EDGE('',*,*,#973,.T.);
#651=ORIENTED_EDGE('',*,*,#976,.F.);
#652=ORIENTED_EDGE('',*,*,#976,.T.);
#653=ORIENTED_EDGE('',*,*,#972,.F.);
#654=ORIENTED_EDGE('',*,*,#977,.F.);
#655=ORIENTED_EDGE('',*,*,#978,.T.);
#656=ORIENTED_EDGE('',*,*,#979,.F.);
#657=ORIENTED_EDGE('',*,*,#980,.F.);
#658=ORIENTED_EDGE('',*,*,#981,.F.);
#659=ORIENTED_EDGE('',*,*,#982,.F.);
#660=ORIENTED_EDGE('',*,*,#983,.T.);
#661=ORIENTED_EDGE('',*,*,#984,.T.);
#662=ORIENTED_EDGE('',*,*,#985,.F.);
#663=ORIENTED_EDGE('',*,*,#986,.T.);
#664=ORIENTED_EDGE('',*,*,#980,.T.);
#665=ORIENTED_EDGE('',*,*,#987,.T.);
#666=ORIENTED_EDGE('',*,*,#988,.F.);
#667=ORIENTED_EDGE('',*,*,#989,.F.);
#668=ORIENTED_EDGE('',*,*,#982,.T.);
#669=ORIENTED_EDGE('',*,*,#990,.T.);
#670=ORIENTED_EDGE('',*,*,#991,.T.);
#671=ORIENTED_EDGE('',*,*,#992,.F.);
#672=ORIENTED_EDGE('',*,*,#993,.F.);
#673=ORIENTED_EDGE('',*,*,#988,.T.);
#674=ORIENTED_EDGE('',*,*,#994,.F.);
#675=ORIENTED_EDGE('',*,*,#995,.T.);
#676=ORIENTED_EDGE('',*,*,#996,.F.);
#677=ORIENTED_EDGE('',*,*,#984,.F.);
#678=ORIENTED_EDGE('',*,*,#997,.T.);
#679=ORIENTED_EDGE('',*,*,#992,.T.);
#680=ORIENTED_EDGE('',*,*,#998,.F.);
#681=ORIENTED_EDGE('',*,*,#978,.F.);
#682=ORIENTED_EDGE('',*,*,#979,.T.);
#683=ORIENTED_EDGE('',*,*,#998,.T.);
#684=ORIENTED_EDGE('',*,*,#991,.F.);
#685=ORIENTED_EDGE('',*,*,#987,.F.);
#686=ORIENTED_EDGE('',*,*,#983,.F.);
#687=ORIENTED_EDGE('',*,*,#989,.T.);
#688=ORIENTED_EDGE('',*,*,#993,.T.);
#689=ORIENTED_EDGE('',*,*,#997,.F.);
#690=ORIENTED_EDGE('',*,*,#994,.T.);
#691=ORIENTED_EDGE('',*,*,#977,.T.);
#692=ORIENTED_EDGE('',*,*,#996,.T.);
#693=ORIENTED_EDGE('',*,*,#999,.F.);
#694=ORIENTED_EDGE('',*,*,#999,.T.);
#695=ORIENTED_EDGE('',*,*,#995,.F.);
#696=ORIENTED_EDGE('',*,*,#1000,.F.);
#697=ORIENTED_EDGE('',*,*,#990,.F.);
#698=ORIENTED_EDGE('',*,*,#981,.T.);
#699=ORIENTED_EDGE('',*,*,#986,.F.);
#700=ORIENTED_EDGE('',*,*,#985,.T.);
#701=ORIENTED_EDGE('',*,*,#1000,.T.);
#702=EDGE_CURVE('',#1001,#1002,#1204,.T.);
#703=EDGE_CURVE('',#1003,#1001,#1205,.T.);
#704=EDGE_CURVE('',#1003,#1004,#1206,.T.);
#705=EDGE_CURVE('',#1004,#1002,#1207,.T.);
#706=EDGE_CURVE('',#1001,#1005,#1208,.T.);
#707=EDGE_CURVE('',#1006,#1005,#1209,.T.);
#708=EDGE_CURVE('',#1003,#1006,#1210,.F.);
#709=EDGE_CURVE('',#1005,#1007,#1211,.T.);
#710=EDGE_CURVE('',#1008,#1007,#1212,.T.);
#711=EDGE_CURVE('',#1006,#1008,#1213,.T.);
#712=EDGE_CURVE('',#1002,#1007,#1214,.T.);
#713=EDGE_CURVE('',#1004,#1008,#1215,.F.);
#714=EDGE_CURVE('',#1009,#1010,#1216,.T.);
#715=EDGE_CURVE('',#1011,#1009,#1217,.T.);
#716=EDGE_CURVE('',#1011,#1012,#1218,.T.);
#717=EDGE_CURVE('',#1012,#1010,#1219,.T.);
#718=EDGE_CURVE('',#1009,#1013,#1220,.T.);
#719=EDGE_CURVE('',#1014,#1013,#1221,.T.);
#720=EDGE_CURVE('',#1011,#1014,#1222,.F.);
#721=EDGE_CURVE('',#1013,#1015,#1223,.T.);
#722=EDGE_CURVE('',#1016,#1015,#1224,.T.);
#723=EDGE_CURVE('',#1014,#1016,#1225,.T.);
#724=EDGE_CURVE('',#1010,#1015,#1226,.T.);
#725=EDGE_CURVE('',#1012,#1016,#1227,.F.);
#726=EDGE_CURVE('',#1017,#1018,#1228,.T.);
#727=EDGE_CURVE('',#1017,#1019,#1229,.T.);
#728=EDGE_CURVE('',#1019,#1020,#1230,.T.);
#729=EDGE_CURVE('',#1018,#1020,#1231,.T.);
#730=EDGE_CURVE('',#1021,#1022,#1232,.T.);
#731=EDGE_CURVE('',#1021,#1023,#1233,.T.);
#732=EDGE_CURVE('',#1023,#1024,#1234,.T.);
#733=EDGE_CURVE('',#1022,#1024,#1235,.T.);
#734=EDGE_CURVE('',#1025,#1017,#12,.F.);
#735=EDGE_CURVE('',#1026,#1025,#1236,.F.);
#736=EDGE_CURVE('',#1019,#1026,#11,.F.);
#737=EDGE_CURVE('',#1018,#1023,#1237,.T.);
#738=EDGE_CURVE('',#1020,#1027,#1238,.T.);
#739=EDGE_CURVE('',#1027,#1028,#1239,.T.);
#740=EDGE_CURVE('',#1024,#1028,#1240,.T.);
#741=EDGE_CURVE('',#1029,#1026,#1241,.F.);
#742=EDGE_CURVE('',#1029,#1030,#13,.F.);
#743=EDGE_CURVE('',#1019,#1030,#1242,.T.);
#744=EDGE_CURVE('',#1025,#1021,#1243,.T.);
#745=EDGE_CURVE('',#1022,#1031,#1244,.T.);
#746=EDGE_CURVE('',#1029,#1031,#1245,.T.);
#747=EDGE_CURVE('',#1031,#1028,#1246,.T.);
#748=EDGE_CURVE('',#1030,#1027,#1247,.T.);
#749=EDGE_CURVE('',#1032,#1032,#14,.F.);
#750=EDGE_CURVE('',#1033,#1033,#15,.F.);
#751=EDGE_CURVE('',#1034,#1034,#16,.F.);
#752=EDGE_CURVE('',#1035,#1035,#17,.T.);
#753=EDGE_CURVE('',#1036,#1036,#18,.T.);
#754=EDGE_CURVE('',#1037,#1037,#19,.T.);
#755=EDGE_CURVE('',#1038,#1038,#20,.T.);
#756=EDGE_CURVE('',#1039,#1039,#21,.T.);
#757=EDGE_CURVE('',#1040,#1040,#22,.T.);
#758=EDGE_CURVE('',#1041,#1041,#23,.T.);
#759=EDGE_CURVE('',#1042,#1042,#24,.T.);
#760=EDGE_CURVE('',#1043,#1043,#25,.T.);
#761=EDGE_CURVE('',#1044,#1045,#1248,.T.);
#762=EDGE_CURVE('',#1046,#1044,#1249,.T.);
#763=EDGE_CURVE('',#1046,#1047,#1250,.T.);
#764=EDGE_CURVE('',#1047,#1045,#1251,.T.);
#765=EDGE_CURVE('',#1044,#1048,#1252,.T.);
#766=EDGE_CURVE('',#1049,#1048,#1253,.T.);
#767=EDGE_CURVE('',#1046,#1049,#1254,.F.);
#768=EDGE_CURVE('',#1048,#1050,#1255,.T.);
#769=EDGE_CURVE('',#1051,#1050,#1256,.T.);
#770=EDGE_CURVE('',#1049,#1051,#1257,.T.);
#771=EDGE_CURVE('',#1045,#1050,#1258,.T.);
#772=EDGE_CURVE('',#1047,#1051,#1259,.F.);
#773=EDGE_CURVE('',#1052,#1053,#1260,.T.);
#774=EDGE_CURVE('',#1054,#1052,#1261,.T.);
#775=EDGE_CURVE('',#1054,#1055,#1262,.T.);
#776=EDGE_CURVE('',#1055,#1053,#1263,.T.);
#777=EDGE_CURVE('',#1052,#1056,#1264,.T.);
#778=EDGE_CURVE('',#1057,#1056,#1265,.T.);
#779=EDGE_CURVE('',#1054,#1057,#1266,.F.);
#780=EDGE_CURVE('',#1056,#1058,#1267,.T.);
#781=EDGE_CURVE('',#1059,#1058,#1268,.T.);
#782=EDGE_CURVE('',#1057,#1059,#1269,.T.);
#783=EDGE_CURVE('',#1053,#1058,#1270,.T.);
#784=EDGE_CURVE('',#1055,#1059,#1271,.F.);
#785=EDGE_CURVE('',#1060,#1061,#1272,.T.);
#786=EDGE_CURVE('',#1062,#1060,#1273,.T.);
#787=EDGE_CURVE('',#1062,#1063,#1274,.T.);
#788=EDGE_CURVE('',#1063,#1061,#1275,.T.);
#789=EDGE_CURVE('',#1060,#1064,#1276,.T.);
#790=EDGE_CURVE('',#1065,#1064,#1277,.T.);
#791=EDGE_CURVE('',#1062,#1065,#1278,.F.);
#792=EDGE_CURVE('',#1064,#1066,#1279,.T.);
#793=EDGE_CURVE('',#1067,#1066,#1280,.T.);
#794=EDGE_CURVE('',#1065,#1067,#1281,.T.);
#795=EDGE_CURVE('',#1061,#1066,#1282,.T.);
#796=EDGE_CURVE('',#1063,#1067,#1283,.F.);
#797=EDGE_CURVE('',#1068,#1069,#1284,.T.);
#798=EDGE_CURVE('',#1068,#1070,#1285,.T.);
#799=EDGE_CURVE('',#1071,#1070,#1286,.F.);
#800=EDGE_CURVE('',#1071,#1072,#1287,.T.);
#801=EDGE_CURVE('',#1073,#1072,#1288,.T.);
#802=EDGE_CURVE('',#1074,#1073,#1289,.T.);
#803=EDGE_CURVE('',#1074,#1075,#1290,.T.);
#804=EDGE_CURVE('',#1075,#1069,#1291,.T.);
#805=EDGE_CURVE('',#1073,#1076,#1292,.T.);
#806=EDGE_CURVE('',#1077,#1076,#1293,.T.);
#807=EDGE_CURVE('',#1074,#1077,#1294,.F.);
#808=EDGE_CURVE('',#1078,#1079,#1295,.T.);
#809=EDGE_CURVE('',#1078,#1080,#1296,.T.);
#810=EDGE_CURVE('',#1081,#1080,#1297,.T.);
#811=EDGE_CURVE('',#1077,#1081,#1298,.T.);
#812=EDGE_CURVE('',#1076,#1082,#1299,.T.);
#813=EDGE_CURVE('',#1083,#1082,#1300,.T.);
#814=EDGE_CURVE('',#1083,#1079,#1301,.F.);
#815=EDGE_CURVE('',#1083,#1080,#26,.T.);
#816=EDGE_CURVE('',#1072,#1082,#1302,.T.);
#817=EDGE_CURVE('',#1069,#1071,#27,.T.);
#818=EDGE_CURVE('',#1075,#1081,#1303,.F.);
#819=EDGE_CURVE('',#1068,#1070,#28,.T.);
#820=EDGE_CURVE('',#1079,#1078,#29,.T.);
#821=EDGE_CURVE('',#1084,#1085,#30,.T.);
#822=EDGE_CURVE('',#1084,#1086,#1304,.T.);
#823=EDGE_CURVE('',#1087,#1086,#1305,.T.);
#824=EDGE_CURVE('',#1088,#1087,#1306,.T.);
#825=EDGE_CURVE('',#1089,#1088,#31,.T.);
#826=EDGE_CURVE('',#1090,#1089,#1307,.T.);
#827=EDGE_CURVE('',#1090,#1091,#1308,.T.);
#828=EDGE_CURVE('',#1091,#1085,#1309,.T.);
#829=EDGE_CURVE('',#1092,#1093,#1310,.T.);
#830=EDGE_CURVE('',#1092,#1088,#1311,.T.);
#831=EDGE_CURVE('',#1087,#1094,#1312,.T.);
#832=EDGE_CURVE('',#1095,#1094,#1313,.T.);
#833=EDGE_CURVE('',#1090,#1095,#1314,.F.);
#834=EDGE_CURVE('',#1089,#1093,#1315,.F.);
#835=EDGE_CURVE('',#1094,#1096,#1316,.T.);
#836=EDGE_CURVE('',#1097,#1096,#1317,.T.);
#837=EDGE_CURVE('',#1095,#1097,#1318,.T.);
#838=EDGE_CURVE('',#1098,#1084,#1319,.T.);
#839=EDGE_CURVE('',#1098,#1099,#1320,.T.);
#840=EDGE_CURVE('',#1085,#1099,#1321,.F.);
#841=EDGE_CURVE('',#1091,#1097,#1322,.F.);
#842=EDGE_CURVE('',#1086,#1096,#1323,.T.);
#843=EDGE_CURVE('',#1098,#1099,#32,.T.);
#844=EDGE_CURVE('',#1093,#1092,#33,.T.);
#845=EDGE_CURVE('',#1100,#1101,#34,.T.);
#846=EDGE_CURVE('',#1102,#1100,#1324,.T.);
#847=EDGE_CURVE('',#1102,#1103,#1325,.T.);
#848=EDGE_CURVE('',#1103,#1104,#1326,.T.);
#849=EDGE_CURVE('',#1105,#1104,#1327,.T.);
#850=EDGE_CURVE('',#1101,#1105,#1328,.T.);
#851=EDGE_CURVE('',#1106,#1107,#1329,.T.);
#852=EDGE_CURVE('',#1106,#1101,#1330,.T.);
#853=EDGE_CURVE('',#1105,#1108,#1331,.T.);
#854=EDGE_CURVE('',#1109,#1108,#1332,.T.);
#855=EDGE_CURVE('',#1102,#1109,#1333,.F.);
#856=EDGE_CURVE('',#1100,#1107,#1334,.F.);
#857=EDGE_CURVE('',#1110,#1111,#1335,.T.);
#858=EDGE_CURVE('',#1110,#1112,#1336,.T.);
#859=EDGE_CURVE('',#1113,#1112,#1337,.T.);
#860=EDGE_CURVE('',#1109,#1113,#1338,.T.);
#861=EDGE_CURVE('',#1108,#1114,#1339,.T.);
#862=EDGE_CURVE('',#1115,#1114,#1340,.T.);
#863=EDGE_CURVE('',#1115,#1111,#1341,.F.);
#864=EDGE_CURVE('',#1115,#1112,#35,.T.);
#865=EDGE_CURVE('',#1104,#1114,#1342,.T.);
#866=EDGE_CURVE('',#1103,#1113,#1343,.F.);
#867=EDGE_CURVE('',#1111,#1110,#36,.T.);
#868=EDGE_CURVE('',#1107,#1106,#37,.T.);
#869=EDGE_CURVE('',#1116,#1117,#1344,.T.);
#870=EDGE_CURVE('',#1118,#1116,#1345,.T.);
#871=EDGE_CURVE('',#1118,#1119,#1346,.T.);
#872=EDGE_CURVE('',#1119,#1117,#1347,.T.);
#873=EDGE_CURVE('',#1116,#1120,#1348,.T.);
#874=EDGE_CURVE('',#1121,#1120,#1349,.T.);
#875=EDGE_CURVE('',#1118,#1121,#1350,.F.);
#876=EDGE_CURVE('',#1120,#1122,#1351,.T.);
#877=EDGE_CURVE('',#1123,#1122,#1352,.T.);
#878=EDGE_CURVE('',#1121,#1123,#1353,.T.);
#879=EDGE_CURVE('',#1117,#1122,#1354,.T.);
#880=EDGE_CURVE('',#1119,#1123,#1355,.F.);
#881=EDGE_CURVE('',#1124,#1125,#1356,.T.);
#882=EDGE_CURVE('',#1126,#1124,#1357,.T.);
#883=EDGE_CURVE('',#1126,#1127,#1358,.T.);
#884=EDGE_CURVE('',#1127,#1125,#1359,.T.);
#885=EDGE_CURVE('',#1124,#1128,#1360,.T.);
#886=EDGE_CURVE('',#1129,#1128,#1361,.T.);
#887=EDGE_CURVE('',#1126,#1129,#1362,.F.);
#888=EDGE_CURVE('',#1128,#1130,#1363,.T.);
#889=EDGE_CURVE('',#1131,#1130,#1364,.T.);
#890=EDGE_CURVE('',#1129,#1131,#1365,.T.);
#891=EDGE_CURVE('',#1125,#1130,#1366,.T.);
#892=EDGE_CURVE('',#1127,#1131,#1367,.F.);
#893=EDGE_CURVE('',#1132,#1133,#1368,.T.);
#894=EDGE_CURVE('',#1134,#1132,#1369,.T.);
#895=EDGE_CURVE('',#1134,#1135,#1370,.T.);
#896=EDGE_CURVE('',#1135,#1133,#1371,.T.);
#897=EDGE_CURVE('',#1132,#1136,#1372,.T.);
#898=EDGE_CURVE('',#1137,#1136,#1373,.T.);
#899=EDGE_CURVE('',#1134,#1137,#1374,.F.);
#900=EDGE_CURVE('',#1136,#1138,#1375,.T.);
#901=EDGE_CURVE('',#1139,#1138,#1376,.T.);
#902=EDGE_CURVE('',#1137,#1139,#1377,.T.);
#903=EDGE_CURVE('',#1133,#1138,#1378,.T.);
#904=EDGE_CURVE('',#1135,#1139,#1379,.F.);
#905=EDGE_CURVE('',#1140,#1141,#1380,.T.);
#906=EDGE_CURVE('',#1142,#1140,#1381,.T.);
#907=EDGE_CURVE('',#1142,#1143,#1382,.T.);
#908=EDGE_CURVE('',#1143,#1141,#1383,.T.);
#909=EDGE_CURVE('',#1140,#1144,#1384,.T.);
#910=EDGE_CURVE('',#1145,#1144,#1385,.T.);
#911=EDGE_CURVE('',#1142,#1145,#1386,.F.);
#912=EDGE_CURVE('',#1144,#1146,#1387,.T.);
#913=EDGE_CURVE('',#1147,#1146,#1388,.T.);
#914=EDGE_CURVE('',#1145,#1147,#1389,.T.);
#915=EDGE_CURVE('',#1141,#1146,#1390,.T.);
#916=EDGE_CURVE('',#1143,#1147,#1391,.F.);
#917=EDGE_CURVE('',#1148,#1149,#1392,.T.);
#918=EDGE_CURVE('',#1148,#1150,#1393,.T.);
#919=EDGE_CURVE('',#1151,#1150,#1394,.F.);
#920=EDGE_CURVE('',#1151,#1152,#1395,.T.);
#921=EDGE_CURVE('',#1153,#1152,#1396,.T.);
#922=EDGE_CURVE('',#1154,#1153,#1397,.T.);
#923=EDGE_CURVE('',#1154,#1155,#1398,.T.);
#924=EDGE_CURVE('',#1155,#1149,#1399,.T.);
#925=EDGE_CURVE('',#1153,#1156,#1400,.T.);
#926=EDGE_CURVE('',#1157,#1156,#1401,.T.);
#927=EDGE_CURVE('',#1154,#1157,#1402,.F.);
#928=EDGE_CURVE('',#1158,#1159,#1403,.T.);
#929=EDGE_CURVE('',#1158,#1160,#1404,.T.);
#930=EDGE_CURVE('',#1161,#1160,#1405,.T.);
#931=EDGE_CURVE('',#1157,#1161,#1406,.T.);
#932=EDGE_CURVE('',#1156,#1162,#1407,.T.);
#933=EDGE_CURVE('',#1163,#1162,#1408,.T.);
#934=EDGE_CURVE('',#1163,#1159,#1409,.F.);
#935=EDGE_CURVE('',#1163,#1160,#38,.T.);
#936=EDGE_CURVE('',#1152,#1162,#1410,.T.);
#937=EDGE_CURVE('',#1149,#1151,#39,.T.);
#938=EDGE_CURVE('',#1155,#1161,#1411,.F.);
#939=EDGE_CURVE('',#1148,#1150,#40,.T.);
#940=EDGE_CURVE('',#1159,#1158,#41,.T.);
#941=EDGE_CURVE('',#1164,#1165,#1412,.T.);
#942=EDGE_CURVE('',#1164,#1166,#1413,.T.);
#943=EDGE_CURVE('',#1167,#1166,#1414,.F.);
#944=EDGE_CURVE('',#1167,#1168,#1415,.T.);
#945=EDGE_CURVE('',#1169,#1168,#1416,.T.);
#946=EDGE_CURVE('',#1170,#1169,#1417,.T.);
#947=EDGE_CURVE('',#1170,#1171,#1418,.T.);
#948=EDGE_CURVE('',#1171,#1165,#1419,.T.);
#949=EDGE_CURVE('',#1169,#1172,#1420,.T.);
#950=EDGE_CURVE('',#1173,#1172,#1421,.T.);
#951=EDGE_CURVE('',#1170,#1173,#1422,.F.);
#952=EDGE_CURVE('',#1172,#1174,#1423,.T.);
#953=EDGE_CURVE('',#1175,#1174,#1424,.T.);
#954=EDGE_CURVE('',#1173,#1175,#1425,.T.);
#955=EDGE_CURVE('',#1165,#1167,#42,.T.);
#956=EDGE_CURVE('',#1171,#1175,#1426,.F.);
#957=EDGE_CURVE('',#1168,#1174,#1427,.T.);
#958=EDGE_CURVE('',#1164,#1166,#43,.T.);
#959=EDGE_CURVE('',#1176,#1177,#44,.T.);
#960=EDGE_CURVE('',#1176,#1178,#1428,.T.);
#961=EDGE_CURVE('',#1179,#1178,#1429,.T.);
#962=EDGE_CURVE('',#1180,#1179,#1430,.T.);
#963=EDGE_CURVE('',#1180,#1181,#1431,.T.);
#964=EDGE_CURVE('',#1181,#1177,#1432,.T.);
#965=EDGE_CURVE('',#1179,#1182,#1433,.T.);
#966=EDGE_CURVE('',#1183,#1182,#1434,.T.);
#967=EDGE_CURVE('',#1180,#1183,#1435,.F.);
#968=EDGE_CURVE('',#1182,#1184,#1436,.T.);
#969=EDGE_CURVE('',#1185,#1184,#1437,.T.);
#970=EDGE_CURVE('',#1183,#1185,#1438,.T.);
#971=EDGE_CURVE('',#1186,#1176,#1439,.T.);
#972=EDGE_CURVE('',#1186,#1187,#1440,.T.);
#973=EDGE_CURVE('',#1177,#1187,#1441,.F.);
#974=EDGE_CURVE('',#1181,#1185,#1442,.F.);
#975=EDGE_CURVE('',#1178,#1184,#1443,.T.);
#976=EDGE_CURVE('',#1186,#1187,#45,.T.);
#977=EDGE_CURVE('',#1188,#1189,#46,.T.);
#978=EDGE_CURVE('',#1188,#1190,#1444,.T.);
#979=EDGE_CURVE('',#1191,#1190,#1445,.T.);
#980=EDGE_CURVE('',#1192,#1191,#1446,.T.);
#981=EDGE_CURVE('',#1193,#1192,#47,.T.);
#982=EDGE_CURVE('',#1194,#1193,#1447,.T.);
#983=EDGE_CURVE('',#1194,#1195,#1448,.T.);
#984=EDGE_CURVE('',#1195,#1189,#1449,.T.);
#985=EDGE_CURVE('',#1196,#1197,#1450,.T.);
#986=EDGE_CURVE('',#1196,#1192,#1451,.T.);
#987=EDGE_CURVE('',#1191,#1198,#1452,.T.);
#988=EDGE_CURVE('',#1199,#1198,#1453,.T.);
#989=EDGE_CURVE('',#1194,#1199,#1454,.F.);
#990=EDGE_CURVE('',#1193,#1197,#1455,.F.);
#991=EDGE_CURVE('',#1198,#1200,#1456,.T.);
#992=EDGE_CURVE('',#1201,#1200,#1457,.T.);
#993=EDGE_CURVE('',#1199,#1201,#1458,.T.);
#994=EDGE_CURVE('',#1202,#1188,#1459,.T.);
#995=EDGE_CURVE('',#1202,#1203,#1460,.T.);
#996=EDGE_CURVE('',#1189,#1203,#1461,.F.);
#997=EDGE_CURVE('',#1195,#1201,#1462,.F.);
#998=EDGE_CURVE('',#1190,#1200,#1463,.T.);
#999=EDGE_CURVE('',#1202,#1203,#48,.T.);
#1000=EDGE_CURVE('',#1197,#1196,#49,.T.);
#1001=VERTEX_POINT('',#3342);
#1002=VERTEX_POINT('',#3343);
#1003=VERTEX_POINT('',#3345);
#1004=VERTEX_POINT('',#3347);
#1005=VERTEX_POINT('',#3351);
#1006=VERTEX_POINT('',#3353);
#1007=VERTEX_POINT('',#3357);
#1008=VERTEX_POINT('',#3359);
#1009=VERTEX_POINT('',#3369);
#1010=VERTEX_POINT('',#3370);
#1011=VERTEX_POINT('',#3372);
#1012=VERTEX_POINT('',#3374);
#1013=VERTEX_POINT('',#3378);
#1014=VERTEX_POINT('',#3380);
#1015=VERTEX_POINT('',#3384);
#1016=VERTEX_POINT('',#3386);
#1017=VERTEX_POINT('',#3396);
#1018=VERTEX_POINT('',#3397);
#1019=VERTEX_POINT('',#3399);
#1020=VERTEX_POINT('',#3401);
#1021=VERTEX_POINT('',#3405);
#1022=VERTEX_POINT('',#3406);
#1023=VERTEX_POINT('',#3408);
#1024=VERTEX_POINT('',#3410);
#1025=VERTEX_POINT('',#3414);
#1026=VERTEX_POINT('',#3416);
#1027=VERTEX_POINT('',#3421);
#1028=VERTEX_POINT('',#3423);
#1029=VERTEX_POINT('',#3427);
#1030=VERTEX_POINT('',#3429);
#1031=VERTEX_POINT('',#3434);
#1032=VERTEX_POINT('',#3442);
#1033=VERTEX_POINT('',#3444);
#1034=VERTEX_POINT('',#3446);
#1035=VERTEX_POINT('',#3449);
#1036=VERTEX_POINT('',#3451);
#1037=VERTEX_POINT('',#3453);
#1038=VERTEX_POINT('',#3456);
#1039=VERTEX_POINT('',#3460);
#1040=VERTEX_POINT('',#3464);
#1041=VERTEX_POINT('',#3468);
#1042=VERTEX_POINT('',#3472);
#1043=VERTEX_POINT('',#3476);
#1044=VERTEX_POINT('',#3481);
#1045=VERTEX_POINT('',#3482);
#1046=VERTEX_POINT('',#3484);
#1047=VERTEX_POINT('',#3486);
#1048=VERTEX_POINT('',#3490);
#1049=VERTEX_POINT('',#3492);
#1050=VERTEX_POINT('',#3496);
#1051=VERTEX_POINT('',#3498);
#1052=VERTEX_POINT('',#3508);
#1053=VERTEX_POINT('',#3509);
#1054=VERTEX_POINT('',#3511);
#1055=VERTEX_POINT('',#3513);
#1056=VERTEX_POINT('',#3517);
#1057=VERTEX_POINT('',#3519);
#1058=VERTEX_POINT('',#3523);
#1059=VERTEX_POINT('',#3525);
#1060=VERTEX_POINT('',#3535);
#1061=VERTEX_POINT('',#3536);
#1062=VERTEX_POINT('',#3538);
#1063=VERTEX_POINT('',#3540);
#1064=VERTEX_POINT('',#3544);
#1065=VERTEX_POINT('',#3546);
#1066=VERTEX_POINT('',#3550);
#1067=VERTEX_POINT('',#3552);
#1068=VERTEX_POINT('',#3562);
#1069=VERTEX_POINT('',#3563);
#1070=VERTEX_POINT('',#3565);
#1071=VERTEX_POINT('',#3567);
#1072=VERTEX_POINT('',#3569);
#1073=VERTEX_POINT('',#3571);
#1074=VERTEX_POINT('',#3573);
#1075=VERTEX_POINT('',#3575);
#1076=VERTEX_POINT('',#3579);
#1077=VERTEX_POINT('',#3581);
#1078=VERTEX_POINT('',#3585);
#1079=VERTEX_POINT('',#3586);
#1080=VERTEX_POINT('',#3588);
#1081=VERTEX_POINT('',#3590);
#1082=VERTEX_POINT('',#3593);
#1083=VERTEX_POINT('',#3595);
#1084=VERTEX_POINT('',#3613);
#1085=VERTEX_POINT('',#3614);
#1086=VERTEX_POINT('',#3616);
#1087=VERTEX_POINT('',#3618);
#1088=VERTEX_POINT('',#3620);
#1089=VERTEX_POINT('',#3622);
#1090=VERTEX_POINT('',#3624);
#1091=VERTEX_POINT('',#3626);
#1092=VERTEX_POINT('',#3630);
#1093=VERTEX_POINT('',#3631);
#1094=VERTEX_POINT('',#3634);
#1095=VERTEX_POINT('',#3636);
#1096=VERTEX_POINT('',#3641);
#1097=VERTEX_POINT('',#3643);
#1098=VERTEX_POINT('',#3647);
#1099=VERTEX_POINT('',#3649);
#1100=VERTEX_POINT('',#3664);
#1101=VERTEX_POINT('',#3665);
#1102=VERTEX_POINT('',#3667);
#1103=VERTEX_POINT('',#3669);
#1104=VERTEX_POINT('',#3671);
#1105=VERTEX_POINT('',#3673);
#1106=VERTEX_POINT('',#3677);
#1107=VERTEX_POINT('',#3678);
#1108=VERTEX_POINT('',#3681);
#1109=VERTEX_POINT('',#3683);
#1110=VERTEX_POINT('',#3688);
#1111=VERTEX_POINT('',#3689);
#1112=VERTEX_POINT('',#3691);
#1113=VERTEX_POINT('',#3693);
#1114=VERTEX_POINT('',#3696);
#1115=VERTEX_POINT('',#3698);
#1116=VERTEX_POINT('',#3715);
#1117=VERTEX_POINT('',#3716);
#1118=VERTEX_POINT('',#3718);
#1119=VERTEX_POINT('',#3720);
#1120=VERTEX_POINT('',#3724);
#1121=VERTEX_POINT('',#3726);
#1122=VERTEX_POINT('',#3730);
#1123=VERTEX_POINT('',#3732);
#1124=VERTEX_POINT('',#3742);
#1125=VERTEX_POINT('',#3743);
#1126=VERTEX_POINT('',#3745);
#1127=VERTEX_POINT('',#3747);
#1128=VERTEX_POINT('',#3751);
#1129=VERTEX_POINT('',#3753);
#1130=VERTEX_POINT('',#3757);
#1131=VERTEX_POINT('',#3759);
#1132=VERTEX_POINT('',#3769);
#1133=VERTEX_POINT('',#3770);
#1134=VERTEX_POINT('',#3772);
#1135=VERTEX_POINT('',#3774);
#1136=VERTEX_POINT('',#3778);
#1137=VERTEX_POINT('',#3780);
#1138=VERTEX_POINT('',#3784);
#1139=VERTEX_POINT('',#3786);
#1140=VERTEX_POINT('',#3796);
#1141=VERTEX_POINT('',#3797);
#1142=VERTEX_POINT('',#3799);
#1143=VERTEX_POINT('',#3801);
#1144=VERTEX_POINT('',#3805);
#1145=VERTEX_POINT('',#3807);
#1146=VERTEX_POINT('',#3811);
#1147=VERTEX_POINT('',#3813);
#1148=VERTEX_POINT('',#3823);
#1149=VERTEX_POINT('',#3824);
#1150=VERTEX_POINT('',#3826);
#1151=VERTEX_POINT('',#3828);
#1152=VERTEX_POINT('',#3830);
#1153=VERTEX_POINT('',#3832);
#1154=VERTEX_POINT('',#3834);
#1155=VERTEX_POINT('',#3836);
#1156=VERTEX_POINT('',#3840);
#1157=VERTEX_POINT('',#3842);
#1158=VERTEX_POINT('',#3846);
#1159=VERTEX_POINT('',#3847);
#1160=VERTEX_POINT('',#3849);
#1161=VERTEX_POINT('',#3851);
#1162=VERTEX_POINT('',#3854);
#1163=VERTEX_POINT('',#3856);
#1164=VERTEX_POINT('',#3874);
#1165=VERTEX_POINT('',#3875);
#1166=VERTEX_POINT('',#3877);
#1167=VERTEX_POINT('',#3879);
#1168=VERTEX_POINT('',#3881);
#1169=VERTEX_POINT('',#3883);
#1170=VERTEX_POINT('',#3885);
#1171=VERTEX_POINT('',#3887);
#1172=VERTEX_POINT('',#3891);
#1173=VERTEX_POINT('',#3893);
#1174=VERTEX_POINT('',#3897);
#1175=VERTEX_POINT('',#3899);
#1176=VERTEX_POINT('',#3913);
#1177=VERTEX_POINT('',#3914);
#1178=VERTEX_POINT('',#3916);
#1179=VERTEX_POINT('',#3918);
#1180=VERTEX_POINT('',#3920);
#1181=VERTEX_POINT('',#3922);
#1182=VERTEX_POINT('',#3926);
#1183=VERTEX_POINT('',#3928);
#1184=VERTEX_POINT('',#3932);
#1185=VERTEX_POINT('',#3934);
#1186=VERTEX_POINT('',#3938);
#1187=VERTEX_POINT('',#3940);
#1188=VERTEX_POINT('',#3952);
#1189=VERTEX_POINT('',#3953);
#1190=VERTEX_POINT('',#3955);
#1191=VERTEX_POINT('',#3957);
#1192=VERTEX_POINT('',#3959);
#1193=VERTEX_POINT('',#3961);
#1194=VERTEX_POINT('',#3963);
#1195=VERTEX_POINT('',#3965);
#1196=VERTEX_POINT('',#3969);
#1197=VERTEX_POINT('',#3970);
#1198=VERTEX_POINT('',#3973);
#1199=VERTEX_POINT('',#3975);
#1200=VERTEX_POINT('',#3980);
#1201=VERTEX_POINT('',#3982);
#1202=VERTEX_POINT('',#3986);
#1203=VERTEX_POINT('',#3988);
#1204=LINE('',#3341,#1464);
#1205=LINE('',#3344,#1465);
#1206=LINE('',#3346,#1466);
#1207=LINE('',#3348,#1467);
#1208=LINE('',#3350,#1468);
#1209=LINE('',#3352,#1469);
#1210=LINE('',#3354,#1470);
#1211=LINE('',#3356,#1471);
#1212=LINE('',#3358,#1472);
#1213=LINE('',#3360,#1473);
#1214=LINE('',#3362,#1474);
#1215=LINE('',#3363,#1475);
#1216=LINE('',#3368,#1476);
#1217=LINE('',#3371,#1477);
#1218=LINE('',#3373,#1478);
#1219=LINE('',#3375,#1479);
#1220=LINE('',#3377,#1480);
#1221=LINE('',#3379,#1481);
#1222=LINE('',#3381,#1482);
#1223=LINE('',#3383,#1483);
#1224=LINE('',#3385,#1484);
#1225=LINE('',#3387,#1485);
#1226=LINE('',#3389,#1486);
#1227=LINE('',#3390,#1487);
#1228=LINE('',#3395,#1488);
#1229=LINE('',#3398,#1489);
#1230=LINE('',#3400,#1490);
#1231=LINE('',#3402,#1491);
#1232=LINE('',#3404,#1492);
#1233=LINE('',#3407,#1493);
#1234=LINE('',#3409,#1494);
#1235=LINE('',#3411,#1495);
#1236=LINE('',#3415,#1496);
#1237=LINE('',#3419,#1497);
#1238=LINE('',#3420,#1498);
#1239=LINE('',#3422,#1499);
#1240=LINE('',#3424,#1500);
#1241=LINE('',#3426,#1501);
#1242=LINE('',#3430,#1502);
#1243=LINE('',#3432,#1503);
#1244=LINE('',#3433,#1504);
#1245=LINE('',#3435,#1505);
#1246=LINE('',#3437,#1506);
#1247=LINE('',#3439,#1507);
#1248=LINE('',#3480,#1508);
#1249=LINE('',#3483,#1509);
#1250=LINE('',#3485,#1510);
#1251=LINE('',#3487,#1511);
#1252=LINE('',#3489,#1512);
#1253=LINE('',#3491,#1513);
#1254=LINE('',#3493,#1514);
#1255=LINE('',#3495,#1515);
#1256=LINE('',#3497,#1516);
#1257=LINE('',#3499,#1517);
#1258=LINE('',#3501,#1518);
#1259=LINE('',#3502,#1519);
#1260=LINE('',#3507,#1520);
#1261=LINE('',#3510,#1521);
#1262=LINE('',#3512,#1522);
#1263=LINE('',#3514,#1523);
#1264=LINE('',#3516,#1524);
#1265=LINE('',#3518,#1525);
#1266=LINE('',#3520,#1526);
#1267=LINE('',#3522,#1527);
#1268=LINE('',#3524,#1528);
#1269=LINE('',#3526,#1529);
#1270=LINE('',#3528,#1530);
#1271=LINE('',#3529,#1531);
#1272=LINE('',#3534,#1532);
#1273=LINE('',#3537,#1533);
#1274=LINE('',#3539,#1534);
#1275=LINE('',#3541,#1535);
#1276=LINE('',#3543,#1536);
#1277=LINE('',#3545,#1537);
#1278=LINE('',#3547,#1538);
#1279=LINE('',#3549,#1539);
#1280=LINE('',#3551,#1540);
#1281=LINE('',#3553,#1541);
#1282=LINE('',#3555,#1542);
#1283=LINE('',#3556,#1543);
#1284=LINE('',#3561,#1544);
#1285=LINE('',#3564,#1545);
#1286=LINE('',#3566,#1546);
#1287=LINE('',#3568,#1547);
#1288=LINE('',#3570,#1548);
#1289=LINE('',#3572,#1549);
#1290=LINE('',#3574,#1550);
#1291=LINE('',#3576,#1551);
#1292=LINE('',#3578,#1552);
#1293=LINE('',#3580,#1553);
#1294=LINE('',#3582,#1554);
#1295=LINE('',#3584,#1555);
#1296=LINE('',#3587,#1556);
#1297=LINE('',#3589,#1557);
#1298=LINE('',#3591,#1558);
#1299=LINE('',#3592,#1559);
#1300=LINE('',#3594,#1560);
#1301=LINE('',#3596,#1561);
#1302=LINE('',#3599,#1562);
#1303=LINE('',#3601,#1563);
#1304=LINE('',#3615,#1564);
#1305=LINE('',#3617,#1565);
#1306=LINE('',#3619,#1566);
#1307=LINE('',#3623,#1567);
#1308=LINE('',#3625,#1568);
#1309=LINE('',#3627,#1569);
#1310=LINE('',#3629,#1570);
#1311=LINE('',#3632,#1571);
#1312=LINE('',#3633,#1572);
#1313=LINE('',#3635,#1573);
#1314=LINE('',#3637,#1574);
#1315=LINE('',#3638,#1575);
#1316=LINE('',#3640,#1576);
#1317=LINE('',#3642,#1577);
#1318=LINE('',#3644,#1578);
#1319=LINE('',#3646,#1579);
#1320=LINE('',#3648,#1580);
#1321=LINE('',#3650,#1581);
#1322=LINE('',#3651,#1582);
#1323=LINE('',#3652,#1583);
#1324=LINE('',#3666,#1584);
#1325=LINE('',#3668,#1585);
#1326=LINE('',#3670,#1586);
#1327=LINE('',#3672,#1587);
#1328=LINE('',#3674,#1588);
#1329=LINE('',#3676,#1589);
#1330=LINE('',#3679,#1590);
#1331=LINE('',#3680,#1591);
#1332=LINE('',#3682,#1592);
#1333=LINE('',#3684,#1593);
#1334=LINE('',#3685,#1594);
#1335=LINE('',#3687,#1595);
#1336=LINE('',#3690,#1596);
#1337=LINE('',#3692,#1597);
#1338=LINE('',#3694,#1598);
#1339=LINE('',#3695,#1599);
#1340=LINE('',#3697,#1600);
#1341=LINE('',#3699,#1601);
#1342=LINE('',#3702,#1602);
#1343=LINE('',#3703,#1603);
#1344=LINE('',#3714,#1604);
#1345=LINE('',#3717,#1605);
#1346=LINE('',#3719,#1606);
#1347=LINE('',#3721,#1607);
#1348=LINE('',#3723,#1608);
#1349=LINE('',#3725,#1609);
#1350=LINE('',#3727,#1610);
#1351=LINE('',#3729,#1611);
#1352=LINE('',#3731,#1612);
#1353=LINE('',#3733,#1613);
#1354=LINE('',#3735,#1614);
#1355=LINE('',#3736,#1615);
#1356=LINE('',#3741,#1616);
#1357=LINE('',#3744,#1617);
#1358=LINE('',#3746,#1618);
#1359=LINE('',#3748,#1619);
#1360=LINE('',#3750,#1620);
#1361=LINE('',#3752,#1621);
#1362=LINE('',#3754,#1622);
#1363=LINE('',#3756,#1623);
#1364=LINE('',#3758,#1624);
#1365=LINE('',#3760,#1625);
#1366=LINE('',#3762,#1626);
#1367=LINE('',#3763,#1627);
#1368=LINE('',#3768,#1628);
#1369=LINE('',#3771,#1629);
#1370=LINE('',#3773,#1630);
#1371=LINE('',#3775,#1631);
#1372=LINE('',#3777,#1632);
#1373=LINE('',#3779,#1633);
#1374=LINE('',#3781,#1634);
#1375=LINE('',#3783,#1635);
#1376=LINE('',#3785,#1636);
#1377=LINE('',#3787,#1637);
#1378=LINE('',#3789,#1638);
#1379=LINE('',#3790,#1639);
#1380=LINE('',#3795,#1640);
#1381=LINE('',#3798,#1641);
#1382=LINE('',#3800,#1642);
#1383=LINE('',#3802,#1643);
#1384=LINE('',#3804,#1644);
#1385=LINE('',#3806,#1645);
#1386=LINE('',#3808,#1646);
#1387=LINE('',#3810,#1647);
#1388=LINE('',#3812,#1648);
#1389=LINE('',#3814,#1649);
#1390=LINE('',#3816,#1650);
#1391=LINE('',#3817,#1651);
#1392=LINE('',#3822,#1652);
#1393=LINE('',#3825,#1653);
#1394=LINE('',#3827,#1654);
#1395=LINE('',#3829,#1655);
#1396=LINE('',#3831,#1656);
#1397=LINE('',#3833,#1657);
#1398=LINE('',#3835,#1658);
#1399=LINE('',#3837,#1659);
#1400=LINE('',#3839,#1660);
#1401=LINE('',#3841,#1661);
#1402=LINE('',#3843,#1662);
#1403=LINE('',#3845,#1663);
#1404=LINE('',#3848,#1664);
#1405=LINE('',#3850,#1665);
#1406=LINE('',#3852,#1666);
#1407=LINE('',#3853,#1667);
#1408=LINE('',#3855,#1668);
#1409=LINE('',#3857,#1669);
#1410=LINE('',#3860,#1670);
#1411=LINE('',#3862,#1671);
#1412=LINE('',#3873,#1672);
#1413=LINE('',#3876,#1673);
#1414=LINE('',#3878,#1674);
#1415=LINE('',#3880,#1675);
#1416=LINE('',#3882,#1676);
#1417=LINE('',#3884,#1677);
#1418=LINE('',#3886,#1678);
#1419=LINE('',#3888,#1679);
#1420=LINE('',#3890,#1680);
#1421=LINE('',#3892,#1681);
#1422=LINE('',#3894,#1682);
#1423=LINE('',#3896,#1683);
#1424=LINE('',#3898,#1684);
#1425=LINE('',#3900,#1685);
#1426=LINE('',#3903,#1686);
#1427=LINE('',#3904,#1687);
#1428=LINE('',#3915,#1688);
#1429=LINE('',#3917,#1689);
#1430=LINE('',#3919,#1690);
#1431=LINE('',#3921,#1691);
#1432=LINE('',#3923,#1692);
#1433=LINE('',#3925,#1693);
#1434=LINE('',#3927,#1694);
#1435=LINE('',#3929,#1695);
#1436=LINE('',#3931,#1696);
#1437=LINE('',#3933,#1697);
#1438=LINE('',#3935,#1698);
#1439=LINE('',#3937,#1699);
#1440=LINE('',#3939,#1700);
#1441=LINE('',#3941,#1701);
#1442=LINE('',#3942,#1702);
#1443=LINE('',#3943,#1703);
#1444=LINE('',#3954,#1704);
#1445=LINE('',#3956,#1705);
#1446=LINE('',#3958,#1706);
#1447=LINE('',#3962,#1707);
#1448=LINE('',#3964,#1708);
#1449=LINE('',#3966,#1709);
#1450=LINE('',#3968,#1710);
#1451=LINE('',#3971,#1711);
#1452=LINE('',#3972,#1712);
#1453=LINE('',#3974,#1713);
#1454=LINE('',#3976,#1714);
#1455=LINE('',#3977,#1715);
#1456=LINE('',#3979,#1716);
#1457=LINE('',#3981,#1717);
#1458=LINE('',#3983,#1718);
#1459=LINE('',#3985,#1719);
#1460=LINE('',#3987,#1720);
#1461=LINE('',#3989,#1721);
#1462=LINE('',#3990,#1722);
#1463=LINE('',#3991,#1723);
#1464=VECTOR('',#2687,1.);
#1465=VECTOR('',#2688,1.);
#1466=VECTOR('',#2689,1.);
#1467=VECTOR('',#2690,1.);
#1468=VECTOR('',#2693,1.);
#1469=VECTOR('',#2694,1.);
#1470=VECTOR('',#2695,1.);
#1471=VECTOR('',#2698,1.);
#1472=VECTOR('',#2699,1.);
#1473=VECTOR('',#2700,1.);
#1474=VECTOR('',#2703,1.);
#1475=VECTOR('',#2704,1.);
#1476=VECTOR('',#2713,1.);
#1477=VECTOR('',#2714,1.);
#1478=VECTOR('',#2715,1.);
#1479=VECTOR('',#2716,1.);
#1480=VECTOR('',#2719,1.);
#1481=VECTOR('',#2720,1.);
#1482=VECTOR('',#2721,1.);
#1483=VECTOR('',#2724,1.);
#1484=VECTOR('',#2725,1.);
#1485=VECTOR('',#2726,1.);
#1486=VECTOR('',#2729,1.);
#1487=VECTOR('',#2730,1.);
#1488=VECTOR('',#2739,1.);
#1489=VECTOR('',#2740,1.);
#1490=VECTOR('',#2741,1.);
#1491=VECTOR('',#2742,1.);
#1492=VECTOR('',#2745,1.);
#1493=VECTOR('',#2746,1.);
#1494=VECTOR('',#2747,1.);
#1495=VECTOR('',#2748,1.);
#1496=VECTOR('',#2753,1.);
#1497=VECTOR('',#2758,1.);
#1498=VECTOR('',#2759,1.);
#1499=VECTOR('',#2760,1.);
#1500=VECTOR('',#2761,1.);
#1501=VECTOR('',#2764,1.);
#1502=VECTOR('',#2767,1.);
#1503=VECTOR('',#2770,1.);
#1504=VECTOR('',#2771,1.);
#1505=VECTOR('',#2772,1.);
#1506=VECTOR('',#2775,1.);
#1507=VECTOR('',#2778,1.);
#1508=VECTOR('',#2835,1.);
#1509=VECTOR('',#2836,1.);
#1510=VECTOR('',#2837,1.);
#1511=VECTOR('',#2838,1.);
#1512=VECTOR('',#2841,1.);
#1513=VECTOR('',#2842,1.);
#1514=VECTOR('',#2843,1.);
#1515=VECTOR('',#2846,1.);
#1516=VECTOR('',#2847,1.);
#1517=VECTOR('',#2848,1.);
#1518=VECTOR('',#2851,1.);
#1519=VECTOR('',#2852,1.);
#1520=VECTOR('',#2861,1.);
#1521=VECTOR('',#2862,1.);
#1522=VECTOR('',#2863,1.);
#1523=VECTOR('',#2864,1.);
#1524=VECTOR('',#2867,1.);
#1525=VECTOR('',#2868,1.);
#1526=VECTOR('',#2869,1.);
#1527=VECTOR('',#2872,1.);
#1528=VECTOR('',#2873,1.);
#1529=VECTOR('',#2874,1.);
#1530=VECTOR('',#2877,1.);
#1531=VECTOR('',#2878,1.);
#1532=VECTOR('',#2887,1.);
#1533=VECTOR('',#2888,1.);
#1534=VECTOR('',#2889,1.);
#1535=VECTOR('',#2890,1.);
#1536=VECTOR('',#2893,1.);
#1537=VECTOR('',#2894,1.);
#1538=VECTOR('',#2895,1.);
#1539=VECTOR('',#2898,1.);
#1540=VECTOR('',#2899,1.);
#1541=VECTOR('',#2900,1.);
#1542=VECTOR('',#2903,1.);
#1543=VECTOR('',#2904,1.);
#1544=VECTOR('',#2913,1.);
#1545=VECTOR('',#2914,1.);
#1546=VECTOR('',#2915,1.);
#1547=VECTOR('',#2916,1.);
#1548=VECTOR('',#2917,1.);
#1549=VECTOR('',#2918,1.);
#1550=VECTOR('',#2919,1.);
#1551=VECTOR('',#2920,1.);
#1552=VECTOR('',#2923,1.);
#1553=VECTOR('',#2924,1.);
#1554=VECTOR('',#2925,1.);
#1555=VECTOR('',#2928,1.);
#1556=VECTOR('',#2929,1.);
#1557=VECTOR('',#2930,1.);
#1558=VECTOR('',#2931,1.);
#1559=VECTOR('',#2932,1.);
#1560=VECTOR('',#2933,1.);
#1561=VECTOR('',#2934,1.);
#1562=VECTOR('',#2939,1.);
#1563=VECTOR('',#2942,1.);
#1564=VECTOR('',#2965,1.);
#1565=VECTOR('',#2966,1.);
#1566=VECTOR('',#2967,1.);
#1567=VECTOR('',#2970,1.);
#1568=VECTOR('',#2971,1.);
#1569=VECTOR('',#2972,1.);
#1570=VECTOR('',#2975,1.);
#1571=VECTOR('',#2976,1.);
#1572=VECTOR('',#2977,1.);
#1573=VECTOR('',#2978,1.);
#1574=VECTOR('',#2979,1.);
#1575=VECTOR('',#2980,1.);
#1576=VECTOR('',#2983,1.);
#1577=VECTOR('',#2984,1.);
#1578=VECTOR('',#2985,1.);
#1579=VECTOR('',#2988,1.);
#1580=VECTOR('',#2989,1.);
#1581=VECTOR('',#2990,1.);
#1582=VECTOR('',#2991,1.);
#1583=VECTOR('',#2992,1.);
#1584=VECTOR('',#3015,1.);
#1585=VECTOR('',#3016,1.);
#1586=VECTOR('',#3017,1.);
#1587=VECTOR('',#3018,1.);
#1588=VECTOR('',#3019,1.);
#1589=VECTOR('',#3022,1.);
#1590=VECTOR('',#3023,1.);
#1591=VECTOR('',#3024,1.);
#1592=VECTOR('',#3025,1.);
#1593=VECTOR('',#3026,1.);
#1594=VECTOR('',#3027,1.);
#1595=VECTOR('',#3030,1.);
#1596=VECTOR('',#3031,1.);
#1597=VECTOR('',#3032,1.);
#1598=VECTOR('',#3033,1.);
#1599=VECTOR('',#3034,1.);
#1600=VECTOR('',#3035,1.);
#1601=VECTOR('',#3036,1.);
#1602=VECTOR('',#3041,1.);
#1603=VECTOR('',#3042,1.);
#1604=VECTOR('',#3063,1.);
#1605=VECTOR('',#3064,1.);
#1606=VECTOR('',#3065,1.);
#1607=VECTOR('',#3066,1.);
#1608=VECTOR('',#3069,1.);
#1609=VECTOR('',#3070,1.);
#1610=VECTOR('',#3071,1.);
#1611=VECTOR('',#3074,1.);
#1612=VECTOR('',#3075,1.);
#1613=VECTOR('',#3076,1.);
#1614=VECTOR('',#3079,1.);
#1615=VECTOR('',#3080,1.);
#1616=VECTOR('',#3089,1.);
#1617=VECTOR('',#3090,1.);
#1618=VECTOR('',#3091,1.);
#1619=VECTOR('',#3092,1.);
#1620=VECTOR('',#3095,1.);
#1621=VECTOR('',#3096,1.);
#1622=VECTOR('',#3097,1.);
#1623=VECTOR('',#3100,1.);
#1624=VECTOR('',#3101,1.);
#1625=VECTOR('',#3102,1.);
#1626=VECTOR('',#3105,1.);
#1627=VECTOR('',#3106,1.);
#1628=VECTOR('',#3115,1.);
#1629=VECTOR('',#3116,1.);
#1630=VECTOR('',#3117,1.);
#1631=VECTOR('',#3118,1.);
#1632=VECTOR('',#3121,1.);
#1633=VECTOR('',#3122,1.);
#1634=VECTOR('',#3123,1.);
#1635=VECTOR('',#3126,1.);
#1636=VECTOR('',#3127,1.);
#1637=VECTOR('',#3128,1.);
#1638=VECTOR('',#3131,1.);
#1639=VECTOR('',#3132,1.);
#1640=VECTOR('',#3141,1.);
#1641=VECTOR('',#3142,1.);
#1642=VECTOR('',#3143,1.);
#1643=VECTOR('',#3144,1.);
#1644=VECTOR('',#3147,1.);
#1645=VECTOR('',#3148,1.);
#1646=VECTOR('',#3149,1.);
#1647=VECTOR('',#3152,1.);
#1648=VECTOR('',#3153,1.);
#1649=VECTOR('',#3154,1.);
#1650=VECTOR('',#3157,1.);
#1651=VECTOR('',#3158,1.);
#1652=VECTOR('',#3167,1.);
#1653=VECTOR('',#3168,1.);
#1654=VECTOR('',#3169,1.);
#1655=VECTOR('',#3170,1.);
#1656=VECTOR('',#3171,1.);
#1657=VECTOR('',#3172,1.);
#1658=VECTOR('',#3173,1.);
#1659=VECTOR('',#3174,1.);
#1660=VECTOR('',#3177,1.);
#1661=VECTOR('',#3178,1.);
#1662=VECTOR('',#3179,1.);
#1663=VECTOR('',#3182,1.);
#1664=VECTOR('',#3183,1.);
#1665=VECTOR('',#3184,1.);
#1666=VECTOR('',#3185,1.);
#1667=VECTOR('',#3186,1.);
#1668=VECTOR('',#3187,1.);
#1669=VECTOR('',#3188,1.);
#1670=VECTOR('',#3193,1.);
#1671=VECTOR('',#3196,1.);
#1672=VECTOR('',#3217,1.);
#1673=VECTOR('',#3218,1.);
#1674=VECTOR('',#3219,1.);
#1675=VECTOR('',#3220,1.);
#1676=VECTOR('',#3221,1.);
#1677=VECTOR('',#3222,1.);
#1678=VECTOR('',#3223,1.);
#1679=VECTOR('',#3224,1.);
#1680=VECTOR('',#3227,1.);
#1681=VECTOR('',#3228,1.);
#1682=VECTOR('',#3229,1.);
#1683=VECTOR('',#3232,1.);
#1684=VECTOR('',#3233,1.);
#1685=VECTOR('',#3234,1.);
#1686=VECTOR('',#3239,1.);
#1687=VECTOR('',#3240,1.);
#1688=VECTOR('',#3257,1.);
#1689=VECTOR('',#3258,1.);
#1690=VECTOR('',#3259,1.);
#1691=VECTOR('',#3260,1.);
#1692=VECTOR('',#3261,1.);
#1693=VECTOR('',#3264,1.);
#1694=VECTOR('',#3265,1.);
#1695=VECTOR('',#3266,1.);
#1696=VECTOR('',#3269,1.);
#1697=VECTOR('',#3270,1.);
#1698=VECTOR('',#3271,1.);
#1699=VECTOR('',#3274,1.);
#1700=VECTOR('',#3275,1.);
#1701=VECTOR('',#3276,1.);
#1702=VECTOR('',#3277,1.);
#1703=VECTOR('',#3278,1.);
#1704=VECTOR('',#3295,1.);
#1705=VECTOR('',#3296,1.);
#1706=VECTOR('',#3297,1.);
#1707=VECTOR('',#3300,1.);
#1708=VECTOR('',#3301,1.);
#1709=VECTOR('',#3302,1.);
#1710=VECTOR('',#3305,1.);
#1711=VECTOR('',#3306,1.);
#1712=VECTOR('',#3307,1.);
#1713=VECTOR('',#3308,1.);
#1714=VECTOR('',#3309,1.);
#1715=VECTOR('',#3310,1.);
#1716=VECTOR('',#3313,1.);
#1717=VECTOR('',#3314,1.);
#1718=VECTOR('',#3315,1.);
#1719=VECTOR('',#3318,1.);
#1720=VECTOR('',#3319,1.);
#1721=VECTOR('',#3320,1.);
#1722=VECTOR('',#3321,1.);
#1723=VECTOR('',#3322,1.);
#1724=EDGE_LOOP('',(#104,#105,#106,#107));
#1725=EDGE_LOOP('',(#108,#109,#110,#111));
#1726=EDGE_LOOP('',(#112,#113,#114,#115));
#1727=EDGE_LOOP('',(#116,#117,#118,#119));
#1728=EDGE_LOOP('',(#120,#121,#122,#123));
#1729=EDGE_LOOP('',(#124,#125,#126,#127));
#1730=EDGE_LOOP('',(#128,#129,#130,#131));
#1731=EDGE_LOOP('',(#132,#133,#134,#135));
#1732=EDGE_LOOP('',(#136,#137,#138,#139));
#1733=EDGE_LOOP('',(#140,#141,#142,#143));
#1734=EDGE_LOOP('',(#144,#145,#146,#147));
#1735=EDGE_LOOP('',(#148,#149,#150,#151));
#1736=EDGE_LOOP('',(#152,#153,#154,#155));
#1737=EDGE_LOOP('',(#156,#157,#158,#159));
#1738=EDGE_LOOP('',(#160,#161,#162,#163));
#1739=EDGE_LOOP('',(#164,#165,#166,#167,#168,#169));
#1740=EDGE_LOOP('',(#170,#171,#172,#173));
#1741=EDGE_LOOP('',(#174,#175,#176,#177,#178,#179));
#1742=EDGE_LOOP('',(#180,#181,#182,#183));
#1743=EDGE_LOOP('',(#184,#185,#186,#187));
#1744=EDGE_LOOP('',(#188));
#1745=EDGE_LOOP('',(#189));
#1746=EDGE_LOOP('',(#190));
#1747=EDGE_LOOP('',(#191,#192,#193,#194,#195));
#1748=EDGE_LOOP('',(#196));
#1749=EDGE_LOOP('',(#197));
#1750=EDGE_LOOP('',(#198));
#1751=EDGE_LOOP('',(#199,#200,#201,#202,#203));
#1752=EDGE_LOOP('',(#204));
#1753=EDGE_LOOP('',(#205));
#1754=EDGE_LOOP('',(#206));
#1755=EDGE_LOOP('',(#207));
#1756=EDGE_LOOP('',(#208));
#1757=EDGE_LOOP('',(#209));
#1758=EDGE_LOOP('',(#210));
#1759=EDGE_LOOP('',(#211));
#1760=EDGE_LOOP('',(#212));
#1761=EDGE_LOOP('',(#213));
#1762=EDGE_LOOP('',(#214));
#1763=EDGE_LOOP('',(#215));
#1764=EDGE_LOOP('',(#216));
#1765=EDGE_LOOP('',(#217));
#1766=EDGE_LOOP('',(#218));
#1767=EDGE_LOOP('',(#219));
#1768=EDGE_LOOP('',(#220));
#1769=EDGE_LOOP('',(#221));
#1770=EDGE_LOOP('',(#222,#223,#224,#225));
#1771=EDGE_LOOP('',(#226,#227,#228,#229));
#1772=EDGE_LOOP('',(#230,#231,#232,#233));
#1773=EDGE_LOOP('',(#234,#235,#236,#237));
#1774=EDGE_LOOP('',(#238,#239,#240,#241));
#1775=EDGE_LOOP('',(#242,#243,#244,#245));
#1776=EDGE_LOOP('',(#246,#247,#248,#249));
#1777=EDGE_LOOP('',(#250,#251,#252,#253));
#1778=EDGE_LOOP('',(#254,#255,#256,#257));
#1779=EDGE_LOOP('',(#258,#259,#260,#261));
#1780=EDGE_LOOP('',(#262,#263,#264,#265));
#1781=EDGE_LOOP('',(#266,#267,#268,#269));
#1782=EDGE_LOOP('',(#270,#271,#272,#273));
#1783=EDGE_LOOP('',(#274,#275,#276,#277));
#1784=EDGE_LOOP('',(#278,#279,#280,#281));
#1785=EDGE_LOOP('',(#282,#283,#284,#285));
#1786=EDGE_LOOP('',(#286,#287,#288,#289));
#1787=EDGE_LOOP('',(#290,#291,#292,#293));
#1788=EDGE_LOOP('',(#294,#295,#296,#297,#298,#299,#300,#301));
#1789=EDGE_LOOP('',(#302,#303,#304,#305));
#1790=EDGE_LOOP('',(#306,#307,#308,#309,#310,#311,#312,#313));
#1791=EDGE_LOOP('',(#314,#315,#316,#317,#318,#319,#320,#321));
#1792=EDGE_LOOP('',(#322,#323,#324,#325));
#1793=EDGE_LOOP('',(#326,#327,#328,#329));
#1794=EDGE_LOOP('',(#330,#331,#332,#333));
#1795=EDGE_LOOP('',(#334,#335));
#1796=EDGE_LOOP('',(#336,#337));
#1797=EDGE_LOOP('',(#338,#339,#340,#341));
#1798=EDGE_LOOP('',(#342,#343,#344,#345,#346,#347,#348,#349));
#1799=EDGE_LOOP('',(#350,#351,#352,#353,#354,#355,#356,#357));
#1800=EDGE_LOOP('',(#358,#359,#360,#361));
#1801=EDGE_LOOP('',(#362,#363,#364,#365,#366,#367,#368,#369));
#1802=EDGE_LOOP('',(#370,#371,#372,#373));
#1803=EDGE_LOOP('',(#374,#375,#376,#377));
#1804=EDGE_LOOP('',(#378,#379,#380,#381));
#1805=EDGE_LOOP('',(#382,#383));
#1806=EDGE_LOOP('',(#384,#385,#386,#387));
#1807=EDGE_LOOP('',(#388,#389));
#1808=EDGE_LOOP('',(#390,#391,#392,#393,#394,#395));
#1809=EDGE_LOOP('',(#396,#397,#398,#399,#400,#401,#402,#403));
#1810=EDGE_LOOP('',(#404,#405,#406,#407,#408,#409,#410,#411));
#1811=EDGE_LOOP('',(#412,#413,#414,#415,#416,#417));
#1812=EDGE_LOOP('',(#418,#419,#420,#421));
#1813=EDGE_LOOP('',(#422,#423,#424,#425));
#1814=EDGE_LOOP('',(#426,#427));
#1815=EDGE_LOOP('',(#428,#429,#430,#431));
#1816=EDGE_LOOP('',(#432,#433,#434,#435));
#1817=EDGE_LOOP('',(#436,#437));
#1818=EDGE_LOOP('',(#438,#439,#440,#441));
#1819=EDGE_LOOP('',(#442,#443,#444,#445));
#1820=EDGE_LOOP('',(#446,#447,#448,#449));
#1821=EDGE_LOOP('',(#450,#451,#452,#453));
#1822=EDGE_LOOP('',(#454,#455,#456,#457));
#1823=EDGE_LOOP('',(#458,#459,#460,#461));
#1824=EDGE_LOOP('',(#462,#463,#464,#465));
#1825=EDGE_LOOP('',(#466,#467,#468,#469));
#1826=EDGE_LOOP('',(#470,#471,#472,#473));
#1827=EDGE_LOOP('',(#474,#475,#476,#477));
#1828=EDGE_LOOP('',(#478,#479,#480,#481));
#1829=EDGE_LOOP('',(#482,#483,#484,#485));
#1830=EDGE_LOOP('',(#486,#487,#488,#489));
#1831=EDGE_LOOP('',(#490,#491,#492,#493));
#1832=EDGE_LOOP('',(#494,#495,#496,#497));
#1833=EDGE_LOOP('',(#498,#499,#500,#501));
#1834=EDGE_LOOP('',(#502,#503,#504,#505));
#1835=EDGE_LOOP('',(#506,#507,#508,#509));
#1836=EDGE_LOOP('',(#510,#511,#512,#513));
#1837=EDGE_LOOP('',(#514,#515,#516,#517));
#1838=EDGE_LOOP('',(#518,#519,#520,#521));
#1839=EDGE_LOOP('',(#522,#523,#524,#525));
#1840=EDGE_LOOP('',(#526,#527,#528,#529));
#1841=EDGE_LOOP('',(#530,#531,#532,#533));
#1842=EDGE_LOOP('',(#534,#535,#536,#537,#538,#539,#540,#541));
#1843=EDGE_LOOP('',(#542,#543,#544,#545));
#1844=EDGE_LOOP('',(#546,#547,#548,#549,#550,#551,#552,#553));
#1845=EDGE_LOOP('',(#554,#555,#556,#557,#558,#559,#560,#561));
#1846=EDGE_LOOP('',(#562,#563,#564,#565));
#1847=EDGE_LOOP('',(#566,#567,#568,#569));
#1848=EDGE_LOOP('',(#570,#571,#572,#573));
#1849=EDGE_LOOP('',(#574,#575));
#1850=EDGE_LOOP('',(#576,#577));
#1851=EDGE_LOOP('',(#578,#579,#580,#581));
#1852=EDGE_LOOP('',(#582,#583,#584,#585,#586,#587,#588,#589));
#1853=EDGE_LOOP('',(#590,#591,#592,#593));
#1854=EDGE_LOOP('',(#594,#595,#596,#597));
#1855=EDGE_LOOP('',(#598,#599,#600,#601,#602,#603));
#1856=EDGE_LOOP('',(#604,#605,#606,#607));
#1857=EDGE_LOOP('',(#608,#609,#610,#611));
#1858=EDGE_LOOP('',(#612,#613,#614,#615));
#1859=EDGE_LOOP('',(#616,#617));
#1860=EDGE_LOOP('',(#618,#619,#620,#621,#622,#623));
#1861=EDGE_LOOP('',(#624,#625,#626,#627));
#1862=EDGE_LOOP('',(#628,#629,#630,#631));
#1863=EDGE_LOOP('',(#632,#633,#634,#635,#636,#637,#638,#639));
#1864=EDGE_LOOP('',(#640,#641,#642,#643));
#1865=EDGE_LOOP('',(#644,#645,#646,#647));
#1866=EDGE_LOOP('',(#648,#649,#650,#651));
#1867=EDGE_LOOP('',(#652,#653));
#1868=EDGE_LOOP('',(#654,#655,#656,#657,#658,#659,#660,#661));
#1869=EDGE_LOOP('',(#662,#663,#664,#665,#666,#667,#668,#669));
#1870=EDGE_LOOP('',(#670,#671,#672,#673));
#1871=EDGE_LOOP('',(#674,#675,#676,#677,#678,#679,#680,#681));
#1872=EDGE_LOOP('',(#682,#683,#684,#685));
#1873=EDGE_LOOP('',(#686,#687,#688,#689));
#1874=EDGE_LOOP('',(#690,#691,#692,#693));
#1875=EDGE_LOOP('',(#694,#695));
#1876=EDGE_LOOP('',(#696,#697,#698,#699));
#1877=EDGE_LOOP('',(#700,#701));
#1878=FACE_BOUND('',#1724,.T.);
#1879=FACE_BOUND('',#1725,.T.);
#1880=FACE_BOUND('',#1726,.T.);
#1881=FACE_BOUND('',#1727,.T.);
#1882=FACE_BOUND('',#1728,.T.);
#1883=FACE_BOUND('',#1729,.T.);
#1884=FACE_BOUND('',#1730,.T.);
#1885=FACE_BOUND('',#1731,.T.);
#1886=FACE_BOUND('',#1732,.T.);
#1887=FACE_BOUND('',#1733,.T.);
#1888=FACE_BOUND('',#1734,.T.);
#1889=FACE_BOUND('',#1735,.T.);
#1890=FACE_BOUND('',#1736,.T.);
#1891=FACE_BOUND('',#1737,.T.);
#1892=FACE_BOUND('',#1738,.T.);
#1893=FACE_BOUND('',#1739,.T.);
#1894=FACE_BOUND('',#1740,.T.);
#1895=FACE_BOUND('',#1741,.T.);
#1896=FACE_BOUND('',#1742,.T.);
#1897=FACE_BOUND('',#1743,.T.);
#1898=FACE_BOUND('',#1744,.T.);
#1899=FACE_BOUND('',#1745,.T.);
#1900=FACE_BOUND('',#1746,.T.);
#1901=FACE_BOUND('',#1747,.T.);
#1902=FACE_BOUND('',#1748,.T.);
#1903=FACE_BOUND('',#1749,.T.);
#1904=FACE_BOUND('',#1750,.T.);
#1905=FACE_BOUND('',#1751,.T.);
#1906=FACE_BOUND('',#1752,.T.);
#1907=FACE_BOUND('',#1753,.T.);
#1908=FACE_BOUND('',#1754,.T.);
#1909=FACE_BOUND('',#1755,.T.);
#1910=FACE_BOUND('',#1756,.T.);
#1911=FACE_BOUND('',#1757,.T.);
#1912=FACE_BOUND('',#1758,.T.);
#1913=FACE_BOUND('',#1759,.T.);
#1914=FACE_BOUND('',#1760,.T.);
#1915=FACE_BOUND('',#1761,.T.);
#1916=FACE_BOUND('',#1762,.T.);
#1917=FACE_BOUND('',#1763,.T.);
#1918=FACE_BOUND('',#1764,.T.);
#1919=FACE_BOUND('',#1765,.T.);
#1920=FACE_BOUND('',#1766,.T.);
#1921=FACE_BOUND('',#1767,.T.);
#1922=FACE_BOUND('',#1768,.T.);
#1923=FACE_BOUND('',#1769,.T.);
#1924=FACE_BOUND('',#1770,.T.);
#1925=FACE_BOUND('',#1771,.T.);
#1926=FACE_BOUND('',#1772,.T.);
#1927=FACE_BOUND('',#1773,.T.);
#1928=FACE_BOUND('',#1774,.T.);
#1929=FACE_BOUND('',#1775,.T.);
#1930=FACE_BOUND('',#1776,.T.);
#1931=FACE_BOUND('',#1777,.T.);
#1932=FACE_BOUND('',#1778,.T.);
#1933=FACE_BOUND('',#1779,.T.);
#1934=FACE_BOUND('',#1780,.T.);
#1935=FACE_BOUND('',#1781,.T.);
#1936=FACE_BOUND('',#1782,.T.);
#1937=FACE_BOUND('',#1783,.T.);
#1938=FACE_BOUND('',#1784,.T.);
#1939=FACE_BOUND('',#1785,.T.);
#1940=FACE_BOUND('',#1786,.T.);
#1941=FACE_BOUND('',#1787,.T.);
#1942=FACE_BOUND('',#1788,.T.);
#1943=FACE_BOUND('',#1789,.T.);
#1944=FACE_BOUND('',#1790,.T.);
#1945=FACE_BOUND('',#1791,.T.);
#1946=FACE_BOUND('',#1792,.T.);
#1947=FACE_BOUND('',#1793,.T.);
#1948=FACE_BOUND('',#1794,.T.);
#1949=FACE_BOUND('',#1795,.T.);
#1950=FACE_BOUND('',#1796,.T.);
#1951=FACE_BOUND('',#1797,.T.);
#1952=FACE_BOUND('',#1798,.T.);
#1953=FACE_BOUND('',#1799,.T.);
#1954=FACE_BOUND('',#1800,.T.);
#1955=FACE_BOUND('',#1801,.T.);
#1956=FACE_BOUND('',#1802,.T.);
#1957=FACE_BOUND('',#1803,.T.);
#1958=FACE_BOUND('',#1804,.T.);
#1959=FACE_BOUND('',#1805,.T.);
#1960=FACE_BOUND('',#1806,.T.);
#1961=FACE_BOUND('',#1807,.T.);
#1962=FACE_BOUND('',#1808,.T.);
#1963=FACE_BOUND('',#1809,.T.);
#1964=FACE_BOUND('',#1810,.T.);
#1965=FACE_BOUND('',#1811,.T.);
#1966=FACE_BOUND('',#1812,.T.);
#1967=FACE_BOUND('',#1813,.T.);
#1968=FACE_BOUND('',#1814,.T.);
#1969=FACE_BOUND('',#1815,.T.);
#1970=FACE_BOUND('',#1816,.T.);
#1971=FACE_BOUND('',#1817,.T.);
#1972=FACE_BOUND('',#1818,.T.);
#1973=FACE_BOUND('',#1819,.T.);
#1974=FACE_BOUND('',#1820,.T.);
#1975=FACE_BOUND('',#1821,.T.);
#1976=FACE_BOUND('',#1822,.T.);
#1977=FACE_BOUND('',#1823,.T.);
#1978=FACE_BOUND('',#1824,.T.);
#1979=FACE_BOUND('',#1825,.T.);
#1980=FACE_BOUND('',#1826,.T.);
#1981=FACE_BOUND('',#1827,.T.);
#1982=FACE_BOUND('',#1828,.T.);
#1983=FACE_BOUND('',#1829,.T.);
#1984=FACE_BOUND('',#1830,.T.);
#1985=FACE_BOUND('',#1831,.T.);
#1986=FACE_BOUND('',#1832,.T.);
#1987=FACE_BOUND('',#1833,.T.);
#1988=FACE_BOUND('',#1834,.T.);
#1989=FACE_BOUND('',#1835,.T.);
#1990=FACE_BOUND('',#1836,.T.);
#1991=FACE_BOUND('',#1837,.T.);
#1992=FACE_BOUND('',#1838,.T.);
#1993=FACE_BOUND('',#1839,.T.);
#1994=FACE_BOUND('',#1840,.T.);
#1995=FACE_BOUND('',#1841,.T.);
#1996=FACE_BOUND('',#1842,.T.);
#1997=FACE_BOUND('',#1843,.T.);
#1998=FACE_BOUND('',#1844,.T.);
#1999=FACE_BOUND('',#1845,.T.);
#2000=FACE_BOUND('',#1846,.T.);
#2001=FACE_BOUND('',#1847,.T.);
#2002=FACE_BOUND('',#1848,.T.);
#2003=FACE_BOUND('',#1849,.T.);
#2004=FACE_BOUND('',#1850,.T.);
#2005=FACE_BOUND('',#1851,.T.);
#2006=FACE_BOUND('',#1852,.T.);
#2007=FACE_BOUND('',#1853,.T.);
#2008=FACE_BOUND('',#1854,.T.);
#2009=FACE_BOUND('',#1855,.T.);
#2010=FACE_BOUND('',#1856,.T.);
#2011=FACE_BOUND('',#1857,.T.);
#2012=FACE_BOUND('',#1858,.T.);
#2013=FACE_BOUND('',#1859,.T.);
#2014=FACE_BOUND('',#1860,.T.);
#2015=FACE_BOUND('',#1861,.T.);
#2016=FACE_BOUND('',#1862,.T.);
#2017=FACE_BOUND('',#1863,.T.);
#2018=FACE_BOUND('',#1864,.T.);
#2019=FACE_BOUND('',#1865,.T.);
#2020=FACE_BOUND('',#1866,.T.);
#2021=FACE_BOUND('',#1867,.T.);
#2022=FACE_BOUND('',#1868,.T.);
#2023=FACE_BOUND('',#1869,.T.);
#2024=FACE_BOUND('',#1870,.T.);
#2025=FACE_BOUND('',#1871,.T.);
#2026=FACE_BOUND('',#1872,.T.);
#2027=FACE_BOUND('',#1873,.T.);
#2028=FACE_BOUND('',#1874,.T.);
#2029=FACE_BOUND('',#1875,.T.);
#2030=FACE_BOUND('',#1876,.T.);
#2031=FACE_BOUND('',#1877,.T.);
#2032=PLANE('',#2486);
#2033=PLANE('',#2487);
#2034=PLANE('',#2488);
#2035=PLANE('',#2489);
#2036=PLANE('',#2490);
#2037=PLANE('',#2491);
#2038=PLANE('',#2493);
#2039=PLANE('',#2494);
#2040=PLANE('',#2495);
#2041=PLANE('',#2496);
#2042=PLANE('',#2497);
#2043=PLANE('',#2498);
#2044=PLANE('',#2500);
#2045=PLANE('',#2501);
#2046=PLANE('',#2505);
#2047=PLANE('',#2508);
#2048=PLANE('',#2509);
#2049=PLANE('',#2510);
#2050=PLANE('',#2511);
#2051=PLANE('',#2515);
#2052=PLANE('',#2521);
#2053=PLANE('',#2524);
#2054=PLANE('',#2527);
#2055=PLANE('',#2530);
#2056=PLANE('',#2533);
#2057=PLANE('',#2536);
#2058=PLANE('',#2538);
#2059=PLANE('',#2539);
#2060=PLANE('',#2540);
#2061=PLANE('',#2541);
#2062=PLANE('',#2542);
#2063=PLANE('',#2543);
#2064=PLANE('',#2545);
#2065=PLANE('',#2546);
#2066=PLANE('',#2547);
#2067=PLANE('',#2548);
#2068=PLANE('',#2549);
#2069=PLANE('',#2550);
#2070=PLANE('',#2552);
#2071=PLANE('',#2553);
#2072=PLANE('',#2554);
#2073=PLANE('',#2555);
#2074=PLANE('',#2556);
#2075=PLANE('',#2557);
#2076=PLANE('',#2559);
#2077=PLANE('',#2560);
#2078=PLANE('',#2561);
#2079=PLANE('',#2562);
#2080=PLANE('',#2565);
#2081=PLANE('',#2566);
#2082=PLANE('',#2569);
#2083=PLANE('',#2570);
#2084=PLANE('',#2574);
#2085=PLANE('',#2577);
#2086=PLANE('',#2578);
#2087=PLANE('',#2579);
#2088=PLANE('',#2580);
#2089=PLANE('',#2581);
#2090=PLANE('',#2584);
#2091=PLANE('',#2587);
#2092=PLANE('',#2589);
#2093=PLANE('',#2591);
#2094=PLANE('',#2592);
#2095=PLANE('',#2593);
#2096=PLANE('',#2595);
#2097=PLANE('',#2596);
#2098=PLANE('',#2597);
#2099=PLANE('',#2602);
#2100=PLANE('',#2604);
#2101=PLANE('',#2605);
#2102=PLANE('',#2606);
#2103=PLANE('',#2607);
#2104=PLANE('',#2608);
#2105=PLANE('',#2609);
#2106=PLANE('',#2611);
#2107=PLANE('',#2612);
#2108=PLANE('',#2613);
#2109=PLANE('',#2614);
#2110=PLANE('',#2615);
#2111=PLANE('',#2616);
#2112=PLANE('',#2618);
#2113=PLANE('',#2619);
#2114=PLANE('',#2620);
#2115=PLANE('',#2621);
#2116=PLANE('',#2622);
#2117=PLANE('',#2623);
#2118=PLANE('',#2625);
#2119=PLANE('',#2626);
#2120=PLANE('',#2627);
#2121=PLANE('',#2628);
#2122=PLANE('',#2629);
#2123=PLANE('',#2630);
#2124=PLANE('',#2632);
#2125=PLANE('',#2633);
#2126=PLANE('',#2634);
#2127=PLANE('',#2635);
#2128=PLANE('',#2638);
#2129=PLANE('',#2639);
#2130=PLANE('',#2642);
#2131=PLANE('',#2643);
#2132=PLANE('',#2647);
#2133=PLANE('',#2648);
#2134=PLANE('',#2649);
#2135=PLANE('',#2650);
#2136=PLANE('',#2652);
#2137=PLANE('',#2653);
#2138=PLANE('',#2656);
#2139=PLANE('',#2658);
#2140=PLANE('',#2660);
#2141=PLANE('',#2661);
#2142=PLANE('',#2662);
#2143=PLANE('',#2663);
#2144=PLANE('',#2664);
#2145=PLANE('',#2667);
#2146=PLANE('',#2669);
#2147=PLANE('',#2672);
#2148=PLANE('',#2673);
#2149=PLANE('',#2674);
#2150=PLANE('',#2675);
#2151=PLANE('',#2676);
#2152=PLANE('',#2679);
#2153=PLANE('',#2682);
#2154=ADVANCED_FACE('',(#1878),#2032,.T.);
#2155=ADVANCED_FACE('',(#1879),#2033,.F.);
#2156=ADVANCED_FACE('',(#1880),#2034,.F.);
#2157=ADVANCED_FACE('',(#1881),#2035,.T.);
#2158=ADVANCED_FACE('',(#1882),#2036,.F.);
#2159=ADVANCED_FACE('',(#1883),#2037,.T.);
#2160=ADVANCED_FACE('',(#1884),#2038,.T.);
#2161=ADVANCED_FACE('',(#1885),#2039,.F.);
#2162=ADVANCED_FACE('',(#1886),#2040,.F.);
#2163=ADVANCED_FACE('',(#1887),#2041,.T.);
#2164=ADVANCED_FACE('',(#1888),#2042,.F.);
#2165=ADVANCED_FACE('',(#1889),#2043,.T.);
#2166=ADVANCED_FACE('',(#1890),#2044,.T.);
#2167=ADVANCED_FACE('',(#1891),#2045,.F.);
#2168=ADVANCED_FACE('',(#1892),#50,.T.);
#2169=ADVANCED_FACE('',(#1893),#2046,.T.);
#2170=ADVANCED_FACE('',(#1894),#51,.T.);
#2171=ADVANCED_FACE('',(#1895),#2047,.F.);
#2172=ADVANCED_FACE('',(#1896),#2048,.F.);
#2173=ADVANCED_FACE('',(#1897),#2049,.T.);
#2174=ADVANCED_FACE('',(#1898,#1899,#1900,#1901),#2050,.T.);
#2175=ADVANCED_FACE('',(#1902,#1903,#1904,#1905),#2051,.F.);
#2176=ADVANCED_FACE('',(#1906,#1907),#52,.F.);
#2177=ADVANCED_FACE('',(#1908),#2052,.T.);
#2178=ADVANCED_FACE('',(#1909,#1910),#53,.F.);
#2179=ADVANCED_FACE('',(#1911),#2053,.T.);
#2180=ADVANCED_FACE('',(#1912,#1913),#54,.F.);
#2181=ADVANCED_FACE('',(#1914),#2054,.T.);
#2182=ADVANCED_FACE('',(#1915,#1916),#55,.F.);
#2183=ADVANCED_FACE('',(#1917),#2055,.T.);
#2184=ADVANCED_FACE('',(#1918,#1919),#56,.F.);
#2185=ADVANCED_FACE('',(#1920),#2056,.T.);
#2186=ADVANCED_FACE('',(#1921,#1922),#57,.F.);
#2187=ADVANCED_FACE('',(#1923),#2057,.T.);
#2188=ADVANCED_FACE('',(#1924),#2058,.T.);
#2189=ADVANCED_FACE('',(#1925),#2059,.F.);
#2190=ADVANCED_FACE('',(#1926),#2060,.F.);
#2191=ADVANCED_FACE('',(#1927),#2061,.T.);
#2192=ADVANCED_FACE('',(#1928),#2062,.F.);
#2193=ADVANCED_FACE('',(#1929),#2063,.T.);
#2194=ADVANCED_FACE('',(#1930),#2064,.T.);
#2195=ADVANCED_FACE('',(#1931),#2065,.F.);
#2196=ADVANCED_FACE('',(#1932),#2066,.F.);
#2197=ADVANCED_FACE('',(#1933),#2067,.T.);
#2198=ADVANCED_FACE('',(#1934),#2068,.F.);
#2199=ADVANCED_FACE('',(#1935),#2069,.T.);
#2200=ADVANCED_FACE('',(#1936),#2070,.T.);
#2201=ADVANCED_FACE('',(#1937),#2071,.F.);
#2202=ADVANCED_FACE('',(#1938),#2072,.F.);
#2203=ADVANCED_FACE('',(#1939),#2073,.T.);
#2204=ADVANCED_FACE('',(#1940),#2074,.F.);
#2205=ADVANCED_FACE('',(#1941),#2075,.T.);
#2206=ADVANCED_FACE('',(#1942),#2076,.T.);
#2207=ADVANCED_FACE('',(#1943),#2077,.F.);
#2208=ADVANCED_FACE('',(#1944),#2078,.F.);
#2209=ADVANCED_FACE('',(#1945),#2079,.T.);
#2210=ADVANCED_FACE('',(#1946),#2080,.F.);
#2211=ADVANCED_FACE('',(#1947),#2081,.T.);
#2212=ADVANCED_FACE('',(#1948),#58,.F.);
#2213=ADVANCED_FACE('',(#1949),#2082,.T.);
#2214=ADVANCED_FACE('',(#1950),#2083,.T.);
#2215=ADVANCED_FACE('',(#1951),#59,.F.);
#2216=ADVANCED_FACE('',(#1952),#2084,.T.);
#2217=ADVANCED_FACE('',(#1953),#2085,.F.);
#2218=ADVANCED_FACE('',(#1954),#2086,.F.);
#2219=ADVANCED_FACE('',(#1955),#2087,.T.);
#2220=ADVANCED_FACE('',(#1956),#2088,.F.);
#2221=ADVANCED_FACE('',(#1957),#2089,.T.);
#2222=ADVANCED_FACE('',(#1958),#60,.F.);
#2223=ADVANCED_FACE('',(#1959),#2090,.T.);
#2224=ADVANCED_FACE('',(#1960),#61,.F.);
#2225=ADVANCED_FACE('',(#1961),#2091,.T.);
#2226=ADVANCED_FACE('',(#1962),#2092,.T.);
#2227=ADVANCED_FACE('',(#1963),#2093,.F.);
#2228=ADVANCED_FACE('',(#1964),#2094,.F.);
#2229=ADVANCED_FACE('',(#1965),#2095,.T.);
#2230=ADVANCED_FACE('',(#1966),#2096,.F.);
#2231=ADVANCED_FACE('',(#1967),#2097,.T.);
#2232=ADVANCED_FACE('',(#1968),#2098,.T.);
#2233=ADVANCED_FACE('',(#1969),#62,.F.);
#2234=ADVANCED_FACE('',(#1970),#63,.F.);
#2235=ADVANCED_FACE('',(#1971),#2099,.T.);
#2236=ADVANCED_FACE('',(#1972),#2100,.T.);
#2237=ADVANCED_FACE('',(#1973),#2101,.F.);
#2238=ADVANCED_FACE('',(#1974),#2102,.F.);
#2239=ADVANCED_FACE('',(#1975),#2103,.T.);
#2240=ADVANCED_FACE('',(#1976),#2104,.F.);
#2241=ADVANCED_FACE('',(#1977),#2105,.T.);
#2242=ADVANCED_FACE('',(#1978),#2106,.T.);
#2243=ADVANCED_FACE('',(#1979),#2107,.F.);
#2244=ADVANCED_FACE('',(#1980),#2108,.F.);
#2245=ADVANCED_FACE('',(#1981),#2109,.T.);
#2246=ADVANCED_FACE('',(#1982),#2110,.F.);
#2247=ADVANCED_FACE('',(#1983),#2111,.T.);
#2248=ADVANCED_FACE('',(#1984),#2112,.T.);
#2249=ADVANCED_FACE('',(#1985),#2113,.F.);
#2250=ADVANCED_FACE('',(#1986),#2114,.F.);
#2251=ADVANCED_FACE('',(#1987),#2115,.T.);
#2252=ADVANCED_FACE('',(#1988),#2116,.F.);
#2253=ADVANCED_FACE('',(#1989),#2117,.T.);
#2254=ADVANCED_FACE('',(#1990),#2118,.T.);
#2255=ADVANCED_FACE('',(#1991),#2119,.F.);
#2256=ADVANCED_FACE('',(#1992),#2120,.F.);
#2257=ADVANCED_FACE('',(#1993),#2121,.T.);
#2258=ADVANCED_FACE('',(#1994),#2122,.F.);
#2259=ADVANCED_FACE('',(#1995),#2123,.T.);
#2260=ADVANCED_FACE('',(#1996),#2124,.T.);
#2261=ADVANCED_FACE('',(#1997),#2125,.F.);
#2262=ADVANCED_FACE('',(#1998),#2126,.F.);
#2263=ADVANCED_FACE('',(#1999),#2127,.T.);
#2264=ADVANCED_FACE('',(#2000),#2128,.F.);
#2265=ADVANCED_FACE('',(#2001),#2129,.T.);
#2266=ADVANCED_FACE('',(#2002),#64,.F.);
#2267=ADVANCED_FACE('',(#2003),#2130,.T.);
#2268=ADVANCED_FACE('',(#2004),#2131,.T.);
#2269=ADVANCED_FACE('',(#2005),#65,.F.);
#2270=ADVANCED_FACE('',(#2006),#2132,.T.);
#2271=ADVANCED_FACE('',(#2007),#2133,.F.);
#2272=ADVANCED_FACE('',(#2008),#2134,.F.);
#2273=ADVANCED_FACE('',(#2009),#2135,.T.);
#2274=ADVANCED_FACE('',(#2010),#2136,.F.);
#2275=ADVANCED_FACE('',(#2011),#2137,.T.);
#2276=ADVANCED_FACE('',(#2012),#66,.F.);
#2277=ADVANCED_FACE('',(#2013),#2138,.T.);
#2278=ADVANCED_FACE('',(#2014),#2139,.T.);
#2279=ADVANCED_FACE('',(#2015),#2140,.F.);
#2280=ADVANCED_FACE('',(#2016),#2141,.F.);
#2281=ADVANCED_FACE('',(#2017),#2142,.T.);
#2282=ADVANCED_FACE('',(#2018),#2143,.F.);
#2283=ADVANCED_FACE('',(#2019),#2144,.T.);
#2284=ADVANCED_FACE('',(#2020),#67,.F.);
#2285=ADVANCED_FACE('',(#2021),#2145,.T.);
#2286=ADVANCED_FACE('',(#2022),#2146,.T.);
#2287=ADVANCED_FACE('',(#2023),#2147,.F.);
#2288=ADVANCED_FACE('',(#2024),#2148,.F.);
#2289=ADVANCED_FACE('',(#2025),#2149,.T.);
#2290=ADVANCED_FACE('',(#2026),#2150,.F.);
#2291=ADVANCED_FACE('',(#2027),#2151,.T.);
#2292=ADVANCED_FACE('',(#2028),#68,.F.);
#2293=ADVANCED_FACE('',(#2029),#2152,.T.);
#2294=ADVANCED_FACE('',(#2030),#69,.F.);
#2295=ADVANCED_FACE('',(#2031),#2153,.T.);
#2296=CLOSED_SHELL('',(#2154,#2155,#2156,#2157,#2158,#2159));
#2297=CLOSED_SHELL('',(#2160,#2161,#2162,#2163,#2164,#2165));
#2298=CLOSED_SHELL('',(#2166,#2167,#2168,#2169,#2170,#2171,#2172,#2173,
#2174,#2175,#2176,#2177,#2178,#2179,#2180,#2181,#2182,#2183,#2184,#2185,
#2186,#2187));
#2299=CLOSED_SHELL('',(#2188,#2189,#2190,#2191,#2192,#2193));
#2300=CLOSED_SHELL('',(#2194,#2195,#2196,#2197,#2198,#2199));
#2301=CLOSED_SHELL('',(#2200,#2201,#2202,#2203,#2204,#2205));
#2302=CLOSED_SHELL('',(#2206,#2207,#2208,#2209,#2210,#2211,#2212,#2213,
#2214,#2215));
#2303=CLOSED_SHELL('',(#2216,#2217,#2218,#2219,#2220,#2221,#2222,#2223,
#2224,#2225));
#2304=CLOSED_SHELL('',(#2226,#2227,#2228,#2229,#2230,#2231,#2232,#2233,
#2234,#2235));
#2305=CLOSED_SHELL('',(#2236,#2237,#2238,#2239,#2240,#2241));
#2306=CLOSED_SHELL('',(#2242,#2243,#2244,#2245,#2246,#2247));
#2307=CLOSED_SHELL('',(#2248,#2249,#2250,#2251,#2252,#2253));
#2308=CLOSED_SHELL('',(#2254,#2255,#2256,#2257,#2258,#2259));
#2309=CLOSED_SHELL('',(#2260,#2261,#2262,#2263,#2264,#2265,#2266,#2267,
#2268,#2269));
#2310=CLOSED_SHELL('',(#2270,#2271,#2272,#2273,#2274,#2275,#2276,#2277));
#2311=CLOSED_SHELL('',(#2278,#2279,#2280,#2281,#2282,#2283,#2284,#2285));
#2312=CLOSED_SHELL('',(#2286,#2287,#2288,#2289,#2290,#2291,#2292,#2293,
#2294,#2295));
#2313=STYLED_ITEM('',(#2330),#2434);
#2314=STYLED_ITEM('',(#2331),#2435);
#2315=STYLED_ITEM('',(#2332),#2436);
#2316=STYLED_ITEM('',(#2333),#2437);
#2317=STYLED_ITEM('',(#2334),#2438);
#2318=STYLED_ITEM('',(#2335),#2439);
#2319=STYLED_ITEM('',(#2336),#2440);
#2320=STYLED_ITEM('',(#2337),#2441);
#2321=STYLED_ITEM('',(#2338),#2442);
#2322=STYLED_ITEM('',(#2339),#2443);
#2323=STYLED_ITEM('',(#2340),#2444);
#2324=STYLED_ITEM('',(#2341),#2445);
#2325=STYLED_ITEM('',(#2342),#2446);
#2326=STYLED_ITEM('',(#2343),#2447);
#2327=STYLED_ITEM('',(#2344),#2448);
#2328=STYLED_ITEM('',(#2345),#2449);
#2329=STYLED_ITEM('',(#2346),#2450);
#2330=PRESENTATION_STYLE_ASSIGNMENT((#2347));
#2331=PRESENTATION_STYLE_ASSIGNMENT((#2348));
#2332=PRESENTATION_STYLE_ASSIGNMENT((#2349));
#2333=PRESENTATION_STYLE_ASSIGNMENT((#2350));
#2334=PRESENTATION_STYLE_ASSIGNMENT((#2351));
#2335=PRESENTATION_STYLE_ASSIGNMENT((#2352));
#2336=PRESENTATION_STYLE_ASSIGNMENT((#2353));
#2337=PRESENTATION_STYLE_ASSIGNMENT((#2354));
#2338=PRESENTATION_STYLE_ASSIGNMENT((#2355));
#2339=PRESENTATION_STYLE_ASSIGNMENT((#2356));
#2340=PRESENTATION_STYLE_ASSIGNMENT((#2357));
#2341=PRESENTATION_STYLE_ASSIGNMENT((#2358));
#2342=PRESENTATION_STYLE_ASSIGNMENT((#2359));
#2343=PRESENTATION_STYLE_ASSIGNMENT((#2360));
#2344=PRESENTATION_STYLE_ASSIGNMENT((#2361));
#2345=PRESENTATION_STYLE_ASSIGNMENT((#2362));
#2346=PRESENTATION_STYLE_ASSIGNMENT((#2363));
#2347=SURFACE_STYLE_USAGE(.BOTH.,#2364);
#2348=SURFACE_STYLE_USAGE(.BOTH.,#2365);
#2349=SURFACE_STYLE_USAGE(.BOTH.,#2366);
#2350=SURFACE_STYLE_USAGE(.BOTH.,#2367);
#2351=SURFACE_STYLE_USAGE(.BOTH.,#2368);
#2352=SURFACE_STYLE_USAGE(.BOTH.,#2369);
#2353=SURFACE_STYLE_USAGE(.BOTH.,#2370);
#2354=SURFACE_STYLE_USAGE(.BOTH.,#2371);
#2355=SURFACE_STYLE_USAGE(.BOTH.,#2372);
#2356=SURFACE_STYLE_USAGE(.BOTH.,#2373);
#2357=SURFACE_STYLE_USAGE(.BOTH.,#2374);
#2358=SURFACE_STYLE_USAGE(.BOTH.,#2375);
#2359=SURFACE_STYLE_USAGE(.BOTH.,#2376);
#2360=SURFACE_STYLE_USAGE(.BOTH.,#2377);
#2361=SURFACE_STYLE_USAGE(.BOTH.,#2378);
#2362=SURFACE_STYLE_USAGE(.BOTH.,#2379);
#2363=SURFACE_STYLE_USAGE(.BOTH.,#2380);
#2364=SURFACE_SIDE_STYLE('',(#2381));
#2365=SURFACE_SIDE_STYLE('',(#2382));
#2366=SURFACE_SIDE_STYLE('',(#2383));
#2367=SURFACE_SIDE_STYLE('',(#2384));
#2368=SURFACE_SIDE_STYLE('',(#2385));
#2369=SURFACE_SIDE_STYLE('',(#2386));
#2370=SURFACE_SIDE_STYLE('',(#2387));
#2371=SURFACE_SIDE_STYLE('',(#2388));
#2372=SURFACE_SIDE_STYLE('',(#2389));
#2373=SURFACE_SIDE_STYLE('',(#2390));
#2374=SURFACE_SIDE_STYLE('',(#2391));
#2375=SURFACE_SIDE_STYLE('',(#2392));
#2376=SURFACE_SIDE_STYLE('',(#2393));
#2377=SURFACE_SIDE_STYLE('',(#2394));
#2378=SURFACE_SIDE_STYLE('',(#2395));
#2379=SURFACE_SIDE_STYLE('',(#2396));
#2380=SURFACE_SIDE_STYLE('',(#2397));
#2381=SURFACE_STYLE_FILL_AREA(#2398);
#2382=SURFACE_STYLE_FILL_AREA(#2399);
#2383=SURFACE_STYLE_FILL_AREA(#2400);
#2384=SURFACE_STYLE_FILL_AREA(#2401);
#2385=SURFACE_STYLE_FILL_AREA(#2402);
#2386=SURFACE_STYLE_FILL_AREA(#2403);
#2387=SURFACE_STYLE_FILL_AREA(#2404);
#2388=SURFACE_STYLE_FILL_AREA(#2405);
#2389=SURFACE_STYLE_FILL_AREA(#2406);
#2390=SURFACE_STYLE_FILL_AREA(#2407);
#2391=SURFACE_STYLE_FILL_AREA(#2408);
#2392=SURFACE_STYLE_FILL_AREA(#2409);
#2393=SURFACE_STYLE_FILL_AREA(#2410);
#2394=SURFACE_STYLE_FILL_AREA(#2411);
#2395=SURFACE_STYLE_FILL_AREA(#2412);
#2396=SURFACE_STYLE_FILL_AREA(#2413);
#2397=SURFACE_STYLE_FILL_AREA(#2414);
#2398=FILL_AREA_STYLE('',(#2415));
#2399=FILL_AREA_STYLE('',(#2416));
#2400=FILL_AREA_STYLE('',(#2417));
#2401=FILL_AREA_STYLE('',(#2418));
#2402=FILL_AREA_STYLE('',(#2419));
#2403=FILL_AREA_STYLE('',(#2420));
#2404=FILL_AREA_STYLE('',(#2421));
#2405=FILL_AREA_STYLE('',(#2422));
#2406=FILL_AREA_STYLE('',(#2423));
#2407=FILL_AREA_STYLE('',(#2424));
#2408=FILL_AREA_STYLE('',(#2425));
#2409=FILL_AREA_STYLE('',(#2426));
#2410=FILL_AREA_STYLE('',(#2427));
#2411=FILL_AREA_STYLE('',(#2428));
#2412=FILL_AREA_STYLE('',(#2429));
#2413=FILL_AREA_STYLE('',(#2430));
#2414=FILL_AREA_STYLE('',(#2431));
#2415=FILL_AREA_STYLE_COLOUR('',#2432);
#2416=FILL_AREA_STYLE_COLOUR('',#2432);
#2417=FILL_AREA_STYLE_COLOUR('',#2433);
#2418=FILL_AREA_STYLE_COLOUR('',#2432);
#2419=FILL_AREA_STYLE_COLOUR('',#2432);
#2420=FILL_AREA_STYLE_COLOUR('',#2432);
#2421=FILL_AREA_STYLE_COLOUR('',#2432);
#2422=FILL_AREA_STYLE_COLOUR('',#2432);
#2423=FILL_AREA_STYLE_COLOUR('',#2432);
#2424=FILL_AREA_STYLE_COLOUR('',#10);
#2425=FILL_AREA_STYLE_COLOUR('',#10);
#2426=FILL_AREA_STYLE_COLOUR('',#10);
#2427=FILL_AREA_STYLE_COLOUR('',#10);
#2428=FILL_AREA_STYLE_COLOUR('',#10);
#2429=FILL_AREA_STYLE_COLOUR('',#10);
#2430=FILL_AREA_STYLE_COLOUR('',#10);
#2431=FILL_AREA_STYLE_COLOUR('',#10);
#2432=COLOUR_RGB('',0.917647058823529,0.917647058823529,0.917647058823529);
#2433=COLOUR_RGB('',0.529411764705882,0.568627450980392,0.6);
#2434=MANIFOLD_SOLID_BREP('Part 103',#2296);
#2435=MANIFOLD_SOLID_BREP('Part 104',#2297);
#2436=MANIFOLD_SOLID_BREP('Part 105',#2298);
#2437=MANIFOLD_SOLID_BREP('Part 106',#2299);
#2438=MANIFOLD_SOLID_BREP('Part 107',#2300);
#2439=MANIFOLD_SOLID_BREP('Part 108',#2301);
#2440=MANIFOLD_SOLID_BREP('Part 109',#2302);
#2441=MANIFOLD_SOLID_BREP('Part 110',#2303);
#2442=MANIFOLD_SOLID_BREP('Part 111',#2304);
#2443=MANIFOLD_SOLID_BREP('Part 112',#2305);
#2444=MANIFOLD_SOLID_BREP('Part 113',#2306);
#2445=MANIFOLD_SOLID_BREP('Part 114',#2307);
#2446=MANIFOLD_SOLID_BREP('Part 115',#2308);
#2447=MANIFOLD_SOLID_BREP('Part 116',#2309);
#2448=MANIFOLD_SOLID_BREP('Part 117',#2310);
#2449=MANIFOLD_SOLID_BREP('Part 118',#2311);
#2450=MANIFOLD_SOLID_BREP('Part 119',#2312);
#2451=SHAPE_DEFINITION_REPRESENTATION(#4102,#2468);
#2452=SHAPE_DEFINITION_REPRESENTATION(#4103,#2469);
#2453=SHAPE_DEFINITION_REPRESENTATION(#4104,#2470);
#2454=SHAPE_DEFINITION_REPRESENTATION(#4105,#2471);
#2455=SHAPE_DEFINITION_REPRESENTATION(#4106,#2472);
#2456=SHAPE_DEFINITION_REPRESENTATION(#4107,#2473);
#2457=SHAPE_DEFINITION_REPRESENTATION(#4108,#2474);
#2458=SHAPE_DEFINITION_REPRESENTATION(#4109,#2475);
#2459=SHAPE_DEFINITION_REPRESENTATION(#4110,#2476);
#2460=SHAPE_DEFINITION_REPRESENTATION(#4111,#2477);
#2461=SHAPE_DEFINITION_REPRESENTATION(#4112,#2478);
#2462=SHAPE_DEFINITION_REPRESENTATION(#4113,#2479);
#2463=SHAPE_DEFINITION_REPRESENTATION(#4114,#2480);
#2464=SHAPE_DEFINITION_REPRESENTATION(#4115,#2481);
#2465=SHAPE_DEFINITION_REPRESENTATION(#4116,#2482);
#2466=SHAPE_DEFINITION_REPRESENTATION(#4117,#2483);
#2467=SHAPE_DEFINITION_REPRESENTATION(#4118,#2484);
#2468=SHAPE_REPRESENTATION('Part 103',(#2485),#4017);
#2469=SHAPE_REPRESENTATION('Part 104',(#2492),#4018);
#2470=SHAPE_REPRESENTATION('Part 105',(#2499),#4019);
#2471=SHAPE_REPRESENTATION('Part 106',(#2537),#4020);
#2472=SHAPE_REPRESENTATION('Part 107',(#2544),#4021);
#2473=SHAPE_REPRESENTATION('Part 108',(#2551),#4022);
#2474=SHAPE_REPRESENTATION('Part 109',(#2558),#4023);
#2475=SHAPE_REPRESENTATION('Part 110',(#2573),#4024);
#2476=SHAPE_REPRESENTATION('Part 111',(#2588),#4025);
#2477=SHAPE_REPRESENTATION('Part 112',(#2603),#4026);
#2478=SHAPE_REPRESENTATION('Part 113',(#2610),#4027);
#2479=SHAPE_REPRESENTATION('Part 114',(#2617),#4028);
#2480=SHAPE_REPRESENTATION('Part 115',(#2624),#4029);
#2481=SHAPE_REPRESENTATION('Part 116',(#2631),#4030);
#2482=SHAPE_REPRESENTATION('Part 117',(#2646),#4031);
#2483=SHAPE_REPRESENTATION('Part 118',(#2657),#4032);
#2484=SHAPE_REPRESENTATION('Part 119',(#2668),#4033);
#2485=AXIS2_PLACEMENT_3D('',#3339,#2683,#2684);
#2486=AXIS2_PLACEMENT_3D('',#3340,#2685,#2686);
#2487=AXIS2_PLACEMENT_3D('',#3349,#2691,#2692);
#2488=AXIS2_PLACEMENT_3D('',#3355,#2696,#2697);
#2489=AXIS2_PLACEMENT_3D('',#3361,#2701,#2702);
#2490=AXIS2_PLACEMENT_3D('',#3364,#2705,#2706);
#2491=AXIS2_PLACEMENT_3D('',#3365,#2707,#2708);
#2492=AXIS2_PLACEMENT_3D('',#3366,#2709,#2710);
#2493=AXIS2_PLACEMENT_3D('',#3367,#2711,#2712);
#2494=AXIS2_PLACEMENT_3D('',#3376,#2717,#2718);
#2495=AXIS2_PLACEMENT_3D('',#3382,#2722,#2723);
#2496=AXIS2_PLACEMENT_3D('',#3388,#2727,#2728);
#2497=AXIS2_PLACEMENT_3D('',#3391,#2731,#2732);
#2498=AXIS2_PLACEMENT_3D('',#3392,#2733,#2734);
#2499=AXIS2_PLACEMENT_3D('',#3393,#2735,#2736);
#2500=AXIS2_PLACEMENT_3D('',#3394,#2737,#2738);
#2501=AXIS2_PLACEMENT_3D('',#3403,#2743,#2744);
#2502=AXIS2_PLACEMENT_3D('',#3412,#2749,#2750);
#2503=AXIS2_PLACEMENT_3D('',#3413,#2751,#2752);
#2504=AXIS2_PLACEMENT_3D('',#3417,#2754,#2755);
#2505=AXIS2_PLACEMENT_3D('',#3418,#2756,#2757);
#2506=AXIS2_PLACEMENT_3D('',#3425,#2762,#2763);
#2507=AXIS2_PLACEMENT_3D('',#3428,#2765,#2766);
#2508=AXIS2_PLACEMENT_3D('',#3431,#2768,#2769);
#2509=AXIS2_PLACEMENT_3D('',#3436,#2773,#2774);
#2510=AXIS2_PLACEMENT_3D('',#3438,#2776,#2777);
#2511=AXIS2_PLACEMENT_3D('',#3440,#2779,#2780);
#2512=AXIS2_PLACEMENT_3D('',#3441,#2781,#2782);
#2513=AXIS2_PLACEMENT_3D('',#3443,#2783,#2784);
#2514=AXIS2_PLACEMENT_3D('',#3445,#2785,#2786);
#2515=AXIS2_PLACEMENT_3D('',#3447,#2787,#2788);
#2516=AXIS2_PLACEMENT_3D('',#3448,#2789,#2790);
#2517=AXIS2_PLACEMENT_3D('',#3450,#2791,#2792);
#2518=AXIS2_PLACEMENT_3D('',#3452,#2793,#2794);
#2519=AXIS2_PLACEMENT_3D('',#3454,#2795,#2796);
#2520=AXIS2_PLACEMENT_3D('',#3455,#2797,#2798);
#2521=AXIS2_PLACEMENT_3D('',#3457,#2799,#2800);
#2522=AXIS2_PLACEMENT_3D('',#3458,#2801,#2802);
#2523=AXIS2_PLACEMENT_3D('',#3459,#2803,#2804);
#2524=AXIS2_PLACEMENT_3D('',#3461,#2805,#2806);
#2525=AXIS2_PLACEMENT_3D('',#3462,#2807,#2808);
#2526=AXIS2_PLACEMENT_3D('',#3463,#2809,#2810);
#2527=AXIS2_PLACEMENT_3D('',#3465,#2811,#2812);
#2528=AXIS2_PLACEMENT_3D('',#3466,#2813,#2814);
#2529=AXIS2_PLACEMENT_3D('',#3467,#2815,#2816);
#2530=AXIS2_PLACEMENT_3D('',#3469,#2817,#2818);
#2531=AXIS2_PLACEMENT_3D('',#3470,#2819,#2820);
#2532=AXIS2_PLACEMENT_3D('',#3471,#2821,#2822);
#2533=AXIS2_PLACEMENT_3D('',#3473,#2823,#2824);
#2534=AXIS2_PLACEMENT_3D('',#3474,#2825,#2826);
#2535=AXIS2_PLACEMENT_3D('',#3475,#2827,#2828);
#2536=AXIS2_PLACEMENT_3D('',#3477,#2829,#2830);
#2537=AXIS2_PLACEMENT_3D('',#3478,#2831,#2832);
#2538=AXIS2_PLACEMENT_3D('',#3479,#2833,#2834);
#2539=AXIS2_PLACEMENT_3D('',#3488,#2839,#2840);
#2540=AXIS2_PLACEMENT_3D('',#3494,#2844,#2845);
#2541=AXIS2_PLACEMENT_3D('',#3500,#2849,#2850);
#2542=AXIS2_PLACEMENT_3D('',#3503,#2853,#2854);
#2543=AXIS2_PLACEMENT_3D('',#3504,#2855,#2856);
#2544=AXIS2_PLACEMENT_3D('',#3505,#2857,#2858);
#2545=AXIS2_PLACEMENT_3D('',#3506,#2859,#2860);
#2546=AXIS2_PLACEMENT_3D('',#3515,#2865,#2866);
#2547=AXIS2_PLACEMENT_3D('',#3521,#2870,#2871);
#2548=AXIS2_PLACEMENT_3D('',#3527,#2875,#2876);
#2549=AXIS2_PLACEMENT_3D('',#3530,#2879,#2880);
#2550=AXIS2_PLACEMENT_3D('',#3531,#2881,#2882);
#2551=AXIS2_PLACEMENT_3D('',#3532,#2883,#2884);
#2552=AXIS2_PLACEMENT_3D('',#3533,#2885,#2886);
#2553=AXIS2_PLACEMENT_3D('',#3542,#2891,#2892);
#2554=AXIS2_PLACEMENT_3D('',#3548,#2896,#2897);
#2555=AXIS2_PLACEMENT_3D('',#3554,#2901,#2902);
#2556=AXIS2_PLACEMENT_3D('',#3557,#2905,#2906);
#2557=AXIS2_PLACEMENT_3D('',#3558,#2907,#2908);
#2558=AXIS2_PLACEMENT_3D('',#3559,#2909,#2910);
#2559=AXIS2_PLACEMENT_3D('',#3560,#2911,#2912);
#2560=AXIS2_PLACEMENT_3D('',#3577,#2921,#2922);
#2561=AXIS2_PLACEMENT_3D('',#3583,#2926,#2927);
#2562=AXIS2_PLACEMENT_3D('',#3597,#2935,#2936);
#2563=AXIS2_PLACEMENT_3D('',#3598,#2937,#2938);
#2564=AXIS2_PLACEMENT_3D('',#3600,#2940,#2941);
#2565=AXIS2_PLACEMENT_3D('',#3602,#2943,#2944);
#2566=AXIS2_PLACEMENT_3D('',#3603,#2945,#2946);
#2567=AXIS2_PLACEMENT_3D('',#3604,#2947,#2948);
#2568=AXIS2_PLACEMENT_3D('',#3605,#2949,#2950);
#2569=AXIS2_PLACEMENT_3D('',#3606,#2951,#2952);
#2570=AXIS2_PLACEMENT_3D('',#3607,#2953,#2954);
#2571=AXIS2_PLACEMENT_3D('',#3608,#2955,#2956);
#2572=AXIS2_PLACEMENT_3D('',#3609,#2957,#2958);
#2573=AXIS2_PLACEMENT_3D('',#3610,#2959,#2960);
#2574=AXIS2_PLACEMENT_3D('',#3611,#2961,#2962);
#2575=AXIS2_PLACEMENT_3D('',#3612,#2963,#2964);
#2576=AXIS2_PLACEMENT_3D('',#3621,#2968,#2969);
#2577=AXIS2_PLACEMENT_3D('',#3628,#2973,#2974);
#2578=AXIS2_PLACEMENT_3D('',#3639,#2981,#2982);
#2579=AXIS2_PLACEMENT_3D('',#3645,#2986,#2987);
#2580=AXIS2_PLACEMENT_3D('',#3653,#2993,#2994);
#2581=AXIS2_PLACEMENT_3D('',#3654,#2995,#2996);
#2582=AXIS2_PLACEMENT_3D('',#3655,#2997,#2998);
#2583=AXIS2_PLACEMENT_3D('',#3656,#2999,#3000);
#2584=AXIS2_PLACEMENT_3D('',#3657,#3001,#3002);
#2585=AXIS2_PLACEMENT_3D('',#3658,#3003,#3004);
#2586=AXIS2_PLACEMENT_3D('',#3659,#3005,#3006);
#2587=AXIS2_PLACEMENT_3D('',#3660,#3007,#3008);
#2588=AXIS2_PLACEMENT_3D('',#3661,#3009,#3010);
#2589=AXIS2_PLACEMENT_3D('',#3662,#3011,#3012);
#2590=AXIS2_PLACEMENT_3D('',#3663,#3013,#3014);
#2591=AXIS2_PLACEMENT_3D('',#3675,#3020,#3021);
#2592=AXIS2_PLACEMENT_3D('',#3686,#3028,#3029);
#2593=AXIS2_PLACEMENT_3D('',#3700,#3037,#3038);
#2594=AXIS2_PLACEMENT_3D('',#3701,#3039,#3040);
#2595=AXIS2_PLACEMENT_3D('',#3704,#3043,#3044);
#2596=AXIS2_PLACEMENT_3D('',#3705,#3045,#3046);
#2597=AXIS2_PLACEMENT_3D('',#3706,#3047,#3048);
#2598=AXIS2_PLACEMENT_3D('',#3707,#3049,#3050);
#2599=AXIS2_PLACEMENT_3D('',#3708,#3051,#3052);
#2600=AXIS2_PLACEMENT_3D('',#3709,#3053,#3054);
#2601=AXIS2_PLACEMENT_3D('',#3710,#3055,#3056);
#2602=AXIS2_PLACEMENT_3D('',#3711,#3057,#3058);
#2603=AXIS2_PLACEMENT_3D('',#3712,#3059,#3060);
#2604=AXIS2_PLACEMENT_3D('',#3713,#3061,#3062);
#2605=AXIS2_PLACEMENT_3D('',#3722,#3067,#3068);
#2606=AXIS2_PLACEMENT_3D('',#3728,#3072,#3073);
#2607=AXIS2_PLACEMENT_3D('',#3734,#3077,#3078);
#2608=AXIS2_PLACEMENT_3D('',#3737,#3081,#3082);
#2609=AXIS2_PLACEMENT_3D('',#3738,#3083,#3084);
#2610=AXIS2_PLACEMENT_3D('',#3739,#3085,#3086);
#2611=AXIS2_PLACEMENT_3D('',#3740,#3087,#3088);
#2612=AXIS2_PLACEMENT_3D('',#3749,#3093,#3094);
#2613=AXIS2_PLACEMENT_3D('',#3755,#3098,#3099);
#2614=AXIS2_PLACEMENT_3D('',#3761,#3103,#3104);
#2615=AXIS2_PLACEMENT_3D('',#3764,#3107,#3108);
#2616=AXIS2_PLACEMENT_3D('',#3765,#3109,#3110);
#2617=AXIS2_PLACEMENT_3D('',#3766,#3111,#3112);
#2618=AXIS2_PLACEMENT_3D('',#3767,#3113,#3114);
#2619=AXIS2_PLACEMENT_3D('',#3776,#3119,#3120);
#2620=AXIS2_PLACEMENT_3D('',#3782,#3124,#3125);
#2621=AXIS2_PLACEMENT_3D('',#3788,#3129,#3130);
#2622=AXIS2_PLACEMENT_3D('',#3791,#3133,#3134);
#2623=AXIS2_PLACEMENT_3D('',#3792,#3135,#3136);
#2624=AXIS2_PLACEMENT_3D('',#3793,#3137,#3138);
#2625=AXIS2_PLACEMENT_3D('',#3794,#3139,#3140);
#2626=AXIS2_PLACEMENT_3D('',#3803,#3145,#3146);
#2627=AXIS2_PLACEMENT_3D('',#3809,#3150,#3151);
#2628=AXIS2_PLACEMENT_3D('',#3815,#3155,#3156);
#2629=AXIS2_PLACEMENT_3D('',#3818,#3159,#3160);
#2630=AXIS2_PLACEMENT_3D('',#3819,#3161,#3162);
#2631=AXIS2_PLACEMENT_3D('',#3820,#3163,#3164);
#2632=AXIS2_PLACEMENT_3D('',#3821,#3165,#3166);
#2633=AXIS2_PLACEMENT_3D('',#3838,#3175,#3176);
#2634=AXIS2_PLACEMENT_3D('',#3844,#3180,#3181);
#2635=AXIS2_PLACEMENT_3D('',#3858,#3189,#3190);
#2636=AXIS2_PLACEMENT_3D('',#3859,#3191,#3192);
#2637=AXIS2_PLACEMENT_3D('',#3861,#3194,#3195);
#2638=AXIS2_PLACEMENT_3D('',#3863,#3197,#3198);
#2639=AXIS2_PLACEMENT_3D('',#3864,#3199,#3200);
#2640=AXIS2_PLACEMENT_3D('',#3865,#3201,#3202);
#2641=AXIS2_PLACEMENT_3D('',#3866,#3203,#3204);
#2642=AXIS2_PLACEMENT_3D('',#3867,#3205,#3206);
#2643=AXIS2_PLACEMENT_3D('',#3868,#3207,#3208);
#2644=AXIS2_PLACEMENT_3D('',#3869,#3209,#3210);
#2645=AXIS2_PLACEMENT_3D('',#3870,#3211,#3212);
#2646=AXIS2_PLACEMENT_3D('',#3871,#3213,#3214);
#2647=AXIS2_PLACEMENT_3D('',#3872,#3215,#3216);
#2648=AXIS2_PLACEMENT_3D('',#3889,#3225,#3226);
#2649=AXIS2_PLACEMENT_3D('',#3895,#3230,#3231);
#2650=AXIS2_PLACEMENT_3D('',#3901,#3235,#3236);
#2651=AXIS2_PLACEMENT_3D('',#3902,#3237,#3238);
#2652=AXIS2_PLACEMENT_3D('',#3905,#3241,#3242);
#2653=AXIS2_PLACEMENT_3D('',#3906,#3243,#3244);
#2654=AXIS2_PLACEMENT_3D('',#3907,#3245,#3246);
#2655=AXIS2_PLACEMENT_3D('',#3908,#3247,#3248);
#2656=AXIS2_PLACEMENT_3D('',#3909,#3249,#3250);
#2657=AXIS2_PLACEMENT_3D('',#3910,#3251,#3252);
#2658=AXIS2_PLACEMENT_3D('',#3911,#3253,#3254);
#2659=AXIS2_PLACEMENT_3D('',#3912,#3255,#3256);
#2660=AXIS2_PLACEMENT_3D('',#3924,#3262,#3263);
#2661=AXIS2_PLACEMENT_3D('',#3930,#3267,#3268);
#2662=AXIS2_PLACEMENT_3D('',#3936,#3272,#3273);
#2663=AXIS2_PLACEMENT_3D('',#3944,#3279,#3280);
#2664=AXIS2_PLACEMENT_3D('',#3945,#3281,#3282);
#2665=AXIS2_PLACEMENT_3D('',#3946,#3283,#3284);
#2666=AXIS2_PLACEMENT_3D('',#3947,#3285,#3286);
#2667=AXIS2_PLACEMENT_3D('',#3948,#3287,#3288);
#2668=AXIS2_PLACEMENT_3D('',#3949,#3289,#3290);
#2669=AXIS2_PLACEMENT_3D('',#3950,#3291,#3292);
#2670=AXIS2_PLACEMENT_3D('',#3951,#3293,#3294);
#2671=AXIS2_PLACEMENT_3D('',#3960,#3298,#3299);
#2672=AXIS2_PLACEMENT_3D('',#3967,#3303,#3304);
#2673=AXIS2_PLACEMENT_3D('',#3978,#3311,#3312);
#2674=AXIS2_PLACEMENT_3D('',#3984,#3316,#3317);
#2675=AXIS2_PLACEMENT_3D('',#3992,#3323,#3324);
#2676=AXIS2_PLACEMENT_3D('',#3993,#3325,#3326);
#2677=AXIS2_PLACEMENT_3D('',#3994,#3327,#3328);
#2678=AXIS2_PLACEMENT_3D('',#3995,#3329,#3330);
#2679=AXIS2_PLACEMENT_3D('',#3996,#3331,#3332);
#2680=AXIS2_PLACEMENT_3D('',#3997,#3333,#3334);
#2681=AXIS2_PLACEMENT_3D('',#3998,#3335,#3336);
#2682=AXIS2_PLACEMENT_3D('',#3999,#3337,#3338);
#2683=DIRECTION('',(0.,0.,1.));
#2684=DIRECTION('',(1.,0.,0.));
#2685=DIRECTION('',(0.,0.,-1.));
#2686=DIRECTION('',(0.,1.,0.));
#2687=DIRECTION('',(1.,0.,0.));
#2688=DIRECTION('',(0.,-1.,0.));
#2689=DIRECTION('',(1.,0.,0.));
#2690=DIRECTION('',(0.,-1.,0.));
#2691=DIRECTION('',(1.,0.,0.));
#2692=DIRECTION('',(0.,-1.,0.));
#2693=DIRECTION('',(0.,0.,1.));
#2694=DIRECTION('',(0.,-1.,0.));
#2695=DIRECTION('',(0.,0.,-1.));
#2696=DIRECTION('',(0.,0.,-1.));
#2697=DIRECTION('',(0.,1.,0.));
#2698=DIRECTION('',(1.,0.,0.));
#2699=DIRECTION('',(0.,-1.,0.));
#2700=DIRECTION('',(1.,0.,0.));
#2701=DIRECTION('',(1.,0.,0.));
#2702=DIRECTION('',(0.,-1.,0.));
#2703=DIRECTION('',(0.,0.,1.));
#2704=DIRECTION('',(0.,0.,-1.));
#2705=DIRECTION('',(0.,1.,0.));
#2706=DIRECTION('',(1.,0.,0.));
#2707=DIRECTION('',(0.,1.,0.));
#2708=DIRECTION('',(1.,0.,0.));
#2709=DIRECTION('',(0.,0.,1.));
#2710=DIRECTION('',(1.,0.,0.));
#2711=DIRECTION('',(0.,0.,-1.));
#2712=DIRECTION('',(0.,1.,0.));
#2713=DIRECTION('',(1.,0.,0.));
#2714=DIRECTION('',(0.,-1.,0.));
#2715=DIRECTION('',(1.,0.,0.));
#2716=DIRECTION('',(0.,-1.,0.));
#2717=DIRECTION('',(1.,0.,0.));
#2718=DIRECTION('',(0.,-1.,0.));
#2719=DIRECTION('',(0.,0.,1.));
#2720=DIRECTION('',(0.,-1.,0.));
#2721=DIRECTION('',(0.,0.,-1.));
#2722=DIRECTION('',(0.,0.,-1.));
#2723=DIRECTION('',(0.,1.,0.));
#2724=DIRECTION('',(1.,0.,0.));
#2725=DIRECTION('',(0.,-1.,0.));
#2726=DIRECTION('',(1.,0.,0.));
#2727=DIRECTION('',(1.,0.,0.));
#2728=DIRECTION('',(0.,-1.,0.));
#2729=DIRECTION('',(0.,0.,1.));
#2730=DIRECTION('',(0.,0.,-1.));
#2731=DIRECTION('',(0.,1.,0.));
#2732=DIRECTION('',(1.,0.,0.));
#2733=DIRECTION('',(0.,1.,0.));
#2734=DIRECTION('',(1.,0.,0.));
#2735=DIRECTION('',(0.,0.,1.));
#2736=DIRECTION('',(1.,0.,0.));
#2737=DIRECTION('',(-1.,0.,0.));
#2738=DIRECTION('',(0.,1.,0.));
#2739=DIRECTION('',(0.,1.,0.));
#2740=DIRECTION('',(0.,0.,1.));
#2741=DIRECTION('',(0.,1.,0.));
#2742=DIRECTION('',(0.,0.,1.));
#2743=DIRECTION('',(-1.,0.,0.));
#2744=DIRECTION('',(0.,1.,0.));
#2745=DIRECTION('',(0.,0.,1.));
#2746=DIRECTION('',(0.,1.,0.));
#2747=DIRECTION('',(0.,0.,1.));
#2748=DIRECTION('',(0.,1.,0.));
#2749=DIRECTION('',(0.,0.,-1.));
#2750=DIRECTION('',(0.,1.,0.));
#2751=DIRECTION('',(0.,0.,1.));
#2752=DIRECTION('',(0.,-1.,0.));
#2753=DIRECTION('',(0.,0.,1.));
#2754=DIRECTION('',(-0.707106781186548,0.,-0.707106781186548));
#2755=DIRECTION('',(0.707106781186548,0.,-0.707106781186548));
#2756=DIRECTION('',(0.,1.,0.));
#2757=DIRECTION('',(1.,0.,0.));
#2758=DIRECTION('',(1.,0.,0.));
#2759=DIRECTION('',(1.,0.,0.));
#2760=DIRECTION('',(0.,0.,-1.));
#2761=DIRECTION('',(1.,0.,0.));
#2762=DIRECTION('',(-1.,0.,0.));
#2763=DIRECTION('',(0.,1.,0.));
#2764=DIRECTION('',(1.,0.,0.));
#2765=DIRECTION('',(1.,0.,0.));
#2766=DIRECTION('',(0.,-1.,0.));
#2767=DIRECTION('',(1.,0.,0.));
#2768=DIRECTION('',(0.,1.,0.));
#2769=DIRECTION('',(1.,0.,0.));
#2770=DIRECTION('',(1.,0.,0.));
#2771=DIRECTION('',(1.,0.,0.));
#2772=DIRECTION('',(0.,0.,-1.));
#2773=DIRECTION('',(0.,0.,1.));
#2774=DIRECTION('',(0.,-1.,0.));
#2775=DIRECTION('',(0.,1.,0.));
#2776=DIRECTION('',(0.,0.,1.));
#2777=DIRECTION('',(0.,-1.,0.));
#2778=DIRECTION('',(0.,1.,0.));
#2779=DIRECTION('',(1.,0.,0.));
#2780=DIRECTION('',(0.,0.,-1.));
#2781=DIRECTION('',(1.,0.,0.));
#2782=DIRECTION('',(0.,-1.,0.));
#2783=DIRECTION('',(1.,0.,0.));
#2784=DIRECTION('',(0.,-1.,0.));
#2785=DIRECTION('',(1.,0.,0.));
#2786=DIRECTION('',(0.,-1.,0.));
#2787=DIRECTION('',(0.,0.,1.));
#2788=DIRECTION('',(1.,0.,0.));
#2789=DIRECTION('',(0.,0.,1.));
#2790=DIRECTION('',(0.,-1.,0.));
#2791=DIRECTION('',(0.,0.,1.));
#2792=DIRECTION('',(0.,-1.,0.));
#2793=DIRECTION('',(0.,0.,1.));
#2794=DIRECTION('',(0.,-1.,0.));
#2795=DIRECTION('',(-1.,0.,0.));
#2796=DIRECTION('',(0.,1.,0.));
#2797=DIRECTION('',(1.,0.,0.));
#2798=DIRECTION('',(0.,-1.,0.));
#2799=DIRECTION('',(1.,0.,0.));
#2800=DIRECTION('',(0.,0.,-1.));
#2801=DIRECTION('',(-1.,0.,0.));
#2802=DIRECTION('',(0.,1.,0.));
#2803=DIRECTION('',(1.,0.,0.));
#2804=DIRECTION('',(0.,-1.,0.));
#2805=DIRECTION('',(1.,0.,0.));
#2806=DIRECTION('',(0.,0.,-1.));
#2807=DIRECTION('',(-1.,0.,0.));
#2808=DIRECTION('',(0.,1.,0.));
#2809=DIRECTION('',(1.,0.,0.));
#2810=DIRECTION('',(0.,-1.,0.));
#2811=DIRECTION('',(1.,0.,0.));
#2812=DIRECTION('',(0.,0.,-1.));
#2813=DIRECTION('',(0.,0.,-1.));
#2814=DIRECTION('',(0.,1.,0.));
#2815=DIRECTION('',(0.,0.,-1.));
#2816=DIRECTION('',(0.,1.,0.));
#2817=DIRECTION('',(0.,0.,-1.));
#2818=DIRECTION('',(-1.,0.,0.));
#2819=DIRECTION('',(0.,0.,-1.));
#2820=DIRECTION('',(0.,1.,0.));
#2821=DIRECTION('',(0.,0.,-1.));
#2822=DIRECTION('',(0.,1.,0.));
#2823=DIRECTION('',(0.,0.,-1.));
#2824=DIRECTION('',(-1.,0.,0.));
#2825=DIRECTION('',(0.,0.,-1.));
#2826=DIRECTION('',(0.,1.,0.));
#2827=DIRECTION('',(0.,0.,-1.));
#2828=DIRECTION('',(0.,1.,0.));
#2829=DIRECTION('',(0.,0.,-1.));
#2830=DIRECTION('',(-1.,0.,0.));
#2831=DIRECTION('',(0.,0.,1.));
#2832=DIRECTION('',(1.,0.,0.));
#2833=DIRECTION('',(0.,0.,-1.));
#2834=DIRECTION('',(0.,1.,0.));
#2835=DIRECTION('',(1.,0.,0.));
#2836=DIRECTION('',(0.,-1.,0.));
#2837=DIRECTION('',(1.,0.,0.));
#2838=DIRECTION('',(0.,-1.,0.));
#2839=DIRECTION('',(1.,0.,0.));
#2840=DIRECTION('',(0.,-1.,0.));
#2841=DIRECTION('',(0.,0.,1.));
#2842=DIRECTION('',(0.,-1.,0.));
#2843=DIRECTION('',(0.,0.,-1.));
#2844=DIRECTION('',(0.,0.,-1.));
#2845=DIRECTION('',(0.,1.,0.));
#2846=DIRECTION('',(1.,0.,0.));
#2847=DIRECTION('',(0.,-1.,0.));
#2848=DIRECTION('',(1.,0.,0.));
#2849=DIRECTION('',(1.,0.,0.));
#2850=DIRECTION('',(0.,-1.,0.));
#2851=DIRECTION('',(0.,0.,1.));
#2852=DIRECTION('',(0.,0.,-1.));
#2853=DIRECTION('',(0.,1.,0.));
#2854=DIRECTION('',(1.,0.,0.));
#2855=DIRECTION('',(0.,1.,0.));
#2856=DIRECTION('',(1.,0.,0.));
#2857=DIRECTION('',(0.,0.,1.));
#2858=DIRECTION('',(1.,0.,0.));
#2859=DIRECTION('',(0.,0.,-1.));
#2860=DIRECTION('',(0.,1.,0.));
#2861=DIRECTION('',(1.,0.,0.));
#2862=DIRECTION('',(0.,-1.,0.));
#2863=DIRECTION('',(1.,0.,0.));
#2864=DIRECTION('',(0.,-1.,0.));
#2865=DIRECTION('',(1.,0.,0.));
#2866=DIRECTION('',(0.,-1.,0.));
#2867=DIRECTION('',(0.,0.,1.));
#2868=DIRECTION('',(0.,-1.,0.));
#2869=DIRECTION('',(0.,0.,-1.));
#2870=DIRECTION('',(0.,0.,-1.));
#2871=DIRECTION('',(0.,1.,0.));
#2872=DIRECTION('',(1.,0.,0.));
#2873=DIRECTION('',(0.,-1.,0.));
#2874=DIRECTION('',(1.,0.,0.));
#2875=DIRECTION('',(1.,0.,0.));
#2876=DIRECTION('',(0.,-1.,0.));
#2877=DIRECTION('',(0.,0.,1.));
#2878=DIRECTION('',(0.,0.,-1.));
#2879=DIRECTION('',(0.,1.,0.));
#2880=DIRECTION('',(1.,0.,0.));
#2881=DIRECTION('',(0.,1.,0.));
#2882=DIRECTION('',(1.,0.,0.));
#2883=DIRECTION('',(0.,0.,1.));
#2884=DIRECTION('',(1.,0.,0.));
#2885=DIRECTION('',(0.,0.,-1.));
#2886=DIRECTION('',(0.,1.,0.));
#2887=DIRECTION('',(1.,0.,0.));
#2888=DIRECTION('',(0.,-1.,0.));
#2889=DIRECTION('',(1.,0.,0.));
#2890=DIRECTION('',(0.,-1.,0.));
#2891=DIRECTION('',(1.,0.,0.));
#2892=DIRECTION('',(0.,-1.,0.));
#2893=DIRECTION('',(0.,0.,1.));
#2894=DIRECTION('',(0.,-1.,0.));
#2895=DIRECTION('',(0.,0.,-1.));
#2896=DIRECTION('',(0.,0.,-1.));
#2897=DIRECTION('',(0.,1.,0.));
#2898=DIRECTION('',(1.,0.,0.));
#2899=DIRECTION('',(0.,-1.,0.));
#2900=DIRECTION('',(1.,0.,0.));
#2901=DIRECTION('',(1.,0.,0.));
#2902=DIRECTION('',(0.,-1.,0.));
#2903=DIRECTION('',(0.,0.,1.));
#2904=DIRECTION('',(0.,0.,-1.));
#2905=DIRECTION('',(0.,1.,0.));
#2906=DIRECTION('',(1.,0.,0.));
#2907=DIRECTION('',(0.,1.,0.));
#2908=DIRECTION('',(1.,0.,0.));
#2909=DIRECTION('',(0.,0.,1.));
#2910=DIRECTION('',(1.,0.,0.));
#2911=DIRECTION('',(0.,0.,-1.));
#2912=DIRECTION('',(0.,1.,0.));
#2913=DIRECTION('',(1.,0.,0.));
#2914=DIRECTION('',(0.,-1.,0.));
#2915=DIRECTION('',(1.,0.,0.));
#2916=DIRECTION('',(0.,-1.,0.));
#2917=DIRECTION('',(1.,0.,0.));
#2918=DIRECTION('',(0.,-1.,0.));
#2919=DIRECTION('',(1.,0.,0.));
#2920=DIRECTION('',(0.,-1.,0.));
#2921=DIRECTION('',(1.,0.,0.));
#2922=DIRECTION('',(0.,-1.,0.));
#2923=DIRECTION('',(0.,0.,1.));
#2924=DIRECTION('',(0.,-1.,0.));
#2925=DIRECTION('',(0.,0.,-1.));
#2926=DIRECTION('',(0.,0.,-1.));
#2927=DIRECTION('',(0.,1.,0.));
#2928=DIRECTION('',(0.,-1.,0.));
#2929=DIRECTION('',(1.,0.,0.));
#2930=DIRECTION('',(0.,-1.,0.));
#2931=DIRECTION('',(1.,0.,0.));
#2932=DIRECTION('',(1.,0.,0.));
#2933=DIRECTION('',(0.,-1.,0.));
#2934=DIRECTION('',(1.,0.,0.));
#2935=DIRECTION('',(1.,0.,0.));
#2936=DIRECTION('',(0.,-1.,0.));
#2937=DIRECTION('',(1.,0.,0.));
#2938=DIRECTION('',(0.,-1.,0.));
#2939=DIRECTION('',(0.,0.,1.));
#2940=DIRECTION('',(1.,0.,0.));
#2941=DIRECTION('',(0.,-1.,0.));
#2942=DIRECTION('',(0.,0.,-1.));
#2943=DIRECTION('',(0.,1.,0.));
#2944=DIRECTION('',(1.,0.,0.));
#2945=DIRECTION('',(0.,1.,0.));
#2946=DIRECTION('',(1.,0.,0.));
#2947=DIRECTION('',(1.,0.,0.));
#2948=DIRECTION('',(0.,-1.,0.));
#2949=DIRECTION('',(1.,0.,0.));
#2950=DIRECTION('',(0.,-1.,0.));
#2951=DIRECTION('',(1.,0.,0.));
#2952=DIRECTION('',(0.,0.,-1.));
#2953=DIRECTION('',(1.,0.,0.));
#2954=DIRECTION('',(0.,0.,-1.));
#2955=DIRECTION('',(1.,0.,0.));
#2956=DIRECTION('',(0.,-1.,0.));
#2957=DIRECTION('',(1.,0.,0.));
#2958=DIRECTION('',(0.,-1.,0.));
#2959=DIRECTION('',(0.,0.,1.));
#2960=DIRECTION('',(1.,0.,0.));
#2961=DIRECTION('',(0.,0.,-1.));
#2962=DIRECTION('',(0.,1.,0.));
#2963=DIRECTION('',(0.,0.,-1.));
#2964=DIRECTION('',(0.,1.,0.));
#2965=DIRECTION('',(0.,-1.,0.));
#2966=DIRECTION('',(1.,0.,0.));
#2967=DIRECTION('',(0.,-1.,0.));
#2968=DIRECTION('',(0.,0.,-1.));
#2969=DIRECTION('',(0.,1.,0.));
#2970=DIRECTION('',(0.,-1.,0.));
#2971=DIRECTION('',(1.,0.,0.));
#2972=DIRECTION('',(0.,-1.,0.));
#2973=DIRECTION('',(1.,0.,0.));
#2974=DIRECTION('',(0.,-1.,0.));
#2975=DIRECTION('',(0.,1.,0.));
#2976=DIRECTION('',(0.,0.,-1.));
#2977=DIRECTION('',(0.,0.,1.));
#2978=DIRECTION('',(0.,-1.,0.));
#2979=DIRECTION('',(0.,0.,-1.));
#2980=DIRECTION('',(0.,0.,-1.));
#2981=DIRECTION('',(0.,0.,-1.));
#2982=DIRECTION('',(0.,1.,0.));
#2983=DIRECTION('',(1.,0.,0.));
#2984=DIRECTION('',(0.,-1.,0.));
#2985=DIRECTION('',(1.,0.,0.));
#2986=DIRECTION('',(1.,0.,0.));
#2987=DIRECTION('',(0.,-1.,0.));
#2988=DIRECTION('',(0.,0.,-1.));
#2989=DIRECTION('',(0.,1.,0.));
#2990=DIRECTION('',(0.,0.,-1.));
#2991=DIRECTION('',(0.,0.,-1.));
#2992=DIRECTION('',(0.,0.,1.));
#2993=DIRECTION('',(0.,1.,0.));
#2994=DIRECTION('',(1.,0.,0.));
#2995=DIRECTION('',(0.,1.,0.));
#2996=DIRECTION('',(1.,0.,0.));
#2997=DIRECTION('',(0.,0.,-1.));
#2998=DIRECTION('',(0.,1.,0.));
#2999=DIRECTION('',(0.,0.,-1.));
#3000=DIRECTION('',(0.,1.,0.));
#3001=DIRECTION('',(0.,0.,-1.));
#3002=DIRECTION('',(-1.,0.,0.));
#3003=DIRECTION('',(0.,0.,-1.));
#3004=DIRECTION('',(0.,1.,0.));
#3005=DIRECTION('',(0.,0.,-1.));
#3006=DIRECTION('',(0.,1.,0.));
#3007=DIRECTION('',(0.,0.,-1.));
#3008=DIRECTION('',(-1.,0.,0.));
#3009=DIRECTION('',(0.,0.,1.));
#3010=DIRECTION('',(1.,0.,0.));
#3011=DIRECTION('',(0.,0.,-1.));
#3012=DIRECTION('',(0.,1.,0.));
#3013=DIRECTION('',(0.,0.,-1.));
#3014=DIRECTION('',(0.,1.,0.));
#3015=DIRECTION('',(0.,-1.,0.));
#3016=DIRECTION('',(1.,0.,0.));
#3017=DIRECTION('',(0.,-1.,0.));
#3018=DIRECTION('',(1.,0.,0.));
#3019=DIRECTION('',(0.,-1.,0.));
#3020=DIRECTION('',(1.,0.,0.));
#3021=DIRECTION('',(0.,-1.,0.));
#3022=DIRECTION('',(0.,1.,0.));
#3023=DIRECTION('',(0.,0.,-1.));
#3024=DIRECTION('',(0.,0.,1.));
#3025=DIRECTION('',(0.,-1.,0.));
#3026=DIRECTION('',(0.,0.,-1.));
#3027=DIRECTION('',(0.,0.,-1.));
#3028=DIRECTION('',(0.,0.,-1.));
#3029=DIRECTION('',(0.,1.,0.));
#3030=DIRECTION('',(0.,-1.,0.));
#3031=DIRECTION('',(1.,0.,0.));
#3032=DIRECTION('',(0.,-1.,0.));
#3033=DIRECTION('',(1.,0.,0.));
#3034=DIRECTION('',(1.,0.,0.));
#3035=DIRECTION('',(0.,-1.,0.));
#3036=DIRECTION('',(1.,0.,0.));
#3037=DIRECTION('',(1.,0.,0.));
#3038=DIRECTION('',(0.,-1.,0.));
#3039=DIRECTION('',(1.,0.,0.));
#3040=DIRECTION('',(0.,-1.,0.));
#3041=DIRECTION('',(0.,0.,1.));
#3042=DIRECTION('',(0.,0.,-1.));
#3043=DIRECTION('',(0.,1.,0.));
#3044=DIRECTION('',(1.,0.,0.));
#3045=DIRECTION('',(0.,1.,0.));
#3046=DIRECTION('',(1.,0.,0.));
#3047=DIRECTION('',(1.,0.,0.));
#3048=DIRECTION('',(0.,0.,-1.));
#3049=DIRECTION('',(1.,0.,0.));
#3050=DIRECTION('',(0.,-1.,0.));
#3051=DIRECTION('',(1.,0.,0.));
#3052=DIRECTION('',(0.,-1.,0.));
#3053=DIRECTION('',(0.,0.,-1.));
#3054=DIRECTION('',(0.,1.,0.));
#3055=DIRECTION('',(0.,0.,-1.));
#3056=DIRECTION('',(0.,1.,0.));
#3057=DIRECTION('',(0.,0.,-1.));
#3058=DIRECTION('',(-1.,0.,0.));
#3059=DIRECTION('',(0.,0.,1.));
#3060=DIRECTION('',(1.,0.,0.));
#3061=DIRECTION('',(0.,0.,-1.));
#3062=DIRECTION('',(0.,1.,0.));
#3063=DIRECTION('',(1.,0.,0.));
#3064=DIRECTION('',(0.,-1.,0.));
#3065=DIRECTION('',(1.,0.,0.));
#3066=DIRECTION('',(0.,-1.,0.));
#3067=DIRECTION('',(1.,0.,0.));
#3068=DIRECTION('',(0.,-1.,0.));
#3069=DIRECTION('',(0.,0.,1.));
#3070=DIRECTION('',(0.,-1.,0.));
#3071=DIRECTION('',(0.,0.,-1.));
#3072=DIRECTION('',(0.,0.,-1.));
#3073=DIRECTION('',(0.,1.,0.));
#3074=DIRECTION('',(1.,0.,0.));
#3075=DIRECTION('',(0.,-1.,0.));
#3076=DIRECTION('',(1.,0.,0.));
#3077=DIRECTION('',(1.,0.,0.));
#3078=DIRECTION('',(0.,-1.,0.));
#3079=DIRECTION('',(0.,0.,1.));
#3080=DIRECTION('',(0.,0.,-1.));
#3081=DIRECTION('',(0.,1.,0.));
#3082=DIRECTION('',(1.,0.,0.));
#3083=DIRECTION('',(0.,1.,0.));
#3084=DIRECTION('',(1.,0.,0.));
#3085=DIRECTION('',(0.,0.,1.));
#3086=DIRECTION('',(1.,0.,0.));
#3087=DIRECTION('',(0.,0.,-1.));
#3088=DIRECTION('',(0.,1.,0.));
#3089=DIRECTION('',(1.,0.,0.));
#3090=DIRECTION('',(0.,-1.,0.));
#3091=DIRECTION('',(1.,0.,0.));
#3092=DIRECTION('',(0.,-1.,0.));
#3093=DIRECTION('',(1.,0.,0.));
#3094=DIRECTION('',(0.,-1.,0.));
#3095=DIRECTION('',(0.,0.,1.));
#3096=DIRECTION('',(0.,-1.,0.));
#3097=DIRECTION('',(0.,0.,-1.));
#3098=DIRECTION('',(0.,0.,-1.));
#3099=DIRECTION('',(0.,1.,0.));
#3100=DIRECTION('',(1.,0.,0.));
#3101=DIRECTION('',(0.,-1.,0.));
#3102=DIRECTION('',(1.,0.,0.));
#3103=DIRECTION('',(1.,0.,0.));
#3104=DIRECTION('',(0.,-1.,0.));
#3105=DIRECTION('',(0.,0.,1.));
#3106=DIRECTION('',(0.,0.,-1.));
#3107=DIRECTION('',(0.,1.,0.));
#3108=DIRECTION('',(1.,0.,0.));
#3109=DIRECTION('',(0.,1.,0.));
#3110=DIRECTION('',(1.,0.,0.));
#3111=DIRECTION('',(0.,0.,1.));
#3112=DIRECTION('',(1.,0.,0.));
#3113=DIRECTION('',(0.,0.,-1.));
#3114=DIRECTION('',(0.,1.,0.));
#3115=DIRECTION('',(1.,0.,0.));
#3116=DIRECTION('',(0.,-1.,0.));
#3117=DIRECTION('',(1.,0.,0.));
#3118=DIRECTION('',(0.,-1.,0.));
#3119=DIRECTION('',(1.,0.,0.));
#3120=DIRECTION('',(0.,-1.,0.));
#3121=DIRECTION('',(0.,0.,1.));
#3122=DIRECTION('',(0.,-1.,0.));
#3123=DIRECTION('',(0.,0.,-1.));
#3124=DIRECTION('',(0.,0.,-1.));
#3125=DIRECTION('',(0.,1.,0.));
#3126=DIRECTION('',(1.,0.,0.));
#3127=DIRECTION('',(0.,-1.,0.));
#3128=DIRECTION('',(1.,0.,0.));
#3129=DIRECTION('',(1.,0.,0.));
#3130=DIRECTION('',(0.,-1.,0.));
#3131=DIRECTION('',(0.,0.,1.));
#3132=DIRECTION('',(0.,0.,-1.));
#3133=DIRECTION('',(0.,1.,0.));
#3134=DIRECTION('',(1.,0.,0.));
#3135=DIRECTION('',(0.,1.,0.));
#3136=DIRECTION('',(1.,0.,0.));
#3137=DIRECTION('',(0.,0.,1.));
#3138=DIRECTION('',(1.,0.,0.));
#3139=DIRECTION('',(0.,0.,-1.));
#3140=DIRECTION('',(0.,1.,0.));
#3141=DIRECTION('',(1.,0.,0.));
#3142=DIRECTION('',(0.,-1.,0.));
#3143=DIRECTION('',(1.,0.,0.));
#3144=DIRECTION('',(0.,-1.,0.));
#3145=DIRECTION('',(1.,0.,0.));
#3146=DIRECTION('',(0.,-1.,0.));
#3147=DIRECTION('',(0.,0.,1.));
#3148=DIRECTION('',(0.,-1.,0.));
#3149=DIRECTION('',(0.,0.,-1.));
#3150=DIRECTION('',(0.,0.,-1.));
#3151=DIRECTION('',(0.,1.,0.));
#3152=DIRECTION('',(1.,0.,0.));
#3153=DIRECTION('',(0.,-1.,0.));
#3154=DIRECTION('',(1.,0.,0.));
#3155=DIRECTION('',(1.,0.,0.));
#3156=DIRECTION('',(0.,-1.,0.));
#3157=DIRECTION('',(0.,0.,1.));
#3158=DIRECTION('',(0.,0.,-1.));
#3159=DIRECTION('',(0.,1.,0.));
#3160=DIRECTION('',(1.,0.,0.));
#3161=DIRECTION('',(0.,1.,0.));
#3162=DIRECTION('',(1.,0.,0.));
#3163=DIRECTION('',(0.,0.,1.));
#3164=DIRECTION('',(1.,0.,0.));
#3165=DIRECTION('',(0.,0.,-1.));
#3166=DIRECTION('',(0.,1.,0.));
#3167=DIRECTION('',(1.,0.,0.));
#3168=DIRECTION('',(0.,-1.,0.));
#3169=DIRECTION('',(1.,0.,0.));
#3170=DIRECTION('',(0.,-1.,0.));
#3171=DIRECTION('',(1.,0.,0.));
#3172=DIRECTION('',(0.,-1.,0.));
#3173=DIRECTION('',(1.,0.,0.));
#3174=DIRECTION('',(0.,-1.,0.));
#3175=DIRECTION('',(1.,0.,0.));
#3176=DIRECTION('',(0.,-1.,0.));
#3177=DIRECTION('',(0.,0.,1.));
#3178=DIRECTION('',(0.,-1.,0.));
#3179=DIRECTION('',(0.,0.,-1.));
#3180=DIRECTION('',(0.,0.,-1.));
#3181=DIRECTION('',(0.,1.,0.));
#3182=DIRECTION('',(0.,-1.,0.));
#3183=DIRECTION('',(1.,0.,0.));
#3184=DIRECTION('',(0.,-1.,0.));
#3185=DIRECTION('',(1.,0.,0.));
#3186=DIRECTION('',(1.,0.,0.));
#3187=DIRECTION('',(0.,-1.,0.));
#3188=DIRECTION('',(1.,0.,0.));
#3189=DIRECTION('',(1.,0.,0.));
#3190=DIRECTION('',(0.,-1.,0.));
#3191=DIRECTION('',(1.,0.,0.));
#3192=DIRECTION('',(0.,-1.,0.));
#3193=DIRECTION('',(0.,0.,1.));
#3194=DIRECTION('',(1.,0.,0.));
#3195=DIRECTION('',(0.,-1.,0.));
#3196=DIRECTION('',(0.,0.,-1.));
#3197=DIRECTION('',(0.,1.,0.));
#3198=DIRECTION('',(1.,0.,0.));
#3199=DIRECTION('',(0.,1.,0.));
#3200=DIRECTION('',(1.,0.,0.));
#3201=DIRECTION('',(1.,0.,0.));
#3202=DIRECTION('',(0.,-1.,0.));
#3203=DIRECTION('',(1.,0.,0.));
#3204=DIRECTION('',(0.,-1.,0.));
#3205=DIRECTION('',(1.,0.,0.));
#3206=DIRECTION('',(0.,0.,-1.));
#3207=DIRECTION('',(1.,0.,0.));
#3208=DIRECTION('',(0.,0.,-1.));
#3209=DIRECTION('',(1.,0.,0.));
#3210=DIRECTION('',(0.,-1.,0.));
#3211=DIRECTION('',(1.,0.,0.));
#3212=DIRECTION('',(0.,-1.,0.));
#3213=DIRECTION('',(0.,0.,1.));
#3214=DIRECTION('',(1.,0.,0.));
#3215=DIRECTION('',(0.,0.,-1.));
#3216=DIRECTION('',(0.,1.,0.));
#3217=DIRECTION('',(1.,0.,0.));
#3218=DIRECTION('',(0.,-1.,0.));
#3219=DIRECTION('',(1.,0.,0.));
#3220=DIRECTION('',(0.,-1.,0.));
#3221=DIRECTION('',(1.,0.,0.));
#3222=DIRECTION('',(0.,-1.,0.));
#3223=DIRECTION('',(1.,0.,0.));
#3224=DIRECTION('',(0.,-1.,0.));
#3225=DIRECTION('',(1.,0.,0.));
#3226=DIRECTION('',(0.,-1.,0.));
#3227=DIRECTION('',(0.,0.,1.));
#3228=DIRECTION('',(0.,-1.,0.));
#3229=DIRECTION('',(0.,0.,-1.));
#3230=DIRECTION('',(0.,0.,-1.));
#3231=DIRECTION('',(0.,1.,0.));
#3232=DIRECTION('',(1.,0.,0.));
#3233=DIRECTION('',(0.,-1.,0.));
#3234=DIRECTION('',(1.,0.,0.));
#3235=DIRECTION('',(1.,0.,0.));
#3236=DIRECTION('',(0.,-1.,0.));
#3237=DIRECTION('',(1.,0.,0.));
#3238=DIRECTION('',(0.,-1.,0.));
#3239=DIRECTION('',(0.,0.,-1.));
#3240=DIRECTION('',(0.,0.,1.));
#3241=DIRECTION('',(0.,1.,0.));
#3242=DIRECTION('',(1.,0.,0.));
#3243=DIRECTION('',(0.,1.,0.));
#3244=DIRECTION('',(1.,0.,0.));
#3245=DIRECTION('',(1.,0.,0.));
#3246=DIRECTION('',(0.,-1.,0.));
#3247=DIRECTION('',(1.,0.,0.));
#3248=DIRECTION('',(0.,-1.,0.));
#3249=DIRECTION('',(1.,0.,0.));
#3250=DIRECTION('',(0.,0.,-1.));
#3251=DIRECTION('',(0.,0.,1.));
#3252=DIRECTION('',(1.,0.,0.));
#3253=DIRECTION('',(0.,0.,-1.));
#3254=DIRECTION('',(0.,1.,0.));
#3255=DIRECTION('',(0.,0.,-1.));
#3256=DIRECTION('',(0.,1.,0.));
#3257=DIRECTION('',(0.,-1.,0.));
#3258=DIRECTION('',(1.,0.,0.));
#3259=DIRECTION('',(0.,-1.,0.));
#3260=DIRECTION('',(1.,0.,0.));
#3261=DIRECTION('',(0.,-1.,0.));
#3262=DIRECTION('',(1.,0.,0.));
#3263=DIRECTION('',(0.,-1.,0.));
#3264=DIRECTION('',(0.,0.,1.));
#3265=DIRECTION('',(0.,-1.,0.));
#3266=DIRECTION('',(0.,0.,-1.));
#3267=DIRECTION('',(0.,0.,-1.));
#3268=DIRECTION('',(0.,1.,0.));
#3269=DIRECTION('',(1.,0.,0.));
#3270=DIRECTION('',(0.,-1.,0.));
#3271=DIRECTION('',(1.,0.,0.));
#3272=DIRECTION('',(1.,0.,0.));
#3273=DIRECTION('',(0.,-1.,0.));
#3274=DIRECTION('',(0.,0.,-1.));
#3275=DIRECTION('',(0.,1.,0.));
#3276=DIRECTION('',(0.,0.,-1.));
#3277=DIRECTION('',(0.,0.,-1.));
#3278=DIRECTION('',(0.,0.,1.));
#3279=DIRECTION('',(0.,1.,0.));
#3280=DIRECTION('',(1.,0.,0.));
#3281=DIRECTION('',(0.,1.,0.));
#3282=DIRECTION('',(1.,0.,0.));
#3283=DIRECTION('',(0.,0.,-1.));
#3284=DIRECTION('',(0.,1.,0.));
#3285=DIRECTION('',(0.,0.,-1.));
#3286=DIRECTION('',(0.,1.,0.));
#3287=DIRECTION('',(0.,0.,-1.));
#3288=DIRECTION('',(-1.,0.,0.));
#3289=DIRECTION('',(0.,0.,1.));
#3290=DIRECTION('',(1.,0.,0.));
#3291=DIRECTION('',(0.,0.,-1.));
#3292=DIRECTION('',(0.,1.,0.));
#3293=DIRECTION('',(0.,0.,-1.));
#3294=DIRECTION('',(0.,1.,0.));
#3295=DIRECTION('',(0.,-1.,0.));
#3296=DIRECTION('',(1.,0.,0.));
#3297=DIRECTION('',(0.,-1.,0.));
#3298=DIRECTION('',(0.,0.,-1.));
#3299=DIRECTION('',(0.,1.,0.));
#3300=DIRECTION('',(0.,-1.,0.));
#3301=DIRECTION('',(1.,0.,0.));
#3302=DIRECTION('',(0.,-1.,0.));
#3303=DIRECTION('',(1.,0.,0.));
#3304=DIRECTION('',(0.,-1.,0.));
#3305=DIRECTION('',(0.,1.,0.));
#3306=DIRECTION('',(0.,0.,-1.));
#3307=DIRECTION('',(0.,0.,1.));
#3308=DIRECTION('',(0.,-1.,0.));
#3309=DIRECTION('',(0.,0.,-1.));
#3310=DIRECTION('',(0.,0.,-1.));
#3311=DIRECTION('',(0.,0.,-1.));
#3312=DIRECTION('',(0.,1.,0.));
#3313=DIRECTION('',(1.,0.,0.));
#3314=DIRECTION('',(0.,-1.,0.));
#3315=DIRECTION('',(1.,0.,0.));
#3316=DIRECTION('',(1.,0.,0.));
#3317=DIRECTION('',(0.,-1.,0.));
#3318=DIRECTION('',(0.,0.,-1.));
#3319=DIRECTION('',(0.,1.,0.));
#3320=DIRECTION('',(0.,0.,-1.));
#3321=DIRECTION('',(0.,0.,-1.));
#3322=DIRECTION('',(0.,0.,1.));
#3323=DIRECTION('',(0.,1.,0.));
#3324=DIRECTION('',(1.,0.,0.));
#3325=DIRECTION('',(0.,1.,0.));
#3326=DIRECTION('',(1.,0.,0.));
#3327=DIRECTION('',(0.,0.,-1.));
#3328=DIRECTION('',(0.,1.,0.));
#3329=DIRECTION('',(0.,0.,-1.));
#3330=DIRECTION('',(0.,1.,0.));
#3331=DIRECTION('',(0.,0.,-1.));
#3332=DIRECTION('',(-1.,0.,0.));
#3333=DIRECTION('',(0.,0.,-1.));
#3334=DIRECTION('',(0.,1.,0.));
#3335=DIRECTION('',(0.,0.,-1.));
#3336=DIRECTION('',(0.,1.,0.));
#3337=DIRECTION('',(0.,0.,-1.));
#3338=DIRECTION('',(-1.,0.,0.));
#3339=CARTESIAN_POINT('',(0.,0.,0.));
#3340=CARTESIAN_POINT('',(-0.577,0.028,0.142));
#3341=CARTESIAN_POINT('',(-0.577,0.008,0.142));
#3342=CARTESIAN_POINT('',(-0.602,0.008,0.142));
#3343=CARTESIAN_POINT('',(-0.552,0.008,0.142));
#3344=CARTESIAN_POINT('',(-0.602,0.028,0.142));
#3345=CARTESIAN_POINT('',(-0.602,0.038,0.142));
#3346=CARTESIAN_POINT('',(-0.577,0.038,0.142));
#3347=CARTESIAN_POINT('',(-0.552,0.038,0.142));
#3348=CARTESIAN_POINT('',(-0.552,0.028,0.142));
#3349=CARTESIAN_POINT('',(-0.602,0.028,0.167));
#3350=CARTESIAN_POINT('',(-0.602,0.008,0.167));
#3351=CARTESIAN_POINT('',(-0.602,0.008,0.192));
#3352=CARTESIAN_POINT('',(-0.602,0.028,0.192));
#3353=CARTESIAN_POINT('',(-0.602,0.038,0.192));
#3354=CARTESIAN_POINT('',(-0.602,0.038,0.167));
#3355=CARTESIAN_POINT('',(-0.577,0.028,0.192));
#3356=CARTESIAN_POINT('',(-0.577,0.008,0.192));
#3357=CARTESIAN_POINT('',(-0.552,0.008,0.192));
#3358=CARTESIAN_POINT('',(-0.552,0.028,0.192));
#3359=CARTESIAN_POINT('',(-0.552,0.038,0.192));
#3360=CARTESIAN_POINT('',(-0.577,0.038,0.192));
#3361=CARTESIAN_POINT('',(-0.552,0.028,0.167));
#3362=CARTESIAN_POINT('',(-0.552,0.008,0.167));
#3363=CARTESIAN_POINT('',(-0.552,0.038,0.167));
#3364=CARTESIAN_POINT('',(-0.577,0.008,0.167));
#3365=CARTESIAN_POINT('',(-0.577,0.038,0.167));
#3366=CARTESIAN_POINT('',(0.,0.,0.));
#3367=CARTESIAN_POINT('',(-0.477,0.028,0.142));
#3368=CARTESIAN_POINT('',(-0.477,0.008,0.142));
#3369=CARTESIAN_POINT('',(-0.502,0.008,0.142));
#3370=CARTESIAN_POINT('',(-0.452,0.008,0.142));
#3371=CARTESIAN_POINT('',(-0.502,0.028,0.142));
#3372=CARTESIAN_POINT('',(-0.502,0.038,0.142));
#3373=CARTESIAN_POINT('',(-0.477,0.038,0.142));
#3374=CARTESIAN_POINT('',(-0.452,0.038,0.142));
#3375=CARTESIAN_POINT('',(-0.452,0.028,0.142));
#3376=CARTESIAN_POINT('',(-0.502,0.028,0.167));
#3377=CARTESIAN_POINT('',(-0.502,0.008,0.167));
#3378=CARTESIAN_POINT('',(-0.502,0.008,0.192));
#3379=CARTESIAN_POINT('',(-0.502,0.028,0.192));
#3380=CARTESIAN_POINT('',(-0.502,0.038,0.192));
#3381=CARTESIAN_POINT('',(-0.502,0.038,0.167));
#3382=CARTESIAN_POINT('',(-0.477,0.028,0.192));
#3383=CARTESIAN_POINT('',(-0.477,0.008,0.192));
#3384=CARTESIAN_POINT('',(-0.452,0.008,0.192));
#3385=CARTESIAN_POINT('',(-0.452,0.028,0.192));
#3386=CARTESIAN_POINT('',(-0.452,0.038,0.192));
#3387=CARTESIAN_POINT('',(-0.477,0.038,0.192));
#3388=CARTESIAN_POINT('',(-0.452,0.028,0.167));
#3389=CARTESIAN_POINT('',(-0.452,0.008,0.167));
#3390=CARTESIAN_POINT('',(-0.452,0.038,0.167));
#3391=CARTESIAN_POINT('',(-0.477,0.008,0.167));
#3392=CARTESIAN_POINT('',(-0.477,0.038,0.167));
#3393=CARTESIAN_POINT('',(0.,0.,0.));
#3394=CARTESIAN_POINT('',(-0.622,0.008,0.092));
#3395=CARTESIAN_POINT('',(-0.622,0.008,0.092));
#3396=CARTESIAN_POINT('',(-0.622,0.018,0.092));
#3397=CARTESIAN_POINT('',(-0.622,0.078,0.092));
#3398=CARTESIAN_POINT('',(-0.622,0.018,0.312));
#3399=CARTESIAN_POINT('',(-0.622,0.018,0.312));
#3400=CARTESIAN_POINT('',(-0.622,0.008,0.312));
#3401=CARTESIAN_POINT('',(-0.622,0.078,0.312));
#3402=CARTESIAN_POINT('',(-0.622,0.078,0.092));
#3403=CARTESIAN_POINT('',(-0.602,0.008,0.092));
#3404=CARTESIAN_POINT('',(-0.602,0.008,0.092));
#3405=CARTESIAN_POINT('',(-0.602,0.008,0.092));
#3406=CARTESIAN_POINT('',(-0.602,0.008,0.292));
#3407=CARTESIAN_POINT('',(-0.602,0.008,0.092));
#3408=CARTESIAN_POINT('',(-0.602,0.078,0.092));
#3409=CARTESIAN_POINT('',(-0.602,0.078,0.092));
#3410=CARTESIAN_POINT('',(-0.602,0.078,0.292));
#3411=CARTESIAN_POINT('',(-0.602,0.008,0.292));
#3412=CARTESIAN_POINT('',(-0.612,0.018,0.092));
#3413=CARTESIAN_POINT('',(-0.612,0.018,0.092));
#3414=CARTESIAN_POINT('',(-0.612,0.008,0.092));
#3415=CARTESIAN_POINT('',(-0.612,0.008,-0.128));
#3416=CARTESIAN_POINT('',(-0.612,0.008,0.302));
#3417=CARTESIAN_POINT('',(-0.612,0.018,0.302));
#3418=CARTESIAN_POINT('',(-0.402,0.078,0.092));
#3419=CARTESIAN_POINT('',(-0.402,0.078,0.092));
#3420=CARTESIAN_POINT('',(-0.402,0.078,0.312));
#3421=CARTESIAN_POINT('',(-0.402,0.078,0.312));
#3422=CARTESIAN_POINT('',(-0.402,0.078,0.092));
#3423=CARTESIAN_POINT('',(-0.402,0.078,0.292));
#3424=CARTESIAN_POINT('',(-0.402,0.078,0.292));
#3425=CARTESIAN_POINT('',(-0.402,0.018,0.302));
#3426=CARTESIAN_POINT('',(-0.622,0.008,0.302));
#3427=CARTESIAN_POINT('',(-0.402,0.008,0.302));
#3428=CARTESIAN_POINT('',(-0.402,0.018,0.302));
#3429=CARTESIAN_POINT('',(-0.402,0.018,0.312));
#3430=CARTESIAN_POINT('',(-0.182,0.018,0.312));
#3431=CARTESIAN_POINT('',(-0.402,0.008,0.092));
#3432=CARTESIAN_POINT('',(-0.402,0.008,0.092));
#3433=CARTESIAN_POINT('',(-0.402,0.008,0.292));
#3434=CARTESIAN_POINT('',(-0.402,0.008,0.292));
#3435=CARTESIAN_POINT('',(-0.402,0.008,0.092));
#3436=CARTESIAN_POINT('',(-0.402,0.008,0.292));
#3437=CARTESIAN_POINT('',(-0.402,0.008,0.292));
#3438=CARTESIAN_POINT('',(-0.402,0.008,0.312));
#3439=CARTESIAN_POINT('',(-0.402,0.008,0.312));
#3440=CARTESIAN_POINT('',(-0.402,0.008,0.092));
#3441=CARTESIAN_POINT('',(-0.402,0.058,0.302));
#3442=CARTESIAN_POINT('',(-0.402,0.053,0.302));
#3443=CARTESIAN_POINT('',(-0.402,0.038,0.302));
#3444=CARTESIAN_POINT('',(-0.402,0.033,0.302));
#3445=CARTESIAN_POINT('',(-0.402,0.018,0.302));
#3446=CARTESIAN_POINT('',(-0.402,0.013,0.302));
#3447=CARTESIAN_POINT('',(-0.402,0.008,0.092));
#3448=CARTESIAN_POINT('',(-0.612,0.018,0.092));
#3449=CARTESIAN_POINT('',(-0.612,0.013,0.092));
#3450=CARTESIAN_POINT('',(-0.612,0.038,0.092));
#3451=CARTESIAN_POINT('',(-0.612,0.033,0.092));
#3452=CARTESIAN_POINT('',(-0.612,0.058,0.092));
#3453=CARTESIAN_POINT('',(-0.612,0.053,0.092));
#3454=CARTESIAN_POINT('',(-0.387,0.018,0.302));
#3455=CARTESIAN_POINT('',(-0.417,0.018,0.302));
#3456=CARTESIAN_POINT('',(-0.417,0.013,0.302));
#3457=CARTESIAN_POINT('',(-0.417,0.043,0.302));
#3458=CARTESIAN_POINT('',(-0.387,0.038,0.302));
#3459=CARTESIAN_POINT('',(-0.417,0.038,0.302));
#3460=CARTESIAN_POINT('',(-0.417,0.033,0.302));
#3461=CARTESIAN_POINT('',(-0.417,0.043,0.302));
#3462=CARTESIAN_POINT('',(-0.387,0.058,0.302));
#3463=CARTESIAN_POINT('',(-0.417,0.058,0.302));
#3464=CARTESIAN_POINT('',(-0.417,0.053,0.302));
#3465=CARTESIAN_POINT('',(-0.417,0.043,0.302));
#3466=CARTESIAN_POINT('',(-0.612,0.058,0.107));
#3467=CARTESIAN_POINT('',(-0.612,0.058,0.107));
#3468=CARTESIAN_POINT('',(-0.612,0.063,0.107));
#3469=CARTESIAN_POINT('',(-0.612,0.043,0.107));
#3470=CARTESIAN_POINT('',(-0.612,0.038,0.107));
#3471=CARTESIAN_POINT('',(-0.612,0.038,0.107));
#3472=CARTESIAN_POINT('',(-0.612,0.043,0.107));
#3473=CARTESIAN_POINT('',(-0.612,0.043,0.107));
#3474=CARTESIAN_POINT('',(-0.612,0.018,0.107));
#3475=CARTESIAN_POINT('',(-0.612,0.018,0.107));
#3476=CARTESIAN_POINT('',(-0.612,0.023,0.107));
#3477=CARTESIAN_POINT('',(-0.612,0.043,0.107));
#3478=CARTESIAN_POINT('',(0.,0.,0.));
#3479=CARTESIAN_POINT('',(-0.527,0.028,0.192));
#3480=CARTESIAN_POINT('',(-0.527,0.008,0.192));
#3481=CARTESIAN_POINT('',(-0.552,0.008,0.192));
#3482=CARTESIAN_POINT('',(-0.502,0.008,0.192));
#3483=CARTESIAN_POINT('',(-0.552,0.028,0.192));
#3484=CARTESIAN_POINT('',(-0.552,0.038,0.192));
#3485=CARTESIAN_POINT('',(-0.527,0.038,0.192));
#3486=CARTESIAN_POINT('',(-0.502,0.038,0.192));
#3487=CARTESIAN_POINT('',(-0.502,0.028,0.192));
#3488=CARTESIAN_POINT('',(-0.552,0.028,0.217));
#3489=CARTESIAN_POINT('',(-0.552,0.008,0.217));
#3490=CARTESIAN_POINT('',(-0.552,0.008,0.242));
#3491=CARTESIAN_POINT('',(-0.552,0.028,0.242));
#3492=CARTESIAN_POINT('',(-0.552,0.038,0.242));
#3493=CARTESIAN_POINT('',(-0.552,0.038,0.217));
#3494=CARTESIAN_POINT('',(-0.527,0.028,0.242));
#3495=CARTESIAN_POINT('',(-0.527,0.008,0.242));
#3496=CARTESIAN_POINT('',(-0.502,0.008,0.242));
#3497=CARTESIAN_POINT('',(-0.502,0.028,0.242));
#3498=CARTESIAN_POINT('',(-0.502,0.038,0.242));
#3499=CARTESIAN_POINT('',(-0.527,0.038,0.242));
#3500=CARTESIAN_POINT('',(-0.502,0.028,0.217));
#3501=CARTESIAN_POINT('',(-0.502,0.008,0.217));
#3502=CARTESIAN_POINT('',(-0.502,0.038,0.217));
#3503=CARTESIAN_POINT('',(-0.527,0.008,0.217));
#3504=CARTESIAN_POINT('',(-0.527,0.038,0.217));
#3505=CARTESIAN_POINT('',(0.,0.,0.));
#3506=CARTESIAN_POINT('',(-0.577,0.028,0.242));
#3507=CARTESIAN_POINT('',(-0.577,0.008,0.242));
#3508=CARTESIAN_POINT('',(-0.602,0.008,0.242));
#3509=CARTESIAN_POINT('',(-0.552,0.008,0.242));
#3510=CARTESIAN_POINT('',(-0.602,0.028,0.242));
#3511=CARTESIAN_POINT('',(-0.602,0.038,0.242));
#3512=CARTESIAN_POINT('',(-0.577,0.038,0.242));
#3513=CARTESIAN_POINT('',(-0.552,0.038,0.242));
#3514=CARTESIAN_POINT('',(-0.552,0.028,0.242));
#3515=CARTESIAN_POINT('',(-0.602,0.028,0.267));
#3516=CARTESIAN_POINT('',(-0.602,0.008,0.267));
#3517=CARTESIAN_POINT('',(-0.602,0.008,0.292));
#3518=CARTESIAN_POINT('',(-0.602,0.028,0.292));
#3519=CARTESIAN_POINT('',(-0.602,0.038,0.292));
#3520=CARTESIAN_POINT('',(-0.602,0.038,0.267));
#3521=CARTESIAN_POINT('',(-0.577,0.028,0.292));
#3522=CARTESIAN_POINT('',(-0.577,0.008,0.292));
#3523=CARTESIAN_POINT('',(-0.552,0.008,0.292));
#3524=CARTESIAN_POINT('',(-0.552,0.028,0.292));
#3525=CARTESIAN_POINT('',(-0.552,0.038,0.292));
#3526=CARTESIAN_POINT('',(-0.577,0.038,0.292));
#3527=CARTESIAN_POINT('',(-0.552,0.028,0.267));
#3528=CARTESIAN_POINT('',(-0.552,0.008,0.267));
#3529=CARTESIAN_POINT('',(-0.552,0.038,0.267));
#3530=CARTESIAN_POINT('',(-0.577,0.008,0.267));
#3531=CARTESIAN_POINT('',(-0.577,0.038,0.267));
#3532=CARTESIAN_POINT('',(0.,0.,0.));
#3533=CARTESIAN_POINT('',(-0.477,0.028,0.242));
#3534=CARTESIAN_POINT('',(-0.477,0.008,0.242));
#3535=CARTESIAN_POINT('',(-0.502,0.008,0.242));
#3536=CARTESIAN_POINT('',(-0.452,0.008,0.242));
#3537=CARTESIAN_POINT('',(-0.502,0.028,0.242));
#3538=CARTESIAN_POINT('',(-0.502,0.038,0.242));
#3539=CARTESIAN_POINT('',(-0.477,0.038,0.242));
#3540=CARTESIAN_POINT('',(-0.452,0.038,0.242));
#3541=CARTESIAN_POINT('',(-0.452,0.028,0.242));
#3542=CARTESIAN_POINT('',(-0.502,0.028,0.267));
#3543=CARTESIAN_POINT('',(-0.502,0.008,0.267));
#3544=CARTESIAN_POINT('',(-0.502,0.008,0.292));
#3545=CARTESIAN_POINT('',(-0.502,0.028,0.292));
#3546=CARTESIAN_POINT('',(-0.502,0.038,0.292));
#3547=CARTESIAN_POINT('',(-0.502,0.038,0.267));
#3548=CARTESIAN_POINT('',(-0.477,0.028,0.292));
#3549=CARTESIAN_POINT('',(-0.477,0.008,0.292));
#3550=CARTESIAN_POINT('',(-0.452,0.008,0.292));
#3551=CARTESIAN_POINT('',(-0.452,0.028,0.292));
#3552=CARTESIAN_POINT('',(-0.452,0.038,0.292));
#3553=CARTESIAN_POINT('',(-0.477,0.038,0.292));
#3554=CARTESIAN_POINT('',(-0.452,0.028,0.267));
#3555=CARTESIAN_POINT('',(-0.452,0.008,0.267));
#3556=CARTESIAN_POINT('',(-0.452,0.038,0.267));
#3557=CARTESIAN_POINT('',(-0.477,0.008,0.267));
#3558=CARTESIAN_POINT('',(-0.477,0.038,0.267));
#3559=CARTESIAN_POINT('',(0.,0.,0.));
#3560=CARTESIAN_POINT('',(-0.427,0.028,0.192));
#3561=CARTESIAN_POINT('',(-0.417,0.0305,0.192));
#3562=CARTESIAN_POINT('',(-0.417,0.0305,0.192));
#3563=CARTESIAN_POINT('',(-0.402,0.0305,0.192));
#3564=CARTESIAN_POINT('',(-0.417,0.028,0.192));
#3565=CARTESIAN_POINT('',(-0.417,0.0155,0.192));
#3566=CARTESIAN_POINT('',(-0.417,0.0155,0.192));
#3567=CARTESIAN_POINT('',(-0.402,0.0155,0.192));
#3568=CARTESIAN_POINT('',(-0.402,0.028,0.192));
#3569=CARTESIAN_POINT('',(-0.402,0.008,0.192));
#3570=CARTESIAN_POINT('',(-0.427,0.008,0.192));
#3571=CARTESIAN_POINT('',(-0.452,0.008,0.192));
#3572=CARTESIAN_POINT('',(-0.452,0.028,0.192));
#3573=CARTESIAN_POINT('',(-0.452,0.038,0.192));
#3574=CARTESIAN_POINT('',(-0.427,0.038,0.192));
#3575=CARTESIAN_POINT('',(-0.402,0.038,0.192));
#3576=CARTESIAN_POINT('',(-0.402,0.028,0.192));
#3577=CARTESIAN_POINT('',(-0.452,0.028,0.217));
#3578=CARTESIAN_POINT('',(-0.452,0.008,0.217));
#3579=CARTESIAN_POINT('',(-0.452,0.008,0.242));
#3580=CARTESIAN_POINT('',(-0.452,0.028,0.242));
#3581=CARTESIAN_POINT('',(-0.452,0.038,0.242));
#3582=CARTESIAN_POINT('',(-0.452,0.038,0.217));
#3583=CARTESIAN_POINT('',(-0.427,0.028,0.242));
#3584=CARTESIAN_POINT('',(-0.417,0.028,0.242));
#3585=CARTESIAN_POINT('',(-0.417,0.0305,0.242));
#3586=CARTESIAN_POINT('',(-0.417,0.0155,0.242));
#3587=CARTESIAN_POINT('',(-0.417,0.0305,0.242));
#3588=CARTESIAN_POINT('',(-0.402,0.0305,0.242));
#3589=CARTESIAN_POINT('',(-0.402,0.028,0.242));
#3590=CARTESIAN_POINT('',(-0.402,0.038,0.242));
#3591=CARTESIAN_POINT('',(-0.427,0.038,0.242));
#3592=CARTESIAN_POINT('',(-0.427,0.008,0.242));
#3593=CARTESIAN_POINT('',(-0.402,0.008,0.242));
#3594=CARTESIAN_POINT('',(-0.402,0.028,0.242));
#3595=CARTESIAN_POINT('',(-0.402,0.0155,0.242));
#3596=CARTESIAN_POINT('',(-0.417,0.0155,0.242));
#3597=CARTESIAN_POINT('',(-0.402,0.028,0.217));
#3598=CARTESIAN_POINT('',(-0.402,0.023,0.242));
#3599=CARTESIAN_POINT('',(-0.402,0.008,0.217));
#3600=CARTESIAN_POINT('',(-0.402,0.023,0.192));
#3601=CARTESIAN_POINT('',(-0.402,0.038,0.217));
#3602=CARTESIAN_POINT('',(-0.427,0.008,0.217));
#3603=CARTESIAN_POINT('',(-0.427,0.038,0.217));
#3604=CARTESIAN_POINT('',(-0.417,0.023,0.192));
#3605=CARTESIAN_POINT('',(-0.417,0.023,0.192));
#3606=CARTESIAN_POINT('',(-0.417,0.023,0.192));
#3607=CARTESIAN_POINT('',(-0.417,0.023,0.192));
#3608=CARTESIAN_POINT('',(-0.417,0.023,0.242));
#3609=CARTESIAN_POINT('',(-0.417,0.023,0.242));
#3610=CARTESIAN_POINT('',(0.,0.,0.));
#3611=CARTESIAN_POINT('',(-0.527,0.028,0.092));
#3612=CARTESIAN_POINT('',(-0.502,0.023,0.092));
#3613=CARTESIAN_POINT('',(-0.502,0.0155,0.092));
#3614=CARTESIAN_POINT('',(-0.502,0.0305,0.092));
#3615=CARTESIAN_POINT('',(-0.502,0.028,0.092));
#3616=CARTESIAN_POINT('',(-0.502,0.008,0.092));
#3617=CARTESIAN_POINT('',(-0.527,0.008,0.092));
#3618=CARTESIAN_POINT('',(-0.552,0.008,0.092));
#3619=CARTESIAN_POINT('',(-0.552,0.028,0.092));
#3620=CARTESIAN_POINT('',(-0.552,0.0155,0.092));
#3621=CARTESIAN_POINT('',(-0.552,0.023,0.092));
#3622=CARTESIAN_POINT('',(-0.552,0.0305,0.092));
#3623=CARTESIAN_POINT('',(-0.552,0.028,0.092));
#3624=CARTESIAN_POINT('',(-0.552,0.038,0.092));
#3625=CARTESIAN_POINT('',(-0.527,0.038,0.092));
#3626=CARTESIAN_POINT('',(-0.502,0.038,0.092));
#3627=CARTESIAN_POINT('',(-0.502,0.028,0.092));
#3628=CARTESIAN_POINT('',(-0.552,0.028,0.117));
#3629=CARTESIAN_POINT('',(-0.552,0.028,0.107));
#3630=CARTESIAN_POINT('',(-0.552,0.0155,0.107));
#3631=CARTESIAN_POINT('',(-0.552,0.0305,0.107));
#3632=CARTESIAN_POINT('',(-0.552,0.0155,0.107));
#3633=CARTESIAN_POINT('',(-0.552,0.008,0.117));
#3634=CARTESIAN_POINT('',(-0.552,0.008,0.142));
#3635=CARTESIAN_POINT('',(-0.552,0.028,0.142));
#3636=CARTESIAN_POINT('',(-0.552,0.038,0.142));
#3637=CARTESIAN_POINT('',(-0.552,0.038,0.117));
#3638=CARTESIAN_POINT('',(-0.552,0.0305,0.107));
#3639=CARTESIAN_POINT('',(-0.527,0.028,0.142));
#3640=CARTESIAN_POINT('',(-0.527,0.008,0.142));
#3641=CARTESIAN_POINT('',(-0.502,0.008,0.142));
#3642=CARTESIAN_POINT('',(-0.502,0.028,0.142));
#3643=CARTESIAN_POINT('',(-0.502,0.038,0.142));
#3644=CARTESIAN_POINT('',(-0.527,0.038,0.142));
#3645=CARTESIAN_POINT('',(-0.502,0.028,0.117));
#3646=CARTESIAN_POINT('',(-0.502,0.0155,0.107));
#3647=CARTESIAN_POINT('',(-0.502,0.0155,0.107));
#3648=CARTESIAN_POINT('',(-0.502,0.028,0.107));
#3649=CARTESIAN_POINT('',(-0.502,0.0305,0.107));
#3650=CARTESIAN_POINT('',(-0.502,0.0305,0.107));
#3651=CARTESIAN_POINT('',(-0.502,0.038,0.117));
#3652=CARTESIAN_POINT('',(-0.502,0.008,0.117));
#3653=CARTESIAN_POINT('',(-0.527,0.008,0.117));
#3654=CARTESIAN_POINT('',(-0.527,0.038,0.117));
#3655=CARTESIAN_POINT('',(-0.502,0.023,0.107));
#3656=CARTESIAN_POINT('',(-0.502,0.023,0.107));
#3657=CARTESIAN_POINT('',(-0.502,0.023,0.107));
#3658=CARTESIAN_POINT('',(-0.552,0.023,0.107));
#3659=CARTESIAN_POINT('',(-0.552,0.023,0.107));
#3660=CARTESIAN_POINT('',(-0.502,0.023,0.107));
#3661=CARTESIAN_POINT('',(0.,0.,0.));
#3662=CARTESIAN_POINT('',(-0.427,0.028,0.092));
#3663=CARTESIAN_POINT('',(-0.452,0.023,0.092));
#3664=CARTESIAN_POINT('',(-0.452,0.0305,0.092));
#3665=CARTESIAN_POINT('',(-0.452,0.0155,0.092));
#3666=CARTESIAN_POINT('',(-0.452,0.028,0.092));
#3667=CARTESIAN_POINT('',(-0.452,0.038,0.092));
#3668=CARTESIAN_POINT('',(-0.427,0.038,0.092));
#3669=CARTESIAN_POINT('',(-0.402,0.038,0.092));
#3670=CARTESIAN_POINT('',(-0.402,0.028,0.092));
#3671=CARTESIAN_POINT('',(-0.402,0.008,0.092));
#3672=CARTESIAN_POINT('',(-0.427,0.008,0.092));
#3673=CARTESIAN_POINT('',(-0.452,0.008,0.092));
#3674=CARTESIAN_POINT('',(-0.452,0.028,0.092));
#3675=CARTESIAN_POINT('',(-0.452,0.028,0.117));
#3676=CARTESIAN_POINT('',(-0.452,0.028,0.107));
#3677=CARTESIAN_POINT('',(-0.452,0.0155,0.107));
#3678=CARTESIAN_POINT('',(-0.452,0.0305,0.107));
#3679=CARTESIAN_POINT('',(-0.452,0.0155,0.107));
#3680=CARTESIAN_POINT('',(-0.452,0.008,0.117));
#3681=CARTESIAN_POINT('',(-0.452,0.008,0.142));
#3682=CARTESIAN_POINT('',(-0.452,0.028,0.142));
#3683=CARTESIAN_POINT('',(-0.452,0.038,0.142));
#3684=CARTESIAN_POINT('',(-0.452,0.038,0.117));
#3685=CARTESIAN_POINT('',(-0.452,0.0305,0.107));
#3686=CARTESIAN_POINT('',(-0.427,0.028,0.142));
#3687=CARTESIAN_POINT('',(-0.417,0.028,0.142));
#3688=CARTESIAN_POINT('',(-0.417,0.0305,0.142));
#3689=CARTESIAN_POINT('',(-0.417,0.0155,0.142));
#3690=CARTESIAN_POINT('',(-0.417,0.0305,0.142));
#3691=CARTESIAN_POINT('',(-0.402,0.0305,0.142));
#3692=CARTESIAN_POINT('',(-0.402,0.028,0.142));
#3693=CARTESIAN_POINT('',(-0.402,0.038,0.142));
#3694=CARTESIAN_POINT('',(-0.427,0.038,0.142));
#3695=CARTESIAN_POINT('',(-0.427,0.008,0.142));
#3696=CARTESIAN_POINT('',(-0.402,0.008,0.142));
#3697=CARTESIAN_POINT('',(-0.402,0.028,0.142));
#3698=CARTESIAN_POINT('',(-0.402,0.0155,0.142));
#3699=CARTESIAN_POINT('',(-0.417,0.0155,0.142));
#3700=CARTESIAN_POINT('',(-0.402,0.028,0.117));
#3701=CARTESIAN_POINT('',(-0.402,0.023,0.142));
#3702=CARTESIAN_POINT('',(-0.402,0.008,0.117));
#3703=CARTESIAN_POINT('',(-0.402,0.038,0.117));
#3704=CARTESIAN_POINT('',(-0.427,0.008,0.117));
#3705=CARTESIAN_POINT('',(-0.427,0.038,0.117));
#3706=CARTESIAN_POINT('',(-0.417,0.023,0.192));
#3707=CARTESIAN_POINT('',(-0.417,0.023,0.142));
#3708=CARTESIAN_POINT('',(-0.417,0.023,0.142));
#3709=CARTESIAN_POINT('',(-0.452,0.023,0.107));
#3710=CARTESIAN_POINT('',(-0.452,0.023,0.107));
#3711=CARTESIAN_POINT('',(-0.502,0.023,0.107));
#3712=CARTESIAN_POINT('',(0.,0.,0.));
#3713=CARTESIAN_POINT('',(-0.527,0.028,0.142));
#3714=CARTESIAN_POINT('',(-0.527,0.008,0.142));
#3715=CARTESIAN_POINT('',(-0.552,0.008,0.142));
#3716=CARTESIAN_POINT('',(-0.502,0.008,0.142));
#3717=CARTESIAN_POINT('',(-0.552,0.028,0.142));
#3718=CARTESIAN_POINT('',(-0.552,0.038,0.142));
#3719=CARTESIAN_POINT('',(-0.527,0.038,0.142));
#3720=CARTESIAN_POINT('',(-0.502,0.038,0.142));
#3721=CARTESIAN_POINT('',(-0.502,0.028,0.142));
#3722=CARTESIAN_POINT('',(-0.552,0.028,0.167));
#3723=CARTESIAN_POINT('',(-0.552,0.008,0.167));
#3724=CARTESIAN_POINT('',(-0.552,0.008,0.192));
#3725=CARTESIAN_POINT('',(-0.552,0.028,0.192));
#3726=CARTESIAN_POINT('',(-0.552,0.038,0.192));
#3727=CARTESIAN_POINT('',(-0.552,0.038,0.167));
#3728=CARTESIAN_POINT('',(-0.527,0.028,0.192));
#3729=CARTESIAN_POINT('',(-0.527,0.008,0.192));
#3730=CARTESIAN_POINT('',(-0.502,0.008,0.192));
#3731=CARTESIAN_POINT('',(-0.502,0.028,0.192));
#3732=CARTESIAN_POINT('',(-0.502,0.038,0.192));
#3733=CARTESIAN_POINT('',(-0.527,0.038,0.192));
#3734=CARTESIAN_POINT('',(-0.502,0.028,0.167));
#3735=CARTESIAN_POINT('',(-0.502,0.008,0.167));
#3736=CARTESIAN_POINT('',(-0.502,0.038,0.167));
#3737=CARTESIAN_POINT('',(-0.527,0.008,0.167));
#3738=CARTESIAN_POINT('',(-0.527,0.038,0.167));
#3739=CARTESIAN_POINT('',(0.,0.,0.));
#3740=CARTESIAN_POINT('',(-0.577,0.028,0.192));
#3741=CARTESIAN_POINT('',(-0.577,0.008,0.192));
#3742=CARTESIAN_POINT('',(-0.602,0.008,0.192));
#3743=CARTESIAN_POINT('',(-0.552,0.008,0.192));
#3744=CARTESIAN_POINT('',(-0.602,0.028,0.192));
#3745=CARTESIAN_POINT('',(-0.602,0.038,0.192));
#3746=CARTESIAN_POINT('',(-0.577,0.038,0.192));
#3747=CARTESIAN_POINT('',(-0.552,0.038,0.192));
#3748=CARTESIAN_POINT('',(-0.552,0.028,0.192));
#3749=CARTESIAN_POINT('',(-0.602,0.028,0.217));
#3750=CARTESIAN_POINT('',(-0.602,0.008,0.217));
#3751=CARTESIAN_POINT('',(-0.602,0.008,0.242));
#3752=CARTESIAN_POINT('',(-0.602,0.028,0.242));
#3753=CARTESIAN_POINT('',(-0.602,0.038,0.242));
#3754=CARTESIAN_POINT('',(-0.602,0.038,0.217));
#3755=CARTESIAN_POINT('',(-0.577,0.028,0.242));
#3756=CARTESIAN_POINT('',(-0.577,0.008,0.242));
#3757=CARTESIAN_POINT('',(-0.552,0.008,0.242));
#3758=CARTESIAN_POINT('',(-0.552,0.028,0.242));
#3759=CARTESIAN_POINT('',(-0.552,0.038,0.242));
#3760=CARTESIAN_POINT('',(-0.577,0.038,0.242));
#3761=CARTESIAN_POINT('',(-0.552,0.028,0.217));
#3762=CARTESIAN_POINT('',(-0.552,0.008,0.217));
#3763=CARTESIAN_POINT('',(-0.552,0.038,0.217));
#3764=CARTESIAN_POINT('',(-0.577,0.008,0.217));
#3765=CARTESIAN_POINT('',(-0.577,0.038,0.217));
#3766=CARTESIAN_POINT('',(0.,0.,0.));
#3767=CARTESIAN_POINT('',(-0.477,0.028,0.192));
#3768=CARTESIAN_POINT('',(-0.477,0.008,0.192));
#3769=CARTESIAN_POINT('',(-0.502,0.008,0.192));
#3770=CARTESIAN_POINT('',(-0.452,0.008,0.192));
#3771=CARTESIAN_POINT('',(-0.502,0.028,0.192));
#3772=CARTESIAN_POINT('',(-0.502,0.038,0.192));
#3773=CARTESIAN_POINT('',(-0.477,0.038,0.192));
#3774=CARTESIAN_POINT('',(-0.452,0.038,0.192));
#3775=CARTESIAN_POINT('',(-0.452,0.028,0.192));
#3776=CARTESIAN_POINT('',(-0.502,0.028,0.217));
#3777=CARTESIAN_POINT('',(-0.502,0.008,0.217));
#3778=CARTESIAN_POINT('',(-0.502,0.008,0.242));
#3779=CARTESIAN_POINT('',(-0.502,0.028,0.242));
#3780=CARTESIAN_POINT('',(-0.502,0.038,0.242));
#3781=CARTESIAN_POINT('',(-0.502,0.038,0.217));
#3782=CARTESIAN_POINT('',(-0.477,0.028,0.242));
#3783=CARTESIAN_POINT('',(-0.477,0.008,0.242));
#3784=CARTESIAN_POINT('',(-0.452,0.008,0.242));
#3785=CARTESIAN_POINT('',(-0.452,0.028,0.242));
#3786=CARTESIAN_POINT('',(-0.452,0.038,0.242));
#3787=CARTESIAN_POINT('',(-0.477,0.038,0.242));
#3788=CARTESIAN_POINT('',(-0.452,0.028,0.217));
#3789=CARTESIAN_POINT('',(-0.452,0.008,0.217));
#3790=CARTESIAN_POINT('',(-0.452,0.038,0.217));
#3791=CARTESIAN_POINT('',(-0.477,0.008,0.217));
#3792=CARTESIAN_POINT('',(-0.477,0.038,0.217));
#3793=CARTESIAN_POINT('',(0.,0.,0.));
#3794=CARTESIAN_POINT('',(-0.527,0.028,0.242));
#3795=CARTESIAN_POINT('',(-0.527,0.008,0.242));
#3796=CARTESIAN_POINT('',(-0.552,0.008,0.242));
#3797=CARTESIAN_POINT('',(-0.502,0.008,0.242));
#3798=CARTESIAN_POINT('',(-0.552,0.028,0.242));
#3799=CARTESIAN_POINT('',(-0.552,0.038,0.242));
#3800=CARTESIAN_POINT('',(-0.527,0.038,0.242));
#3801=CARTESIAN_POINT('',(-0.502,0.038,0.242));
#3802=CARTESIAN_POINT('',(-0.502,0.028,0.242));
#3803=CARTESIAN_POINT('',(-0.552,0.028,0.267));
#3804=CARTESIAN_POINT('',(-0.552,0.008,0.267));
#3805=CARTESIAN_POINT('',(-0.552,0.008,0.292));
#3806=CARTESIAN_POINT('',(-0.552,0.028,0.292));
#3807=CARTESIAN_POINT('',(-0.552,0.038,0.292));
#3808=CARTESIAN_POINT('',(-0.552,0.038,0.267));
#3809=CARTESIAN_POINT('',(-0.527,0.028,0.292));
#3810=CARTESIAN_POINT('',(-0.527,0.008,0.292));
#3811=CARTESIAN_POINT('',(-0.502,0.008,0.292));
#3812=CARTESIAN_POINT('',(-0.502,0.028,0.292));
#3813=CARTESIAN_POINT('',(-0.502,0.038,0.292));
#3814=CARTESIAN_POINT('',(-0.527,0.038,0.292));
#3815=CARTESIAN_POINT('',(-0.502,0.028,0.267));
#3816=CARTESIAN_POINT('',(-0.502,0.008,0.267));
#3817=CARTESIAN_POINT('',(-0.502,0.038,0.267));
#3818=CARTESIAN_POINT('',(-0.527,0.008,0.267));
#3819=CARTESIAN_POINT('',(-0.527,0.038,0.267));
#3820=CARTESIAN_POINT('',(0.,0.,0.));
#3821=CARTESIAN_POINT('',(-0.427,0.028,0.142));
#3822=CARTESIAN_POINT('',(-0.417,0.0305,0.142));
#3823=CARTESIAN_POINT('',(-0.417,0.0305,0.142));
#3824=CARTESIAN_POINT('',(-0.402,0.0305,0.142));
#3825=CARTESIAN_POINT('',(-0.417,0.028,0.142));
#3826=CARTESIAN_POINT('',(-0.417,0.0155,0.142));
#3827=CARTESIAN_POINT('',(-0.417,0.0155,0.142));
#3828=CARTESIAN_POINT('',(-0.402,0.0155,0.142));
#3829=CARTESIAN_POINT('',(-0.402,0.028,0.142));
#3830=CARTESIAN_POINT('',(-0.402,0.008,0.142));
#3831=CARTESIAN_POINT('',(-0.427,0.008,0.142));
#3832=CARTESIAN_POINT('',(-0.452,0.008,0.142));
#3833=CARTESIAN_POINT('',(-0.452,0.028,0.142));
#3834=CARTESIAN_POINT('',(-0.452,0.038,0.142));
#3835=CARTESIAN_POINT('',(-0.427,0.038,0.142));
#3836=CARTESIAN_POINT('',(-0.402,0.038,0.142));
#3837=CARTESIAN_POINT('',(-0.402,0.028,0.142));
#3838=CARTESIAN_POINT('',(-0.452,0.028,0.167));
#3839=CARTESIAN_POINT('',(-0.452,0.008,0.167));
#3840=CARTESIAN_POINT('',(-0.452,0.008,0.192));
#3841=CARTESIAN_POINT('',(-0.452,0.028,0.192));
#3842=CARTESIAN_POINT('',(-0.452,0.038,0.192));
#3843=CARTESIAN_POINT('',(-0.452,0.038,0.167));
#3844=CARTESIAN_POINT('',(-0.427,0.028,0.192));
#3845=CARTESIAN_POINT('',(-0.417,0.028,0.192));
#3846=CARTESIAN_POINT('',(-0.417,0.0305,0.192));
#3847=CARTESIAN_POINT('',(-0.417,0.0155,0.192));
#3848=CARTESIAN_POINT('',(-0.417,0.0305,0.192));
#3849=CARTESIAN_POINT('',(-0.402,0.0305,0.192));
#3850=CARTESIAN_POINT('',(-0.402,0.028,0.192));
#3851=CARTESIAN_POINT('',(-0.402,0.038,0.192));
#3852=CARTESIAN_POINT('',(-0.427,0.038,0.192));
#3853=CARTESIAN_POINT('',(-0.427,0.008,0.192));
#3854=CARTESIAN_POINT('',(-0.402,0.008,0.192));
#3855=CARTESIAN_POINT('',(-0.402,0.028,0.192));
#3856=CARTESIAN_POINT('',(-0.402,0.0155,0.192));
#3857=CARTESIAN_POINT('',(-0.417,0.0155,0.192));
#3858=CARTESIAN_POINT('',(-0.402,0.028,0.167));
#3859=CARTESIAN_POINT('',(-0.402,0.023,0.192));
#3860=CARTESIAN_POINT('',(-0.402,0.008,0.167));
#3861=CARTESIAN_POINT('',(-0.402,0.023,0.142));
#3862=CARTESIAN_POINT('',(-0.402,0.038,0.167));
#3863=CARTESIAN_POINT('',(-0.427,0.008,0.167));
#3864=CARTESIAN_POINT('',(-0.427,0.038,0.167));
#3865=CARTESIAN_POINT('',(-0.417,0.023,0.142));
#3866=CARTESIAN_POINT('',(-0.417,0.023,0.142));
#3867=CARTESIAN_POINT('',(-0.417,0.023,0.192));
#3868=CARTESIAN_POINT('',(-0.417,0.023,0.192));
#3869=CARTESIAN_POINT('',(-0.417,0.023,0.192));
#3870=CARTESIAN_POINT('',(-0.417,0.023,0.192));
#3871=CARTESIAN_POINT('',(0.,0.,0.));
#3872=CARTESIAN_POINT('',(-0.427,0.028,0.242));
#3873=CARTESIAN_POINT('',(-0.417,0.0305,0.242));
#3874=CARTESIAN_POINT('',(-0.417,0.0305,0.242));
#3875=CARTESIAN_POINT('',(-0.402,0.0305,0.242));
#3876=CARTESIAN_POINT('',(-0.417,0.028,0.242));
#3877=CARTESIAN_POINT('',(-0.417,0.0155,0.242));
#3878=CARTESIAN_POINT('',(-0.417,0.0155,0.242));
#3879=CARTESIAN_POINT('',(-0.402,0.0155,0.242));
#3880=CARTESIAN_POINT('',(-0.402,0.028,0.242));
#3881=CARTESIAN_POINT('',(-0.402,0.008,0.242));
#3882=CARTESIAN_POINT('',(-0.427,0.008,0.242));
#3883=CARTESIAN_POINT('',(-0.452,0.008,0.242));
#3884=CARTESIAN_POINT('',(-0.452,0.028,0.242));
#3885=CARTESIAN_POINT('',(-0.452,0.038,0.242));
#3886=CARTESIAN_POINT('',(-0.427,0.038,0.242));
#3887=CARTESIAN_POINT('',(-0.402,0.038,0.242));
#3888=CARTESIAN_POINT('',(-0.402,0.028,0.242));
#3889=CARTESIAN_POINT('',(-0.452,0.028,0.267));
#3890=CARTESIAN_POINT('',(-0.452,0.008,0.267));
#3891=CARTESIAN_POINT('',(-0.452,0.008,0.292));
#3892=CARTESIAN_POINT('',(-0.452,0.028,0.292));
#3893=CARTESIAN_POINT('',(-0.452,0.038,0.292));
#3894=CARTESIAN_POINT('',(-0.452,0.038,0.267));
#3895=CARTESIAN_POINT('',(-0.427,0.028,0.292));
#3896=CARTESIAN_POINT('',(-0.427,0.008,0.292));
#3897=CARTESIAN_POINT('',(-0.402,0.008,0.292));
#3898=CARTESIAN_POINT('',(-0.402,0.028,0.292));
#3899=CARTESIAN_POINT('',(-0.402,0.038,0.292));
#3900=CARTESIAN_POINT('',(-0.427,0.038,0.292));
#3901=CARTESIAN_POINT('',(-0.402,0.028,0.267));
#3902=CARTESIAN_POINT('',(-0.402,0.023,0.242));
#3903=CARTESIAN_POINT('',(-0.402,0.038,0.267));
#3904=CARTESIAN_POINT('',(-0.402,0.008,0.267));
#3905=CARTESIAN_POINT('',(-0.427,0.008,0.267));
#3906=CARTESIAN_POINT('',(-0.427,0.038,0.267));
#3907=CARTESIAN_POINT('',(-0.417,0.023,0.242));
#3908=CARTESIAN_POINT('',(-0.417,0.023,0.242));
#3909=CARTESIAN_POINT('',(-0.417,0.023,0.192));
#3910=CARTESIAN_POINT('',(0.,0.,0.));
#3911=CARTESIAN_POINT('',(-0.577,0.028,0.092));
#3912=CARTESIAN_POINT('',(-0.552,0.023,0.092));
#3913=CARTESIAN_POINT('',(-0.552,0.0155,0.092));
#3914=CARTESIAN_POINT('',(-0.552,0.0305,0.092));
#3915=CARTESIAN_POINT('',(-0.552,0.028,0.092));
#3916=CARTESIAN_POINT('',(-0.552,0.008,0.092));
#3917=CARTESIAN_POINT('',(-0.577,0.008,0.092));
#3918=CARTESIAN_POINT('',(-0.602,0.008,0.092));
#3919=CARTESIAN_POINT('',(-0.602,0.028,0.092));
#3920=CARTESIAN_POINT('',(-0.602,0.038,0.092));
#3921=CARTESIAN_POINT('',(-0.577,0.038,0.092));
#3922=CARTESIAN_POINT('',(-0.552,0.038,0.092));
#3923=CARTESIAN_POINT('',(-0.552,0.028,0.092));
#3924=CARTESIAN_POINT('',(-0.602,0.028,0.117));
#3925=CARTESIAN_POINT('',(-0.602,0.008,0.117));
#3926=CARTESIAN_POINT('',(-0.602,0.008,0.142));
#3927=CARTESIAN_POINT('',(-0.602,0.028,0.142));
#3928=CARTESIAN_POINT('',(-0.602,0.038,0.142));
#3929=CARTESIAN_POINT('',(-0.602,0.038,0.117));
#3930=CARTESIAN_POINT('',(-0.577,0.028,0.142));
#3931=CARTESIAN_POINT('',(-0.577,0.008,0.142));
#3932=CARTESIAN_POINT('',(-0.552,0.008,0.142));
#3933=CARTESIAN_POINT('',(-0.552,0.028,0.142));
#3934=CARTESIAN_POINT('',(-0.552,0.038,0.142));
#3935=CARTESIAN_POINT('',(-0.577,0.038,0.142));
#3936=CARTESIAN_POINT('',(-0.552,0.028,0.117));
#3937=CARTESIAN_POINT('',(-0.552,0.0155,0.107));
#3938=CARTESIAN_POINT('',(-0.552,0.0155,0.107));
#3939=CARTESIAN_POINT('',(-0.552,0.028,0.107));
#3940=CARTESIAN_POINT('',(-0.552,0.0305,0.107));
#3941=CARTESIAN_POINT('',(-0.552,0.0305,0.107));
#3942=CARTESIAN_POINT('',(-0.552,0.038,0.117));
#3943=CARTESIAN_POINT('',(-0.552,0.008,0.117));
#3944=CARTESIAN_POINT('',(-0.577,0.008,0.117));
#3945=CARTESIAN_POINT('',(-0.577,0.038,0.117));
#3946=CARTESIAN_POINT('',(-0.552,0.023,0.107));
#3947=CARTESIAN_POINT('',(-0.552,0.023,0.107));
#3948=CARTESIAN_POINT('',(-0.502,0.023,0.107));
#3949=CARTESIAN_POINT('',(0.,0.,0.));
#3950=CARTESIAN_POINT('',(-0.477,0.028,0.092));
#3951=CARTESIAN_POINT('',(-0.452,0.023,0.092));
#3952=CARTESIAN_POINT('',(-0.452,0.0155,0.092));
#3953=CARTESIAN_POINT('',(-0.452,0.0305,0.092));
#3954=CARTESIAN_POINT('',(-0.452,0.028,0.092));
#3955=CARTESIAN_POINT('',(-0.452,0.008,0.092));
#3956=CARTESIAN_POINT('',(-0.477,0.008,0.092));
#3957=CARTESIAN_POINT('',(-0.502,0.008,0.092));
#3958=CARTESIAN_POINT('',(-0.502,0.028,0.092));
#3959=CARTESIAN_POINT('',(-0.502,0.0155,0.092));
#3960=CARTESIAN_POINT('',(-0.502,0.023,0.092));
#3961=CARTESIAN_POINT('',(-0.502,0.0305,0.092));
#3962=CARTESIAN_POINT('',(-0.502,0.028,0.092));
#3963=CARTESIAN_POINT('',(-0.502,0.038,0.092));
#3964=CARTESIAN_POINT('',(-0.477,0.038,0.092));
#3965=CARTESIAN_POINT('',(-0.452,0.038,0.092));
#3966=CARTESIAN_POINT('',(-0.452,0.028,0.092));
#3967=CARTESIAN_POINT('',(-0.502,0.028,0.117));
#3968=CARTESIAN_POINT('',(-0.502,0.028,0.107));
#3969=CARTESIAN_POINT('',(-0.502,0.0155,0.107));
#3970=CARTESIAN_POINT('',(-0.502,0.0305,0.107));
#3971=CARTESIAN_POINT('',(-0.502,0.0155,0.107));
#3972=CARTESIAN_POINT('',(-0.502,0.008,0.117));
#3973=CARTESIAN_POINT('',(-0.502,0.008,0.142));
#3974=CARTESIAN_POINT('',(-0.502,0.028,0.142));
#3975=CARTESIAN_POINT('',(-0.502,0.038,0.142));
#3976=CARTESIAN_POINT('',(-0.502,0.038,0.117));
#3977=CARTESIAN_POINT('',(-0.502,0.0305,0.107));
#3978=CARTESIAN_POINT('',(-0.477,0.028,0.142));
#3979=CARTESIAN_POINT('',(-0.477,0.008,0.142));
#3980=CARTESIAN_POINT('',(-0.452,0.008,0.142));
#3981=CARTESIAN_POINT('',(-0.452,0.028,0.142));
#3982=CARTESIAN_POINT('',(-0.452,0.038,0.142));
#3983=CARTESIAN_POINT('',(-0.477,0.038,0.142));
#3984=CARTESIAN_POINT('',(-0.452,0.028,0.117));
#3985=CARTESIAN_POINT('',(-0.452,0.0155,0.107));
#3986=CARTESIAN_POINT('',(-0.452,0.0155,0.107));
#3987=CARTESIAN_POINT('',(-0.452,0.028,0.107));
#3988=CARTESIAN_POINT('',(-0.452,0.0305,0.107));
#3989=CARTESIAN_POINT('',(-0.452,0.0305,0.107));
#3990=CARTESIAN_POINT('',(-0.452,0.038,0.117));
#3991=CARTESIAN_POINT('',(-0.452,0.008,0.117));
#3992=CARTESIAN_POINT('',(-0.477,0.008,0.117));
#3993=CARTESIAN_POINT('',(-0.477,0.038,0.117));
#3994=CARTESIAN_POINT('',(-0.452,0.023,0.107));
#3995=CARTESIAN_POINT('',(-0.452,0.023,0.107));
#3996=CARTESIAN_POINT('',(-0.502,0.023,0.107));
#3997=CARTESIAN_POINT('',(-0.502,0.023,0.107));
#3998=CARTESIAN_POINT('',(-0.502,0.023,0.107));
#3999=CARTESIAN_POINT('',(-0.502,0.023,0.107));
#4000=MECHANICAL_DESIGN_GEOMETRIC_PRESENTATION_REPRESENTATION('',(#2313),
#4017);
#4001=MECHANICAL_DESIGN_GEOMETRIC_PRESENTATION_REPRESENTATION('',(#2314),
#4018);
#4002=MECHANICAL_DESIGN_GEOMETRIC_PRESENTATION_REPRESENTATION('',(#2315),
#4019);
#4003=MECHANICAL_DESIGN_GEOMETRIC_PRESENTATION_REPRESENTATION('',(#2316),
#4020);
#4004=MECHANICAL_DESIGN_GEOMETRIC_PRESENTATION_REPRESENTATION('',(#2317),
#4021);
#4005=MECHANICAL_DESIGN_GEOMETRIC_PRESENTATION_REPRESENTATION('',(#2318),
#4022);
#4006=MECHANICAL_DESIGN_GEOMETRIC_PRESENTATION_REPRESENTATION('',(#2319),
#4023);
#4007=MECHANICAL_DESIGN_GEOMETRIC_PRESENTATION_REPRESENTATION('',(#2320),
#4024);
#4008=MECHANICAL_DESIGN_GEOMETRIC_PRESENTATION_REPRESENTATION('',(#2321),
#4025);
#4009=MECHANICAL_DESIGN_GEOMETRIC_PRESENTATION_REPRESENTATION('',(#2322),
#4026);
#4010=MECHANICAL_DESIGN_GEOMETRIC_PRESENTATION_REPRESENTATION('',(#2323),
#4027);
#4011=MECHANICAL_DESIGN_GEOMETRIC_PRESENTATION_REPRESENTATION('',(#2324),
#4028);
#4012=MECHANICAL_DESIGN_GEOMETRIC_PRESENTATION_REPRESENTATION('',(#2325),
#4029);
#4013=MECHANICAL_DESIGN_GEOMETRIC_PRESENTATION_REPRESENTATION('',(#2326),
#4030);
#4014=MECHANICAL_DESIGN_GEOMETRIC_PRESENTATION_REPRESENTATION('',(#2327),
#4031);
#4015=MECHANICAL_DESIGN_GEOMETRIC_PRESENTATION_REPRESENTATION('',(#2328),
#4032);
#4016=MECHANICAL_DESIGN_GEOMETRIC_PRESENTATION_REPRESENTATION('',(#2329),
#4033);
#4017=(
GEOMETRIC_REPRESENTATION_CONTEXT(3)
GLOBAL_UNCERTAINTY_ASSIGNED_CONTEXT((#4034))
GLOBAL_UNIT_ASSIGNED_CONTEXT((#4085,#4068,#4051))
REPRESENTATION_CONTEXT('Part 103','TOP_LEVEL_ASSEMBLY_PART')
);
#4018=(
GEOMETRIC_REPRESENTATION_CONTEXT(3)
GLOBAL_UNCERTAINTY_ASSIGNED_CONTEXT((#4035))
GLOBAL_UNIT_ASSIGNED_CONTEXT((#4086,#4069,#4052))
REPRESENTATION_CONTEXT('Part 104','TOP_LEVEL_ASSEMBLY_PART')
);
#4019=(
GEOMETRIC_REPRESENTATION_CONTEXT(3)
GLOBAL_UNCERTAINTY_ASSIGNED_CONTEXT((#4036))
GLOBAL_UNIT_ASSIGNED_CONTEXT((#4087,#4070,#4053))
REPRESENTATION_CONTEXT('Part 105','TOP_LEVEL_ASSEMBLY_PART')
);
#4020=(
GEOMETRIC_REPRESENTATION_CONTEXT(3)
GLOBAL_UNCERTAINTY_ASSIGNED_CONTEXT((#4037))
GLOBAL_UNIT_ASSIGNED_CONTEXT((#4088,#4071,#4054))
REPRESENTATION_CONTEXT('Part 106','TOP_LEVEL_ASSEMBLY_PART')
);
#4021=(
GEOMETRIC_REPRESENTATION_CONTEXT(3)
GLOBAL_UNCERTAINTY_ASSIGNED_CONTEXT((#4038))
GLOBAL_UNIT_ASSIGNED_CONTEXT((#4089,#4072,#4055))
REPRESENTATION_CONTEXT('Part 107','TOP_LEVEL_ASSEMBLY_PART')
);
#4022=(
GEOMETRIC_REPRESENTATION_CONTEXT(3)
GLOBAL_UNCERTAINTY_ASSIGNED_CONTEXT((#4039))
GLOBAL_UNIT_ASSIGNED_CONTEXT((#4090,#4073,#4056))
REPRESENTATION_CONTEXT('Part 108','TOP_LEVEL_ASSEMBLY_PART')
);
#4023=(
GEOMETRIC_REPRESENTATION_CONTEXT(3)
GLOBAL_UNCERTAINTY_ASSIGNED_CONTEXT((#4040))
GLOBAL_UNIT_ASSIGNED_CONTEXT((#4091,#4074,#4057))
REPRESENTATION_CONTEXT('Part 109','TOP_LEVEL_ASSEMBLY_PART')
);
#4024=(
GEOMETRIC_REPRESENTATION_CONTEXT(3)
GLOBAL_UNCERTAINTY_ASSIGNED_CONTEXT((#4041))
GLOBAL_UNIT_ASSIGNED_CONTEXT((#4092,#4075,#4058))
REPRESENTATION_CONTEXT('Part 110','TOP_LEVEL_ASSEMBLY_PART')
);
#4025=(
GEOMETRIC_REPRESENTATION_CONTEXT(3)
GLOBAL_UNCERTAINTY_ASSIGNED_CONTEXT((#4042))
GLOBAL_UNIT_ASSIGNED_CONTEXT((#4093,#4076,#4059))
REPRESENTATION_CONTEXT('Part 111','TOP_LEVEL_ASSEMBLY_PART')
);
#4026=(
GEOMETRIC_REPRESENTATION_CONTEXT(3)
GLOBAL_UNCERTAINTY_ASSIGNED_CONTEXT((#4043))
GLOBAL_UNIT_ASSIGNED_CONTEXT((#4094,#4077,#4060))
REPRESENTATION_CONTEXT('Part 112','TOP_LEVEL_ASSEMBLY_PART')
);
#4027=(
GEOMETRIC_REPRESENTATION_CONTEXT(3)
GLOBAL_UNCERTAINTY_ASSIGNED_CONTEXT((#4044))
GLOBAL_UNIT_ASSIGNED_CONTEXT((#4095,#4078,#4061))
REPRESENTATION_CONTEXT('Part 113','TOP_LEVEL_ASSEMBLY_PART')
);
#4028=(
GEOMETRIC_REPRESENTATION_CONTEXT(3)
GLOBAL_UNCERTAINTY_ASSIGNED_CONTEXT((#4045))
GLOBAL_UNIT_ASSIGNED_CONTEXT((#4096,#4079,#4062))
REPRESENTATION_CONTEXT('Part 114','TOP_LEVEL_ASSEMBLY_PART')
);
#4029=(
GEOMETRIC_REPRESENTATION_CONTEXT(3)
GLOBAL_UNCERTAINTY_ASSIGNED_CONTEXT((#4046))
GLOBAL_UNIT_ASSIGNED_CONTEXT((#4097,#4080,#4063))
REPRESENTATION_CONTEXT('Part 115','TOP_LEVEL_ASSEMBLY_PART')
);
#4030=(
GEOMETRIC_REPRESENTATION_CONTEXT(3)
GLOBAL_UNCERTAINTY_ASSIGNED_CONTEXT((#4047))
GLOBAL_UNIT_ASSIGNED_CONTEXT((#4098,#4081,#4064))
REPRESENTATION_CONTEXT('Part 116','TOP_LEVEL_ASSEMBLY_PART')
);
#4031=(
GEOMETRIC_REPRESENTATION_CONTEXT(3)
GLOBAL_UNCERTAINTY_ASSIGNED_CONTEXT((#4048))
GLOBAL_UNIT_ASSIGNED_CONTEXT((#4099,#4082,#4065))
REPRESENTATION_CONTEXT('Part 117','TOP_LEVEL_ASSEMBLY_PART')
);
#4032=(
GEOMETRIC_REPRESENTATION_CONTEXT(3)
GLOBAL_UNCERTAINTY_ASSIGNED_CONTEXT((#4049))
GLOBAL_UNIT_ASSIGNED_CONTEXT((#4100,#4083,#4066))
REPRESENTATION_CONTEXT('Part 118','TOP_LEVEL_ASSEMBLY_PART')
);
#4033=(
GEOMETRIC_REPRESENTATION_CONTEXT(3)
GLOBAL_UNCERTAINTY_ASSIGNED_CONTEXT((#4050))
GLOBAL_UNIT_ASSIGNED_CONTEXT((#4101,#4084,#4067))
REPRESENTATION_CONTEXT('Part 119','TOP_LEVEL_ASSEMBLY_PART')
);
#4034=UNCERTAINTY_MEASURE_WITH_UNIT(LENGTH_MEASURE(1.E-8),#4085,
'DISTANCE_ACCURACY_VALUE','Maximum Tolerance applied to model');
#4035=UNCERTAINTY_MEASURE_WITH_UNIT(LENGTH_MEASURE(1.E-8),#4086,
'DISTANCE_ACCURACY_VALUE','Maximum Tolerance applied to model');
#4036=UNCERTAINTY_MEASURE_WITH_UNIT(LENGTH_MEASURE(1.E-8),#4087,
'DISTANCE_ACCURACY_VALUE','Maximum Tolerance applied to model');
#4037=UNCERTAINTY_MEASURE_WITH_UNIT(LENGTH_MEASURE(1.E-8),#4088,
'DISTANCE_ACCURACY_VALUE','Maximum Tolerance applied to model');
#4038=UNCERTAINTY_MEASURE_WITH_UNIT(LENGTH_MEASURE(1.E-8),#4089,
'DISTANCE_ACCURACY_VALUE','Maximum Tolerance applied to model');
#4039=UNCERTAINTY_MEASURE_WITH_UNIT(LENGTH_MEASURE(1.E-8),#4090,
'DISTANCE_ACCURACY_VALUE','Maximum Tolerance applied to model');
#4040=UNCERTAINTY_MEASURE_WITH_UNIT(LENGTH_MEASURE(1.E-8),#4091,
'DISTANCE_ACCURACY_VALUE','Maximum Tolerance applied to model');
#4041=UNCERTAINTY_MEASURE_WITH_UNIT(LENGTH_MEASURE(1.E-8),#4092,
'DISTANCE_ACCURACY_VALUE','Maximum Tolerance applied to model');
#4042=UNCERTAINTY_MEASURE_WITH_UNIT(LENGTH_MEASURE(1.E-8),#4093,
'DISTANCE_ACCURACY_VALUE','Maximum Tolerance applied to model');
#4043=UNCERTAINTY_MEASURE_WITH_UNIT(LENGTH_MEASURE(1.E-8),#4094,
'DISTANCE_ACCURACY_VALUE','Maximum Tolerance applied to model');
#4044=UNCERTAINTY_MEASURE_WITH_UNIT(LENGTH_MEASURE(1.E-8),#4095,
'DISTANCE_ACCURACY_VALUE','Maximum Tolerance applied to model');
#4045=UNCERTAINTY_MEASURE_WITH_UNIT(LENGTH_MEASURE(1.E-8),#4096,
'DISTANCE_ACCURACY_VALUE','Maximum Tolerance applied to model');
#4046=UNCERTAINTY_MEASURE_WITH_UNIT(LENGTH_MEASURE(1.E-8),#4097,
'DISTANCE_ACCURACY_VALUE','Maximum Tolerance applied to model');
#4047=UNCERTAINTY_MEASURE_WITH_UNIT(LENGTH_MEASURE(1.E-8),#4098,
'DISTANCE_ACCURACY_VALUE','Maximum Tolerance applied to model');
#4048=UNCERTAINTY_MEASURE_WITH_UNIT(LENGTH_MEASURE(1.E-8),#4099,
'DISTANCE_ACCURACY_VALUE','Maximum Tolerance applied to model');
#4049=UNCERTAINTY_MEASURE_WITH_UNIT(LENGTH_MEASURE(1.E-8),#4100,
'DISTANCE_ACCURACY_VALUE','Maximum Tolerance applied to model');
#4050=UNCERTAINTY_MEASURE_WITH_UNIT(LENGTH_MEASURE(1.E-8),#4101,
'DISTANCE_ACCURACY_VALUE','Maximum Tolerance applied to model');
#4051=(
NAMED_UNIT(*)
SI_UNIT($,.STERADIAN.)
SOLID_ANGLE_UNIT()
);
#4052=(
NAMED_UNIT(*)
SI_UNIT($,.STERADIAN.)
SOLID_ANGLE_UNIT()
);
#4053=(
NAMED_UNIT(*)
SI_UNIT($,.STERADIAN.)
SOLID_ANGLE_UNIT()
);
#4054=(
NAMED_UNIT(*)
SI_UNIT($,.STERADIAN.)
SOLID_ANGLE_UNIT()
);
#4055=(
NAMED_UNIT(*)
SI_UNIT($,.STERADIAN.)
SOLID_ANGLE_UNIT()
);
#4056=(
NAMED_UNIT(*)
SI_UNIT($,.STERADIAN.)
SOLID_ANGLE_UNIT()
);
#4057=(
NAMED_UNIT(*)
SI_UNIT($,.STERADIAN.)
SOLID_ANGLE_UNIT()
);
#4058=(
NAMED_UNIT(*)
SI_UNIT($,.STERADIAN.)
SOLID_ANGLE_UNIT()
);
#4059=(
NAMED_UNIT(*)
SI_UNIT($,.STERADIAN.)
SOLID_ANGLE_UNIT()
);
#4060=(
NAMED_UNIT(*)
SI_UNIT($,.STERADIAN.)
SOLID_ANGLE_UNIT()
);
#4061=(
NAMED_UNIT(*)
SI_UNIT($,.STERADIAN.)
SOLID_ANGLE_UNIT()
);
#4062=(
NAMED_UNIT(*)
SI_UNIT($,.STERADIAN.)
SOLID_ANGLE_UNIT()
);
#4063=(
NAMED_UNIT(*)
SI_UNIT($,.STERADIAN.)
SOLID_ANGLE_UNIT()
);
#4064=(
NAMED_UNIT(*)
SI_UNIT($,.STERADIAN.)
SOLID_ANGLE_UNIT()
);
#4065=(
NAMED_UNIT(*)
SI_UNIT($,.STERADIAN.)
SOLID_ANGLE_UNIT()
);
#4066=(
NAMED_UNIT(*)
SI_UNIT($,.STERADIAN.)
SOLID_ANGLE_UNIT()
);
#4067=(
NAMED_UNIT(*)
SI_UNIT($,.STERADIAN.)
SOLID_ANGLE_UNIT()
);
#4068=(
NAMED_UNIT(*)
PLANE_ANGLE_UNIT()
SI_UNIT($,.RADIAN.)
);
#4069=(
NAMED_UNIT(*)
PLANE_ANGLE_UNIT()
SI_UNIT($,.RADIAN.)
);
#4070=(
NAMED_UNIT(*)
PLANE_ANGLE_UNIT()
SI_UNIT($,.RADIAN.)
);
#4071=(
NAMED_UNIT(*)
PLANE_ANGLE_UNIT()
SI_UNIT($,.RADIAN.)
);
#4072=(
NAMED_UNIT(*)
PLANE_ANGLE_UNIT()
SI_UNIT($,.RADIAN.)
);
#4073=(
NAMED_UNIT(*)
PLANE_ANGLE_UNIT()
SI_UNIT($,.RADIAN.)
);
#4074=(
NAMED_UNIT(*)
PLANE_ANGLE_UNIT()
SI_UNIT($,.RADIAN.)
);
#4075=(
NAMED_UNIT(*)
PLANE_ANGLE_UNIT()
SI_UNIT($,.RADIAN.)
);
#4076=(
NAMED_UNIT(*)
PLANE_ANGLE_UNIT()
SI_UNIT($,.RADIAN.)
);
#4077=(
NAMED_UNIT(*)
PLANE_ANGLE_UNIT()
SI_UNIT($,.RADIAN.)
);
#4078=(
NAMED_UNIT(*)
PLANE_ANGLE_UNIT()
SI_UNIT($,.RADIAN.)
);
#4079=(
NAMED_UNIT(*)
PLANE_ANGLE_UNIT()
SI_UNIT($,.RADIAN.)
);
#4080=(
NAMED_UNIT(*)
PLANE_ANGLE_UNIT()
SI_UNIT($,.RADIAN.)
);
#4081=(
NAMED_UNIT(*)
PLANE_ANGLE_UNIT()
SI_UNIT($,.RADIAN.)
);
#4082=(
NAMED_UNIT(*)
PLANE_ANGLE_UNIT()
SI_UNIT($,.RADIAN.)
);
#4083=(
NAMED_UNIT(*)
PLANE_ANGLE_UNIT()
SI_UNIT($,.RADIAN.)
);
#4084=(
NAMED_UNIT(*)
PLANE_ANGLE_UNIT()
SI_UNIT($,.RADIAN.)
);
#4085=(
LENGTH_UNIT()
NAMED_UNIT(*)
SI_UNIT($,.METRE.)
);
#4086=(
LENGTH_UNIT()
NAMED_UNIT(*)
SI_UNIT($,.METRE.)
);
#4087=(
LENGTH_UNIT()
NAMED_UNIT(*)
SI_UNIT($,.METRE.)
);
#4088=(
LENGTH_UNIT()
NAMED_UNIT(*)
SI_UNIT($,.METRE.)
);
#4089=(
LENGTH_UNIT()
NAMED_UNIT(*)
SI_UNIT($,.METRE.)
);
#4090=(
LENGTH_UNIT()
NAMED_UNIT(*)
SI_UNIT($,.METRE.)
);
#4091=(
LENGTH_UNIT()
NAMED_UNIT(*)
SI_UNIT($,.METRE.)
);
#4092=(
LENGTH_UNIT()
NAMED_UNIT(*)
SI_UNIT($,.METRE.)
);
#4093=(
LENGTH_UNIT()
NAMED_UNIT(*)
SI_UNIT($,.METRE.)
);
#4094=(
LENGTH_UNIT()
NAMED_UNIT(*)
SI_UNIT($,.METRE.)
);
#4095=(
LENGTH_UNIT()
NAMED_UNIT(*)
SI_UNIT($,.METRE.)
);
#4096=(
LENGTH_UNIT()
NAMED_UNIT(*)
SI_UNIT($,.METRE.)
);
#4097=(
LENGTH_UNIT()
NAMED_UNIT(*)
SI_UNIT($,.METRE.)
);
#4098=(
LENGTH_UNIT()
NAMED_UNIT(*)
SI_UNIT($,.METRE.)
);
#4099=(
LENGTH_UNIT()
NAMED_UNIT(*)
SI_UNIT($,.METRE.)
);
#4100=(
LENGTH_UNIT()
NAMED_UNIT(*)
SI_UNIT($,.METRE.)
);
#4101=(
LENGTH_UNIT()
NAMED_UNIT(*)
SI_UNIT($,.METRE.)
);
#4102=PRODUCT_DEFINITION_SHAPE('','',#4119);
#4103=PRODUCT_DEFINITION_SHAPE('','',#4120);
#4104=PRODUCT_DEFINITION_SHAPE('','',#4121);
#4105=PRODUCT_DEFINITION_SHAPE('','',#4122);
#4106=PRODUCT_DEFINITION_SHAPE('','',#4123);
#4107=PRODUCT_DEFINITION_SHAPE('','',#4124);
#4108=PRODUCT_DEFINITION_SHAPE('','',#4125);
#4109=PRODUCT_DEFINITION_SHAPE('','',#4126);
#4110=PRODUCT_DEFINITION_SHAPE('','',#4127);
#4111=PRODUCT_DEFINITION_SHAPE('','',#4128);
#4112=PRODUCT_DEFINITION_SHAPE('','',#4129);
#4113=PRODUCT_DEFINITION_SHAPE('','',#4130);
#4114=PRODUCT_DEFINITION_SHAPE('','',#4131);
#4115=PRODUCT_DEFINITION_SHAPE('','',#4132);
#4116=PRODUCT_DEFINITION_SHAPE('','',#4133);
#4117=PRODUCT_DEFINITION_SHAPE('','',#4134);
#4118=PRODUCT_DEFINITION_SHAPE('','',#4135);
#4119=PRODUCT_DEFINITION('','',#4153,#4136);
#4120=PRODUCT_DEFINITION('','',#4154,#4137);
#4121=PRODUCT_DEFINITION('','',#4155,#4138);
#4122=PRODUCT_DEFINITION('','',#4156,#4139);
#4123=PRODUCT_DEFINITION('','',#4157,#4140);
#4124=PRODUCT_DEFINITION('','',#4158,#4141);
#4125=PRODUCT_DEFINITION('','',#4159,#4142);
#4126=PRODUCT_DEFINITION('','',#4160,#4143);
#4127=PRODUCT_DEFINITION('','',#4161,#4144);
#4128=PRODUCT_DEFINITION('','',#4162,#4145);
#4129=PRODUCT_DEFINITION('','',#4163,#4146);
#4130=PRODUCT_DEFINITION('','',#4164,#4147);
#4131=PRODUCT_DEFINITION('','',#4165,#4148);
#4132=PRODUCT_DEFINITION('','',#4166,#4149);
#4133=PRODUCT_DEFINITION('','',#4167,#4150);
#4134=PRODUCT_DEFINITION('','',#4168,#4151);
#4135=PRODUCT_DEFINITION('','',#4169,#4152);
#4136=PRODUCT_DEFINITION_CONTEXT('',#4255,'design');
#4137=PRODUCT_DEFINITION_CONTEXT('',#4256,'design');
#4138=PRODUCT_DEFINITION_CONTEXT('',#4257,'design');
#4139=PRODUCT_DEFINITION_CONTEXT('',#4258,'design');
#4140=PRODUCT_DEFINITION_CONTEXT('',#4259,'design');
#4141=PRODUCT_DEFINITION_CONTEXT('',#4260,'design');
#4142=PRODUCT_DEFINITION_CONTEXT('',#4261,'design');
#4143=PRODUCT_DEFINITION_CONTEXT('',#4262,'design');
#4144=PRODUCT_DEFINITION_CONTEXT('',#4263,'design');
#4145=PRODUCT_DEFINITION_CONTEXT('',#4264,'design');
#4146=PRODUCT_DEFINITION_CONTEXT('',#4265,'design');
#4147=PRODUCT_DEFINITION_CONTEXT('',#4266,'design');
#4148=PRODUCT_DEFINITION_CONTEXT('',#4267,'design');
#4149=PRODUCT_DEFINITION_CONTEXT('',#4268,'design');
#4150=PRODUCT_DEFINITION_CONTEXT('',#4269,'design');
#4151=PRODUCT_DEFINITION_CONTEXT('',#4270,'design');
#4152=PRODUCT_DEFINITION_CONTEXT('',#4271,'design');
#4153=PRODUCT_DEFINITION_FORMATION_WITH_SPECIFIED_SOURCE('','',#4187,
 .NOT_KNOWN.);
#4154=PRODUCT_DEFINITION_FORMATION_WITH_SPECIFIED_SOURCE('','',#4188,
 .NOT_KNOWN.);
#4155=PRODUCT_DEFINITION_FORMATION_WITH_SPECIFIED_SOURCE('','',#4189,
 .NOT_KNOWN.);
#4156=PRODUCT_DEFINITION_FORMATION_WITH_SPECIFIED_SOURCE('','',#4190,
 .NOT_KNOWN.);
#4157=PRODUCT_DEFINITION_FORMATION_WITH_SPECIFIED_SOURCE('','',#4191,
 .NOT_KNOWN.);
#4158=PRODUCT_DEFINITION_FORMATION_WITH_SPECIFIED_SOURCE('','',#4192,
 .NOT_KNOWN.);
#4159=PRODUCT_DEFINITION_FORMATION_WITH_SPECIFIED_SOURCE('','',#4193,
 .NOT_KNOWN.);
#4160=PRODUCT_DEFINITION_FORMATION_WITH_SPECIFIED_SOURCE('','',#4194,
 .NOT_KNOWN.);
#4161=PRODUCT_DEFINITION_FORMATION_WITH_SPECIFIED_SOURCE('','',#4195,
 .NOT_KNOWN.);
#4162=PRODUCT_DEFINITION_FORMATION_WITH_SPECIFIED_SOURCE('','',#4196,
 .NOT_KNOWN.);
#4163=PRODUCT_DEFINITION_FORMATION_WITH_SPECIFIED_SOURCE('','',#4197,
 .NOT_KNOWN.);
#4164=PRODUCT_DEFINITION_FORMATION_WITH_SPECIFIED_SOURCE('','',#4198,
 .NOT_KNOWN.);
#4165=PRODUCT_DEFINITION_FORMATION_WITH_SPECIFIED_SOURCE('','',#4199,
 .NOT_KNOWN.);
#4166=PRODUCT_DEFINITION_FORMATION_WITH_SPECIFIED_SOURCE('','',#4200,
 .NOT_KNOWN.);
#4167=PRODUCT_DEFINITION_FORMATION_WITH_SPECIFIED_SOURCE('','',#4201,
 .NOT_KNOWN.);
#4168=PRODUCT_DEFINITION_FORMATION_WITH_SPECIFIED_SOURCE('','',#4202,
 .NOT_KNOWN.);
#4169=PRODUCT_DEFINITION_FORMATION_WITH_SPECIFIED_SOURCE('','',#4203,
 .NOT_KNOWN.);
#4170=PRODUCT_RELATED_PRODUCT_CATEGORY('','',(#4187));
#4171=PRODUCT_RELATED_PRODUCT_CATEGORY('','',(#4188));
#4172=PRODUCT_RELATED_PRODUCT_CATEGORY('','',(#4189));
#4173=PRODUCT_RELATED_PRODUCT_CATEGORY('','',(#4190));
#4174=PRODUCT_RELATED_PRODUCT_CATEGORY('','',(#4191));
#4175=PRODUCT_RELATED_PRODUCT_CATEGORY('','',(#4192));
#4176=PRODUCT_RELATED_PRODUCT_CATEGORY('','',(#4193));
#4177=PRODUCT_RELATED_PRODUCT_CATEGORY('','',(#4194));
#4178=PRODUCT_RELATED_PRODUCT_CATEGORY('','',(#4195));
#4179=PRODUCT_RELATED_PRODUCT_CATEGORY('','',(#4196));
#4180=PRODUCT_RELATED_PRODUCT_CATEGORY('','',(#4197));
#4181=PRODUCT_RELATED_PRODUCT_CATEGORY('','',(#4198));
#4182=PRODUCT_RELATED_PRODUCT_CATEGORY('','',(#4199));
#4183=PRODUCT_RELATED_PRODUCT_CATEGORY('','',(#4200));
#4184=PRODUCT_RELATED_PRODUCT_CATEGORY('','',(#4201));
#4185=PRODUCT_RELATED_PRODUCT_CATEGORY('','',(#4202));
#4186=PRODUCT_RELATED_PRODUCT_CATEGORY('','',(#4203));
#4187=PRODUCT('Part 103','Part 103','Part 103',(#4221));
#4188=PRODUCT('Part 104','Part 104','Part 104',(#4222));
#4189=PRODUCT('Part 105','Part 105','Part 105',(#4223));
#4190=PRODUCT('Part 106','Part 106','Part 106',(#4224));
#4191=PRODUCT('Part 107','Part 107','Part 107',(#4225));
#4192=PRODUCT('Part 108','Part 108','Part 108',(#4226));
#4193=PRODUCT('Part 109','Part 109','Part 109',(#4227));
#4194=PRODUCT('Part 110','Part 110','Part 110',(#4228));
#4195=PRODUCT('Part 111','Part 111','Part 111',(#4229));
#4196=PRODUCT('Part 112','Part 112','Part 112',(#4230));
#4197=PRODUCT('Part 113','Part 113','Part 113',(#4231));
#4198=PRODUCT('Part 114','Part 114','Part 114',(#4232));
#4199=PRODUCT('Part 115','Part 115','Part 115',(#4233));
#4200=PRODUCT('Part 116','Part 116','Part 116',(#4234));
#4201=PRODUCT('Part 117','Part 117','Part 117',(#4235));
#4202=PRODUCT('Part 118','Part 118','Part 118',(#4236));
#4203=PRODUCT('Part 119','Part 119','Part 119',(#4237));
#4204=PRODUCT_CATEGORY('','');
#4205=PRODUCT_CATEGORY('','');
#4206=PRODUCT_CATEGORY('','');
#4207=PRODUCT_CATEGORY('','');
#4208=PRODUCT_CATEGORY('','');
#4209=PRODUCT_CATEGORY('','');
#4210=PRODUCT_CATEGORY('','');
#4211=PRODUCT_CATEGORY('','');
#4212=PRODUCT_CATEGORY('','');
#4213=PRODUCT_CATEGORY('','');
#4214=PRODUCT_CATEGORY('','');
#4215=PRODUCT_CATEGORY('','');
#4216=PRODUCT_CATEGORY('','');
#4217=PRODUCT_CATEGORY('','');
#4218=PRODUCT_CATEGORY('','');
#4219=PRODUCT_CATEGORY('','');
#4220=PRODUCT_CATEGORY('','');
#4221=PRODUCT_CONTEXT('',#4255,'mechanical');
#4222=PRODUCT_CONTEXT('',#4256,'mechanical');
#4223=PRODUCT_CONTEXT('',#4257,'mechanical');
#4224=PRODUCT_CONTEXT('',#4258,'mechanical');
#4225=PRODUCT_CONTEXT('',#4259,'mechanical');
#4226=PRODUCT_CONTEXT('',#4260,'mechanical');
#4227=PRODUCT_CONTEXT('',#4261,'mechanical');
#4228=PRODUCT_CONTEXT('',#4262,'mechanical');
#4229=PRODUCT_CONTEXT('',#4263,'mechanical');
#4230=PRODUCT_CONTEXT('',#4264,'mechanical');
#4231=PRODUCT_CONTEXT('',#4265,'mechanical');
#4232=PRODUCT_CONTEXT('',#4266,'mechanical');
#4233=PRODUCT_CONTEXT('',#4267,'mechanical');
#4234=PRODUCT_CONTEXT('',#4268,'mechanical');
#4235=PRODUCT_CONTEXT('',#4269,'mechanical');
#4236=PRODUCT_CONTEXT('',#4270,'mechanical');
#4237=PRODUCT_CONTEXT('',#4271,'mechanical');
#4238=APPLICATION_PROTOCOL_DEFINITION('international standard',
'ap242_managed_model_based_3d_engineering',2011,#4255);
#4239=APPLICATION_PROTOCOL_DEFINITION('international standard',
'ap242_managed_model_based_3d_engineering',2011,#4256);
#4240=APPLICATION_PROTOCOL_DEFINITION('international standard',
'ap242_managed_model_based_3d_engineering',2011,#4257);
#4241=APPLICATION_PROTOCOL_DEFINITION('international standard',
'ap242_managed_model_based_3d_engineering',2011,#4258);
#4242=APPLICATION_PROTOCOL_DEFINITION('international standard',
'ap242_managed_model_based_3d_engineering',2011,#4259);
#4243=APPLICATION_PROTOCOL_DEFINITION('international standard',
'ap242_managed_model_based_3d_engineering',2011,#4260);
#4244=APPLICATION_PROTOCOL_DEFINITION('international standard',
'ap242_managed_model_based_3d_engineering',2011,#4261);
#4245=APPLICATION_PROTOCOL_DEFINITION('international standard',
'ap242_managed_model_based_3d_engineering',2011,#4262);
#4246=APPLICATION_PROTOCOL_DEFINITION('international standard',
'ap242_managed_model_based_3d_engineering',2011,#4263);
#4247=APPLICATION_PROTOCOL_DEFINITION('international standard',
'ap242_managed_model_based_3d_engineering',2011,#4264);
#4248=APPLICATION_PROTOCOL_DEFINITION('international standard',
'ap242_managed_model_based_3d_engineering',2011,#4265);
#4249=APPLICATION_PROTOCOL_DEFINITION('international standard',
'ap242_managed_model_based_3d_engineering',2011,#4266);
#4250=APPLICATION_PROTOCOL_DEFINITION('international standard',
'ap242_managed_model_based_3d_engineering',2011,#4267);
#4251=APPLICATION_PROTOCOL_DEFINITION('international standard',
'ap242_managed_model_based_3d_engineering',2011,#4268);
#4252=APPLICATION_PROTOCOL_DEFINITION('international standard',
'ap242_managed_model_based_3d_engineering',2011,#4269);
#4253=APPLICATION_PROTOCOL_DEFINITION('international standard',
'ap242_managed_model_based_3d_engineering',2011,#4270);
#4254=APPLICATION_PROTOCOL_DEFINITION('international standard',
'ap242_managed_model_based_3d_engineering',2011,#4271);
#4255=APPLICATION_CONTEXT('managed model based 3d engineering');
#4256=APPLICATION_CONTEXT('managed model based 3d engineering');
#4257=APPLICATION_CONTEXT('managed model based 3d engineering');
#4258=APPLICATION_CONTEXT('managed model based 3d engineering');
#4259=APPLICATION_CONTEXT('managed model based 3d engineering');
#4260=APPLICATION_CONTEXT('managed model based 3d engineering');
#4261=APPLICATION_CONTEXT('managed model based 3d engineering');
#4262=APPLICATION_CONTEXT('managed model based 3d engineering');
#4263=APPLICATION_CONTEXT('managed model based 3d engineering');
#4264=APPLICATION_CONTEXT('managed model based 3d engineering');
#4265=APPLICATION_CONTEXT('managed model based 3d engineering');
#4266=APPLICATION_CONTEXT('managed model based 3d engineering');
#4267=APPLICATION_CONTEXT('managed model based 3d engineering');
#4268=APPLICATION_CONTEXT('managed model based 3d engineering');
#4269=APPLICATION_CONTEXT('managed model based 3d engineering');
#4270=APPLICATION_CONTEXT('managed model based 3d engineering');
#4271=APPLICATION_CONTEXT('managed model based 3d engineering');
ENDSEC;
END-ISO-10303-21;
