solid ASCII
  facet normal 0.000000e+00 -1.000000e+00 0.000000e+00
    outer loop
      vertex   3.849500e+02 3.550500e+02 1.000000e+01
      vertex   3.849500e+02 3.550500e+02 1.500000e+01
      vertex   3.500000e+02 3.550500e+02 1.000000e+01
    endloop
  endfacet
  facet normal 0.000000e+00 -1.000000e+00 0.000000e+00
    outer loop
      vertex   3.500000e+02 3.550500e+02 1.000000e+01
      vertex   3.849500e+02 3.550500e+02 1.500000e+01
      vertex   3.500000e+02 3.550500e+02 1.500000e+01
    endloop
  endfacet
  facet normal 0.000000e+00 -1.000000e+00 0.000000e+00
    outer loop
      vertex   4.199500e+02 3.550500e+02 1.000000e+01
      vertex   4.199500e+02 3.550500e+02 1.500000e+01
      vertex   3.850500e+02 3.550500e+02 1.000000e+01
    endloop
  endfacet
  facet normal 0.000000e+00 -1.000000e+00 0.000000e+00
    outer loop
      vertex   3.850500e+02 3.550500e+02 1.000000e+01
      vertex   4.199500e+02 3.550500e+02 1.500000e+01
      vertex   3.850500e+02 3.550500e+02 1.500000e+01
    endloop
  endfacet
  facet normal 0.000000e+00 -1.000000e+00 0.000000e+00
    outer loop
      vertex   4.549500e+02 3.550500e+02 1.000000e+01
      vertex   4.549500e+02 3.550500e+02 1.500000e+01
      vertex   4.200500e+02 3.550500e+02 1.000000e+01
    endloop
  endfacet
  facet normal 0.000000e+00 -1.000000e+00 0.000000e+00
    outer loop
      vertex   4.200500e+02 3.550500e+02 1.000000e+01
      vertex   4.549500e+02 3.550500e+02 1.500000e+01
      vertex   4.200500e+02 3.550500e+02 1.500000e+01
    endloop
  endfacet
  facet normal 0.000000e+00 -1.000000e+00 0.000000e+00
    outer loop
      vertex   4.899500e+02 3.550500e+02 1.000000e+01
      vertex   4.899500e+02 3.550500e+02 1.500000e+01
      vertex   4.550500e+02 3.550500e+02 1.000000e+01
    endloop
  endfacet
  facet normal 0.000000e+00 -1.000000e+00 0.000000e+00
    outer loop
      vertex   4.550500e+02 3.550500e+02 1.000000e+01
      vertex   4.899500e+02 3.550500e+02 1.500000e+01
      vertex   4.550500e+02 3.550500e+02 1.500000e+01
    endloop
  endfacet
  facet normal 0.000000e+00 -1.000000e+00 0.000000e+00
    outer loop
      vertex   5.249500e+02 3.550500e+02 1.000000e+01
      vertex   5.249500e+02 3.550500e+02 1.500000e+01
      vertex   4.900500e+02 3.550500e+02 1.000000e+01
    endloop
  endfacet
  facet normal 0.000000e+00 -1.000000e+00 0.000000e+00
    outer loop
      vertex   4.900500e+02 3.550500e+02 1.000000e+01
      vertex   5.249500e+02 3.550500e+02 1.500000e+01
      vertex   4.900500e+02 3.550500e+02 1.500000e+01
    endloop
  endfacet
  facet normal 0.000000e+00 -1.000000e+00 0.000000e+00
    outer loop
      vertex   5.599500e+02 3.550500e+02 1.000000e+01
      vertex   5.599500e+02 3.550500e+02 1.500000e+01
      vertex   5.250500e+02 3.550500e+02 1.000000e+01
    endloop
  endfacet
  facet normal 0.000000e+00 -1.000000e+00 0.000000e+00
    outer loop
      vertex   5.250500e+02 3.550500e+02 1.000000e+01
      vertex   5.599500e+02 3.550500e+02 1.500000e+01
      vertex   5.250500e+02 3.550500e+02 1.500000e+01
    endloop
  endfacet
  facet normal 0.000000e+00 -1.000000e+00 0.000000e+00
    outer loop
      vertex   5.949500e+02 3.550500e+02 1.000000e+01
      vertex   5.949500e+02 3.550500e+02 1.500000e+01
      vertex   5.600500e+02 3.550500e+02 1.000000e+01
    endloop
  endfacet
  facet normal 0.000000e+00 -1.000000e+00 0.000000e+00
    outer loop
      vertex   5.600500e+02 3.550500e+02 1.000000e+01
      vertex   5.949500e+02 3.550500e+02 1.500000e+01
      vertex   5.600500e+02 3.550500e+02 1.500000e+01
    endloop
  endfacet
  facet normal 0.000000e+00 -1.000000e+00 0.000000e+00
    outer loop
      vertex   5.950500e+02 3.550500e+02 1.500000e+01
      vertex   5.950500e+02 3.550500e+02 1.000000e+01
      vertex   6.300000e+02 3.550500e+02 1.500000e+01
    endloop
  endfacet
  facet normal 0.000000e+00 -1.000000e+00 -0.000000e+00
    outer loop
      vertex   6.300000e+02 3.550500e+02 1.500000e+01
      vertex   5.950500e+02 3.550500e+02 1.000000e+01
      vertex   6.300000e+02 3.550500e+02 1.000000e+01
    endloop
  endfacet
  facet normal 0.000000e+00 0.000000e+00 1.000000e+00
    outer loop
      vertex   5.949500e+02 3.550500e+02 1.000000e+01
      vertex   5.600500e+02 3.550500e+02 1.000000e+01
      vertex   5.949500e+02 3.549500e+02 1.000000e+01
    endloop
  endfacet
  facet normal 0.000000e+00 0.000000e+00 1.000000e+00
    outer loop
      vertex   5.949500e+02 3.549500e+02 1.000000e+01
      vertex   5.600500e+02 3.550500e+02 1.000000e+01
      vertex   5.600500e+02 3.549500e+02 1.000000e+01
    endloop
  endfacet
  facet normal 0.000000e+00 0.000000e+00 1.000000e+00
    outer loop
      vertex   5.599500e+02 3.550500e+02 1.000000e+01
      vertex   5.250500e+02 3.550500e+02 1.000000e+01
      vertex   5.599500e+02 3.549500e+02 1.000000e+01
    endloop
  endfacet
  facet normal 0.000000e+00 0.000000e+00 1.000000e+00
    outer loop
      vertex   5.599500e+02 3.549500e+02 1.000000e+01
      vertex   5.250500e+02 3.550500e+02 1.000000e+01
      vertex   5.250500e+02 3.549500e+02 1.000000e+01
    endloop
  endfacet
  facet normal 0.000000e+00 0.000000e+00 1.000000e+00
    outer loop
      vertex   5.249500e+02 3.550500e+02 1.000000e+01
      vertex   4.900500e+02 3.550500e+02 1.000000e+01
      vertex   5.249500e+02 3.549500e+02 1.000000e+01
    endloop
  endfacet
  facet normal 0.000000e+00 0.000000e+00 1.000000e+00
    outer loop
      vertex   5.249500e+02 3.549500e+02 1.000000e+01
      vertex   4.900500e+02 3.550500e+02 1.000000e+01
      vertex   4.900500e+02 3.549500e+02 1.000000e+01
    endloop
  endfacet
  facet normal 0.000000e+00 0.000000e+00 1.000000e+00
    outer loop
      vertex   4.899500e+02 3.550500e+02 1.000000e+01
      vertex   4.550500e+02 3.550500e+02 1.000000e+01
      vertex   4.899500e+02 3.549500e+02 1.000000e+01
    endloop
  endfacet
  facet normal 0.000000e+00 0.000000e+00 1.000000e+00
    outer loop
      vertex   4.899500e+02 3.549500e+02 1.000000e+01
      vertex   4.550500e+02 3.550500e+02 1.000000e+01
      vertex   4.550500e+02 3.549500e+02 1.000000e+01
    endloop
  endfacet
  facet normal 0.000000e+00 0.000000e+00 1.000000e+00
    outer loop
      vertex   4.549500e+02 3.550500e+02 1.000000e+01
      vertex   4.200500e+02 3.550500e+02 1.000000e+01
      vertex   4.549500e+02 3.549500e+02 1.000000e+01
    endloop
  endfacet
  facet normal 0.000000e+00 0.000000e+00 1.000000e+00
    outer loop
      vertex   4.549500e+02 3.549500e+02 1.000000e+01
      vertex   4.200500e+02 3.550500e+02 1.000000e+01
      vertex   4.200500e+02 3.549500e+02 1.000000e+01
    endloop
  endfacet
  facet normal 0.000000e+00 0.000000e+00 1.000000e+00
    outer loop
      vertex   4.199500e+02 3.550500e+02 1.000000e+01
      vertex   3.850500e+02 3.550500e+02 1.000000e+01
      vertex   4.199500e+02 3.549500e+02 1.000000e+01
    endloop
  endfacet
  facet normal 0.000000e+00 0.000000e+00 1.000000e+00
    outer loop
      vertex   4.199500e+02 3.549500e+02 1.000000e+01
      vertex   3.850500e+02 3.550500e+02 1.000000e+01
      vertex   3.850500e+02 3.549500e+02 1.000000e+01
    endloop
  endfacet
  facet normal 0.000000e+00 1.000000e+00 0.000000e+00
    outer loop
      vertex   3.849500e+02 3.549500e+02 1.500000e+01
      vertex   3.849500e+02 3.549500e+02 1.000000e+01
      vertex   3.500000e+02 3.549500e+02 1.500000e+01
    endloop
  endfacet
  facet normal 0.000000e+00 1.000000e+00 0.000000e+00
    outer loop
      vertex   3.500000e+02 3.549500e+02 1.500000e+01
      vertex   3.849500e+02 3.549500e+02 1.000000e+01
      vertex   3.500000e+02 3.549500e+02 1.000000e+01
    endloop
  endfacet
  facet normal 0.000000e+00 1.000000e+00 0.000000e+00
    outer loop
      vertex   5.949500e+02 3.549500e+02 1.500000e+01
      vertex   5.949500e+02 3.549500e+02 1.000000e+01
      vertex   5.600500e+02 3.549500e+02 1.500000e+01
    endloop
  endfacet
  facet normal 0.000000e+00 1.000000e+00 0.000000e+00
    outer loop
      vertex   5.600500e+02 3.549500e+02 1.500000e+01
      vertex   5.949500e+02 3.549500e+02 1.000000e+01
      vertex   5.600500e+02 3.549500e+02 1.000000e+01
    endloop
  endfacet
  facet normal 0.000000e+00 1.000000e+00 0.000000e+00
    outer loop
      vertex   5.599500e+02 3.549500e+02 1.500000e+01
      vertex   5.599500e+02 3.549500e+02 1.000000e+01
      vertex   5.250500e+02 3.549500e+02 1.500000e+01
    endloop
  endfacet
  facet normal 0.000000e+00 1.000000e+00 0.000000e+00
    outer loop
      vertex   5.250500e+02 3.549500e+02 1.500000e+01
      vertex   5.599500e+02 3.549500e+02 1.000000e+01
      vertex   5.250500e+02 3.549500e+02 1.000000e+01
    endloop
  endfacet
  facet normal 0.000000e+00 1.000000e+00 0.000000e+00
    outer loop
      vertex   5.249500e+02 3.549500e+02 1.500000e+01
      vertex   5.249500e+02 3.549500e+02 1.000000e+01
      vertex   4.900500e+02 3.549500e+02 1.500000e+01
    endloop
  endfacet
  facet normal 0.000000e+00 1.000000e+00 0.000000e+00
    outer loop
      vertex   4.900500e+02 3.549500e+02 1.500000e+01
      vertex   5.249500e+02 3.549500e+02 1.000000e+01
      vertex   4.900500e+02 3.549500e+02 1.000000e+01
    endloop
  endfacet
  facet normal 0.000000e+00 1.000000e+00 0.000000e+00
    outer loop
      vertex   4.899500e+02 3.549500e+02 1.500000e+01
      vertex   4.899500e+02 3.549500e+02 1.000000e+01
      vertex   4.550500e+02 3.549500e+02 1.500000e+01
    endloop
  endfacet
  facet normal 0.000000e+00 1.000000e+00 0.000000e+00
    outer loop
      vertex   4.550500e+02 3.549500e+02 1.500000e+01
      vertex   4.899500e+02 3.549500e+02 1.000000e+01
      vertex   4.550500e+02 3.549500e+02 1.000000e+01
    endloop
  endfacet
  facet normal 0.000000e+00 1.000000e+00 0.000000e+00
    outer loop
      vertex   4.549500e+02 3.549500e+02 1.500000e+01
      vertex   4.549500e+02 3.549500e+02 1.000000e+01
      vertex   4.200500e+02 3.549500e+02 1.500000e+01
    endloop
  endfacet
  facet normal 0.000000e+00 1.000000e+00 0.000000e+00
    outer loop
      vertex   4.200500e+02 3.549500e+02 1.500000e+01
      vertex   4.549500e+02 3.549500e+02 1.000000e+01
      vertex   4.200500e+02 3.549500e+02 1.000000e+01
    endloop
  endfacet
  facet normal 0.000000e+00 1.000000e+00 0.000000e+00
    outer loop
      vertex   4.199500e+02 3.549500e+02 1.500000e+01
      vertex   4.199500e+02 3.549500e+02 1.000000e+01
      vertex   3.850500e+02 3.549500e+02 1.500000e+01
    endloop
  endfacet
  facet normal 0.000000e+00 1.000000e+00 0.000000e+00
    outer loop
      vertex   3.850500e+02 3.549500e+02 1.500000e+01
      vertex   4.199500e+02 3.549500e+02 1.000000e+01
      vertex   3.850500e+02 3.549500e+02 1.000000e+01
    endloop
  endfacet
  facet normal 0.000000e+00 1.000000e+00 0.000000e+00
    outer loop
      vertex   5.950500e+02 3.549500e+02 1.000000e+01
      vertex   5.950500e+02 3.549500e+02 1.500000e+01
      vertex   6.300000e+02 3.549500e+02 1.000000e+01
    endloop
  endfacet
  facet normal 0.000000e+00 1.000000e+00 -0.000000e+00
    outer loop
      vertex   6.300000e+02 3.549500e+02 1.000000e+01
      vertex   5.950500e+02 3.549500e+02 1.500000e+01
      vertex   6.300000e+02 3.549500e+02 1.500000e+01
    endloop
  endfacet
  facet normal 1.000000e+00 0.000000e+00 0.000000e+00
    outer loop
      vertex   6.300000e+02 3.549500e+02 1.500000e+01
      vertex   6.300000e+02 3.200500e+02 1.500000e+01
      vertex   6.300000e+02 3.549500e+02 1.000000e+01
    endloop
  endfacet
  facet normal 1.000000e+00 0.000000e+00 0.000000e+00
    outer loop
      vertex   6.300000e+02 3.549500e+02 1.000000e+01
      vertex   6.300000e+02 3.200500e+02 1.500000e+01
      vertex   6.300000e+02 3.200500e+02 1.000000e+01
    endloop
  endfacet
  facet normal 0.000000e+00 0.000000e+00 1.000000e+00
    outer loop
      vertex   6.300000e+02 3.549500e+02 1.500000e+01
      vertex   5.950500e+02 3.549500e+02 1.500000e+01
      vertex   6.300000e+02 3.200500e+02 1.500000e+01
    endloop
  endfacet
  facet normal 0.000000e+00 0.000000e+00 1.000000e+00
    outer loop
      vertex   6.300000e+02 3.200500e+02 1.500000e+01
      vertex   5.950500e+02 3.549500e+02 1.500000e+01
      vertex   5.950500e+02 3.200500e+02 1.500000e+01
    endloop
  endfacet
  facet normal 0.000000e+00 0.000000e+00 1.000000e+00
    outer loop
      vertex   5.950500e+02 3.550500e+02 1.500000e+01
      vertex   6.300000e+02 3.550500e+02 1.500000e+01
      vertex   5.950500e+02 3.900000e+02 1.500000e+01
    endloop
  endfacet
  facet normal -0.000000e+00 0.000000e+00 1.000000e+00
    outer loop
      vertex   5.950500e+02 3.900000e+02 1.500000e+01
      vertex   6.300000e+02 3.550500e+02 1.500000e+01
      vertex   6.300000e+02 3.900000e+02 1.500000e+01
    endloop
  endfacet
  facet normal 1.000000e+00 -0.000000e+00 0.000000e+00
    outer loop
      vertex   4.199500e+02 3.550500e+02 1.500000e+01
      vertex   4.199500e+02 3.550500e+02 1.000000e+01
      vertex   4.199500e+02 3.900000e+02 1.500000e+01
    endloop
  endfacet
  facet normal 1.000000e+00 0.000000e+00 0.000000e+00
    outer loop
      vertex   4.199500e+02 3.900000e+02 1.500000e+01
      vertex   4.199500e+02 3.550500e+02 1.000000e+01
      vertex   4.199500e+02 3.900000e+02 1.000000e+01
    endloop
  endfacet
  facet normal 1.000000e+00 0.000000e+00 0.000000e+00
    outer loop
      vertex   4.199500e+02 3.900000e+02 1.000000e+01
      vertex   4.199500e+02 3.550500e+02 1.000000e+01
      vertex   4.199500e+02 3.900000e+02 5.000000e+00
    endloop
  endfacet
  facet normal 1.000000e+00 0.000000e+00 0.000000e+00
    outer loop
      vertex   4.199500e+02 3.900000e+02 5.000000e+00
      vertex   4.199500e+02 3.550500e+02 1.000000e+01
      vertex   4.199500e+02 3.549500e+02 1.000000e+01
    endloop
  endfacet
  facet normal 1.000000e+00 0.000000e+00 0.000000e+00
    outer loop
      vertex   4.199500e+02 3.900000e+02 5.000000e+00
      vertex   4.199500e+02 3.549500e+02 1.000000e+01
      vertex   4.199500e+02 3.200500e+02 1.000000e+01
    endloop
  endfacet
  facet normal 1.000000e+00 0.000000e+00 0.000000e+00
    outer loop
      vertex   4.199500e+02 3.200500e+02 1.000000e+01
      vertex   4.199500e+02 3.549500e+02 1.000000e+01
      vertex   4.199500e+02 3.549500e+02 1.500000e+01
    endloop
  endfacet
  facet normal 1.000000e+00 0.000000e+00 0.000000e+00
    outer loop
      vertex   4.199500e+02 3.200500e+02 1.000000e+01
      vertex   4.199500e+02 3.549500e+02 1.500000e+01
      vertex   4.199500e+02 3.200500e+02 1.500000e+01
    endloop
  endfacet
  facet normal 1.000000e+00 0.000000e+00 0.000000e+00
    outer loop
      vertex   4.199500e+02 3.200500e+02 1.000000e+01
      vertex   4.199500e+02 3.199500e+02 1.000000e+01
      vertex   4.199500e+02 3.900000e+02 5.000000e+00
    endloop
  endfacet
  facet normal 1.000000e+00 0.000000e+00 0.000000e+00
    outer loop
      vertex   4.199500e+02 3.900000e+02 5.000000e+00
      vertex   4.199500e+02 3.199500e+02 1.000000e+01
      vertex   4.199500e+02 2.850500e+02 1.000000e+01
    endloop
  endfacet
  facet normal 1.000000e+00 0.000000e+00 0.000000e+00
    outer loop
      vertex   4.199500e+02 3.900000e+02 5.000000e+00
      vertex   4.199500e+02 2.850500e+02 1.000000e+01
      vertex   4.199500e+02 2.849500e+02 1.000000e+01
    endloop
  endfacet
  facet normal 1.000000e+00 0.000000e+00 -0.000000e+00
    outer loop
      vertex   4.199500e+02 3.199500e+02 1.000000e+01
      vertex   4.199500e+02 3.199500e+02 1.500000e+01
      vertex   4.199500e+02 2.850500e+02 1.000000e+01
    endloop
  endfacet
  facet normal 1.000000e+00 0.000000e+00 0.000000e+00
    outer loop
      vertex   4.199500e+02 2.850500e+02 1.000000e+01
      vertex   4.199500e+02 3.199500e+02 1.500000e+01
      vertex   4.199500e+02 2.850500e+02 1.500000e+01
    endloop
  endfacet
  facet normal 1.000000e+00 0.000000e+00 0.000000e+00
    outer loop
      vertex   4.199500e+02 3.900000e+02 5.000000e+00
      vertex   4.199500e+02 2.849500e+02 1.000000e+01
      vertex   4.199500e+02 2.500500e+02 1.000000e+01
    endloop
  endfacet
  facet normal 1.000000e+00 0.000000e+00 0.000000e+00
    outer loop
      vertex   4.199500e+02 2.500500e+02 1.000000e+01
      vertex   4.199500e+02 2.849500e+02 1.000000e+01
      vertex   4.199500e+02 2.849500e+02 1.500000e+01
    endloop
  endfacet
  facet normal 1.000000e+00 0.000000e+00 0.000000e+00
    outer loop
      vertex   4.199500e+02 2.500500e+02 1.000000e+01
      vertex   4.199500e+02 2.849500e+02 1.500000e+01
      vertex   4.199500e+02 2.500500e+02 1.500000e+01
    endloop
  endfacet
  facet normal 1.000000e+00 0.000000e+00 0.000000e+00
    outer loop
      vertex   4.199500e+02 3.900000e+02 5.000000e+00
      vertex   4.199500e+02 2.500500e+02 1.000000e+01
      vertex   4.199500e+02 1.100000e+02 5.000000e+00
    endloop
  endfacet
  facet normal 1.000000e+00 0.000000e+00 0.000000e+00
    outer loop
      vertex   4.199500e+02 1.100000e+02 5.000000e+00
      vertex   4.199500e+02 2.500500e+02 1.000000e+01
      vertex   4.199500e+02 2.499500e+02 1.000000e+01
    endloop
  endfacet
  facet normal 1.000000e+00 0.000000e+00 0.000000e+00
    outer loop
      vertex   4.199500e+02 1.100000e+02 5.000000e+00
      vertex   4.199500e+02 2.499500e+02 1.000000e+01
      vertex   4.199500e+02 2.150500e+02 1.000000e+01
    endloop
  endfacet
  facet normal 1.000000e+00 0.000000e+00 0.000000e+00
    outer loop
      vertex   4.199500e+02 2.150500e+02 1.000000e+01
      vertex   4.199500e+02 2.499500e+02 1.000000e+01
      vertex   4.199500e+02 2.499500e+02 1.500000e+01
    endloop
  endfacet
  facet normal 1.000000e+00 0.000000e+00 0.000000e+00
    outer loop
      vertex   4.199500e+02 2.150500e+02 1.000000e+01
      vertex   4.199500e+02 2.499500e+02 1.500000e+01
      vertex   4.199500e+02 2.150500e+02 1.500000e+01
    endloop
  endfacet
  facet normal 1.000000e+00 0.000000e+00 0.000000e+00
    outer loop
      vertex   4.199500e+02 2.150500e+02 1.000000e+01
      vertex   4.199500e+02 2.149500e+02 1.000000e+01
      vertex   4.199500e+02 1.100000e+02 5.000000e+00
    endloop
  endfacet
  facet normal 1.000000e+00 0.000000e+00 0.000000e+00
    outer loop
      vertex   4.199500e+02 1.100000e+02 5.000000e+00
      vertex   4.199500e+02 2.149500e+02 1.000000e+01
      vertex   4.199500e+02 1.800500e+02 1.000000e+01
    endloop
  endfacet
  facet normal 1.000000e+00 0.000000e+00 0.000000e+00
    outer loop
      vertex   4.199500e+02 1.100000e+02 5.000000e+00
      vertex   4.199500e+02 1.800500e+02 1.000000e+01
      vertex   4.199500e+02 1.799500e+02 1.000000e+01
    endloop
  endfacet
  facet normal 1.000000e+00 0.000000e+00 -0.000000e+00
    outer loop
      vertex   4.199500e+02 2.149500e+02 1.000000e+01
      vertex   4.199500e+02 2.149500e+02 1.500000e+01
      vertex   4.199500e+02 1.800500e+02 1.000000e+01
    endloop
  endfacet
  facet normal 1.000000e+00 0.000000e+00 0.000000e+00
    outer loop
      vertex   4.199500e+02 1.800500e+02 1.000000e+01
      vertex   4.199500e+02 2.149500e+02 1.500000e+01
      vertex   4.199500e+02 1.800500e+02 1.500000e+01
    endloop
  endfacet
  facet normal 1.000000e+00 0.000000e+00 0.000000e+00
    outer loop
      vertex   4.199500e+02 1.100000e+02 5.000000e+00
      vertex   4.199500e+02 1.799500e+02 1.000000e+01
      vertex   4.199500e+02 1.450500e+02 1.000000e+01
    endloop
  endfacet
  facet normal 1.000000e+00 0.000000e+00 0.000000e+00
    outer loop
      vertex   4.199500e+02 1.450500e+02 1.000000e+01
      vertex   4.199500e+02 1.799500e+02 1.000000e+01
      vertex   4.199500e+02 1.799500e+02 1.500000e+01
    endloop
  endfacet
  facet normal 1.000000e+00 0.000000e+00 0.000000e+00
    outer loop
      vertex   4.199500e+02 1.450500e+02 1.000000e+01
      vertex   4.199500e+02 1.799500e+02 1.500000e+01
      vertex   4.199500e+02 1.450500e+02 1.500000e+01
    endloop
  endfacet
  facet normal 1.000000e+00 0.000000e+00 0.000000e+00
    outer loop
      vertex   4.199500e+02 1.450500e+02 1.000000e+01
      vertex   4.199500e+02 1.449500e+02 1.000000e+01
      vertex   4.199500e+02 1.100000e+02 5.000000e+00
    endloop
  endfacet
  facet normal 1.000000e+00 0.000000e+00 0.000000e+00
    outer loop
      vertex   4.199500e+02 1.100000e+02 5.000000e+00
      vertex   4.199500e+02 1.449500e+02 1.000000e+01
      vertex   4.199500e+02 1.100000e+02 1.000000e+01
    endloop
  endfacet
  facet normal 1.000000e+00 0.000000e+00 0.000000e+00
    outer loop
      vertex   4.199500e+02 1.100000e+02 1.000000e+01
      vertex   4.199500e+02 1.449500e+02 1.000000e+01
      vertex   4.199500e+02 1.449500e+02 1.500000e+01
    endloop
  endfacet
  facet normal 1.000000e+00 0.000000e+00 0.000000e+00
    outer loop
      vertex   4.199500e+02 1.100000e+02 1.000000e+01
      vertex   4.199500e+02 1.449500e+02 1.500000e+01
      vertex   4.199500e+02 1.100000e+02 1.500000e+01
    endloop
  endfacet
  facet normal 0.000000e+00 0.000000e+00 1.000000e+00
    outer loop
      vertex   4.199500e+02 3.549500e+02 1.500000e+01
      vertex   3.850500e+02 3.549500e+02 1.500000e+01
      vertex   4.199500e+02 3.200500e+02 1.500000e+01
    endloop
  endfacet
  facet normal 0.000000e+00 0.000000e+00 1.000000e+00
    outer loop
      vertex   4.199500e+02 3.200500e+02 1.500000e+01
      vertex   3.850500e+02 3.549500e+02 1.500000e+01
      vertex   3.850500e+02 3.200500e+02 1.500000e+01
    endloop
  endfacet
  facet normal 1.000000e+00 -0.000000e+00 0.000000e+00
    outer loop
      vertex   4.549500e+02 3.550500e+02 1.500000e+01
      vertex   4.549500e+02 3.550500e+02 1.000000e+01
      vertex   4.549500e+02 3.900000e+02 1.500000e+01
    endloop
  endfacet
  facet normal 1.000000e+00 0.000000e+00 0.000000e+00
    outer loop
      vertex   4.549500e+02 3.900000e+02 1.500000e+01
      vertex   4.549500e+02 3.550500e+02 1.000000e+01
      vertex   4.549500e+02 3.900000e+02 1.000000e+01
    endloop
  endfacet
  facet normal 1.000000e+00 0.000000e+00 0.000000e+00
    outer loop
      vertex   4.549500e+02 3.900000e+02 1.000000e+01
      vertex   4.549500e+02 3.550500e+02 1.000000e+01
      vertex   4.549500e+02 3.900000e+02 5.000000e+00
    endloop
  endfacet
  facet normal 1.000000e+00 0.000000e+00 0.000000e+00
    outer loop
      vertex   4.549500e+02 3.900000e+02 5.000000e+00
      vertex   4.549500e+02 3.550500e+02 1.000000e+01
      vertex   4.549500e+02 3.549500e+02 1.000000e+01
    endloop
  endfacet
  facet normal 1.000000e+00 0.000000e+00 0.000000e+00
    outer loop
      vertex   4.549500e+02 3.900000e+02 5.000000e+00
      vertex   4.549500e+02 3.549500e+02 1.000000e+01
      vertex   4.549500e+02 3.200500e+02 1.000000e+01
    endloop
  endfacet
  facet normal 1.000000e+00 0.000000e+00 0.000000e+00
    outer loop
      vertex   4.549500e+02 3.200500e+02 1.000000e+01
      vertex   4.549500e+02 3.549500e+02 1.000000e+01
      vertex   4.549500e+02 3.549500e+02 1.500000e+01
    endloop
  endfacet
  facet normal 1.000000e+00 0.000000e+00 0.000000e+00
    outer loop
      vertex   4.549500e+02 3.200500e+02 1.000000e+01
      vertex   4.549500e+02 3.549500e+02 1.500000e+01
      vertex   4.549500e+02 3.200500e+02 1.500000e+01
    endloop
  endfacet
  facet normal 1.000000e+00 0.000000e+00 0.000000e+00
    outer loop
      vertex   4.549500e+02 3.200500e+02 1.000000e+01
      vertex   4.549500e+02 3.199500e+02 1.000000e+01
      vertex   4.549500e+02 3.900000e+02 5.000000e+00
    endloop
  endfacet
  facet normal 1.000000e+00 0.000000e+00 0.000000e+00
    outer loop
      vertex   4.549500e+02 3.900000e+02 5.000000e+00
      vertex   4.549500e+02 3.199500e+02 1.000000e+01
      vertex   4.549500e+02 2.850500e+02 1.000000e+01
    endloop
  endfacet
  facet normal 1.000000e+00 0.000000e+00 0.000000e+00
    outer loop
      vertex   4.549500e+02 3.900000e+02 5.000000e+00
      vertex   4.549500e+02 2.850500e+02 1.000000e+01
      vertex   4.549500e+02 2.849500e+02 1.000000e+01
    endloop
  endfacet
  facet normal 1.000000e+00 0.000000e+00 -0.000000e+00
    outer loop
      vertex   4.549500e+02 3.199500e+02 1.000000e+01
      vertex   4.549500e+02 3.199500e+02 1.500000e+01
      vertex   4.549500e+02 2.850500e+02 1.000000e+01
    endloop
  endfacet
  facet normal 1.000000e+00 0.000000e+00 0.000000e+00
    outer loop
      vertex   4.549500e+02 2.850500e+02 1.000000e+01
      vertex   4.549500e+02 3.199500e+02 1.500000e+01
      vertex   4.549500e+02 2.850500e+02 1.500000e+01
    endloop
  endfacet
  facet normal 1.000000e+00 0.000000e+00 0.000000e+00
    outer loop
      vertex   4.549500e+02 3.900000e+02 5.000000e+00
      vertex   4.549500e+02 2.849500e+02 1.000000e+01
      vertex   4.549500e+02 2.500500e+02 1.000000e+01
    endloop
  endfacet
  facet normal 1.000000e+00 0.000000e+00 0.000000e+00
    outer loop
      vertex   4.549500e+02 2.500500e+02 1.000000e+01
      vertex   4.549500e+02 2.849500e+02 1.000000e+01
      vertex   4.549500e+02 2.849500e+02 1.500000e+01
    endloop
  endfacet
  facet normal 1.000000e+00 0.000000e+00 0.000000e+00
    outer loop
      vertex   4.549500e+02 2.500500e+02 1.000000e+01
      vertex   4.549500e+02 2.849500e+02 1.500000e+01
      vertex   4.549500e+02 2.500500e+02 1.500000e+01
    endloop
  endfacet
  facet normal 1.000000e+00 0.000000e+00 0.000000e+00
    outer loop
      vertex   4.549500e+02 3.900000e+02 5.000000e+00
      vertex   4.549500e+02 2.500500e+02 1.000000e+01
      vertex   4.549500e+02 1.100000e+02 5.000000e+00
    endloop
  endfacet
  facet normal 1.000000e+00 0.000000e+00 0.000000e+00
    outer loop
      vertex   4.549500e+02 1.100000e+02 5.000000e+00
      vertex   4.549500e+02 2.500500e+02 1.000000e+01
      vertex   4.549500e+02 2.499500e+02 1.000000e+01
    endloop
  endfacet
  facet normal 1.000000e+00 0.000000e+00 0.000000e+00
    outer loop
      vertex   4.549500e+02 1.100000e+02 5.000000e+00
      vertex   4.549500e+02 2.499500e+02 1.000000e+01
      vertex   4.549500e+02 2.150500e+02 1.000000e+01
    endloop
  endfacet
  facet normal 1.000000e+00 0.000000e+00 0.000000e+00
    outer loop
      vertex   4.549500e+02 2.150500e+02 1.000000e+01
      vertex   4.549500e+02 2.499500e+02 1.000000e+01
      vertex   4.549500e+02 2.499500e+02 1.500000e+01
    endloop
  endfacet
  facet normal 1.000000e+00 0.000000e+00 0.000000e+00
    outer loop
      vertex   4.549500e+02 2.150500e+02 1.000000e+01
      vertex   4.549500e+02 2.499500e+02 1.500000e+01
      vertex   4.549500e+02 2.150500e+02 1.500000e+01
    endloop
  endfacet
  facet normal 1.000000e+00 0.000000e+00 0.000000e+00
    outer loop
      vertex   4.549500e+02 2.150500e+02 1.000000e+01
      vertex   4.549500e+02 2.149500e+02 1.000000e+01
      vertex   4.549500e+02 1.100000e+02 5.000000e+00
    endloop
  endfacet
  facet normal 1.000000e+00 0.000000e+00 0.000000e+00
    outer loop
      vertex   4.549500e+02 1.100000e+02 5.000000e+00
      vertex   4.549500e+02 2.149500e+02 1.000000e+01
      vertex   4.549500e+02 1.800500e+02 1.000000e+01
    endloop
  endfacet
  facet normal 1.000000e+00 0.000000e+00 0.000000e+00
    outer loop
      vertex   4.549500e+02 1.100000e+02 5.000000e+00
      vertex   4.549500e+02 1.800500e+02 1.000000e+01
      vertex   4.549500e+02 1.799500e+02 1.000000e+01
    endloop
  endfacet
  facet normal 1.000000e+00 0.000000e+00 -0.000000e+00
    outer loop
      vertex   4.549500e+02 2.149500e+02 1.000000e+01
      vertex   4.549500e+02 2.149500e+02 1.500000e+01
      vertex   4.549500e+02 1.800500e+02 1.000000e+01
    endloop
  endfacet
  facet normal 1.000000e+00 0.000000e+00 0.000000e+00
    outer loop
      vertex   4.549500e+02 1.800500e+02 1.000000e+01
      vertex   4.549500e+02 2.149500e+02 1.500000e+01
      vertex   4.549500e+02 1.800500e+02 1.500000e+01
    endloop
  endfacet
  facet normal 1.000000e+00 0.000000e+00 0.000000e+00
    outer loop
      vertex   4.549500e+02 1.100000e+02 5.000000e+00
      vertex   4.549500e+02 1.799500e+02 1.000000e+01
      vertex   4.549500e+02 1.450500e+02 1.000000e+01
    endloop
  endfacet
  facet normal 1.000000e+00 0.000000e+00 0.000000e+00
    outer loop
      vertex   4.549500e+02 1.450500e+02 1.000000e+01
      vertex   4.549500e+02 1.799500e+02 1.000000e+01
      vertex   4.549500e+02 1.799500e+02 1.500000e+01
    endloop
  endfacet
  facet normal 1.000000e+00 0.000000e+00 0.000000e+00
    outer loop
      vertex   4.549500e+02 1.450500e+02 1.000000e+01
      vertex   4.549500e+02 1.799500e+02 1.500000e+01
      vertex   4.549500e+02 1.450500e+02 1.500000e+01
    endloop
  endfacet
  facet normal 1.000000e+00 0.000000e+00 0.000000e+00
    outer loop
      vertex   4.549500e+02 1.450500e+02 1.000000e+01
      vertex   4.549500e+02 1.449500e+02 1.000000e+01
      vertex   4.549500e+02 1.100000e+02 5.000000e+00
    endloop
  endfacet
  facet normal 1.000000e+00 0.000000e+00 0.000000e+00
    outer loop
      vertex   4.549500e+02 1.100000e+02 5.000000e+00
      vertex   4.549500e+02 1.449500e+02 1.000000e+01
      vertex   4.549500e+02 1.100000e+02 1.000000e+01
    endloop
  endfacet
  facet normal 1.000000e+00 0.000000e+00 0.000000e+00
    outer loop
      vertex   4.549500e+02 1.100000e+02 1.000000e+01
      vertex   4.549500e+02 1.449500e+02 1.000000e+01
      vertex   4.549500e+02 1.449500e+02 1.500000e+01
    endloop
  endfacet
  facet normal 1.000000e+00 0.000000e+00 0.000000e+00
    outer loop
      vertex   4.549500e+02 1.100000e+02 1.000000e+01
      vertex   4.549500e+02 1.449500e+02 1.500000e+01
      vertex   4.549500e+02 1.100000e+02 1.500000e+01
    endloop
  endfacet
  facet normal 0.000000e+00 0.000000e+00 1.000000e+00
    outer loop
      vertex   4.549500e+02 3.549500e+02 1.500000e+01
      vertex   4.200500e+02 3.549500e+02 1.500000e+01
      vertex   4.549500e+02 3.200500e+02 1.500000e+01
    endloop
  endfacet
  facet normal 0.000000e+00 0.000000e+00 1.000000e+00
    outer loop
      vertex   4.549500e+02 3.200500e+02 1.500000e+01
      vertex   4.200500e+02 3.549500e+02 1.500000e+01
      vertex   4.200500e+02 3.200500e+02 1.500000e+01
    endloop
  endfacet
  facet normal 1.000000e+00 -0.000000e+00 0.000000e+00
    outer loop
      vertex   4.899500e+02 3.550500e+02 1.500000e+01
      vertex   4.899500e+02 3.550500e+02 1.000000e+01
      vertex   4.899500e+02 3.900000e+02 1.500000e+01
    endloop
  endfacet
  facet normal 1.000000e+00 0.000000e+00 0.000000e+00
    outer loop
      vertex   4.899500e+02 3.900000e+02 1.500000e+01
      vertex   4.899500e+02 3.550500e+02 1.000000e+01
      vertex   4.899500e+02 3.900000e+02 1.000000e+01
    endloop
  endfacet
  facet normal 1.000000e+00 0.000000e+00 0.000000e+00
    outer loop
      vertex   4.899500e+02 3.900000e+02 1.000000e+01
      vertex   4.899500e+02 3.550500e+02 1.000000e+01
      vertex   4.899500e+02 3.900000e+02 5.000000e+00
    endloop
  endfacet
  facet normal 1.000000e+00 0.000000e+00 0.000000e+00
    outer loop
      vertex   4.899500e+02 3.900000e+02 5.000000e+00
      vertex   4.899500e+02 3.550500e+02 1.000000e+01
      vertex   4.899500e+02 3.549500e+02 1.000000e+01
    endloop
  endfacet
  facet normal 1.000000e+00 0.000000e+00 0.000000e+00
    outer loop
      vertex   4.899500e+02 3.900000e+02 5.000000e+00
      vertex   4.899500e+02 3.549500e+02 1.000000e+01
      vertex   4.899500e+02 3.200500e+02 1.000000e+01
    endloop
  endfacet
  facet normal 1.000000e+00 0.000000e+00 0.000000e+00
    outer loop
      vertex   4.899500e+02 3.200500e+02 1.000000e+01
      vertex   4.899500e+02 3.549500e+02 1.000000e+01
      vertex   4.899500e+02 3.549500e+02 1.500000e+01
    endloop
  endfacet
  facet normal 1.000000e+00 0.000000e+00 0.000000e+00
    outer loop
      vertex   4.899500e+02 3.200500e+02 1.000000e+01
      vertex   4.899500e+02 3.549500e+02 1.500000e+01
      vertex   4.899500e+02 3.200500e+02 1.500000e+01
    endloop
  endfacet
  facet normal 1.000000e+00 0.000000e+00 0.000000e+00
    outer loop
      vertex   4.899500e+02 3.200500e+02 1.000000e+01
      vertex   4.899500e+02 3.199500e+02 1.000000e+01
      vertex   4.899500e+02 3.900000e+02 5.000000e+00
    endloop
  endfacet
  facet normal 1.000000e+00 0.000000e+00 0.000000e+00
    outer loop
      vertex   4.899500e+02 3.900000e+02 5.000000e+00
      vertex   4.899500e+02 3.199500e+02 1.000000e+01
      vertex   4.899500e+02 2.850500e+02 1.000000e+01
    endloop
  endfacet
  facet normal 1.000000e+00 0.000000e+00 0.000000e+00
    outer loop
      vertex   4.899500e+02 3.900000e+02 5.000000e+00
      vertex   4.899500e+02 2.850500e+02 1.000000e+01
      vertex   4.899500e+02 2.849500e+02 1.000000e+01
    endloop
  endfacet
  facet normal 1.000000e+00 0.000000e+00 -0.000000e+00
    outer loop
      vertex   4.899500e+02 3.199500e+02 1.000000e+01
      vertex   4.899500e+02 3.199500e+02 1.500000e+01
      vertex   4.899500e+02 2.850500e+02 1.000000e+01
    endloop
  endfacet
  facet normal 1.000000e+00 0.000000e+00 0.000000e+00
    outer loop
      vertex   4.899500e+02 2.850500e+02 1.000000e+01
      vertex   4.899500e+02 3.199500e+02 1.500000e+01
      vertex   4.899500e+02 2.850500e+02 1.500000e+01
    endloop
  endfacet
  facet normal 1.000000e+00 0.000000e+00 0.000000e+00
    outer loop
      vertex   4.899500e+02 3.900000e+02 5.000000e+00
      vertex   4.899500e+02 2.849500e+02 1.000000e+01
      vertex   4.899500e+02 2.500500e+02 1.000000e+01
    endloop
  endfacet
  facet normal 1.000000e+00 0.000000e+00 0.000000e+00
    outer loop
      vertex   4.899500e+02 2.500500e+02 1.000000e+01
      vertex   4.899500e+02 2.849500e+02 1.000000e+01
      vertex   4.899500e+02 2.849500e+02 1.500000e+01
    endloop
  endfacet
  facet normal 1.000000e+00 0.000000e+00 0.000000e+00
    outer loop
      vertex   4.899500e+02 2.500500e+02 1.000000e+01
      vertex   4.899500e+02 2.849500e+02 1.500000e+01
      vertex   4.899500e+02 2.500500e+02 1.500000e+01
    endloop
  endfacet
  facet normal 1.000000e+00 0.000000e+00 0.000000e+00
    outer loop
      vertex   4.899500e+02 3.900000e+02 5.000000e+00
      vertex   4.899500e+02 2.500500e+02 1.000000e+01
      vertex   4.899500e+02 1.100000e+02 5.000000e+00
    endloop
  endfacet
  facet normal 1.000000e+00 0.000000e+00 0.000000e+00
    outer loop
      vertex   4.899500e+02 1.100000e+02 5.000000e+00
      vertex   4.899500e+02 2.500500e+02 1.000000e+01
      vertex   4.899500e+02 2.499500e+02 1.000000e+01
    endloop
  endfacet
  facet normal 1.000000e+00 0.000000e+00 0.000000e+00
    outer loop
      vertex   4.899500e+02 1.100000e+02 5.000000e+00
      vertex   4.899500e+02 2.499500e+02 1.000000e+01
      vertex   4.899500e+02 2.150500e+02 1.000000e+01
    endloop
  endfacet
  facet normal 1.000000e+00 0.000000e+00 0.000000e+00
    outer loop
      vertex   4.899500e+02 2.150500e+02 1.000000e+01
      vertex   4.899500e+02 2.499500e+02 1.000000e+01
      vertex   4.899500e+02 2.499500e+02 1.500000e+01
    endloop
  endfacet
  facet normal 1.000000e+00 0.000000e+00 0.000000e+00
    outer loop
      vertex   4.899500e+02 2.150500e+02 1.000000e+01
      vertex   4.899500e+02 2.499500e+02 1.500000e+01
      vertex   4.899500e+02 2.150500e+02 1.500000e+01
    endloop
  endfacet
  facet normal 1.000000e+00 0.000000e+00 0.000000e+00
    outer loop
      vertex   4.899500e+02 2.150500e+02 1.000000e+01
      vertex   4.899500e+02 2.149500e+02 1.000000e+01
      vertex   4.899500e+02 1.100000e+02 5.000000e+00
    endloop
  endfacet
  facet normal 1.000000e+00 0.000000e+00 0.000000e+00
    outer loop
      vertex   4.899500e+02 1.100000e+02 5.000000e+00
      vertex   4.899500e+02 2.149500e+02 1.000000e+01
      vertex   4.899500e+02 1.800500e+02 1.000000e+01
    endloop
  endfacet
  facet normal 1.000000e+00 0.000000e+00 0.000000e+00
    outer loop
      vertex   4.899500e+02 1.100000e+02 5.000000e+00
      vertex   4.899500e+02 1.800500e+02 1.000000e+01
      vertex   4.899500e+02 1.799500e+02 1.000000e+01
    endloop
  endfacet
  facet normal 1.000000e+00 0.000000e+00 -0.000000e+00
    outer loop
      vertex   4.899500e+02 2.149500e+02 1.000000e+01
      vertex   4.899500e+02 2.149500e+02 1.500000e+01
      vertex   4.899500e+02 1.800500e+02 1.000000e+01
    endloop
  endfacet
  facet normal 1.000000e+00 0.000000e+00 0.000000e+00
    outer loop
      vertex   4.899500e+02 1.800500e+02 1.000000e+01
      vertex   4.899500e+02 2.149500e+02 1.500000e+01
      vertex   4.899500e+02 1.800500e+02 1.500000e+01
    endloop
  endfacet
  facet normal 1.000000e+00 0.000000e+00 0.000000e+00
    outer loop
      vertex   4.899500e+02 1.100000e+02 5.000000e+00
      vertex   4.899500e+02 1.799500e+02 1.000000e+01
      vertex   4.899500e+02 1.450500e+02 1.000000e+01
    endloop
  endfacet
  facet normal 1.000000e+00 0.000000e+00 0.000000e+00
    outer loop
      vertex   4.899500e+02 1.450500e+02 1.000000e+01
      vertex   4.899500e+02 1.799500e+02 1.000000e+01
      vertex   4.899500e+02 1.799500e+02 1.500000e+01
    endloop
  endfacet
  facet normal 1.000000e+00 0.000000e+00 0.000000e+00
    outer loop
      vertex   4.899500e+02 1.450500e+02 1.000000e+01
      vertex   4.899500e+02 1.799500e+02 1.500000e+01
      vertex   4.899500e+02 1.450500e+02 1.500000e+01
    endloop
  endfacet
  facet normal 1.000000e+00 0.000000e+00 0.000000e+00
    outer loop
      vertex   4.899500e+02 1.450500e+02 1.000000e+01
      vertex   4.899500e+02 1.449500e+02 1.000000e+01
      vertex   4.899500e+02 1.100000e+02 5.000000e+00
    endloop
  endfacet
  facet normal 1.000000e+00 0.000000e+00 0.000000e+00
    outer loop
      vertex   4.899500e+02 1.100000e+02 5.000000e+00
      vertex   4.899500e+02 1.449500e+02 1.000000e+01
      vertex   4.899500e+02 1.100000e+02 1.000000e+01
    endloop
  endfacet
  facet normal 1.000000e+00 0.000000e+00 0.000000e+00
    outer loop
      vertex   4.899500e+02 1.100000e+02 1.000000e+01
      vertex   4.899500e+02 1.449500e+02 1.000000e+01
      vertex   4.899500e+02 1.449500e+02 1.500000e+01
    endloop
  endfacet
  facet normal 1.000000e+00 0.000000e+00 0.000000e+00
    outer loop
      vertex   4.899500e+02 1.100000e+02 1.000000e+01
      vertex   4.899500e+02 1.449500e+02 1.500000e+01
      vertex   4.899500e+02 1.100000e+02 1.500000e+01
    endloop
  endfacet
  facet normal 0.000000e+00 0.000000e+00 1.000000e+00
    outer loop
      vertex   4.899500e+02 3.549500e+02 1.500000e+01
      vertex   4.550500e+02 3.549500e+02 1.500000e+01
      vertex   4.899500e+02 3.200500e+02 1.500000e+01
    endloop
  endfacet
  facet normal 0.000000e+00 0.000000e+00 1.000000e+00
    outer loop
      vertex   4.899500e+02 3.200500e+02 1.500000e+01
      vertex   4.550500e+02 3.549500e+02 1.500000e+01
      vertex   4.550500e+02 3.200500e+02 1.500000e+01
    endloop
  endfacet
  facet normal 1.000000e+00 -0.000000e+00 0.000000e+00
    outer loop
      vertex   5.249500e+02 3.550500e+02 1.500000e+01
      vertex   5.249500e+02 3.550500e+02 1.000000e+01
      vertex   5.249500e+02 3.900000e+02 1.500000e+01
    endloop
  endfacet
  facet normal 1.000000e+00 0.000000e+00 0.000000e+00
    outer loop
      vertex   5.249500e+02 3.900000e+02 1.500000e+01
      vertex   5.249500e+02 3.550500e+02 1.000000e+01
      vertex   5.249500e+02 3.900000e+02 1.000000e+01
    endloop
  endfacet
  facet normal 1.000000e+00 0.000000e+00 0.000000e+00
    outer loop
      vertex   5.249500e+02 3.900000e+02 1.000000e+01
      vertex   5.249500e+02 3.550500e+02 1.000000e+01
      vertex   5.249500e+02 3.900000e+02 5.000000e+00
    endloop
  endfacet
  facet normal 1.000000e+00 0.000000e+00 0.000000e+00
    outer loop
      vertex   5.249500e+02 3.900000e+02 5.000000e+00
      vertex   5.249500e+02 3.550500e+02 1.000000e+01
      vertex   5.249500e+02 3.549500e+02 1.000000e+01
    endloop
  endfacet
  facet normal 1.000000e+00 0.000000e+00 0.000000e+00
    outer loop
      vertex   5.249500e+02 3.900000e+02 5.000000e+00
      vertex   5.249500e+02 3.549500e+02 1.000000e+01
      vertex   5.249500e+02 3.200500e+02 1.000000e+01
    endloop
  endfacet
  facet normal 1.000000e+00 0.000000e+00 0.000000e+00
    outer loop
      vertex   5.249500e+02 3.200500e+02 1.000000e+01
      vertex   5.249500e+02 3.549500e+02 1.000000e+01
      vertex   5.249500e+02 3.549500e+02 1.500000e+01
    endloop
  endfacet
  facet normal 1.000000e+00 0.000000e+00 0.000000e+00
    outer loop
      vertex   5.249500e+02 3.200500e+02 1.000000e+01
      vertex   5.249500e+02 3.549500e+02 1.500000e+01
      vertex   5.249500e+02 3.200500e+02 1.500000e+01
    endloop
  endfacet
  facet normal 1.000000e+00 0.000000e+00 0.000000e+00
    outer loop
      vertex   5.249500e+02 3.200500e+02 1.000000e+01
      vertex   5.249500e+02 3.199500e+02 1.000000e+01
      vertex   5.249500e+02 3.900000e+02 5.000000e+00
    endloop
  endfacet
  facet normal 1.000000e+00 0.000000e+00 0.000000e+00
    outer loop
      vertex   5.249500e+02 3.900000e+02 5.000000e+00
      vertex   5.249500e+02 3.199500e+02 1.000000e+01
      vertex   5.249500e+02 2.850500e+02 1.000000e+01
    endloop
  endfacet
  facet normal 1.000000e+00 0.000000e+00 0.000000e+00
    outer loop
      vertex   5.249500e+02 3.900000e+02 5.000000e+00
      vertex   5.249500e+02 2.850500e+02 1.000000e+01
      vertex   5.249500e+02 2.849500e+02 1.000000e+01
    endloop
  endfacet
  facet normal 1.000000e+00 0.000000e+00 -0.000000e+00
    outer loop
      vertex   5.249500e+02 3.199500e+02 1.000000e+01
      vertex   5.249500e+02 3.199500e+02 1.500000e+01
      vertex   5.249500e+02 2.850500e+02 1.000000e+01
    endloop
  endfacet
  facet normal 1.000000e+00 0.000000e+00 0.000000e+00
    outer loop
      vertex   5.249500e+02 2.850500e+02 1.000000e+01
      vertex   5.249500e+02 3.199500e+02 1.500000e+01
      vertex   5.249500e+02 2.850500e+02 1.500000e+01
    endloop
  endfacet
  facet normal 1.000000e+00 0.000000e+00 0.000000e+00
    outer loop
      vertex   5.249500e+02 3.900000e+02 5.000000e+00
      vertex   5.249500e+02 2.849500e+02 1.000000e+01
      vertex   5.249500e+02 2.500500e+02 1.000000e+01
    endloop
  endfacet
  facet normal 1.000000e+00 0.000000e+00 0.000000e+00
    outer loop
      vertex   5.249500e+02 2.500500e+02 1.000000e+01
      vertex   5.249500e+02 2.849500e+02 1.000000e+01
      vertex   5.249500e+02 2.849500e+02 1.500000e+01
    endloop
  endfacet
  facet normal 1.000000e+00 0.000000e+00 0.000000e+00
    outer loop
      vertex   5.249500e+02 2.500500e+02 1.000000e+01
      vertex   5.249500e+02 2.849500e+02 1.500000e+01
      vertex   5.249500e+02 2.500500e+02 1.500000e+01
    endloop
  endfacet
  facet normal 1.000000e+00 0.000000e+00 0.000000e+00
    outer loop
      vertex   5.249500e+02 3.900000e+02 5.000000e+00
      vertex   5.249500e+02 2.500500e+02 1.000000e+01
      vertex   5.249500e+02 1.100000e+02 5.000000e+00
    endloop
  endfacet
  facet normal 1.000000e+00 0.000000e+00 0.000000e+00
    outer loop
      vertex   5.249500e+02 1.100000e+02 5.000000e+00
      vertex   5.249500e+02 2.500500e+02 1.000000e+01
      vertex   5.249500e+02 2.499500e+02 1.000000e+01
    endloop
  endfacet
  facet normal 1.000000e+00 0.000000e+00 0.000000e+00
    outer loop
      vertex   5.249500e+02 1.100000e+02 5.000000e+00
      vertex   5.249500e+02 2.499500e+02 1.000000e+01
      vertex   5.249500e+02 2.150500e+02 1.000000e+01
    endloop
  endfacet
  facet normal 1.000000e+00 0.000000e+00 0.000000e+00
    outer loop
      vertex   5.249500e+02 2.150500e+02 1.000000e+01
      vertex   5.249500e+02 2.499500e+02 1.000000e+01
      vertex   5.249500e+02 2.499500e+02 1.500000e+01
    endloop
  endfacet
  facet normal 1.000000e+00 0.000000e+00 0.000000e+00
    outer loop
      vertex   5.249500e+02 2.150500e+02 1.000000e+01
      vertex   5.249500e+02 2.499500e+02 1.500000e+01
      vertex   5.249500e+02 2.150500e+02 1.500000e+01
    endloop
  endfacet
  facet normal 1.000000e+00 0.000000e+00 0.000000e+00
    outer loop
      vertex   5.249500e+02 2.150500e+02 1.000000e+01
      vertex   5.249500e+02 2.149500e+02 1.000000e+01
      vertex   5.249500e+02 1.100000e+02 5.000000e+00
    endloop
  endfacet
  facet normal 1.000000e+00 0.000000e+00 0.000000e+00
    outer loop
      vertex   5.249500e+02 1.100000e+02 5.000000e+00
      vertex   5.249500e+02 2.149500e+02 1.000000e+01
      vertex   5.249500e+02 1.800500e+02 1.000000e+01
    endloop
  endfacet
  facet normal 1.000000e+00 0.000000e+00 0.000000e+00
    outer loop
      vertex   5.249500e+02 1.100000e+02 5.000000e+00
      vertex   5.249500e+02 1.800500e+02 1.000000e+01
      vertex   5.249500e+02 1.799500e+02 1.000000e+01
    endloop
  endfacet
  facet normal 1.000000e+00 0.000000e+00 -0.000000e+00
    outer loop
      vertex   5.249500e+02 2.149500e+02 1.000000e+01
      vertex   5.249500e+02 2.149500e+02 1.500000e+01
      vertex   5.249500e+02 1.800500e+02 1.000000e+01
    endloop
  endfacet
  facet normal 1.000000e+00 0.000000e+00 0.000000e+00
    outer loop
      vertex   5.249500e+02 1.800500e+02 1.000000e+01
      vertex   5.249500e+02 2.149500e+02 1.500000e+01
      vertex   5.249500e+02 1.800500e+02 1.500000e+01
    endloop
  endfacet
  facet normal 1.000000e+00 0.000000e+00 0.000000e+00
    outer loop
      vertex   5.249500e+02 1.100000e+02 5.000000e+00
      vertex   5.249500e+02 1.799500e+02 1.000000e+01
      vertex   5.249500e+02 1.450500e+02 1.000000e+01
    endloop
  endfacet
  facet normal 1.000000e+00 0.000000e+00 0.000000e+00
    outer loop
      vertex   5.249500e+02 1.450500e+02 1.000000e+01
      vertex   5.249500e+02 1.799500e+02 1.000000e+01
      vertex   5.249500e+02 1.799500e+02 1.500000e+01
    endloop
  endfacet
  facet normal 1.000000e+00 0.000000e+00 0.000000e+00
    outer loop
      vertex   5.249500e+02 1.450500e+02 1.000000e+01
      vertex   5.249500e+02 1.799500e+02 1.500000e+01
      vertex   5.249500e+02 1.450500e+02 1.500000e+01
    endloop
  endfacet
  facet normal 1.000000e+00 0.000000e+00 0.000000e+00
    outer loop
      vertex   5.249500e+02 1.450500e+02 1.000000e+01
      vertex   5.249500e+02 1.449500e+02 1.000000e+01
      vertex   5.249500e+02 1.100000e+02 5.000000e+00
    endloop
  endfacet
  facet normal 1.000000e+00 0.000000e+00 0.000000e+00
    outer loop
      vertex   5.249500e+02 1.100000e+02 5.000000e+00
      vertex   5.249500e+02 1.449500e+02 1.000000e+01
      vertex   5.249500e+02 1.100000e+02 1.000000e+01
    endloop
  endfacet
  facet normal 1.000000e+00 0.000000e+00 0.000000e+00
    outer loop
      vertex   5.249500e+02 1.100000e+02 1.000000e+01
      vertex   5.249500e+02 1.449500e+02 1.000000e+01
      vertex   5.249500e+02 1.449500e+02 1.500000e+01
    endloop
  endfacet
  facet normal 1.000000e+00 0.000000e+00 0.000000e+00
    outer loop
      vertex   5.249500e+02 1.100000e+02 1.000000e+01
      vertex   5.249500e+02 1.449500e+02 1.500000e+01
      vertex   5.249500e+02 1.100000e+02 1.500000e+01
    endloop
  endfacet
  facet normal 0.000000e+00 0.000000e+00 1.000000e+00
    outer loop
      vertex   5.249500e+02 3.549500e+02 1.500000e+01
      vertex   4.900500e+02 3.549500e+02 1.500000e+01
      vertex   5.249500e+02 3.200500e+02 1.500000e+01
    endloop
  endfacet
  facet normal 0.000000e+00 0.000000e+00 1.000000e+00
    outer loop
      vertex   5.249500e+02 3.200500e+02 1.500000e+01
      vertex   4.900500e+02 3.549500e+02 1.500000e+01
      vertex   4.900500e+02 3.200500e+02 1.500000e+01
    endloop
  endfacet
  facet normal 1.000000e+00 -0.000000e+00 0.000000e+00
    outer loop
      vertex   5.599500e+02 3.550500e+02 1.500000e+01
      vertex   5.599500e+02 3.550500e+02 1.000000e+01
      vertex   5.599500e+02 3.900000e+02 1.500000e+01
    endloop
  endfacet
  facet normal 1.000000e+00 0.000000e+00 0.000000e+00
    outer loop
      vertex   5.599500e+02 3.900000e+02 1.500000e+01
      vertex   5.599500e+02 3.550500e+02 1.000000e+01
      vertex   5.599500e+02 3.900000e+02 1.000000e+01
    endloop
  endfacet
  facet normal 1.000000e+00 0.000000e+00 0.000000e+00
    outer loop
      vertex   5.599500e+02 3.900000e+02 1.000000e+01
      vertex   5.599500e+02 3.550500e+02 1.000000e+01
      vertex   5.599500e+02 3.900000e+02 5.000000e+00
    endloop
  endfacet
  facet normal 1.000000e+00 0.000000e+00 0.000000e+00
    outer loop
      vertex   5.599500e+02 3.900000e+02 5.000000e+00
      vertex   5.599500e+02 3.550500e+02 1.000000e+01
      vertex   5.599500e+02 3.549500e+02 1.000000e+01
    endloop
  endfacet
  facet normal 1.000000e+00 0.000000e+00 0.000000e+00
    outer loop
      vertex   5.599500e+02 3.900000e+02 5.000000e+00
      vertex   5.599500e+02 3.549500e+02 1.000000e+01
      vertex   5.599500e+02 3.200500e+02 1.000000e+01
    endloop
  endfacet
  facet normal 1.000000e+00 0.000000e+00 0.000000e+00
    outer loop
      vertex   5.599500e+02 3.200500e+02 1.000000e+01
      vertex   5.599500e+02 3.549500e+02 1.000000e+01
      vertex   5.599500e+02 3.549500e+02 1.500000e+01
    endloop
  endfacet
  facet normal 1.000000e+00 0.000000e+00 0.000000e+00
    outer loop
      vertex   5.599500e+02 3.200500e+02 1.000000e+01
      vertex   5.599500e+02 3.549500e+02 1.500000e+01
      vertex   5.599500e+02 3.200500e+02 1.500000e+01
    endloop
  endfacet
  facet normal 1.000000e+00 0.000000e+00 0.000000e+00
    outer loop
      vertex   5.599500e+02 3.200500e+02 1.000000e+01
      vertex   5.599500e+02 3.199500e+02 1.000000e+01
      vertex   5.599500e+02 3.900000e+02 5.000000e+00
    endloop
  endfacet
  facet normal 1.000000e+00 0.000000e+00 0.000000e+00
    outer loop
      vertex   5.599500e+02 3.900000e+02 5.000000e+00
      vertex   5.599500e+02 3.199500e+02 1.000000e+01
      vertex   5.599500e+02 2.850500e+02 1.000000e+01
    endloop
  endfacet
  facet normal 1.000000e+00 0.000000e+00 0.000000e+00
    outer loop
      vertex   5.599500e+02 3.900000e+02 5.000000e+00
      vertex   5.599500e+02 2.850500e+02 1.000000e+01
      vertex   5.599500e+02 2.849500e+02 1.000000e+01
    endloop
  endfacet
  facet normal 1.000000e+00 0.000000e+00 -0.000000e+00
    outer loop
      vertex   5.599500e+02 3.199500e+02 1.000000e+01
      vertex   5.599500e+02 3.199500e+02 1.500000e+01
      vertex   5.599500e+02 2.850500e+02 1.000000e+01
    endloop
  endfacet
  facet normal 1.000000e+00 0.000000e+00 0.000000e+00
    outer loop
      vertex   5.599500e+02 2.850500e+02 1.000000e+01
      vertex   5.599500e+02 3.199500e+02 1.500000e+01
      vertex   5.599500e+02 2.850500e+02 1.500000e+01
    endloop
  endfacet
  facet normal 1.000000e+00 0.000000e+00 0.000000e+00
    outer loop
      vertex   5.599500e+02 3.900000e+02 5.000000e+00
      vertex   5.599500e+02 2.849500e+02 1.000000e+01
      vertex   5.599500e+02 2.500500e+02 1.000000e+01
    endloop
  endfacet
  facet normal 1.000000e+00 0.000000e+00 0.000000e+00
    outer loop
      vertex   5.599500e+02 2.500500e+02 1.000000e+01
      vertex   5.599500e+02 2.849500e+02 1.000000e+01
      vertex   5.599500e+02 2.849500e+02 1.500000e+01
    endloop
  endfacet
  facet normal 1.000000e+00 0.000000e+00 0.000000e+00
    outer loop
      vertex   5.599500e+02 2.500500e+02 1.000000e+01
      vertex   5.599500e+02 2.849500e+02 1.500000e+01
      vertex   5.599500e+02 2.500500e+02 1.500000e+01
    endloop
  endfacet
  facet normal 1.000000e+00 0.000000e+00 0.000000e+00
    outer loop
      vertex   5.599500e+02 3.900000e+02 5.000000e+00
      vertex   5.599500e+02 2.500500e+02 1.000000e+01
      vertex   5.599500e+02 1.100000e+02 5.000000e+00
    endloop
  endfacet
  facet normal 1.000000e+00 0.000000e+00 0.000000e+00
    outer loop
      vertex   5.599500e+02 1.100000e+02 5.000000e+00
      vertex   5.599500e+02 2.500500e+02 1.000000e+01
      vertex   5.599500e+02 2.499500e+02 1.000000e+01
    endloop
  endfacet
  facet normal 1.000000e+00 0.000000e+00 0.000000e+00
    outer loop
      vertex   5.599500e+02 1.100000e+02 5.000000e+00
      vertex   5.599500e+02 2.499500e+02 1.000000e+01
      vertex   5.599500e+02 2.150500e+02 1.000000e+01
    endloop
  endfacet
  facet normal 1.000000e+00 0.000000e+00 0.000000e+00
    outer loop
      vertex   5.599500e+02 2.150500e+02 1.000000e+01
      vertex   5.599500e+02 2.499500e+02 1.000000e+01
      vertex   5.599500e+02 2.499500e+02 1.500000e+01
    endloop
  endfacet
  facet normal 1.000000e+00 0.000000e+00 0.000000e+00
    outer loop
      vertex   5.599500e+02 2.150500e+02 1.000000e+01
      vertex   5.599500e+02 2.499500e+02 1.500000e+01
      vertex   5.599500e+02 2.150500e+02 1.500000e+01
    endloop
  endfacet
  facet normal 1.000000e+00 0.000000e+00 0.000000e+00
    outer loop
      vertex   5.599500e+02 2.150500e+02 1.000000e+01
      vertex   5.599500e+02 2.149500e+02 1.000000e+01
      vertex   5.599500e+02 1.100000e+02 5.000000e+00
    endloop
  endfacet
  facet normal 1.000000e+00 0.000000e+00 0.000000e+00
    outer loop
      vertex   5.599500e+02 1.100000e+02 5.000000e+00
      vertex   5.599500e+02 2.149500e+02 1.000000e+01
      vertex   5.599500e+02 1.800500e+02 1.000000e+01
    endloop
  endfacet
  facet normal 1.000000e+00 0.000000e+00 0.000000e+00
    outer loop
      vertex   5.599500e+02 1.100000e+02 5.000000e+00
      vertex   5.599500e+02 1.800500e+02 1.000000e+01
      vertex   5.599500e+02 1.799500e+02 1.000000e+01
    endloop
  endfacet
  facet normal 1.000000e+00 0.000000e+00 -0.000000e+00
    outer loop
      vertex   5.599500e+02 2.149500e+02 1.000000e+01
      vertex   5.599500e+02 2.149500e+02 1.500000e+01
      vertex   5.599500e+02 1.800500e+02 1.000000e+01
    endloop
  endfacet
  facet normal 1.000000e+00 0.000000e+00 0.000000e+00
    outer loop
      vertex   5.599500e+02 1.800500e+02 1.000000e+01
      vertex   5.599500e+02 2.149500e+02 1.500000e+01
      vertex   5.599500e+02 1.800500e+02 1.500000e+01
    endloop
  endfacet
  facet normal 1.000000e+00 0.000000e+00 0.000000e+00
    outer loop
      vertex   5.599500e+02 1.100000e+02 5.000000e+00
      vertex   5.599500e+02 1.799500e+02 1.000000e+01
      vertex   5.599500e+02 1.450500e+02 1.000000e+01
    endloop
  endfacet
  facet normal 1.000000e+00 0.000000e+00 0.000000e+00
    outer loop
      vertex   5.599500e+02 1.450500e+02 1.000000e+01
      vertex   5.599500e+02 1.799500e+02 1.000000e+01
      vertex   5.599500e+02 1.799500e+02 1.500000e+01
    endloop
  endfacet
  facet normal 1.000000e+00 0.000000e+00 0.000000e+00
    outer loop
      vertex   5.599500e+02 1.450500e+02 1.000000e+01
      vertex   5.599500e+02 1.799500e+02 1.500000e+01
      vertex   5.599500e+02 1.450500e+02 1.500000e+01
    endloop
  endfacet
  facet normal 1.000000e+00 0.000000e+00 0.000000e+00
    outer loop
      vertex   5.599500e+02 1.450500e+02 1.000000e+01
      vertex   5.599500e+02 1.449500e+02 1.000000e+01
      vertex   5.599500e+02 1.100000e+02 5.000000e+00
    endloop
  endfacet
  facet normal 1.000000e+00 0.000000e+00 0.000000e+00
    outer loop
      vertex   5.599500e+02 1.100000e+02 5.000000e+00
      vertex   5.599500e+02 1.449500e+02 1.000000e+01
      vertex   5.599500e+02 1.100000e+02 1.000000e+01
    endloop
  endfacet
  facet normal 1.000000e+00 0.000000e+00 0.000000e+00
    outer loop
      vertex   5.599500e+02 1.100000e+02 1.000000e+01
      vertex   5.599500e+02 1.449500e+02 1.000000e+01
      vertex   5.599500e+02 1.449500e+02 1.500000e+01
    endloop
  endfacet
  facet normal 1.000000e+00 0.000000e+00 0.000000e+00
    outer loop
      vertex   5.599500e+02 1.100000e+02 1.000000e+01
      vertex   5.599500e+02 1.449500e+02 1.500000e+01
      vertex   5.599500e+02 1.100000e+02 1.500000e+01
    endloop
  endfacet
  facet normal 0.000000e+00 0.000000e+00 1.000000e+00
    outer loop
      vertex   5.599500e+02 3.549500e+02 1.500000e+01
      vertex   5.250500e+02 3.549500e+02 1.500000e+01
      vertex   5.599500e+02 3.200500e+02 1.500000e+01
    endloop
  endfacet
  facet normal 0.000000e+00 0.000000e+00 1.000000e+00
    outer loop
      vertex   5.599500e+02 3.200500e+02 1.500000e+01
      vertex   5.250500e+02 3.549500e+02 1.500000e+01
      vertex   5.250500e+02 3.200500e+02 1.500000e+01
    endloop
  endfacet
  facet normal 1.000000e+00 -0.000000e+00 0.000000e+00
    outer loop
      vertex   5.949500e+02 3.550500e+02 1.500000e+01
      vertex   5.949500e+02 3.550500e+02 1.000000e+01
      vertex   5.949500e+02 3.900000e+02 1.500000e+01
    endloop
  endfacet
  facet normal 1.000000e+00 0.000000e+00 0.000000e+00
    outer loop
      vertex   5.949500e+02 3.900000e+02 1.500000e+01
      vertex   5.949500e+02 3.550500e+02 1.000000e+01
      vertex   5.949500e+02 3.900000e+02 1.000000e+01
    endloop
  endfacet
  facet normal 1.000000e+00 0.000000e+00 0.000000e+00
    outer loop
      vertex   5.949500e+02 3.900000e+02 1.000000e+01
      vertex   5.949500e+02 3.550500e+02 1.000000e+01
      vertex   5.949500e+02 3.900000e+02 5.000000e+00
    endloop
  endfacet
  facet normal 1.000000e+00 0.000000e+00 0.000000e+00
    outer loop
      vertex   5.949500e+02 3.900000e+02 5.000000e+00
      vertex   5.949500e+02 3.550500e+02 1.000000e+01
      vertex   5.949500e+02 3.549500e+02 1.000000e+01
    endloop
  endfacet
  facet normal 1.000000e+00 0.000000e+00 0.000000e+00
    outer loop
      vertex   5.949500e+02 3.900000e+02 5.000000e+00
      vertex   5.949500e+02 3.549500e+02 1.000000e+01
      vertex   5.949500e+02 3.200500e+02 1.000000e+01
    endloop
  endfacet
  facet normal 1.000000e+00 0.000000e+00 0.000000e+00
    outer loop
      vertex   5.949500e+02 3.200500e+02 1.000000e+01
      vertex   5.949500e+02 3.549500e+02 1.000000e+01
      vertex   5.949500e+02 3.549500e+02 1.500000e+01
    endloop
  endfacet
  facet normal 1.000000e+00 0.000000e+00 0.000000e+00
    outer loop
      vertex   5.949500e+02 3.200500e+02 1.000000e+01
      vertex   5.949500e+02 3.549500e+02 1.500000e+01
      vertex   5.949500e+02 3.200500e+02 1.500000e+01
    endloop
  endfacet
  facet normal 1.000000e+00 0.000000e+00 0.000000e+00
    outer loop
      vertex   5.949500e+02 3.200500e+02 1.000000e+01
      vertex   5.949500e+02 3.199500e+02 1.000000e+01
      vertex   5.949500e+02 3.900000e+02 5.000000e+00
    endloop
  endfacet
  facet normal 1.000000e+00 0.000000e+00 0.000000e+00
    outer loop
      vertex   5.949500e+02 3.900000e+02 5.000000e+00
      vertex   5.949500e+02 3.199500e+02 1.000000e+01
      vertex   5.949500e+02 2.850500e+02 1.000000e+01
    endloop
  endfacet
  facet normal 1.000000e+00 0.000000e+00 0.000000e+00
    outer loop
      vertex   5.949500e+02 3.900000e+02 5.000000e+00
      vertex   5.949500e+02 2.850500e+02 1.000000e+01
      vertex   5.949500e+02 2.849500e+02 1.000000e+01
    endloop
  endfacet
  facet normal 1.000000e+00 0.000000e+00 -0.000000e+00
    outer loop
      vertex   5.949500e+02 3.199500e+02 1.000000e+01
      vertex   5.949500e+02 3.199500e+02 1.500000e+01
      vertex   5.949500e+02 2.850500e+02 1.000000e+01
    endloop
  endfacet
  facet normal 1.000000e+00 0.000000e+00 0.000000e+00
    outer loop
      vertex   5.949500e+02 2.850500e+02 1.000000e+01
      vertex   5.949500e+02 3.199500e+02 1.500000e+01
      vertex   5.949500e+02 2.850500e+02 1.500000e+01
    endloop
  endfacet
  facet normal 1.000000e+00 0.000000e+00 0.000000e+00
    outer loop
      vertex   5.949500e+02 3.900000e+02 5.000000e+00
      vertex   5.949500e+02 2.849500e+02 1.000000e+01
      vertex   5.949500e+02 2.500500e+02 1.000000e+01
    endloop
  endfacet
  facet normal 1.000000e+00 0.000000e+00 0.000000e+00
    outer loop
      vertex   5.949500e+02 2.500500e+02 1.000000e+01
      vertex   5.949500e+02 2.849500e+02 1.000000e+01
      vertex   5.949500e+02 2.849500e+02 1.500000e+01
    endloop
  endfacet
  facet normal 1.000000e+00 0.000000e+00 0.000000e+00
    outer loop
      vertex   5.949500e+02 2.500500e+02 1.000000e+01
      vertex   5.949500e+02 2.849500e+02 1.500000e+01
      vertex   5.949500e+02 2.500500e+02 1.500000e+01
    endloop
  endfacet
  facet normal 1.000000e+00 0.000000e+00 0.000000e+00
    outer loop
      vertex   5.949500e+02 3.900000e+02 5.000000e+00
      vertex   5.949500e+02 2.500500e+02 1.000000e+01
      vertex   5.949500e+02 1.100000e+02 5.000000e+00
    endloop
  endfacet
  facet normal 1.000000e+00 0.000000e+00 0.000000e+00
    outer loop
      vertex   5.949500e+02 1.100000e+02 5.000000e+00
      vertex   5.949500e+02 2.500500e+02 1.000000e+01
      vertex   5.949500e+02 2.499500e+02 1.000000e+01
    endloop
  endfacet
  facet normal 1.000000e+00 0.000000e+00 0.000000e+00
    outer loop
      vertex   5.949500e+02 1.100000e+02 5.000000e+00
      vertex   5.949500e+02 2.499500e+02 1.000000e+01
      vertex   5.949500e+02 2.150500e+02 1.000000e+01
    endloop
  endfacet
  facet normal 1.000000e+00 0.000000e+00 0.000000e+00
    outer loop
      vertex   5.949500e+02 2.150500e+02 1.000000e+01
      vertex   5.949500e+02 2.499500e+02 1.000000e+01
      vertex   5.949500e+02 2.499500e+02 1.500000e+01
    endloop
  endfacet
  facet normal 1.000000e+00 0.000000e+00 0.000000e+00
    outer loop
      vertex   5.949500e+02 2.150500e+02 1.000000e+01
      vertex   5.949500e+02 2.499500e+02 1.500000e+01
      vertex   5.949500e+02 2.150500e+02 1.500000e+01
    endloop
  endfacet
  facet normal 1.000000e+00 0.000000e+00 0.000000e+00
    outer loop
      vertex   5.949500e+02 2.150500e+02 1.000000e+01
      vertex   5.949500e+02 2.149500e+02 1.000000e+01
      vertex   5.949500e+02 1.100000e+02 5.000000e+00
    endloop
  endfacet
  facet normal 1.000000e+00 0.000000e+00 0.000000e+00
    outer loop
      vertex   5.949500e+02 1.100000e+02 5.000000e+00
      vertex   5.949500e+02 2.149500e+02 1.000000e+01
      vertex   5.949500e+02 1.800500e+02 1.000000e+01
    endloop
  endfacet
  facet normal 1.000000e+00 0.000000e+00 0.000000e+00
    outer loop
      vertex   5.949500e+02 1.100000e+02 5.000000e+00
      vertex   5.949500e+02 1.800500e+02 1.000000e+01
      vertex   5.949500e+02 1.799500e+02 1.000000e+01
    endloop
  endfacet
  facet normal 1.000000e+00 0.000000e+00 -0.000000e+00
    outer loop
      vertex   5.949500e+02 2.149500e+02 1.000000e+01
      vertex   5.949500e+02 2.149500e+02 1.500000e+01
      vertex   5.949500e+02 1.800500e+02 1.000000e+01
    endloop
  endfacet
  facet normal 1.000000e+00 0.000000e+00 0.000000e+00
    outer loop
      vertex   5.949500e+02 1.800500e+02 1.000000e+01
      vertex   5.949500e+02 2.149500e+02 1.500000e+01
      vertex   5.949500e+02 1.800500e+02 1.500000e+01
    endloop
  endfacet
  facet normal 1.000000e+00 0.000000e+00 0.000000e+00
    outer loop
      vertex   5.949500e+02 1.100000e+02 5.000000e+00
      vertex   5.949500e+02 1.799500e+02 1.000000e+01
      vertex   5.949500e+02 1.450500e+02 1.000000e+01
    endloop
  endfacet
  facet normal 1.000000e+00 0.000000e+00 0.000000e+00
    outer loop
      vertex   5.949500e+02 1.450500e+02 1.000000e+01
      vertex   5.949500e+02 1.799500e+02 1.000000e+01
      vertex   5.949500e+02 1.799500e+02 1.500000e+01
    endloop
  endfacet
  facet normal 1.000000e+00 0.000000e+00 0.000000e+00
    outer loop
      vertex   5.949500e+02 1.450500e+02 1.000000e+01
      vertex   5.949500e+02 1.799500e+02 1.500000e+01
      vertex   5.949500e+02 1.450500e+02 1.500000e+01
    endloop
  endfacet
  facet normal 1.000000e+00 0.000000e+00 0.000000e+00
    outer loop
      vertex   5.949500e+02 1.450500e+02 1.000000e+01
      vertex   5.949500e+02 1.449500e+02 1.000000e+01
      vertex   5.949500e+02 1.100000e+02 5.000000e+00
    endloop
  endfacet
  facet normal 1.000000e+00 0.000000e+00 0.000000e+00
    outer loop
      vertex   5.949500e+02 1.100000e+02 5.000000e+00
      vertex   5.949500e+02 1.449500e+02 1.000000e+01
      vertex   5.949500e+02 1.100000e+02 1.000000e+01
    endloop
  endfacet
  facet normal 1.000000e+00 0.000000e+00 0.000000e+00
    outer loop
      vertex   5.949500e+02 1.100000e+02 1.000000e+01
      vertex   5.949500e+02 1.449500e+02 1.000000e+01
      vertex   5.949500e+02 1.449500e+02 1.500000e+01
    endloop
  endfacet
  facet normal 1.000000e+00 0.000000e+00 0.000000e+00
    outer loop
      vertex   5.949500e+02 1.100000e+02 1.000000e+01
      vertex   5.949500e+02 1.449500e+02 1.500000e+01
      vertex   5.949500e+02 1.100000e+02 1.500000e+01
    endloop
  endfacet
  facet normal 0.000000e+00 0.000000e+00 1.000000e+00
    outer loop
      vertex   5.949500e+02 3.549500e+02 1.500000e+01
      vertex   5.600500e+02 3.549500e+02 1.500000e+01
      vertex   5.949500e+02 3.200500e+02 1.500000e+01
    endloop
  endfacet
  facet normal 0.000000e+00 0.000000e+00 1.000000e+00
    outer loop
      vertex   5.949500e+02 3.200500e+02 1.500000e+01
      vertex   5.600500e+02 3.549500e+02 1.500000e+01
      vertex   5.600500e+02 3.200500e+02 1.500000e+01
    endloop
  endfacet
  facet normal 1.000000e+00 -0.000000e+00 0.000000e+00
    outer loop
      vertex   3.849500e+02 3.550500e+02 1.500000e+01
      vertex   3.849500e+02 3.550500e+02 1.000000e+01
      vertex   3.849500e+02 3.900000e+02 1.500000e+01
    endloop
  endfacet
  facet normal 1.000000e+00 0.000000e+00 0.000000e+00
    outer loop
      vertex   3.849500e+02 3.900000e+02 1.500000e+01
      vertex   3.849500e+02 3.550500e+02 1.000000e+01
      vertex   3.849500e+02 3.900000e+02 1.000000e+01
    endloop
  endfacet
  facet normal 1.000000e+00 0.000000e+00 0.000000e+00
    outer loop
      vertex   3.849500e+02 3.900000e+02 1.000000e+01
      vertex   3.849500e+02 3.550500e+02 1.000000e+01
      vertex   3.849500e+02 3.900000e+02 5.000000e+00
    endloop
  endfacet
  facet normal 1.000000e+00 0.000000e+00 0.000000e+00
    outer loop
      vertex   3.849500e+02 3.900000e+02 5.000000e+00
      vertex   3.849500e+02 3.550500e+02 1.000000e+01
      vertex   3.849500e+02 3.549500e+02 1.000000e+01
    endloop
  endfacet
  facet normal 1.000000e+00 0.000000e+00 0.000000e+00
    outer loop
      vertex   3.849500e+02 3.900000e+02 5.000000e+00
      vertex   3.849500e+02 3.549500e+02 1.000000e+01
      vertex   3.849500e+02 3.200500e+02 1.000000e+01
    endloop
  endfacet
  facet normal 1.000000e+00 0.000000e+00 0.000000e+00
    outer loop
      vertex   3.849500e+02 3.200500e+02 1.000000e+01
      vertex   3.849500e+02 3.549500e+02 1.000000e+01
      vertex   3.849500e+02 3.549500e+02 1.500000e+01
    endloop
  endfacet
  facet normal 1.000000e+00 0.000000e+00 0.000000e+00
    outer loop
      vertex   3.849500e+02 3.200500e+02 1.000000e+01
      vertex   3.849500e+02 3.549500e+02 1.500000e+01
      vertex   3.849500e+02 3.200500e+02 1.500000e+01
    endloop
  endfacet
  facet normal 1.000000e+00 0.000000e+00 0.000000e+00
    outer loop
      vertex   3.849500e+02 3.200500e+02 1.000000e+01
      vertex   3.849500e+02 3.199500e+02 1.000000e+01
      vertex   3.849500e+02 3.900000e+02 5.000000e+00
    endloop
  endfacet
  facet normal 1.000000e+00 0.000000e+00 0.000000e+00
    outer loop
      vertex   3.849500e+02 3.900000e+02 5.000000e+00
      vertex   3.849500e+02 3.199500e+02 1.000000e+01
      vertex   3.849500e+02 2.850500e+02 1.000000e+01
    endloop
  endfacet
  facet normal 1.000000e+00 0.000000e+00 0.000000e+00
    outer loop
      vertex   3.849500e+02 3.900000e+02 5.000000e+00
      vertex   3.849500e+02 2.850500e+02 1.000000e+01
      vertex   3.849500e+02 2.849500e+02 1.000000e+01
    endloop
  endfacet
  facet normal 1.000000e+00 0.000000e+00 -0.000000e+00
    outer loop
      vertex   3.849500e+02 3.199500e+02 1.000000e+01
      vertex   3.849500e+02 3.199500e+02 1.500000e+01
      vertex   3.849500e+02 2.850500e+02 1.000000e+01
    endloop
  endfacet
  facet normal 1.000000e+00 0.000000e+00 0.000000e+00
    outer loop
      vertex   3.849500e+02 2.850500e+02 1.000000e+01
      vertex   3.849500e+02 3.199500e+02 1.500000e+01
      vertex   3.849500e+02 2.850500e+02 1.500000e+01
    endloop
  endfacet
  facet normal 1.000000e+00 0.000000e+00 0.000000e+00
    outer loop
      vertex   3.849500e+02 3.900000e+02 5.000000e+00
      vertex   3.849500e+02 2.849500e+02 1.000000e+01
      vertex   3.849500e+02 2.500500e+02 1.000000e+01
    endloop
  endfacet
  facet normal 1.000000e+00 0.000000e+00 0.000000e+00
    outer loop
      vertex   3.849500e+02 2.500500e+02 1.000000e+01
      vertex   3.849500e+02 2.849500e+02 1.000000e+01
      vertex   3.849500e+02 2.849500e+02 1.500000e+01
    endloop
  endfacet
  facet normal 1.000000e+00 0.000000e+00 0.000000e+00
    outer loop
      vertex   3.849500e+02 2.500500e+02 1.000000e+01
      vertex   3.849500e+02 2.849500e+02 1.500000e+01
      vertex   3.849500e+02 2.500500e+02 1.500000e+01
    endloop
  endfacet
  facet normal 1.000000e+00 0.000000e+00 0.000000e+00
    outer loop
      vertex   3.849500e+02 3.900000e+02 5.000000e+00
      vertex   3.849500e+02 2.500500e+02 1.000000e+01
      vertex   3.849500e+02 1.100000e+02 5.000000e+00
    endloop
  endfacet
  facet normal 1.000000e+00 0.000000e+00 0.000000e+00
    outer loop
      vertex   3.849500e+02 1.100000e+02 5.000000e+00
      vertex   3.849500e+02 2.500500e+02 1.000000e+01
      vertex   3.849500e+02 2.499500e+02 1.000000e+01
    endloop
  endfacet
  facet normal 1.000000e+00 0.000000e+00 0.000000e+00
    outer loop
      vertex   3.849500e+02 1.100000e+02 5.000000e+00
      vertex   3.849500e+02 2.499500e+02 1.000000e+01
      vertex   3.849500e+02 2.150500e+02 1.000000e+01
    endloop
  endfacet
  facet normal 1.000000e+00 0.000000e+00 0.000000e+00
    outer loop
      vertex   3.849500e+02 2.150500e+02 1.000000e+01
      vertex   3.849500e+02 2.499500e+02 1.000000e+01
      vertex   3.849500e+02 2.499500e+02 1.500000e+01
    endloop
  endfacet
  facet normal 1.000000e+00 0.000000e+00 0.000000e+00
    outer loop
      vertex   3.849500e+02 2.150500e+02 1.000000e+01
      vertex   3.849500e+02 2.499500e+02 1.500000e+01
      vertex   3.849500e+02 2.150500e+02 1.500000e+01
    endloop
  endfacet
  facet normal 1.000000e+00 0.000000e+00 0.000000e+00
    outer loop
      vertex   3.849500e+02 2.150500e+02 1.000000e+01
      vertex   3.849500e+02 2.149500e+02 1.000000e+01
      vertex   3.849500e+02 1.100000e+02 5.000000e+00
    endloop
  endfacet
  facet normal 1.000000e+00 0.000000e+00 0.000000e+00
    outer loop
      vertex   3.849500e+02 1.100000e+02 5.000000e+00
      vertex   3.849500e+02 2.149500e+02 1.000000e+01
      vertex   3.849500e+02 1.800500e+02 1.000000e+01
    endloop
  endfacet
  facet normal 1.000000e+00 0.000000e+00 0.000000e+00
    outer loop
      vertex   3.849500e+02 1.100000e+02 5.000000e+00
      vertex   3.849500e+02 1.800500e+02 1.000000e+01
      vertex   3.849500e+02 1.799500e+02 1.000000e+01
    endloop
  endfacet
  facet normal 1.000000e+00 0.000000e+00 -0.000000e+00
    outer loop
      vertex   3.849500e+02 2.149500e+02 1.000000e+01
      vertex   3.849500e+02 2.149500e+02 1.500000e+01
      vertex   3.849500e+02 1.800500e+02 1.000000e+01
    endloop
  endfacet
  facet normal 1.000000e+00 0.000000e+00 0.000000e+00
    outer loop
      vertex   3.849500e+02 1.800500e+02 1.000000e+01
      vertex   3.849500e+02 2.149500e+02 1.500000e+01
      vertex   3.849500e+02 1.800500e+02 1.500000e+01
    endloop
  endfacet
  facet normal 1.000000e+00 0.000000e+00 0.000000e+00
    outer loop
      vertex   3.849500e+02 1.100000e+02 5.000000e+00
      vertex   3.849500e+02 1.799500e+02 1.000000e+01
      vertex   3.849500e+02 1.450500e+02 1.000000e+01
    endloop
  endfacet
  facet normal 1.000000e+00 0.000000e+00 0.000000e+00
    outer loop
      vertex   3.849500e+02 1.450500e+02 1.000000e+01
      vertex   3.849500e+02 1.799500e+02 1.000000e+01
      vertex   3.849500e+02 1.799500e+02 1.500000e+01
    endloop
  endfacet
  facet normal 1.000000e+00 0.000000e+00 0.000000e+00
    outer loop
      vertex   3.849500e+02 1.450500e+02 1.000000e+01
      vertex   3.849500e+02 1.799500e+02 1.500000e+01
      vertex   3.849500e+02 1.450500e+02 1.500000e+01
    endloop
  endfacet
  facet normal 1.000000e+00 0.000000e+00 0.000000e+00
    outer loop
      vertex   3.849500e+02 1.450500e+02 1.000000e+01
      vertex   3.849500e+02 1.449500e+02 1.000000e+01
      vertex   3.849500e+02 1.100000e+02 5.000000e+00
    endloop
  endfacet
  facet normal 1.000000e+00 0.000000e+00 0.000000e+00
    outer loop
      vertex   3.849500e+02 1.100000e+02 5.000000e+00
      vertex   3.849500e+02 1.449500e+02 1.000000e+01
      vertex   3.849500e+02 1.100000e+02 1.000000e+01
    endloop
  endfacet
  facet normal 1.000000e+00 0.000000e+00 0.000000e+00
    outer loop
      vertex   3.849500e+02 1.100000e+02 1.000000e+01
      vertex   3.849500e+02 1.449500e+02 1.000000e+01
      vertex   3.849500e+02 1.449500e+02 1.500000e+01
    endloop
  endfacet
  facet normal 1.000000e+00 0.000000e+00 0.000000e+00
    outer loop
      vertex   3.849500e+02 1.100000e+02 1.000000e+01
      vertex   3.849500e+02 1.449500e+02 1.500000e+01
      vertex   3.849500e+02 1.100000e+02 1.500000e+01
    endloop
  endfacet
  facet normal 0.000000e+00 0.000000e+00 1.000000e+00
    outer loop
      vertex   3.849500e+02 3.549500e+02 1.500000e+01
      vertex   3.500000e+02 3.549500e+02 1.500000e+01
      vertex   3.849500e+02 3.200500e+02 1.500000e+01
    endloop
  endfacet
  facet normal 0.000000e+00 0.000000e+00 1.000000e+00
    outer loop
      vertex   3.849500e+02 3.200500e+02 1.500000e+01
      vertex   3.500000e+02 3.549500e+02 1.500000e+01
      vertex   3.500000e+02 3.200500e+02 1.500000e+01
    endloop
  endfacet
  facet normal -1.000000e+00 0.000000e+00 0.000000e+00
    outer loop
      vertex   3.500000e+02 3.549500e+02 1.000000e+01
      vertex   3.500000e+02 3.200500e+02 1.000000e+01
      vertex   3.500000e+02 3.549500e+02 1.500000e+01
    endloop
  endfacet
  facet normal -1.000000e+00 -0.000000e+00 0.000000e+00
    outer loop
      vertex   3.500000e+02 3.549500e+02 1.500000e+01
      vertex   3.500000e+02 3.200500e+02 1.000000e+01
      vertex   3.500000e+02 3.200500e+02 1.500000e+01
    endloop
  endfacet
  facet normal 0.000000e+00 -1.000000e+00 0.000000e+00
    outer loop
      vertex   3.849500e+02 3.200500e+02 1.000000e+01
      vertex   3.849500e+02 3.200500e+02 1.500000e+01
      vertex   3.500000e+02 3.200500e+02 1.000000e+01
    endloop
  endfacet
  facet normal 0.000000e+00 -1.000000e+00 0.000000e+00
    outer loop
      vertex   3.500000e+02 3.200500e+02 1.000000e+01
      vertex   3.849500e+02 3.200500e+02 1.500000e+01
      vertex   3.500000e+02 3.200500e+02 1.500000e+01
    endloop
  endfacet
  facet normal 0.000000e+00 -1.000000e+00 0.000000e+00
    outer loop
      vertex   4.199500e+02 3.200500e+02 1.000000e+01
      vertex   4.199500e+02 3.200500e+02 1.500000e+01
      vertex   3.850500e+02 3.200500e+02 1.000000e+01
    endloop
  endfacet
  facet normal 0.000000e+00 -1.000000e+00 0.000000e+00
    outer loop
      vertex   3.850500e+02 3.200500e+02 1.000000e+01
      vertex   4.199500e+02 3.200500e+02 1.500000e+01
      vertex   3.850500e+02 3.200500e+02 1.500000e+01
    endloop
  endfacet
  facet normal 0.000000e+00 -1.000000e+00 0.000000e+00
    outer loop
      vertex   4.549500e+02 3.200500e+02 1.000000e+01
      vertex   4.549500e+02 3.200500e+02 1.500000e+01
      vertex   4.200500e+02 3.200500e+02 1.000000e+01
    endloop
  endfacet
  facet normal 0.000000e+00 -1.000000e+00 0.000000e+00
    outer loop
      vertex   4.200500e+02 3.200500e+02 1.000000e+01
      vertex   4.549500e+02 3.200500e+02 1.500000e+01
      vertex   4.200500e+02 3.200500e+02 1.500000e+01
    endloop
  endfacet
  facet normal 0.000000e+00 -1.000000e+00 0.000000e+00
    outer loop
      vertex   4.899500e+02 3.200500e+02 1.000000e+01
      vertex   4.899500e+02 3.200500e+02 1.500000e+01
      vertex   4.550500e+02 3.200500e+02 1.000000e+01
    endloop
  endfacet
  facet normal 0.000000e+00 -1.000000e+00 0.000000e+00
    outer loop
      vertex   4.550500e+02 3.200500e+02 1.000000e+01
      vertex   4.899500e+02 3.200500e+02 1.500000e+01
      vertex   4.550500e+02 3.200500e+02 1.500000e+01
    endloop
  endfacet
  facet normal 0.000000e+00 -1.000000e+00 0.000000e+00
    outer loop
      vertex   5.249500e+02 3.200500e+02 1.000000e+01
      vertex   5.249500e+02 3.200500e+02 1.500000e+01
      vertex   4.900500e+02 3.200500e+02 1.000000e+01
    endloop
  endfacet
  facet normal 0.000000e+00 -1.000000e+00 0.000000e+00
    outer loop
      vertex   4.900500e+02 3.200500e+02 1.000000e+01
      vertex   5.249500e+02 3.200500e+02 1.500000e+01
      vertex   4.900500e+02 3.200500e+02 1.500000e+01
    endloop
  endfacet
  facet normal 0.000000e+00 -1.000000e+00 0.000000e+00
    outer loop
      vertex   5.599500e+02 3.200500e+02 1.000000e+01
      vertex   5.599500e+02 3.200500e+02 1.500000e+01
      vertex   5.250500e+02 3.200500e+02 1.000000e+01
    endloop
  endfacet
  facet normal 0.000000e+00 -1.000000e+00 0.000000e+00
    outer loop
      vertex   5.250500e+02 3.200500e+02 1.000000e+01
      vertex   5.599500e+02 3.200500e+02 1.500000e+01
      vertex   5.250500e+02 3.200500e+02 1.500000e+01
    endloop
  endfacet
  facet normal 0.000000e+00 -1.000000e+00 0.000000e+00
    outer loop
      vertex   5.949500e+02 3.200500e+02 1.000000e+01
      vertex   5.949500e+02 3.200500e+02 1.500000e+01
      vertex   5.600500e+02 3.200500e+02 1.000000e+01
    endloop
  endfacet
  facet normal 0.000000e+00 -1.000000e+00 0.000000e+00
    outer loop
      vertex   5.600500e+02 3.200500e+02 1.000000e+01
      vertex   5.949500e+02 3.200500e+02 1.500000e+01
      vertex   5.600500e+02 3.200500e+02 1.500000e+01
    endloop
  endfacet
  facet normal 0.000000e+00 -1.000000e+00 0.000000e+00
    outer loop
      vertex   5.950500e+02 3.200500e+02 1.500000e+01
      vertex   5.950500e+02 3.200500e+02 1.000000e+01
      vertex   6.300000e+02 3.200500e+02 1.500000e+01
    endloop
  endfacet
  facet normal 0.000000e+00 -1.000000e+00 -0.000000e+00
    outer loop
      vertex   6.300000e+02 3.200500e+02 1.500000e+01
      vertex   5.950500e+02 3.200500e+02 1.000000e+01
      vertex   6.300000e+02 3.200500e+02 1.000000e+01
    endloop
  endfacet
  facet normal 0.000000e+00 0.000000e+00 1.000000e+00
    outer loop
      vertex   5.949500e+02 3.200500e+02 1.000000e+01
      vertex   5.600500e+02 3.200500e+02 1.000000e+01
      vertex   5.949500e+02 3.199500e+02 1.000000e+01
    endloop
  endfacet
  facet normal 0.000000e+00 0.000000e+00 1.000000e+00
    outer loop
      vertex   5.949500e+02 3.199500e+02 1.000000e+01
      vertex   5.600500e+02 3.200500e+02 1.000000e+01
      vertex   5.600500e+02 3.199500e+02 1.000000e+01
    endloop
  endfacet
  facet normal 0.000000e+00 0.000000e+00 1.000000e+00
    outer loop
      vertex   5.599500e+02 3.200500e+02 1.000000e+01
      vertex   5.250500e+02 3.200500e+02 1.000000e+01
      vertex   5.599500e+02 3.199500e+02 1.000000e+01
    endloop
  endfacet
  facet normal 0.000000e+00 0.000000e+00 1.000000e+00
    outer loop
      vertex   5.599500e+02 3.199500e+02 1.000000e+01
      vertex   5.250500e+02 3.200500e+02 1.000000e+01
      vertex   5.250500e+02 3.199500e+02 1.000000e+01
    endloop
  endfacet
  facet normal 0.000000e+00 0.000000e+00 1.000000e+00
    outer loop
      vertex   5.249500e+02 3.200500e+02 1.000000e+01
      vertex   4.900500e+02 3.200500e+02 1.000000e+01
      vertex   5.249500e+02 3.199500e+02 1.000000e+01
    endloop
  endfacet
  facet normal 0.000000e+00 0.000000e+00 1.000000e+00
    outer loop
      vertex   5.249500e+02 3.199500e+02 1.000000e+01
      vertex   4.900500e+02 3.200500e+02 1.000000e+01
      vertex   4.900500e+02 3.199500e+02 1.000000e+01
    endloop
  endfacet
  facet normal 0.000000e+00 0.000000e+00 1.000000e+00
    outer loop
      vertex   4.899500e+02 3.200500e+02 1.000000e+01
      vertex   4.550500e+02 3.200500e+02 1.000000e+01
      vertex   4.899500e+02 3.199500e+02 1.000000e+01
    endloop
  endfacet
  facet normal 0.000000e+00 0.000000e+00 1.000000e+00
    outer loop
      vertex   4.899500e+02 3.199500e+02 1.000000e+01
      vertex   4.550500e+02 3.200500e+02 1.000000e+01
      vertex   4.550500e+02 3.199500e+02 1.000000e+01
    endloop
  endfacet
  facet normal 0.000000e+00 0.000000e+00 1.000000e+00
    outer loop
      vertex   4.549500e+02 3.200500e+02 1.000000e+01
      vertex   4.200500e+02 3.200500e+02 1.000000e+01
      vertex   4.549500e+02 3.199500e+02 1.000000e+01
    endloop
  endfacet
  facet normal 0.000000e+00 0.000000e+00 1.000000e+00
    outer loop
      vertex   4.549500e+02 3.199500e+02 1.000000e+01
      vertex   4.200500e+02 3.200500e+02 1.000000e+01
      vertex   4.200500e+02 3.199500e+02 1.000000e+01
    endloop
  endfacet
  facet normal 0.000000e+00 0.000000e+00 1.000000e+00
    outer loop
      vertex   4.199500e+02 3.200500e+02 1.000000e+01
      vertex   3.850500e+02 3.200500e+02 1.000000e+01
      vertex   4.199500e+02 3.199500e+02 1.000000e+01
    endloop
  endfacet
  facet normal 0.000000e+00 0.000000e+00 1.000000e+00
    outer loop
      vertex   4.199500e+02 3.199500e+02 1.000000e+01
      vertex   3.850500e+02 3.200500e+02 1.000000e+01
      vertex   3.850500e+02 3.199500e+02 1.000000e+01
    endloop
  endfacet
  facet normal 0.000000e+00 1.000000e+00 0.000000e+00
    outer loop
      vertex   3.849500e+02 3.199500e+02 1.500000e+01
      vertex   3.849500e+02 3.199500e+02 1.000000e+01
      vertex   3.500000e+02 3.199500e+02 1.500000e+01
    endloop
  endfacet
  facet normal 0.000000e+00 1.000000e+00 0.000000e+00
    outer loop
      vertex   3.500000e+02 3.199500e+02 1.500000e+01
      vertex   3.849500e+02 3.199500e+02 1.000000e+01
      vertex   3.500000e+02 3.199500e+02 1.000000e+01
    endloop
  endfacet
  facet normal 0.000000e+00 1.000000e+00 0.000000e+00
    outer loop
      vertex   5.949500e+02 3.199500e+02 1.500000e+01
      vertex   5.949500e+02 3.199500e+02 1.000000e+01
      vertex   5.600500e+02 3.199500e+02 1.500000e+01
    endloop
  endfacet
  facet normal 0.000000e+00 1.000000e+00 0.000000e+00
    outer loop
      vertex   5.600500e+02 3.199500e+02 1.500000e+01
      vertex   5.949500e+02 3.199500e+02 1.000000e+01
      vertex   5.600500e+02 3.199500e+02 1.000000e+01
    endloop
  endfacet
  facet normal 0.000000e+00 1.000000e+00 0.000000e+00
    outer loop
      vertex   5.599500e+02 3.199500e+02 1.500000e+01
      vertex   5.599500e+02 3.199500e+02 1.000000e+01
      vertex   5.250500e+02 3.199500e+02 1.500000e+01
    endloop
  endfacet
  facet normal 0.000000e+00 1.000000e+00 0.000000e+00
    outer loop
      vertex   5.250500e+02 3.199500e+02 1.500000e+01
      vertex   5.599500e+02 3.199500e+02 1.000000e+01
      vertex   5.250500e+02 3.199500e+02 1.000000e+01
    endloop
  endfacet
  facet normal 0.000000e+00 1.000000e+00 0.000000e+00
    outer loop
      vertex   5.249500e+02 3.199500e+02 1.500000e+01
      vertex   5.249500e+02 3.199500e+02 1.000000e+01
      vertex   4.900500e+02 3.199500e+02 1.500000e+01
    endloop
  endfacet
  facet normal 0.000000e+00 1.000000e+00 0.000000e+00
    outer loop
      vertex   4.900500e+02 3.199500e+02 1.500000e+01
      vertex   5.249500e+02 3.199500e+02 1.000000e+01
      vertex   4.900500e+02 3.199500e+02 1.000000e+01
    endloop
  endfacet
  facet normal 0.000000e+00 1.000000e+00 0.000000e+00
    outer loop
      vertex   4.899500e+02 3.199500e+02 1.500000e+01
      vertex   4.899500e+02 3.199500e+02 1.000000e+01
      vertex   4.550500e+02 3.199500e+02 1.500000e+01
    endloop
  endfacet
  facet normal 0.000000e+00 1.000000e+00 0.000000e+00
    outer loop
      vertex   4.550500e+02 3.199500e+02 1.500000e+01
      vertex   4.899500e+02 3.199500e+02 1.000000e+01
      vertex   4.550500e+02 3.199500e+02 1.000000e+01
    endloop
  endfacet
  facet normal 0.000000e+00 1.000000e+00 0.000000e+00
    outer loop
      vertex   4.549500e+02 3.199500e+02 1.500000e+01
      vertex   4.549500e+02 3.199500e+02 1.000000e+01
      vertex   4.200500e+02 3.199500e+02 1.500000e+01
    endloop
  endfacet
  facet normal 0.000000e+00 1.000000e+00 0.000000e+00
    outer loop
      vertex   4.200500e+02 3.199500e+02 1.500000e+01
      vertex   4.549500e+02 3.199500e+02 1.000000e+01
      vertex   4.200500e+02 3.199500e+02 1.000000e+01
    endloop
  endfacet
  facet normal 0.000000e+00 1.000000e+00 0.000000e+00
    outer loop
      vertex   4.199500e+02 3.199500e+02 1.500000e+01
      vertex   4.199500e+02 3.199500e+02 1.000000e+01
      vertex   3.850500e+02 3.199500e+02 1.500000e+01
    endloop
  endfacet
  facet normal 0.000000e+00 1.000000e+00 0.000000e+00
    outer loop
      vertex   3.850500e+02 3.199500e+02 1.500000e+01
      vertex   4.199500e+02 3.199500e+02 1.000000e+01
      vertex   3.850500e+02 3.199500e+02 1.000000e+01
    endloop
  endfacet
  facet normal 0.000000e+00 1.000000e+00 0.000000e+00
    outer loop
      vertex   5.950500e+02 3.199500e+02 1.000000e+01
      vertex   5.950500e+02 3.199500e+02 1.500000e+01
      vertex   6.300000e+02 3.199500e+02 1.000000e+01
    endloop
  endfacet
  facet normal 0.000000e+00 1.000000e+00 -0.000000e+00
    outer loop
      vertex   6.300000e+02 3.199500e+02 1.000000e+01
      vertex   5.950500e+02 3.199500e+02 1.500000e+01
      vertex   6.300000e+02 3.199500e+02 1.500000e+01
    endloop
  endfacet
  facet normal 1.000000e+00 0.000000e+00 0.000000e+00
    outer loop
      vertex   6.300000e+02 3.199500e+02 1.500000e+01
      vertex   6.300000e+02 2.850500e+02 1.500000e+01
      vertex   6.300000e+02 3.199500e+02 1.000000e+01
    endloop
  endfacet
  facet normal 1.000000e+00 0.000000e+00 0.000000e+00
    outer loop
      vertex   6.300000e+02 3.199500e+02 1.000000e+01
      vertex   6.300000e+02 2.850500e+02 1.500000e+01
      vertex   6.300000e+02 2.850500e+02 1.000000e+01
    endloop
  endfacet
  facet normal 0.000000e+00 0.000000e+00 1.000000e+00
    outer loop
      vertex   6.300000e+02 3.199500e+02 1.500000e+01
      vertex   5.950500e+02 3.199500e+02 1.500000e+01
      vertex   6.300000e+02 2.850500e+02 1.500000e+01
    endloop
  endfacet
  facet normal 0.000000e+00 0.000000e+00 1.000000e+00
    outer loop
      vertex   6.300000e+02 2.850500e+02 1.500000e+01
      vertex   5.950500e+02 3.199500e+02 1.500000e+01
      vertex   5.950500e+02 2.850500e+02 1.500000e+01
    endloop
  endfacet
  facet normal 0.000000e+00 0.000000e+00 1.000000e+00
    outer loop
      vertex   4.199500e+02 3.199500e+02 1.500000e+01
      vertex   3.850500e+02 3.199500e+02 1.500000e+01
      vertex   4.199500e+02 2.850500e+02 1.500000e+01
    endloop
  endfacet
  facet normal 0.000000e+00 0.000000e+00 1.000000e+00
    outer loop
      vertex   4.199500e+02 2.850500e+02 1.500000e+01
      vertex   3.850500e+02 3.199500e+02 1.500000e+01
      vertex   3.850500e+02 2.850500e+02 1.500000e+01
    endloop
  endfacet
  facet normal 0.000000e+00 0.000000e+00 1.000000e+00
    outer loop
      vertex   4.549500e+02 3.199500e+02 1.500000e+01
      vertex   4.200500e+02 3.199500e+02 1.500000e+01
      vertex   4.549500e+02 2.850500e+02 1.500000e+01
    endloop
  endfacet
  facet normal 0.000000e+00 0.000000e+00 1.000000e+00
    outer loop
      vertex   4.549500e+02 2.850500e+02 1.500000e+01
      vertex   4.200500e+02 3.199500e+02 1.500000e+01
      vertex   4.200500e+02 2.850500e+02 1.500000e+01
    endloop
  endfacet
  facet normal 0.000000e+00 0.000000e+00 1.000000e+00
    outer loop
      vertex   4.899500e+02 3.199500e+02 1.500000e+01
      vertex   4.550500e+02 3.199500e+02 1.500000e+01
      vertex   4.899500e+02 2.850500e+02 1.500000e+01
    endloop
  endfacet
  facet normal 0.000000e+00 0.000000e+00 1.000000e+00
    outer loop
      vertex   4.899500e+02 2.850500e+02 1.500000e+01
      vertex   4.550500e+02 3.199500e+02 1.500000e+01
      vertex   4.550500e+02 2.850500e+02 1.500000e+01
    endloop
  endfacet
  facet normal 0.000000e+00 0.000000e+00 1.000000e+00
    outer loop
      vertex   5.249500e+02 3.199500e+02 1.500000e+01
      vertex   4.900500e+02 3.199500e+02 1.500000e+01
      vertex   5.249500e+02 2.850500e+02 1.500000e+01
    endloop
  endfacet
  facet normal 0.000000e+00 0.000000e+00 1.000000e+00
    outer loop
      vertex   5.249500e+02 2.850500e+02 1.500000e+01
      vertex   4.900500e+02 3.199500e+02 1.500000e+01
      vertex   4.900500e+02 2.850500e+02 1.500000e+01
    endloop
  endfacet
  facet normal 0.000000e+00 0.000000e+00 1.000000e+00
    outer loop
      vertex   5.599500e+02 3.199500e+02 1.500000e+01
      vertex   5.250500e+02 3.199500e+02 1.500000e+01
      vertex   5.599500e+02 2.850500e+02 1.500000e+01
    endloop
  endfacet
  facet normal 0.000000e+00 0.000000e+00 1.000000e+00
    outer loop
      vertex   5.599500e+02 2.850500e+02 1.500000e+01
      vertex   5.250500e+02 3.199500e+02 1.500000e+01
      vertex   5.250500e+02 2.850500e+02 1.500000e+01
    endloop
  endfacet
  facet normal 0.000000e+00 0.000000e+00 1.000000e+00
    outer loop
      vertex   5.949500e+02 3.199500e+02 1.500000e+01
      vertex   5.600500e+02 3.199500e+02 1.500000e+01
      vertex   5.949500e+02 2.850500e+02 1.500000e+01
    endloop
  endfacet
  facet normal 0.000000e+00 0.000000e+00 1.000000e+00
    outer loop
      vertex   5.949500e+02 2.850500e+02 1.500000e+01
      vertex   5.600500e+02 3.199500e+02 1.500000e+01
      vertex   5.600500e+02 2.850500e+02 1.500000e+01
    endloop
  endfacet
  facet normal 0.000000e+00 0.000000e+00 1.000000e+00
    outer loop
      vertex   3.849500e+02 3.199500e+02 1.500000e+01
      vertex   3.500000e+02 3.199500e+02 1.500000e+01
      vertex   3.849500e+02 2.850500e+02 1.500000e+01
    endloop
  endfacet
  facet normal 0.000000e+00 0.000000e+00 1.000000e+00
    outer loop
      vertex   3.849500e+02 2.850500e+02 1.500000e+01
      vertex   3.500000e+02 3.199500e+02 1.500000e+01
      vertex   3.500000e+02 2.850500e+02 1.500000e+01
    endloop
  endfacet
  facet normal -1.000000e+00 0.000000e+00 0.000000e+00
    outer loop
      vertex   3.500000e+02 3.199500e+02 1.000000e+01
      vertex   3.500000e+02 2.850500e+02 1.000000e+01
      vertex   3.500000e+02 3.199500e+02 1.500000e+01
    endloop
  endfacet
  facet normal -1.000000e+00 -0.000000e+00 0.000000e+00
    outer loop
      vertex   3.500000e+02 3.199500e+02 1.500000e+01
      vertex   3.500000e+02 2.850500e+02 1.000000e+01
      vertex   3.500000e+02 2.850500e+02 1.500000e+01
    endloop
  endfacet
  facet normal 0.000000e+00 -1.000000e+00 0.000000e+00
    outer loop
      vertex   3.849500e+02 2.850500e+02 1.000000e+01
      vertex   3.849500e+02 2.850500e+02 1.500000e+01
      vertex   3.500000e+02 2.850500e+02 1.000000e+01
    endloop
  endfacet
  facet normal 0.000000e+00 -1.000000e+00 0.000000e+00
    outer loop
      vertex   3.500000e+02 2.850500e+02 1.000000e+01
      vertex   3.849500e+02 2.850500e+02 1.500000e+01
      vertex   3.500000e+02 2.850500e+02 1.500000e+01
    endloop
  endfacet
  facet normal 0.000000e+00 -1.000000e+00 0.000000e+00
    outer loop
      vertex   4.199500e+02 2.850500e+02 1.000000e+01
      vertex   4.199500e+02 2.850500e+02 1.500000e+01
      vertex   3.850500e+02 2.850500e+02 1.000000e+01
    endloop
  endfacet
  facet normal 0.000000e+00 -1.000000e+00 0.000000e+00
    outer loop
      vertex   3.850500e+02 2.850500e+02 1.000000e+01
      vertex   4.199500e+02 2.850500e+02 1.500000e+01
      vertex   3.850500e+02 2.850500e+02 1.500000e+01
    endloop
  endfacet
  facet normal 0.000000e+00 -1.000000e+00 0.000000e+00
    outer loop
      vertex   4.549500e+02 2.850500e+02 1.000000e+01
      vertex   4.549500e+02 2.850500e+02 1.500000e+01
      vertex   4.200500e+02 2.850500e+02 1.000000e+01
    endloop
  endfacet
  facet normal 0.000000e+00 -1.000000e+00 0.000000e+00
    outer loop
      vertex   4.200500e+02 2.850500e+02 1.000000e+01
      vertex   4.549500e+02 2.850500e+02 1.500000e+01
      vertex   4.200500e+02 2.850500e+02 1.500000e+01
    endloop
  endfacet
  facet normal 0.000000e+00 -1.000000e+00 0.000000e+00
    outer loop
      vertex   4.899500e+02 2.850500e+02 1.000000e+01
      vertex   4.899500e+02 2.850500e+02 1.500000e+01
      vertex   4.550500e+02 2.850500e+02 1.000000e+01
    endloop
  endfacet
  facet normal 0.000000e+00 -1.000000e+00 0.000000e+00
    outer loop
      vertex   4.550500e+02 2.850500e+02 1.000000e+01
      vertex   4.899500e+02 2.850500e+02 1.500000e+01
      vertex   4.550500e+02 2.850500e+02 1.500000e+01
    endloop
  endfacet
  facet normal 0.000000e+00 -1.000000e+00 0.000000e+00
    outer loop
      vertex   5.249500e+02 2.850500e+02 1.000000e+01
      vertex   5.249500e+02 2.850500e+02 1.500000e+01
      vertex   4.900500e+02 2.850500e+02 1.000000e+01
    endloop
  endfacet
  facet normal 0.000000e+00 -1.000000e+00 0.000000e+00
    outer loop
      vertex   4.900500e+02 2.850500e+02 1.000000e+01
      vertex   5.249500e+02 2.850500e+02 1.500000e+01
      vertex   4.900500e+02 2.850500e+02 1.500000e+01
    endloop
  endfacet
  facet normal 0.000000e+00 -1.000000e+00 0.000000e+00
    outer loop
      vertex   5.599500e+02 2.850500e+02 1.000000e+01
      vertex   5.599500e+02 2.850500e+02 1.500000e+01
      vertex   5.250500e+02 2.850500e+02 1.000000e+01
    endloop
  endfacet
  facet normal 0.000000e+00 -1.000000e+00 0.000000e+00
    outer loop
      vertex   5.250500e+02 2.850500e+02 1.000000e+01
      vertex   5.599500e+02 2.850500e+02 1.500000e+01
      vertex   5.250500e+02 2.850500e+02 1.500000e+01
    endloop
  endfacet
  facet normal 0.000000e+00 -1.000000e+00 0.000000e+00
    outer loop
      vertex   5.949500e+02 2.850500e+02 1.000000e+01
      vertex   5.949500e+02 2.850500e+02 1.500000e+01
      vertex   5.600500e+02 2.850500e+02 1.000000e+01
    endloop
  endfacet
  facet normal 0.000000e+00 -1.000000e+00 0.000000e+00
    outer loop
      vertex   5.600500e+02 2.850500e+02 1.000000e+01
      vertex   5.949500e+02 2.850500e+02 1.500000e+01
      vertex   5.600500e+02 2.850500e+02 1.500000e+01
    endloop
  endfacet
  facet normal 0.000000e+00 -1.000000e+00 0.000000e+00
    outer loop
      vertex   5.950500e+02 2.850500e+02 1.500000e+01
      vertex   5.950500e+02 2.850500e+02 1.000000e+01
      vertex   6.300000e+02 2.850500e+02 1.500000e+01
    endloop
  endfacet
  facet normal 0.000000e+00 -1.000000e+00 -0.000000e+00
    outer loop
      vertex   6.300000e+02 2.850500e+02 1.500000e+01
      vertex   5.950500e+02 2.850500e+02 1.000000e+01
      vertex   6.300000e+02 2.850500e+02 1.000000e+01
    endloop
  endfacet
  facet normal 0.000000e+00 0.000000e+00 1.000000e+00
    outer loop
      vertex   5.949500e+02 2.850500e+02 1.000000e+01
      vertex   5.600500e+02 2.850500e+02 1.000000e+01
      vertex   5.949500e+02 2.849500e+02 1.000000e+01
    endloop
  endfacet
  facet normal 0.000000e+00 0.000000e+00 1.000000e+00
    outer loop
      vertex   5.949500e+02 2.849500e+02 1.000000e+01
      vertex   5.600500e+02 2.850500e+02 1.000000e+01
      vertex   5.600500e+02 2.849500e+02 1.000000e+01
    endloop
  endfacet
  facet normal 0.000000e+00 0.000000e+00 1.000000e+00
    outer loop
      vertex   5.599500e+02 2.850500e+02 1.000000e+01
      vertex   5.250500e+02 2.850500e+02 1.000000e+01
      vertex   5.599500e+02 2.849500e+02 1.000000e+01
    endloop
  endfacet
  facet normal 0.000000e+00 0.000000e+00 1.000000e+00
    outer loop
      vertex   5.599500e+02 2.849500e+02 1.000000e+01
      vertex   5.250500e+02 2.850500e+02 1.000000e+01
      vertex   5.250500e+02 2.849500e+02 1.000000e+01
    endloop
  endfacet
  facet normal 0.000000e+00 0.000000e+00 1.000000e+00
    outer loop
      vertex   5.249500e+02 2.850500e+02 1.000000e+01
      vertex   4.900500e+02 2.850500e+02 1.000000e+01
      vertex   5.249500e+02 2.849500e+02 1.000000e+01
    endloop
  endfacet
  facet normal 0.000000e+00 0.000000e+00 1.000000e+00
    outer loop
      vertex   5.249500e+02 2.849500e+02 1.000000e+01
      vertex   4.900500e+02 2.850500e+02 1.000000e+01
      vertex   4.900500e+02 2.849500e+02 1.000000e+01
    endloop
  endfacet
  facet normal 0.000000e+00 0.000000e+00 1.000000e+00
    outer loop
      vertex   4.899500e+02 2.850500e+02 1.000000e+01
      vertex   4.550500e+02 2.850500e+02 1.000000e+01
      vertex   4.899500e+02 2.849500e+02 1.000000e+01
    endloop
  endfacet
  facet normal 0.000000e+00 0.000000e+00 1.000000e+00
    outer loop
      vertex   4.899500e+02 2.849500e+02 1.000000e+01
      vertex   4.550500e+02 2.850500e+02 1.000000e+01
      vertex   4.550500e+02 2.849500e+02 1.000000e+01
    endloop
  endfacet
  facet normal 0.000000e+00 0.000000e+00 1.000000e+00
    outer loop
      vertex   4.549500e+02 2.850500e+02 1.000000e+01
      vertex   4.200500e+02 2.850500e+02 1.000000e+01
      vertex   4.549500e+02 2.849500e+02 1.000000e+01
    endloop
  endfacet
  facet normal 0.000000e+00 0.000000e+00 1.000000e+00
    outer loop
      vertex   4.549500e+02 2.849500e+02 1.000000e+01
      vertex   4.200500e+02 2.850500e+02 1.000000e+01
      vertex   4.200500e+02 2.849500e+02 1.000000e+01
    endloop
  endfacet
  facet normal 0.000000e+00 0.000000e+00 1.000000e+00
    outer loop
      vertex   4.199500e+02 2.850500e+02 1.000000e+01
      vertex   3.850500e+02 2.850500e+02 1.000000e+01
      vertex   4.199500e+02 2.849500e+02 1.000000e+01
    endloop
  endfacet
  facet normal 0.000000e+00 0.000000e+00 1.000000e+00
    outer loop
      vertex   4.199500e+02 2.849500e+02 1.000000e+01
      vertex   3.850500e+02 2.850500e+02 1.000000e+01
      vertex   3.850500e+02 2.849500e+02 1.000000e+01
    endloop
  endfacet
  facet normal 0.000000e+00 1.000000e+00 0.000000e+00
    outer loop
      vertex   3.849500e+02 2.849500e+02 1.500000e+01
      vertex   3.849500e+02 2.849500e+02 1.000000e+01
      vertex   3.500000e+02 2.849500e+02 1.500000e+01
    endloop
  endfacet
  facet normal 0.000000e+00 1.000000e+00 0.000000e+00
    outer loop
      vertex   3.500000e+02 2.849500e+02 1.500000e+01
      vertex   3.849500e+02 2.849500e+02 1.000000e+01
      vertex   3.500000e+02 2.849500e+02 1.000000e+01
    endloop
  endfacet
  facet normal 0.000000e+00 1.000000e+00 0.000000e+00
    outer loop
      vertex   5.949500e+02 2.849500e+02 1.500000e+01
      vertex   5.949500e+02 2.849500e+02 1.000000e+01
      vertex   5.600500e+02 2.849500e+02 1.500000e+01
    endloop
  endfacet
  facet normal 0.000000e+00 1.000000e+00 0.000000e+00
    outer loop
      vertex   5.600500e+02 2.849500e+02 1.500000e+01
      vertex   5.949500e+02 2.849500e+02 1.000000e+01
      vertex   5.600500e+02 2.849500e+02 1.000000e+01
    endloop
  endfacet
  facet normal 0.000000e+00 1.000000e+00 0.000000e+00
    outer loop
      vertex   5.599500e+02 2.849500e+02 1.500000e+01
      vertex   5.599500e+02 2.849500e+02 1.000000e+01
      vertex   5.250500e+02 2.849500e+02 1.500000e+01
    endloop
  endfacet
  facet normal 0.000000e+00 1.000000e+00 0.000000e+00
    outer loop
      vertex   5.250500e+02 2.849500e+02 1.500000e+01
      vertex   5.599500e+02 2.849500e+02 1.000000e+01
      vertex   5.250500e+02 2.849500e+02 1.000000e+01
    endloop
  endfacet
  facet normal 0.000000e+00 1.000000e+00 0.000000e+00
    outer loop
      vertex   5.249500e+02 2.849500e+02 1.500000e+01
      vertex   5.249500e+02 2.849500e+02 1.000000e+01
      vertex   4.900500e+02 2.849500e+02 1.500000e+01
    endloop
  endfacet
  facet normal 0.000000e+00 1.000000e+00 0.000000e+00
    outer loop
      vertex   4.900500e+02 2.849500e+02 1.500000e+01
      vertex   5.249500e+02 2.849500e+02 1.000000e+01
      vertex   4.900500e+02 2.849500e+02 1.000000e+01
    endloop
  endfacet
  facet normal 0.000000e+00 1.000000e+00 0.000000e+00
    outer loop
      vertex   4.899500e+02 2.849500e+02 1.500000e+01
      vertex   4.899500e+02 2.849500e+02 1.000000e+01
      vertex   4.550500e+02 2.849500e+02 1.500000e+01
    endloop
  endfacet
  facet normal 0.000000e+00 1.000000e+00 0.000000e+00
    outer loop
      vertex   4.550500e+02 2.849500e+02 1.500000e+01
      vertex   4.899500e+02 2.849500e+02 1.000000e+01
      vertex   4.550500e+02 2.849500e+02 1.000000e+01
    endloop
  endfacet
  facet normal 0.000000e+00 1.000000e+00 0.000000e+00
    outer loop
      vertex   4.549500e+02 2.849500e+02 1.500000e+01
      vertex   4.549500e+02 2.849500e+02 1.000000e+01
      vertex   4.200500e+02 2.849500e+02 1.500000e+01
    endloop
  endfacet
  facet normal 0.000000e+00 1.000000e+00 0.000000e+00
    outer loop
      vertex   4.200500e+02 2.849500e+02 1.500000e+01
      vertex   4.549500e+02 2.849500e+02 1.000000e+01
      vertex   4.200500e+02 2.849500e+02 1.000000e+01
    endloop
  endfacet
  facet normal 0.000000e+00 1.000000e+00 0.000000e+00
    outer loop
      vertex   4.199500e+02 2.849500e+02 1.500000e+01
      vertex   4.199500e+02 2.849500e+02 1.000000e+01
      vertex   3.850500e+02 2.849500e+02 1.500000e+01
    endloop
  endfacet
  facet normal 0.000000e+00 1.000000e+00 0.000000e+00
    outer loop
      vertex   3.850500e+02 2.849500e+02 1.500000e+01
      vertex   4.199500e+02 2.849500e+02 1.000000e+01
      vertex   3.850500e+02 2.849500e+02 1.000000e+01
    endloop
  endfacet
  facet normal 0.000000e+00 1.000000e+00 0.000000e+00
    outer loop
      vertex   5.950500e+02 2.849500e+02 1.000000e+01
      vertex   5.950500e+02 2.849500e+02 1.500000e+01
      vertex   6.300000e+02 2.849500e+02 1.000000e+01
    endloop
  endfacet
  facet normal 0.000000e+00 1.000000e+00 -0.000000e+00
    outer loop
      vertex   6.300000e+02 2.849500e+02 1.000000e+01
      vertex   5.950500e+02 2.849500e+02 1.500000e+01
      vertex   6.300000e+02 2.849500e+02 1.500000e+01
    endloop
  endfacet
  facet normal 1.000000e+00 0.000000e+00 0.000000e+00
    outer loop
      vertex   6.300000e+02 2.849500e+02 1.500000e+01
      vertex   6.300000e+02 2.500500e+02 1.500000e+01
      vertex   6.300000e+02 2.849500e+02 1.000000e+01
    endloop
  endfacet
  facet normal 1.000000e+00 0.000000e+00 0.000000e+00
    outer loop
      vertex   6.300000e+02 2.849500e+02 1.000000e+01
      vertex   6.300000e+02 2.500500e+02 1.500000e+01
      vertex   6.300000e+02 2.500500e+02 1.000000e+01
    endloop
  endfacet
  facet normal 0.000000e+00 0.000000e+00 1.000000e+00
    outer loop
      vertex   6.300000e+02 2.849500e+02 1.500000e+01
      vertex   5.950500e+02 2.849500e+02 1.500000e+01
      vertex   6.300000e+02 2.500500e+02 1.500000e+01
    endloop
  endfacet
  facet normal 0.000000e+00 0.000000e+00 1.000000e+00
    outer loop
      vertex   6.300000e+02 2.500500e+02 1.500000e+01
      vertex   5.950500e+02 2.849500e+02 1.500000e+01
      vertex   5.950500e+02 2.500500e+02 1.500000e+01
    endloop
  endfacet
  facet normal 0.000000e+00 0.000000e+00 1.000000e+00
    outer loop
      vertex   4.199500e+02 2.849500e+02 1.500000e+01
      vertex   3.850500e+02 2.849500e+02 1.500000e+01
      vertex   4.199500e+02 2.500500e+02 1.500000e+01
    endloop
  endfacet
  facet normal 0.000000e+00 0.000000e+00 1.000000e+00
    outer loop
      vertex   4.199500e+02 2.500500e+02 1.500000e+01
      vertex   3.850500e+02 2.849500e+02 1.500000e+01
      vertex   3.850500e+02 2.500500e+02 1.500000e+01
    endloop
  endfacet
  facet normal 0.000000e+00 0.000000e+00 1.000000e+00
    outer loop
      vertex   4.549500e+02 2.849500e+02 1.500000e+01
      vertex   4.200500e+02 2.849500e+02 1.500000e+01
      vertex   4.549500e+02 2.500500e+02 1.500000e+01
    endloop
  endfacet
  facet normal 0.000000e+00 0.000000e+00 1.000000e+00
    outer loop
      vertex   4.549500e+02 2.500500e+02 1.500000e+01
      vertex   4.200500e+02 2.849500e+02 1.500000e+01
      vertex   4.200500e+02 2.500500e+02 1.500000e+01
    endloop
  endfacet
  facet normal 0.000000e+00 0.000000e+00 1.000000e+00
    outer loop
      vertex   4.899500e+02 2.849500e+02 1.500000e+01
      vertex   4.550500e+02 2.849500e+02 1.500000e+01
      vertex   4.899500e+02 2.500500e+02 1.500000e+01
    endloop
  endfacet
  facet normal 0.000000e+00 0.000000e+00 1.000000e+00
    outer loop
      vertex   4.899500e+02 2.500500e+02 1.500000e+01
      vertex   4.550500e+02 2.849500e+02 1.500000e+01
      vertex   4.550500e+02 2.500500e+02 1.500000e+01
    endloop
  endfacet
  facet normal 0.000000e+00 0.000000e+00 1.000000e+00
    outer loop
      vertex   5.249500e+02 2.849500e+02 1.500000e+01
      vertex   4.900500e+02 2.849500e+02 1.500000e+01
      vertex   5.249500e+02 2.500500e+02 1.500000e+01
    endloop
  endfacet
  facet normal 0.000000e+00 0.000000e+00 1.000000e+00
    outer loop
      vertex   5.249500e+02 2.500500e+02 1.500000e+01
      vertex   4.900500e+02 2.849500e+02 1.500000e+01
      vertex   4.900500e+02 2.500500e+02 1.500000e+01
    endloop
  endfacet
  facet normal 0.000000e+00 0.000000e+00 1.000000e+00
    outer loop
      vertex   5.599500e+02 2.849500e+02 1.500000e+01
      vertex   5.250500e+02 2.849500e+02 1.500000e+01
      vertex   5.599500e+02 2.500500e+02 1.500000e+01
    endloop
  endfacet
  facet normal 0.000000e+00 0.000000e+00 1.000000e+00
    outer loop
      vertex   5.599500e+02 2.500500e+02 1.500000e+01
      vertex   5.250500e+02 2.849500e+02 1.500000e+01
      vertex   5.250500e+02 2.500500e+02 1.500000e+01
    endloop
  endfacet
  facet normal 0.000000e+00 0.000000e+00 1.000000e+00
    outer loop
      vertex   5.949500e+02 2.849500e+02 1.500000e+01
      vertex   5.600500e+02 2.849500e+02 1.500000e+01
      vertex   5.949500e+02 2.500500e+02 1.500000e+01
    endloop
  endfacet
  facet normal 0.000000e+00 0.000000e+00 1.000000e+00
    outer loop
      vertex   5.949500e+02 2.500500e+02 1.500000e+01
      vertex   5.600500e+02 2.849500e+02 1.500000e+01
      vertex   5.600500e+02 2.500500e+02 1.500000e+01
    endloop
  endfacet
  facet normal 0.000000e+00 0.000000e+00 1.000000e+00
    outer loop
      vertex   3.849500e+02 2.849500e+02 1.500000e+01
      vertex   3.500000e+02 2.849500e+02 1.500000e+01
      vertex   3.849500e+02 2.500500e+02 1.500000e+01
    endloop
  endfacet
  facet normal 0.000000e+00 0.000000e+00 1.000000e+00
    outer loop
      vertex   3.849500e+02 2.500500e+02 1.500000e+01
      vertex   3.500000e+02 2.849500e+02 1.500000e+01
      vertex   3.500000e+02 2.500500e+02 1.500000e+01
    endloop
  endfacet
  facet normal -1.000000e+00 0.000000e+00 0.000000e+00
    outer loop
      vertex   3.500000e+02 2.849500e+02 1.000000e+01
      vertex   3.500000e+02 2.500500e+02 1.000000e+01
      vertex   3.500000e+02 2.849500e+02 1.500000e+01
    endloop
  endfacet
  facet normal -1.000000e+00 -0.000000e+00 0.000000e+00
    outer loop
      vertex   3.500000e+02 2.849500e+02 1.500000e+01
      vertex   3.500000e+02 2.500500e+02 1.000000e+01
      vertex   3.500000e+02 2.500500e+02 1.500000e+01
    endloop
  endfacet
  facet normal 0.000000e+00 -1.000000e+00 0.000000e+00
    outer loop
      vertex   3.849500e+02 2.500500e+02 1.000000e+01
      vertex   3.849500e+02 2.500500e+02 1.500000e+01
      vertex   3.500000e+02 2.500500e+02 1.000000e+01
    endloop
  endfacet
  facet normal 0.000000e+00 -1.000000e+00 0.000000e+00
    outer loop
      vertex   3.500000e+02 2.500500e+02 1.000000e+01
      vertex   3.849500e+02 2.500500e+02 1.500000e+01
      vertex   3.500000e+02 2.500500e+02 1.500000e+01
    endloop
  endfacet
  facet normal 0.000000e+00 -1.000000e+00 0.000000e+00
    outer loop
      vertex   4.199500e+02 2.500500e+02 1.000000e+01
      vertex   4.199500e+02 2.500500e+02 1.500000e+01
      vertex   3.850500e+02 2.500500e+02 1.000000e+01
    endloop
  endfacet
  facet normal 0.000000e+00 -1.000000e+00 0.000000e+00
    outer loop
      vertex   3.850500e+02 2.500500e+02 1.000000e+01
      vertex   4.199500e+02 2.500500e+02 1.500000e+01
      vertex   3.850500e+02 2.500500e+02 1.500000e+01
    endloop
  endfacet
  facet normal 0.000000e+00 -1.000000e+00 0.000000e+00
    outer loop
      vertex   4.549500e+02 2.500500e+02 1.000000e+01
      vertex   4.549500e+02 2.500500e+02 1.500000e+01
      vertex   4.200500e+02 2.500500e+02 1.000000e+01
    endloop
  endfacet
  facet normal 0.000000e+00 -1.000000e+00 0.000000e+00
    outer loop
      vertex   4.200500e+02 2.500500e+02 1.000000e+01
      vertex   4.549500e+02 2.500500e+02 1.500000e+01
      vertex   4.200500e+02 2.500500e+02 1.500000e+01
    endloop
  endfacet
  facet normal 0.000000e+00 -1.000000e+00 0.000000e+00
    outer loop
      vertex   4.899500e+02 2.500500e+02 1.000000e+01
      vertex   4.899500e+02 2.500500e+02 1.500000e+01
      vertex   4.550500e+02 2.500500e+02 1.000000e+01
    endloop
  endfacet
  facet normal 0.000000e+00 -1.000000e+00 0.000000e+00
    outer loop
      vertex   4.550500e+02 2.500500e+02 1.000000e+01
      vertex   4.899500e+02 2.500500e+02 1.500000e+01
      vertex   4.550500e+02 2.500500e+02 1.500000e+01
    endloop
  endfacet
  facet normal 0.000000e+00 -1.000000e+00 0.000000e+00
    outer loop
      vertex   5.249500e+02 2.500500e+02 1.000000e+01
      vertex   5.249500e+02 2.500500e+02 1.500000e+01
      vertex   4.900500e+02 2.500500e+02 1.000000e+01
    endloop
  endfacet
  facet normal 0.000000e+00 -1.000000e+00 0.000000e+00
    outer loop
      vertex   4.900500e+02 2.500500e+02 1.000000e+01
      vertex   5.249500e+02 2.500500e+02 1.500000e+01
      vertex   4.900500e+02 2.500500e+02 1.500000e+01
    endloop
  endfacet
  facet normal 0.000000e+00 -1.000000e+00 0.000000e+00
    outer loop
      vertex   5.599500e+02 2.500500e+02 1.000000e+01
      vertex   5.599500e+02 2.500500e+02 1.500000e+01
      vertex   5.250500e+02 2.500500e+02 1.000000e+01
    endloop
  endfacet
  facet normal 0.000000e+00 -1.000000e+00 0.000000e+00
    outer loop
      vertex   5.250500e+02 2.500500e+02 1.000000e+01
      vertex   5.599500e+02 2.500500e+02 1.500000e+01
      vertex   5.250500e+02 2.500500e+02 1.500000e+01
    endloop
  endfacet
  facet normal 0.000000e+00 -1.000000e+00 0.000000e+00
    outer loop
      vertex   5.949500e+02 2.500500e+02 1.000000e+01
      vertex   5.949500e+02 2.500500e+02 1.500000e+01
      vertex   5.600500e+02 2.500500e+02 1.000000e+01
    endloop
  endfacet
  facet normal 0.000000e+00 -1.000000e+00 0.000000e+00
    outer loop
      vertex   5.600500e+02 2.500500e+02 1.000000e+01
      vertex   5.949500e+02 2.500500e+02 1.500000e+01
      vertex   5.600500e+02 2.500500e+02 1.500000e+01
    endloop
  endfacet
  facet normal 0.000000e+00 -1.000000e+00 0.000000e+00
    outer loop
      vertex   5.950500e+02 2.500500e+02 1.500000e+01
      vertex   5.950500e+02 2.500500e+02 1.000000e+01
      vertex   6.300000e+02 2.500500e+02 1.500000e+01
    endloop
  endfacet
  facet normal 0.000000e+00 -1.000000e+00 -0.000000e+00
    outer loop
      vertex   6.300000e+02 2.500500e+02 1.500000e+01
      vertex   5.950500e+02 2.500500e+02 1.000000e+01
      vertex   6.300000e+02 2.500500e+02 1.000000e+01
    endloop
  endfacet
  facet normal 0.000000e+00 0.000000e+00 1.000000e+00
    outer loop
      vertex   5.949500e+02 2.500500e+02 1.000000e+01
      vertex   5.600500e+02 2.500500e+02 1.000000e+01
      vertex   5.949500e+02 2.499500e+02 1.000000e+01
    endloop
  endfacet
  facet normal 0.000000e+00 0.000000e+00 1.000000e+00
    outer loop
      vertex   5.949500e+02 2.499500e+02 1.000000e+01
      vertex   5.600500e+02 2.500500e+02 1.000000e+01
      vertex   5.600500e+02 2.499500e+02 1.000000e+01
    endloop
  endfacet
  facet normal 0.000000e+00 0.000000e+00 1.000000e+00
    outer loop
      vertex   5.599500e+02 2.500500e+02 1.000000e+01
      vertex   5.250500e+02 2.500500e+02 1.000000e+01
      vertex   5.599500e+02 2.499500e+02 1.000000e+01
    endloop
  endfacet
  facet normal 0.000000e+00 0.000000e+00 1.000000e+00
    outer loop
      vertex   5.599500e+02 2.499500e+02 1.000000e+01
      vertex   5.250500e+02 2.500500e+02 1.000000e+01
      vertex   5.250500e+02 2.499500e+02 1.000000e+01
    endloop
  endfacet
  facet normal 0.000000e+00 0.000000e+00 1.000000e+00
    outer loop
      vertex   5.249500e+02 2.500500e+02 1.000000e+01
      vertex   4.900500e+02 2.500500e+02 1.000000e+01
      vertex   5.249500e+02 2.499500e+02 1.000000e+01
    endloop
  endfacet
  facet normal 0.000000e+00 0.000000e+00 1.000000e+00
    outer loop
      vertex   5.249500e+02 2.499500e+02 1.000000e+01
      vertex   4.900500e+02 2.500500e+02 1.000000e+01
      vertex   4.900500e+02 2.499500e+02 1.000000e+01
    endloop
  endfacet
  facet normal 0.000000e+00 0.000000e+00 1.000000e+00
    outer loop
      vertex   4.899500e+02 2.500500e+02 1.000000e+01
      vertex   4.550500e+02 2.500500e+02 1.000000e+01
      vertex   4.899500e+02 2.499500e+02 1.000000e+01
    endloop
  endfacet
  facet normal 0.000000e+00 0.000000e+00 1.000000e+00
    outer loop
      vertex   4.899500e+02 2.499500e+02 1.000000e+01
      vertex   4.550500e+02 2.500500e+02 1.000000e+01
      vertex   4.550500e+02 2.499500e+02 1.000000e+01
    endloop
  endfacet
  facet normal 0.000000e+00 0.000000e+00 1.000000e+00
    outer loop
      vertex   4.549500e+02 2.500500e+02 1.000000e+01
      vertex   4.200500e+02 2.500500e+02 1.000000e+01
      vertex   4.549500e+02 2.499500e+02 1.000000e+01
    endloop
  endfacet
  facet normal 0.000000e+00 0.000000e+00 1.000000e+00
    outer loop
      vertex   4.549500e+02 2.499500e+02 1.000000e+01
      vertex   4.200500e+02 2.500500e+02 1.000000e+01
      vertex   4.200500e+02 2.499500e+02 1.000000e+01
    endloop
  endfacet
  facet normal 0.000000e+00 0.000000e+00 1.000000e+00
    outer loop
      vertex   4.199500e+02 2.500500e+02 1.000000e+01
      vertex   3.850500e+02 2.500500e+02 1.000000e+01
      vertex   4.199500e+02 2.499500e+02 1.000000e+01
    endloop
  endfacet
  facet normal 0.000000e+00 0.000000e+00 1.000000e+00
    outer loop
      vertex   4.199500e+02 2.499500e+02 1.000000e+01
      vertex   3.850500e+02 2.500500e+02 1.000000e+01
      vertex   3.850500e+02 2.499500e+02 1.000000e+01
    endloop
  endfacet
  facet normal 0.000000e+00 1.000000e+00 0.000000e+00
    outer loop
      vertex   3.849500e+02 2.499500e+02 1.500000e+01
      vertex   3.849500e+02 2.499500e+02 1.000000e+01
      vertex   3.500000e+02 2.499500e+02 1.500000e+01
    endloop
  endfacet
  facet normal 0.000000e+00 1.000000e+00 0.000000e+00
    outer loop
      vertex   3.500000e+02 2.499500e+02 1.500000e+01
      vertex   3.849500e+02 2.499500e+02 1.000000e+01
      vertex   3.500000e+02 2.499500e+02 1.000000e+01
    endloop
  endfacet
  facet normal 0.000000e+00 1.000000e+00 0.000000e+00
    outer loop
      vertex   5.949500e+02 2.499500e+02 1.500000e+01
      vertex   5.949500e+02 2.499500e+02 1.000000e+01
      vertex   5.600500e+02 2.499500e+02 1.500000e+01
    endloop
  endfacet
  facet normal 0.000000e+00 1.000000e+00 0.000000e+00
    outer loop
      vertex   5.600500e+02 2.499500e+02 1.500000e+01
      vertex   5.949500e+02 2.499500e+02 1.000000e+01
      vertex   5.600500e+02 2.499500e+02 1.000000e+01
    endloop
  endfacet
  facet normal 0.000000e+00 1.000000e+00 0.000000e+00
    outer loop
      vertex   5.599500e+02 2.499500e+02 1.500000e+01
      vertex   5.599500e+02 2.499500e+02 1.000000e+01
      vertex   5.250500e+02 2.499500e+02 1.500000e+01
    endloop
  endfacet
  facet normal 0.000000e+00 1.000000e+00 0.000000e+00
    outer loop
      vertex   5.250500e+02 2.499500e+02 1.500000e+01
      vertex   5.599500e+02 2.499500e+02 1.000000e+01
      vertex   5.250500e+02 2.499500e+02 1.000000e+01
    endloop
  endfacet
  facet normal 0.000000e+00 1.000000e+00 0.000000e+00
    outer loop
      vertex   5.249500e+02 2.499500e+02 1.500000e+01
      vertex   5.249500e+02 2.499500e+02 1.000000e+01
      vertex   4.900500e+02 2.499500e+02 1.500000e+01
    endloop
  endfacet
  facet normal 0.000000e+00 1.000000e+00 0.000000e+00
    outer loop
      vertex   4.900500e+02 2.499500e+02 1.500000e+01
      vertex   5.249500e+02 2.499500e+02 1.000000e+01
      vertex   4.900500e+02 2.499500e+02 1.000000e+01
    endloop
  endfacet
  facet normal 0.000000e+00 1.000000e+00 0.000000e+00
    outer loop
      vertex   4.899500e+02 2.499500e+02 1.500000e+01
      vertex   4.899500e+02 2.499500e+02 1.000000e+01
      vertex   4.550500e+02 2.499500e+02 1.500000e+01
    endloop
  endfacet
  facet normal 0.000000e+00 1.000000e+00 0.000000e+00
    outer loop
      vertex   4.550500e+02 2.499500e+02 1.500000e+01
      vertex   4.899500e+02 2.499500e+02 1.000000e+01
      vertex   4.550500e+02 2.499500e+02 1.000000e+01
    endloop
  endfacet
  facet normal 0.000000e+00 1.000000e+00 0.000000e+00
    outer loop
      vertex   4.549500e+02 2.499500e+02 1.500000e+01
      vertex   4.549500e+02 2.499500e+02 1.000000e+01
      vertex   4.200500e+02 2.499500e+02 1.500000e+01
    endloop
  endfacet
  facet normal 0.000000e+00 1.000000e+00 0.000000e+00
    outer loop
      vertex   4.200500e+02 2.499500e+02 1.500000e+01
      vertex   4.549500e+02 2.499500e+02 1.000000e+01
      vertex   4.200500e+02 2.499500e+02 1.000000e+01
    endloop
  endfacet
  facet normal 0.000000e+00 1.000000e+00 0.000000e+00
    outer loop
      vertex   4.199500e+02 2.499500e+02 1.500000e+01
      vertex   4.199500e+02 2.499500e+02 1.000000e+01
      vertex   3.850500e+02 2.499500e+02 1.500000e+01
    endloop
  endfacet
  facet normal 0.000000e+00 1.000000e+00 0.000000e+00
    outer loop
      vertex   3.850500e+02 2.499500e+02 1.500000e+01
      vertex   4.199500e+02 2.499500e+02 1.000000e+01
      vertex   3.850500e+02 2.499500e+02 1.000000e+01
    endloop
  endfacet
  facet normal 0.000000e+00 1.000000e+00 0.000000e+00
    outer loop
      vertex   5.950500e+02 2.499500e+02 1.000000e+01
      vertex   5.950500e+02 2.499500e+02 1.500000e+01
      vertex   6.300000e+02 2.499500e+02 1.000000e+01
    endloop
  endfacet
  facet normal 0.000000e+00 1.000000e+00 -0.000000e+00
    outer loop
      vertex   6.300000e+02 2.499500e+02 1.000000e+01
      vertex   5.950500e+02 2.499500e+02 1.500000e+01
      vertex   6.300000e+02 2.499500e+02 1.500000e+01
    endloop
  endfacet
  facet normal 1.000000e+00 0.000000e+00 0.000000e+00
    outer loop
      vertex   6.300000e+02 2.499500e+02 1.500000e+01
      vertex   6.300000e+02 2.150500e+02 1.500000e+01
      vertex   6.300000e+02 2.499500e+02 1.000000e+01
    endloop
  endfacet
  facet normal 1.000000e+00 0.000000e+00 0.000000e+00
    outer loop
      vertex   6.300000e+02 2.499500e+02 1.000000e+01
      vertex   6.300000e+02 2.150500e+02 1.500000e+01
      vertex   6.300000e+02 2.150500e+02 1.000000e+01
    endloop
  endfacet
  facet normal 0.000000e+00 0.000000e+00 1.000000e+00
    outer loop
      vertex   6.300000e+02 2.499500e+02 1.500000e+01
      vertex   5.950500e+02 2.499500e+02 1.500000e+01
      vertex   6.300000e+02 2.150500e+02 1.500000e+01
    endloop
  endfacet
  facet normal 0.000000e+00 0.000000e+00 1.000000e+00
    outer loop
      vertex   6.300000e+02 2.150500e+02 1.500000e+01
      vertex   5.950500e+02 2.499500e+02 1.500000e+01
      vertex   5.950500e+02 2.150500e+02 1.500000e+01
    endloop
  endfacet
  facet normal 0.000000e+00 0.000000e+00 1.000000e+00
    outer loop
      vertex   4.199500e+02 2.499500e+02 1.500000e+01
      vertex   3.850500e+02 2.499500e+02 1.500000e+01
      vertex   4.199500e+02 2.150500e+02 1.500000e+01
    endloop
  endfacet
  facet normal 0.000000e+00 0.000000e+00 1.000000e+00
    outer loop
      vertex   4.199500e+02 2.150500e+02 1.500000e+01
      vertex   3.850500e+02 2.499500e+02 1.500000e+01
      vertex   3.850500e+02 2.150500e+02 1.500000e+01
    endloop
  endfacet
  facet normal 0.000000e+00 0.000000e+00 1.000000e+00
    outer loop
      vertex   4.549500e+02 2.499500e+02 1.500000e+01
      vertex   4.200500e+02 2.499500e+02 1.500000e+01
      vertex   4.549500e+02 2.150500e+02 1.500000e+01
    endloop
  endfacet
  facet normal 0.000000e+00 0.000000e+00 1.000000e+00
    outer loop
      vertex   4.549500e+02 2.150500e+02 1.500000e+01
      vertex   4.200500e+02 2.499500e+02 1.500000e+01
      vertex   4.200500e+02 2.150500e+02 1.500000e+01
    endloop
  endfacet
  facet normal 0.000000e+00 0.000000e+00 1.000000e+00
    outer loop
      vertex   4.899500e+02 2.499500e+02 1.500000e+01
      vertex   4.550500e+02 2.499500e+02 1.500000e+01
      vertex   4.899500e+02 2.150500e+02 1.500000e+01
    endloop
  endfacet
  facet normal 0.000000e+00 0.000000e+00 1.000000e+00
    outer loop
      vertex   4.899500e+02 2.150500e+02 1.500000e+01
      vertex   4.550500e+02 2.499500e+02 1.500000e+01
      vertex   4.550500e+02 2.150500e+02 1.500000e+01
    endloop
  endfacet
  facet normal 0.000000e+00 0.000000e+00 1.000000e+00
    outer loop
      vertex   5.249500e+02 2.499500e+02 1.500000e+01
      vertex   4.900500e+02 2.499500e+02 1.500000e+01
      vertex   5.249500e+02 2.150500e+02 1.500000e+01
    endloop
  endfacet
  facet normal 0.000000e+00 0.000000e+00 1.000000e+00
    outer loop
      vertex   5.249500e+02 2.150500e+02 1.500000e+01
      vertex   4.900500e+02 2.499500e+02 1.500000e+01
      vertex   4.900500e+02 2.150500e+02 1.500000e+01
    endloop
  endfacet
  facet normal 0.000000e+00 0.000000e+00 1.000000e+00
    outer loop
      vertex   5.599500e+02 2.499500e+02 1.500000e+01
      vertex   5.250500e+02 2.499500e+02 1.500000e+01
      vertex   5.599500e+02 2.150500e+02 1.500000e+01
    endloop
  endfacet
  facet normal 0.000000e+00 0.000000e+00 1.000000e+00
    outer loop
      vertex   5.599500e+02 2.150500e+02 1.500000e+01
      vertex   5.250500e+02 2.499500e+02 1.500000e+01
      vertex   5.250500e+02 2.150500e+02 1.500000e+01
    endloop
  endfacet
  facet normal 0.000000e+00 0.000000e+00 1.000000e+00
    outer loop
      vertex   5.949500e+02 2.499500e+02 1.500000e+01
      vertex   5.600500e+02 2.499500e+02 1.500000e+01
      vertex   5.949500e+02 2.150500e+02 1.500000e+01
    endloop
  endfacet
  facet normal 0.000000e+00 0.000000e+00 1.000000e+00
    outer loop
      vertex   5.949500e+02 2.150500e+02 1.500000e+01
      vertex   5.600500e+02 2.499500e+02 1.500000e+01
      vertex   5.600500e+02 2.150500e+02 1.500000e+01
    endloop
  endfacet
  facet normal 0.000000e+00 0.000000e+00 1.000000e+00
    outer loop
      vertex   3.849500e+02 2.499500e+02 1.500000e+01
      vertex   3.500000e+02 2.499500e+02 1.500000e+01
      vertex   3.849500e+02 2.150500e+02 1.500000e+01
    endloop
  endfacet
  facet normal 0.000000e+00 0.000000e+00 1.000000e+00
    outer loop
      vertex   3.849500e+02 2.150500e+02 1.500000e+01
      vertex   3.500000e+02 2.499500e+02 1.500000e+01
      vertex   3.500000e+02 2.150500e+02 1.500000e+01
    endloop
  endfacet
  facet normal -1.000000e+00 0.000000e+00 0.000000e+00
    outer loop
      vertex   3.500000e+02 2.499500e+02 1.000000e+01
      vertex   3.500000e+02 2.150500e+02 1.000000e+01
      vertex   3.500000e+02 2.499500e+02 1.500000e+01
    endloop
  endfacet
  facet normal -1.000000e+00 -0.000000e+00 0.000000e+00
    outer loop
      vertex   3.500000e+02 2.499500e+02 1.500000e+01
      vertex   3.500000e+02 2.150500e+02 1.000000e+01
      vertex   3.500000e+02 2.150500e+02 1.500000e+01
    endloop
  endfacet
  facet normal 0.000000e+00 -1.000000e+00 0.000000e+00
    outer loop
      vertex   3.849500e+02 2.150500e+02 1.000000e+01
      vertex   3.849500e+02 2.150500e+02 1.500000e+01
      vertex   3.500000e+02 2.150500e+02 1.000000e+01
    endloop
  endfacet
  facet normal 0.000000e+00 -1.000000e+00 0.000000e+00
    outer loop
      vertex   3.500000e+02 2.150500e+02 1.000000e+01
      vertex   3.849500e+02 2.150500e+02 1.500000e+01
      vertex   3.500000e+02 2.150500e+02 1.500000e+01
    endloop
  endfacet
  facet normal 0.000000e+00 -1.000000e+00 0.000000e+00
    outer loop
      vertex   4.199500e+02 2.150500e+02 1.000000e+01
      vertex   4.199500e+02 2.150500e+02 1.500000e+01
      vertex   3.850500e+02 2.150500e+02 1.000000e+01
    endloop
  endfacet
  facet normal 0.000000e+00 -1.000000e+00 0.000000e+00
    outer loop
      vertex   3.850500e+02 2.150500e+02 1.000000e+01
      vertex   4.199500e+02 2.150500e+02 1.500000e+01
      vertex   3.850500e+02 2.150500e+02 1.500000e+01
    endloop
  endfacet
  facet normal 0.000000e+00 -1.000000e+00 0.000000e+00
    outer loop
      vertex   4.549500e+02 2.150500e+02 1.000000e+01
      vertex   4.549500e+02 2.150500e+02 1.500000e+01
      vertex   4.200500e+02 2.150500e+02 1.000000e+01
    endloop
  endfacet
  facet normal 0.000000e+00 -1.000000e+00 0.000000e+00
    outer loop
      vertex   4.200500e+02 2.150500e+02 1.000000e+01
      vertex   4.549500e+02 2.150500e+02 1.500000e+01
      vertex   4.200500e+02 2.150500e+02 1.500000e+01
    endloop
  endfacet
  facet normal 0.000000e+00 -1.000000e+00 0.000000e+00
    outer loop
      vertex   4.899500e+02 2.150500e+02 1.000000e+01
      vertex   4.899500e+02 2.150500e+02 1.500000e+01
      vertex   4.550500e+02 2.150500e+02 1.000000e+01
    endloop
  endfacet
  facet normal 0.000000e+00 -1.000000e+00 0.000000e+00
    outer loop
      vertex   4.550500e+02 2.150500e+02 1.000000e+01
      vertex   4.899500e+02 2.150500e+02 1.500000e+01
      vertex   4.550500e+02 2.150500e+02 1.500000e+01
    endloop
  endfacet
  facet normal 0.000000e+00 -1.000000e+00 0.000000e+00
    outer loop
      vertex   5.249500e+02 2.150500e+02 1.000000e+01
      vertex   5.249500e+02 2.150500e+02 1.500000e+01
      vertex   4.900500e+02 2.150500e+02 1.000000e+01
    endloop
  endfacet
  facet normal 0.000000e+00 -1.000000e+00 0.000000e+00
    outer loop
      vertex   4.900500e+02 2.150500e+02 1.000000e+01
      vertex   5.249500e+02 2.150500e+02 1.500000e+01
      vertex   4.900500e+02 2.150500e+02 1.500000e+01
    endloop
  endfacet
  facet normal 0.000000e+00 -1.000000e+00 0.000000e+00
    outer loop
      vertex   5.599500e+02 2.150500e+02 1.000000e+01
      vertex   5.599500e+02 2.150500e+02 1.500000e+01
      vertex   5.250500e+02 2.150500e+02 1.000000e+01
    endloop
  endfacet
  facet normal 0.000000e+00 -1.000000e+00 0.000000e+00
    outer loop
      vertex   5.250500e+02 2.150500e+02 1.000000e+01
      vertex   5.599500e+02 2.150500e+02 1.500000e+01
      vertex   5.250500e+02 2.150500e+02 1.500000e+01
    endloop
  endfacet
  facet normal 0.000000e+00 -1.000000e+00 0.000000e+00
    outer loop
      vertex   5.949500e+02 2.150500e+02 1.000000e+01
      vertex   5.949500e+02 2.150500e+02 1.500000e+01
      vertex   5.600500e+02 2.150500e+02 1.000000e+01
    endloop
  endfacet
  facet normal 0.000000e+00 -1.000000e+00 0.000000e+00
    outer loop
      vertex   5.600500e+02 2.150500e+02 1.000000e+01
      vertex   5.949500e+02 2.150500e+02 1.500000e+01
      vertex   5.600500e+02 2.150500e+02 1.500000e+01
    endloop
  endfacet
  facet normal 0.000000e+00 -1.000000e+00 0.000000e+00
    outer loop
      vertex   5.950500e+02 2.150500e+02 1.500000e+01
      vertex   5.950500e+02 2.150500e+02 1.000000e+01
      vertex   6.300000e+02 2.150500e+02 1.500000e+01
    endloop
  endfacet
  facet normal 0.000000e+00 -1.000000e+00 -0.000000e+00
    outer loop
      vertex   6.300000e+02 2.150500e+02 1.500000e+01
      vertex   5.950500e+02 2.150500e+02 1.000000e+01
      vertex   6.300000e+02 2.150500e+02 1.000000e+01
    endloop
  endfacet
  facet normal 0.000000e+00 0.000000e+00 1.000000e+00
    outer loop
      vertex   5.949500e+02 2.150500e+02 1.000000e+01
      vertex   5.600500e+02 2.150500e+02 1.000000e+01
      vertex   5.949500e+02 2.149500e+02 1.000000e+01
    endloop
  endfacet
  facet normal 0.000000e+00 0.000000e+00 1.000000e+00
    outer loop
      vertex   5.949500e+02 2.149500e+02 1.000000e+01
      vertex   5.600500e+02 2.150500e+02 1.000000e+01
      vertex   5.600500e+02 2.149500e+02 1.000000e+01
    endloop
  endfacet
  facet normal 0.000000e+00 0.000000e+00 1.000000e+00
    outer loop
      vertex   5.599500e+02 2.150500e+02 1.000000e+01
      vertex   5.250500e+02 2.150500e+02 1.000000e+01
      vertex   5.599500e+02 2.149500e+02 1.000000e+01
    endloop
  endfacet
  facet normal 0.000000e+00 0.000000e+00 1.000000e+00
    outer loop
      vertex   5.599500e+02 2.149500e+02 1.000000e+01
      vertex   5.250500e+02 2.150500e+02 1.000000e+01
      vertex   5.250500e+02 2.149500e+02 1.000000e+01
    endloop
  endfacet
  facet normal 0.000000e+00 0.000000e+00 1.000000e+00
    outer loop
      vertex   5.249500e+02 2.150500e+02 1.000000e+01
      vertex   4.900500e+02 2.150500e+02 1.000000e+01
      vertex   5.249500e+02 2.149500e+02 1.000000e+01
    endloop
  endfacet
  facet normal 0.000000e+00 0.000000e+00 1.000000e+00
    outer loop
      vertex   5.249500e+02 2.149500e+02 1.000000e+01
      vertex   4.900500e+02 2.150500e+02 1.000000e+01
      vertex   4.900500e+02 2.149500e+02 1.000000e+01
    endloop
  endfacet
  facet normal 0.000000e+00 0.000000e+00 1.000000e+00
    outer loop
      vertex   4.899500e+02 2.150500e+02 1.000000e+01
      vertex   4.550500e+02 2.150500e+02 1.000000e+01
      vertex   4.899500e+02 2.149500e+02 1.000000e+01
    endloop
  endfacet
  facet normal 0.000000e+00 0.000000e+00 1.000000e+00
    outer loop
      vertex   4.899500e+02 2.149500e+02 1.000000e+01
      vertex   4.550500e+02 2.150500e+02 1.000000e+01
      vertex   4.550500e+02 2.149500e+02 1.000000e+01
    endloop
  endfacet
  facet normal 0.000000e+00 0.000000e+00 1.000000e+00
    outer loop
      vertex   4.549500e+02 2.150500e+02 1.000000e+01
      vertex   4.200500e+02 2.150500e+02 1.000000e+01
      vertex   4.549500e+02 2.149500e+02 1.000000e+01
    endloop
  endfacet
  facet normal 0.000000e+00 0.000000e+00 1.000000e+00
    outer loop
      vertex   4.549500e+02 2.149500e+02 1.000000e+01
      vertex   4.200500e+02 2.150500e+02 1.000000e+01
      vertex   4.200500e+02 2.149500e+02 1.000000e+01
    endloop
  endfacet
  facet normal 0.000000e+00 0.000000e+00 1.000000e+00
    outer loop
      vertex   4.199500e+02 2.150500e+02 1.000000e+01
      vertex   3.850500e+02 2.150500e+02 1.000000e+01
      vertex   4.199500e+02 2.149500e+02 1.000000e+01
    endloop
  endfacet
  facet normal 0.000000e+00 0.000000e+00 1.000000e+00
    outer loop
      vertex   4.199500e+02 2.149500e+02 1.000000e+01
      vertex   3.850500e+02 2.150500e+02 1.000000e+01
      vertex   3.850500e+02 2.149500e+02 1.000000e+01
    endloop
  endfacet
  facet normal 0.000000e+00 1.000000e+00 0.000000e+00
    outer loop
      vertex   3.849500e+02 2.149500e+02 1.500000e+01
      vertex   3.849500e+02 2.149500e+02 1.000000e+01
      vertex   3.500000e+02 2.149500e+02 1.500000e+01
    endloop
  endfacet
  facet normal 0.000000e+00 1.000000e+00 0.000000e+00
    outer loop
      vertex   3.500000e+02 2.149500e+02 1.500000e+01
      vertex   3.849500e+02 2.149500e+02 1.000000e+01
      vertex   3.500000e+02 2.149500e+02 1.000000e+01
    endloop
  endfacet
  facet normal 0.000000e+00 1.000000e+00 0.000000e+00
    outer loop
      vertex   5.949500e+02 2.149500e+02 1.500000e+01
      vertex   5.949500e+02 2.149500e+02 1.000000e+01
      vertex   5.600500e+02 2.149500e+02 1.500000e+01
    endloop
  endfacet
  facet normal 0.000000e+00 1.000000e+00 0.000000e+00
    outer loop
      vertex   5.600500e+02 2.149500e+02 1.500000e+01
      vertex   5.949500e+02 2.149500e+02 1.000000e+01
      vertex   5.600500e+02 2.149500e+02 1.000000e+01
    endloop
  endfacet
  facet normal 0.000000e+00 1.000000e+00 0.000000e+00
    outer loop
      vertex   5.599500e+02 2.149500e+02 1.500000e+01
      vertex   5.599500e+02 2.149500e+02 1.000000e+01
      vertex   5.250500e+02 2.149500e+02 1.500000e+01
    endloop
  endfacet
  facet normal 0.000000e+00 1.000000e+00 0.000000e+00
    outer loop
      vertex   5.250500e+02 2.149500e+02 1.500000e+01
      vertex   5.599500e+02 2.149500e+02 1.000000e+01
      vertex   5.250500e+02 2.149500e+02 1.000000e+01
    endloop
  endfacet
  facet normal 0.000000e+00 1.000000e+00 0.000000e+00
    outer loop
      vertex   5.249500e+02 2.149500e+02 1.500000e+01
      vertex   5.249500e+02 2.149500e+02 1.000000e+01
      vertex   4.900500e+02 2.149500e+02 1.500000e+01
    endloop
  endfacet
  facet normal 0.000000e+00 1.000000e+00 0.000000e+00
    outer loop
      vertex   4.900500e+02 2.149500e+02 1.500000e+01
      vertex   5.249500e+02 2.149500e+02 1.000000e+01
      vertex   4.900500e+02 2.149500e+02 1.000000e+01
    endloop
  endfacet
  facet normal 0.000000e+00 1.000000e+00 0.000000e+00
    outer loop
      vertex   4.899500e+02 2.149500e+02 1.500000e+01
      vertex   4.899500e+02 2.149500e+02 1.000000e+01
      vertex   4.550500e+02 2.149500e+02 1.500000e+01
    endloop
  endfacet
  facet normal 0.000000e+00 1.000000e+00 0.000000e+00
    outer loop
      vertex   4.550500e+02 2.149500e+02 1.500000e+01
      vertex   4.899500e+02 2.149500e+02 1.000000e+01
      vertex   4.550500e+02 2.149500e+02 1.000000e+01
    endloop
  endfacet
  facet normal 0.000000e+00 1.000000e+00 0.000000e+00
    outer loop
      vertex   4.549500e+02 2.149500e+02 1.500000e+01
      vertex   4.549500e+02 2.149500e+02 1.000000e+01
      vertex   4.200500e+02 2.149500e+02 1.500000e+01
    endloop
  endfacet
  facet normal 0.000000e+00 1.000000e+00 0.000000e+00
    outer loop
      vertex   4.200500e+02 2.149500e+02 1.500000e+01
      vertex   4.549500e+02 2.149500e+02 1.000000e+01
      vertex   4.200500e+02 2.149500e+02 1.000000e+01
    endloop
  endfacet
  facet normal 0.000000e+00 1.000000e+00 0.000000e+00
    outer loop
      vertex   4.199500e+02 2.149500e+02 1.500000e+01
      vertex   4.199500e+02 2.149500e+02 1.000000e+01
      vertex   3.850500e+02 2.149500e+02 1.500000e+01
    endloop
  endfacet
  facet normal 0.000000e+00 1.000000e+00 0.000000e+00
    outer loop
      vertex   3.850500e+02 2.149500e+02 1.500000e+01
      vertex   4.199500e+02 2.149500e+02 1.000000e+01
      vertex   3.850500e+02 2.149500e+02 1.000000e+01
    endloop
  endfacet
  facet normal 0.000000e+00 1.000000e+00 0.000000e+00
    outer loop
      vertex   5.950500e+02 2.149500e+02 1.000000e+01
      vertex   5.950500e+02 2.149500e+02 1.500000e+01
      vertex   6.300000e+02 2.149500e+02 1.000000e+01
    endloop
  endfacet
  facet normal 0.000000e+00 1.000000e+00 -0.000000e+00
    outer loop
      vertex   6.300000e+02 2.149500e+02 1.000000e+01
      vertex   5.950500e+02 2.149500e+02 1.500000e+01
      vertex   6.300000e+02 2.149500e+02 1.500000e+01
    endloop
  endfacet
  facet normal 1.000000e+00 0.000000e+00 0.000000e+00
    outer loop
      vertex   6.300000e+02 2.149500e+02 1.500000e+01
      vertex   6.300000e+02 1.800500e+02 1.500000e+01
      vertex   6.300000e+02 2.149500e+02 1.000000e+01
    endloop
  endfacet
  facet normal 1.000000e+00 0.000000e+00 0.000000e+00
    outer loop
      vertex   6.300000e+02 2.149500e+02 1.000000e+01
      vertex   6.300000e+02 1.800500e+02 1.500000e+01
      vertex   6.300000e+02 1.800500e+02 1.000000e+01
    endloop
  endfacet
  facet normal 0.000000e+00 0.000000e+00 1.000000e+00
    outer loop
      vertex   6.300000e+02 2.149500e+02 1.500000e+01
      vertex   5.950500e+02 2.149500e+02 1.500000e+01
      vertex   6.300000e+02 1.800500e+02 1.500000e+01
    endloop
  endfacet
  facet normal 0.000000e+00 0.000000e+00 1.000000e+00
    outer loop
      vertex   6.300000e+02 1.800500e+02 1.500000e+01
      vertex   5.950500e+02 2.149500e+02 1.500000e+01
      vertex   5.950500e+02 1.800500e+02 1.500000e+01
    endloop
  endfacet
  facet normal 0.000000e+00 0.000000e+00 1.000000e+00
    outer loop
      vertex   4.199500e+02 2.149500e+02 1.500000e+01
      vertex   3.850500e+02 2.149500e+02 1.500000e+01
      vertex   4.199500e+02 1.800500e+02 1.500000e+01
    endloop
  endfacet
  facet normal 0.000000e+00 0.000000e+00 1.000000e+00
    outer loop
      vertex   4.199500e+02 1.800500e+02 1.500000e+01
      vertex   3.850500e+02 2.149500e+02 1.500000e+01
      vertex   3.850500e+02 1.800500e+02 1.500000e+01
    endloop
  endfacet
  facet normal 0.000000e+00 0.000000e+00 1.000000e+00
    outer loop
      vertex   4.549500e+02 2.149500e+02 1.500000e+01
      vertex   4.200500e+02 2.149500e+02 1.500000e+01
      vertex   4.549500e+02 1.800500e+02 1.500000e+01
    endloop
  endfacet
  facet normal 0.000000e+00 0.000000e+00 1.000000e+00
    outer loop
      vertex   4.549500e+02 1.800500e+02 1.500000e+01
      vertex   4.200500e+02 2.149500e+02 1.500000e+01
      vertex   4.200500e+02 1.800500e+02 1.500000e+01
    endloop
  endfacet
  facet normal 0.000000e+00 0.000000e+00 1.000000e+00
    outer loop
      vertex   4.899500e+02 2.149500e+02 1.500000e+01
      vertex   4.550500e+02 2.149500e+02 1.500000e+01
      vertex   4.899500e+02 1.800500e+02 1.500000e+01
    endloop
  endfacet
  facet normal 0.000000e+00 0.000000e+00 1.000000e+00
    outer loop
      vertex   4.899500e+02 1.800500e+02 1.500000e+01
      vertex   4.550500e+02 2.149500e+02 1.500000e+01
      vertex   4.550500e+02 1.800500e+02 1.500000e+01
    endloop
  endfacet
  facet normal 0.000000e+00 0.000000e+00 1.000000e+00
    outer loop
      vertex   5.249500e+02 2.149500e+02 1.500000e+01
      vertex   4.900500e+02 2.149500e+02 1.500000e+01
      vertex   5.249500e+02 1.800500e+02 1.500000e+01
    endloop
  endfacet
  facet normal 0.000000e+00 0.000000e+00 1.000000e+00
    outer loop
      vertex   5.249500e+02 1.800500e+02 1.500000e+01
      vertex   4.900500e+02 2.149500e+02 1.500000e+01
      vertex   4.900500e+02 1.800500e+02 1.500000e+01
    endloop
  endfacet
  facet normal 0.000000e+00 0.000000e+00 1.000000e+00
    outer loop
      vertex   5.599500e+02 2.149500e+02 1.500000e+01
      vertex   5.250500e+02 2.149500e+02 1.500000e+01
      vertex   5.599500e+02 1.800500e+02 1.500000e+01
    endloop
  endfacet
  facet normal 0.000000e+00 0.000000e+00 1.000000e+00
    outer loop
      vertex   5.599500e+02 1.800500e+02 1.500000e+01
      vertex   5.250500e+02 2.149500e+02 1.500000e+01
      vertex   5.250500e+02 1.800500e+02 1.500000e+01
    endloop
  endfacet
  facet normal 0.000000e+00 0.000000e+00 1.000000e+00
    outer loop
      vertex   5.949500e+02 2.149500e+02 1.500000e+01
      vertex   5.600500e+02 2.149500e+02 1.500000e+01
      vertex   5.949500e+02 1.800500e+02 1.500000e+01
    endloop
  endfacet
  facet normal 0.000000e+00 0.000000e+00 1.000000e+00
    outer loop
      vertex   5.949500e+02 1.800500e+02 1.500000e+01
      vertex   5.600500e+02 2.149500e+02 1.500000e+01
      vertex   5.600500e+02 1.800500e+02 1.500000e+01
    endloop
  endfacet
  facet normal 0.000000e+00 0.000000e+00 1.000000e+00
    outer loop
      vertex   3.849500e+02 2.149500e+02 1.500000e+01
      vertex   3.500000e+02 2.149500e+02 1.500000e+01
      vertex   3.849500e+02 1.800500e+02 1.500000e+01
    endloop
  endfacet
  facet normal 0.000000e+00 0.000000e+00 1.000000e+00
    outer loop
      vertex   3.849500e+02 1.800500e+02 1.500000e+01
      vertex   3.500000e+02 2.149500e+02 1.500000e+01
      vertex   3.500000e+02 1.800500e+02 1.500000e+01
    endloop
  endfacet
  facet normal -1.000000e+00 0.000000e+00 0.000000e+00
    outer loop
      vertex   3.500000e+02 2.149500e+02 1.000000e+01
      vertex   3.500000e+02 1.800500e+02 1.000000e+01
      vertex   3.500000e+02 2.149500e+02 1.500000e+01
    endloop
  endfacet
  facet normal -1.000000e+00 -0.000000e+00 0.000000e+00
    outer loop
      vertex   3.500000e+02 2.149500e+02 1.500000e+01
      vertex   3.500000e+02 1.800500e+02 1.000000e+01
      vertex   3.500000e+02 1.800500e+02 1.500000e+01
    endloop
  endfacet
  facet normal 0.000000e+00 -1.000000e+00 0.000000e+00
    outer loop
      vertex   3.849500e+02 1.800500e+02 1.000000e+01
      vertex   3.849500e+02 1.800500e+02 1.500000e+01
      vertex   3.500000e+02 1.800500e+02 1.000000e+01
    endloop
  endfacet
  facet normal 0.000000e+00 -1.000000e+00 0.000000e+00
    outer loop
      vertex   3.500000e+02 1.800500e+02 1.000000e+01
      vertex   3.849500e+02 1.800500e+02 1.500000e+01
      vertex   3.500000e+02 1.800500e+02 1.500000e+01
    endloop
  endfacet
  facet normal 0.000000e+00 -1.000000e+00 0.000000e+00
    outer loop
      vertex   4.199500e+02 1.800500e+02 1.000000e+01
      vertex   4.199500e+02 1.800500e+02 1.500000e+01
      vertex   3.850500e+02 1.800500e+02 1.000000e+01
    endloop
  endfacet
  facet normal 0.000000e+00 -1.000000e+00 0.000000e+00
    outer loop
      vertex   3.850500e+02 1.800500e+02 1.000000e+01
      vertex   4.199500e+02 1.800500e+02 1.500000e+01
      vertex   3.850500e+02 1.800500e+02 1.500000e+01
    endloop
  endfacet
  facet normal 0.000000e+00 -1.000000e+00 0.000000e+00
    outer loop
      vertex   4.549500e+02 1.800500e+02 1.000000e+01
      vertex   4.549500e+02 1.800500e+02 1.500000e+01
      vertex   4.200500e+02 1.800500e+02 1.000000e+01
    endloop
  endfacet
  facet normal 0.000000e+00 -1.000000e+00 0.000000e+00
    outer loop
      vertex   4.200500e+02 1.800500e+02 1.000000e+01
      vertex   4.549500e+02 1.800500e+02 1.500000e+01
      vertex   4.200500e+02 1.800500e+02 1.500000e+01
    endloop
  endfacet
  facet normal 0.000000e+00 -1.000000e+00 0.000000e+00
    outer loop
      vertex   4.899500e+02 1.800500e+02 1.000000e+01
      vertex   4.899500e+02 1.800500e+02 1.500000e+01
      vertex   4.550500e+02 1.800500e+02 1.000000e+01
    endloop
  endfacet
  facet normal 0.000000e+00 -1.000000e+00 0.000000e+00
    outer loop
      vertex   4.550500e+02 1.800500e+02 1.000000e+01
      vertex   4.899500e+02 1.800500e+02 1.500000e+01
      vertex   4.550500e+02 1.800500e+02 1.500000e+01
    endloop
  endfacet
  facet normal 0.000000e+00 -1.000000e+00 0.000000e+00
    outer loop
      vertex   5.249500e+02 1.800500e+02 1.000000e+01
      vertex   5.249500e+02 1.800500e+02 1.500000e+01
      vertex   4.900500e+02 1.800500e+02 1.000000e+01
    endloop
  endfacet
  facet normal 0.000000e+00 -1.000000e+00 0.000000e+00
    outer loop
      vertex   4.900500e+02 1.800500e+02 1.000000e+01
      vertex   5.249500e+02 1.800500e+02 1.500000e+01
      vertex   4.900500e+02 1.800500e+02 1.500000e+01
    endloop
  endfacet
  facet normal 0.000000e+00 -1.000000e+00 0.000000e+00
    outer loop
      vertex   5.599500e+02 1.800500e+02 1.000000e+01
      vertex   5.599500e+02 1.800500e+02 1.500000e+01
      vertex   5.250500e+02 1.800500e+02 1.000000e+01
    endloop
  endfacet
  facet normal 0.000000e+00 -1.000000e+00 0.000000e+00
    outer loop
      vertex   5.250500e+02 1.800500e+02 1.000000e+01
      vertex   5.599500e+02 1.800500e+02 1.500000e+01
      vertex   5.250500e+02 1.800500e+02 1.500000e+01
    endloop
  endfacet
  facet normal 0.000000e+00 -1.000000e+00 0.000000e+00
    outer loop
      vertex   5.949500e+02 1.800500e+02 1.000000e+01
      vertex   5.949500e+02 1.800500e+02 1.500000e+01
      vertex   5.600500e+02 1.800500e+02 1.000000e+01
    endloop
  endfacet
  facet normal 0.000000e+00 -1.000000e+00 0.000000e+00
    outer loop
      vertex   5.600500e+02 1.800500e+02 1.000000e+01
      vertex   5.949500e+02 1.800500e+02 1.500000e+01
      vertex   5.600500e+02 1.800500e+02 1.500000e+01
    endloop
  endfacet
  facet normal 0.000000e+00 -1.000000e+00 0.000000e+00
    outer loop
      vertex   5.950500e+02 1.800500e+02 1.500000e+01
      vertex   5.950500e+02 1.800500e+02 1.000000e+01
      vertex   6.300000e+02 1.800500e+02 1.500000e+01
    endloop
  endfacet
  facet normal 0.000000e+00 -1.000000e+00 -0.000000e+00
    outer loop
      vertex   6.300000e+02 1.800500e+02 1.500000e+01
      vertex   5.950500e+02 1.800500e+02 1.000000e+01
      vertex   6.300000e+02 1.800500e+02 1.000000e+01
    endloop
  endfacet
  facet normal 0.000000e+00 0.000000e+00 1.000000e+00
    outer loop
      vertex   5.949500e+02 1.800500e+02 1.000000e+01
      vertex   5.600500e+02 1.800500e+02 1.000000e+01
      vertex   5.949500e+02 1.799500e+02 1.000000e+01
    endloop
  endfacet
  facet normal 0.000000e+00 0.000000e+00 1.000000e+00
    outer loop
      vertex   5.949500e+02 1.799500e+02 1.000000e+01
      vertex   5.600500e+02 1.800500e+02 1.000000e+01
      vertex   5.600500e+02 1.799500e+02 1.000000e+01
    endloop
  endfacet
  facet normal 0.000000e+00 0.000000e+00 1.000000e+00
    outer loop
      vertex   5.599500e+02 1.800500e+02 1.000000e+01
      vertex   5.250500e+02 1.800500e+02 1.000000e+01
      vertex   5.599500e+02 1.799500e+02 1.000000e+01
    endloop
  endfacet
  facet normal 0.000000e+00 0.000000e+00 1.000000e+00
    outer loop
      vertex   5.599500e+02 1.799500e+02 1.000000e+01
      vertex   5.250500e+02 1.800500e+02 1.000000e+01
      vertex   5.250500e+02 1.799500e+02 1.000000e+01
    endloop
  endfacet
  facet normal 0.000000e+00 0.000000e+00 1.000000e+00
    outer loop
      vertex   5.249500e+02 1.800500e+02 1.000000e+01
      vertex   4.900500e+02 1.800500e+02 1.000000e+01
      vertex   5.249500e+02 1.799500e+02 1.000000e+01
    endloop
  endfacet
  facet normal 0.000000e+00 0.000000e+00 1.000000e+00
    outer loop
      vertex   5.249500e+02 1.799500e+02 1.000000e+01
      vertex   4.900500e+02 1.800500e+02 1.000000e+01
      vertex   4.900500e+02 1.799500e+02 1.000000e+01
    endloop
  endfacet
  facet normal 0.000000e+00 0.000000e+00 1.000000e+00
    outer loop
      vertex   4.899500e+02 1.800500e+02 1.000000e+01
      vertex   4.550500e+02 1.800500e+02 1.000000e+01
      vertex   4.899500e+02 1.799500e+02 1.000000e+01
    endloop
  endfacet
  facet normal 0.000000e+00 0.000000e+00 1.000000e+00
    outer loop
      vertex   4.899500e+02 1.799500e+02 1.000000e+01
      vertex   4.550500e+02 1.800500e+02 1.000000e+01
      vertex   4.550500e+02 1.799500e+02 1.000000e+01
    endloop
  endfacet
  facet normal 0.000000e+00 0.000000e+00 1.000000e+00
    outer loop
      vertex   4.549500e+02 1.800500e+02 1.000000e+01
      vertex   4.200500e+02 1.800500e+02 1.000000e+01
      vertex   4.549500e+02 1.799500e+02 1.000000e+01
    endloop
  endfacet
  facet normal 0.000000e+00 0.000000e+00 1.000000e+00
    outer loop
      vertex   4.549500e+02 1.799500e+02 1.000000e+01
      vertex   4.200500e+02 1.800500e+02 1.000000e+01
      vertex   4.200500e+02 1.799500e+02 1.000000e+01
    endloop
  endfacet
  facet normal 0.000000e+00 0.000000e+00 1.000000e+00
    outer loop
      vertex   4.199500e+02 1.800500e+02 1.000000e+01
      vertex   3.850500e+02 1.800500e+02 1.000000e+01
      vertex   4.199500e+02 1.799500e+02 1.000000e+01
    endloop
  endfacet
  facet normal 0.000000e+00 0.000000e+00 1.000000e+00
    outer loop
      vertex   4.199500e+02 1.799500e+02 1.000000e+01
      vertex   3.850500e+02 1.800500e+02 1.000000e+01
      vertex   3.850500e+02 1.799500e+02 1.000000e+01
    endloop
  endfacet
  facet normal 0.000000e+00 1.000000e+00 0.000000e+00
    outer loop
      vertex   3.849500e+02 1.799500e+02 1.500000e+01
      vertex   3.849500e+02 1.799500e+02 1.000000e+01
      vertex   3.500000e+02 1.799500e+02 1.500000e+01
    endloop
  endfacet
  facet normal 0.000000e+00 1.000000e+00 0.000000e+00
    outer loop
      vertex   3.500000e+02 1.799500e+02 1.500000e+01
      vertex   3.849500e+02 1.799500e+02 1.000000e+01
      vertex   3.500000e+02 1.799500e+02 1.000000e+01
    endloop
  endfacet
  facet normal 0.000000e+00 1.000000e+00 0.000000e+00
    outer loop
      vertex   5.949500e+02 1.799500e+02 1.500000e+01
      vertex   5.949500e+02 1.799500e+02 1.000000e+01
      vertex   5.600500e+02 1.799500e+02 1.500000e+01
    endloop
  endfacet
  facet normal 0.000000e+00 1.000000e+00 0.000000e+00
    outer loop
      vertex   5.600500e+02 1.799500e+02 1.500000e+01
      vertex   5.949500e+02 1.799500e+02 1.000000e+01
      vertex   5.600500e+02 1.799500e+02 1.000000e+01
    endloop
  endfacet
  facet normal 0.000000e+00 1.000000e+00 0.000000e+00
    outer loop
      vertex   5.599500e+02 1.799500e+02 1.500000e+01
      vertex   5.599500e+02 1.799500e+02 1.000000e+01
      vertex   5.250500e+02 1.799500e+02 1.500000e+01
    endloop
  endfacet
  facet normal 0.000000e+00 1.000000e+00 0.000000e+00
    outer loop
      vertex   5.250500e+02 1.799500e+02 1.500000e+01
      vertex   5.599500e+02 1.799500e+02 1.000000e+01
      vertex   5.250500e+02 1.799500e+02 1.000000e+01
    endloop
  endfacet
  facet normal 0.000000e+00 1.000000e+00 0.000000e+00
    outer loop
      vertex   5.249500e+02 1.799500e+02 1.500000e+01
      vertex   5.249500e+02 1.799500e+02 1.000000e+01
      vertex   4.900500e+02 1.799500e+02 1.500000e+01
    endloop
  endfacet
  facet normal 0.000000e+00 1.000000e+00 0.000000e+00
    outer loop
      vertex   4.900500e+02 1.799500e+02 1.500000e+01
      vertex   5.249500e+02 1.799500e+02 1.000000e+01
      vertex   4.900500e+02 1.799500e+02 1.000000e+01
    endloop
  endfacet
  facet normal 0.000000e+00 1.000000e+00 0.000000e+00
    outer loop
      vertex   4.899500e+02 1.799500e+02 1.500000e+01
      vertex   4.899500e+02 1.799500e+02 1.000000e+01
      vertex   4.550500e+02 1.799500e+02 1.500000e+01
    endloop
  endfacet
  facet normal 0.000000e+00 1.000000e+00 0.000000e+00
    outer loop
      vertex   4.550500e+02 1.799500e+02 1.500000e+01
      vertex   4.899500e+02 1.799500e+02 1.000000e+01
      vertex   4.550500e+02 1.799500e+02 1.000000e+01
    endloop
  endfacet
  facet normal 0.000000e+00 1.000000e+00 0.000000e+00
    outer loop
      vertex   4.549500e+02 1.799500e+02 1.500000e+01
      vertex   4.549500e+02 1.799500e+02 1.000000e+01
      vertex   4.200500e+02 1.799500e+02 1.500000e+01
    endloop
  endfacet
  facet normal 0.000000e+00 1.000000e+00 0.000000e+00
    outer loop
      vertex   4.200500e+02 1.799500e+02 1.500000e+01
      vertex   4.549500e+02 1.799500e+02 1.000000e+01
      vertex   4.200500e+02 1.799500e+02 1.000000e+01
    endloop
  endfacet
  facet normal 0.000000e+00 1.000000e+00 0.000000e+00
    outer loop
      vertex   4.199500e+02 1.799500e+02 1.500000e+01
      vertex   4.199500e+02 1.799500e+02 1.000000e+01
      vertex   3.850500e+02 1.799500e+02 1.500000e+01
    endloop
  endfacet
  facet normal 0.000000e+00 1.000000e+00 0.000000e+00
    outer loop
      vertex   3.850500e+02 1.799500e+02 1.500000e+01
      vertex   4.199500e+02 1.799500e+02 1.000000e+01
      vertex   3.850500e+02 1.799500e+02 1.000000e+01
    endloop
  endfacet
  facet normal 0.000000e+00 1.000000e+00 0.000000e+00
    outer loop
      vertex   5.950500e+02 1.799500e+02 1.000000e+01
      vertex   5.950500e+02 1.799500e+02 1.500000e+01
      vertex   6.300000e+02 1.799500e+02 1.000000e+01
    endloop
  endfacet
  facet normal 0.000000e+00 1.000000e+00 -0.000000e+00
    outer loop
      vertex   6.300000e+02 1.799500e+02 1.000000e+01
      vertex   5.950500e+02 1.799500e+02 1.500000e+01
      vertex   6.300000e+02 1.799500e+02 1.500000e+01
    endloop
  endfacet
  facet normal 1.000000e+00 0.000000e+00 0.000000e+00
    outer loop
      vertex   6.300000e+02 1.799500e+02 1.500000e+01
      vertex   6.300000e+02 1.450500e+02 1.500000e+01
      vertex   6.300000e+02 1.799500e+02 1.000000e+01
    endloop
  endfacet
  facet normal 1.000000e+00 0.000000e+00 0.000000e+00
    outer loop
      vertex   6.300000e+02 1.799500e+02 1.000000e+01
      vertex   6.300000e+02 1.450500e+02 1.500000e+01
      vertex   6.300000e+02 1.450500e+02 1.000000e+01
    endloop
  endfacet
  facet normal 0.000000e+00 0.000000e+00 1.000000e+00
    outer loop
      vertex   6.300000e+02 1.799500e+02 1.500000e+01
      vertex   5.950500e+02 1.799500e+02 1.500000e+01
      vertex   6.300000e+02 1.450500e+02 1.500000e+01
    endloop
  endfacet
  facet normal 0.000000e+00 0.000000e+00 1.000000e+00
    outer loop
      vertex   6.300000e+02 1.450500e+02 1.500000e+01
      vertex   5.950500e+02 1.799500e+02 1.500000e+01
      vertex   5.950500e+02 1.450500e+02 1.500000e+01
    endloop
  endfacet
  facet normal 0.000000e+00 0.000000e+00 1.000000e+00
    outer loop
      vertex   4.199500e+02 1.799500e+02 1.500000e+01
      vertex   3.850500e+02 1.799500e+02 1.500000e+01
      vertex   4.199500e+02 1.450500e+02 1.500000e+01
    endloop
  endfacet
  facet normal 0.000000e+00 0.000000e+00 1.000000e+00
    outer loop
      vertex   4.199500e+02 1.450500e+02 1.500000e+01
      vertex   3.850500e+02 1.799500e+02 1.500000e+01
      vertex   3.850500e+02 1.450500e+02 1.500000e+01
    endloop
  endfacet
  facet normal 0.000000e+00 0.000000e+00 1.000000e+00
    outer loop
      vertex   4.549500e+02 1.799500e+02 1.500000e+01
      vertex   4.200500e+02 1.799500e+02 1.500000e+01
      vertex   4.549500e+02 1.450500e+02 1.500000e+01
    endloop
  endfacet
  facet normal 0.000000e+00 0.000000e+00 1.000000e+00
    outer loop
      vertex   4.549500e+02 1.450500e+02 1.500000e+01
      vertex   4.200500e+02 1.799500e+02 1.500000e+01
      vertex   4.200500e+02 1.450500e+02 1.500000e+01
    endloop
  endfacet
  facet normal 0.000000e+00 0.000000e+00 1.000000e+00
    outer loop
      vertex   4.899500e+02 1.799500e+02 1.500000e+01
      vertex   4.550500e+02 1.799500e+02 1.500000e+01
      vertex   4.899500e+02 1.450500e+02 1.500000e+01
    endloop
  endfacet
  facet normal 0.000000e+00 0.000000e+00 1.000000e+00
    outer loop
      vertex   4.899500e+02 1.450500e+02 1.500000e+01
      vertex   4.550500e+02 1.799500e+02 1.500000e+01
      vertex   4.550500e+02 1.450500e+02 1.500000e+01
    endloop
  endfacet
  facet normal 0.000000e+00 0.000000e+00 1.000000e+00
    outer loop
      vertex   5.249500e+02 1.799500e+02 1.500000e+01
      vertex   4.900500e+02 1.799500e+02 1.500000e+01
      vertex   5.249500e+02 1.450500e+02 1.500000e+01
    endloop
  endfacet
  facet normal 0.000000e+00 0.000000e+00 1.000000e+00
    outer loop
      vertex   5.249500e+02 1.450500e+02 1.500000e+01
      vertex   4.900500e+02 1.799500e+02 1.500000e+01
      vertex   4.900500e+02 1.450500e+02 1.500000e+01
    endloop
  endfacet
  facet normal 0.000000e+00 0.000000e+00 1.000000e+00
    outer loop
      vertex   5.599500e+02 1.799500e+02 1.500000e+01
      vertex   5.250500e+02 1.799500e+02 1.500000e+01
      vertex   5.599500e+02 1.450500e+02 1.500000e+01
    endloop
  endfacet
  facet normal 0.000000e+00 0.000000e+00 1.000000e+00
    outer loop
      vertex   5.599500e+02 1.450500e+02 1.500000e+01
      vertex   5.250500e+02 1.799500e+02 1.500000e+01
      vertex   5.250500e+02 1.450500e+02 1.500000e+01
    endloop
  endfacet
  facet normal 0.000000e+00 0.000000e+00 1.000000e+00
    outer loop
      vertex   5.949500e+02 1.799500e+02 1.500000e+01
      vertex   5.600500e+02 1.799500e+02 1.500000e+01
      vertex   5.949500e+02 1.450500e+02 1.500000e+01
    endloop
  endfacet
  facet normal 0.000000e+00 0.000000e+00 1.000000e+00
    outer loop
      vertex   5.949500e+02 1.450500e+02 1.500000e+01
      vertex   5.600500e+02 1.799500e+02 1.500000e+01
      vertex   5.600500e+02 1.450500e+02 1.500000e+01
    endloop
  endfacet
  facet normal 0.000000e+00 0.000000e+00 1.000000e+00
    outer loop
      vertex   3.849500e+02 1.799500e+02 1.500000e+01
      vertex   3.500000e+02 1.799500e+02 1.500000e+01
      vertex   3.849500e+02 1.450500e+02 1.500000e+01
    endloop
  endfacet
  facet normal 0.000000e+00 0.000000e+00 1.000000e+00
    outer loop
      vertex   3.849500e+02 1.450500e+02 1.500000e+01
      vertex   3.500000e+02 1.799500e+02 1.500000e+01
      vertex   3.500000e+02 1.450500e+02 1.500000e+01
    endloop
  endfacet
  facet normal -1.000000e+00 0.000000e+00 0.000000e+00
    outer loop
      vertex   3.500000e+02 1.799500e+02 1.000000e+01
      vertex   3.500000e+02 1.450500e+02 1.000000e+01
      vertex   3.500000e+02 1.799500e+02 1.500000e+01
    endloop
  endfacet
  facet normal -1.000000e+00 -0.000000e+00 0.000000e+00
    outer loop
      vertex   3.500000e+02 1.799500e+02 1.500000e+01
      vertex   3.500000e+02 1.450500e+02 1.000000e+01
      vertex   3.500000e+02 1.450500e+02 1.500000e+01
    endloop
  endfacet
  facet normal 0.000000e+00 -1.000000e+00 0.000000e+00
    outer loop
      vertex   3.849500e+02 1.450500e+02 1.000000e+01
      vertex   3.849500e+02 1.450500e+02 1.500000e+01
      vertex   3.500000e+02 1.450500e+02 1.000000e+01
    endloop
  endfacet
  facet normal 0.000000e+00 -1.000000e+00 0.000000e+00
    outer loop
      vertex   3.500000e+02 1.450500e+02 1.000000e+01
      vertex   3.849500e+02 1.450500e+02 1.500000e+01
      vertex   3.500000e+02 1.450500e+02 1.500000e+01
    endloop
  endfacet
  facet normal 0.000000e+00 -1.000000e+00 0.000000e+00
    outer loop
      vertex   5.950500e+02 1.450500e+02 1.500000e+01
      vertex   5.950500e+02 1.450500e+02 1.000000e+01
      vertex   6.300000e+02 1.450500e+02 1.500000e+01
    endloop
  endfacet
  facet normal 0.000000e+00 -1.000000e+00 -0.000000e+00
    outer loop
      vertex   6.300000e+02 1.450500e+02 1.500000e+01
      vertex   5.950500e+02 1.450500e+02 1.000000e+01
      vertex   6.300000e+02 1.450500e+02 1.000000e+01
    endloop
  endfacet
  facet normal 0.000000e+00 -1.000000e+00 0.000000e+00
    outer loop
      vertex   5.949500e+02 1.450500e+02 1.000000e+01
      vertex   5.949500e+02 1.450500e+02 1.500000e+01
      vertex   5.600500e+02 1.450500e+02 1.000000e+01
    endloop
  endfacet
  facet normal 0.000000e+00 -1.000000e+00 0.000000e+00
    outer loop
      vertex   5.600500e+02 1.450500e+02 1.000000e+01
      vertex   5.949500e+02 1.450500e+02 1.500000e+01
      vertex   5.600500e+02 1.450500e+02 1.500000e+01
    endloop
  endfacet
  facet normal 0.000000e+00 -1.000000e+00 0.000000e+00
    outer loop
      vertex   5.599500e+02 1.450500e+02 1.000000e+01
      vertex   5.599500e+02 1.450500e+02 1.500000e+01
      vertex   5.250500e+02 1.450500e+02 1.000000e+01
    endloop
  endfacet
  facet normal 0.000000e+00 -1.000000e+00 0.000000e+00
    outer loop
      vertex   5.250500e+02 1.450500e+02 1.000000e+01
      vertex   5.599500e+02 1.450500e+02 1.500000e+01
      vertex   5.250500e+02 1.450500e+02 1.500000e+01
    endloop
  endfacet
  facet normal 0.000000e+00 -1.000000e+00 0.000000e+00
    outer loop
      vertex   5.249500e+02 1.450500e+02 1.000000e+01
      vertex   5.249500e+02 1.450500e+02 1.500000e+01
      vertex   4.900500e+02 1.450500e+02 1.000000e+01
    endloop
  endfacet
  facet normal 0.000000e+00 -1.000000e+00 0.000000e+00
    outer loop
      vertex   4.900500e+02 1.450500e+02 1.000000e+01
      vertex   5.249500e+02 1.450500e+02 1.500000e+01
      vertex   4.900500e+02 1.450500e+02 1.500000e+01
    endloop
  endfacet
  facet normal 0.000000e+00 -1.000000e+00 0.000000e+00
    outer loop
      vertex   4.899500e+02 1.450500e+02 1.000000e+01
      vertex   4.899500e+02 1.450500e+02 1.500000e+01
      vertex   4.550500e+02 1.450500e+02 1.000000e+01
    endloop
  endfacet
  facet normal 0.000000e+00 -1.000000e+00 0.000000e+00
    outer loop
      vertex   4.550500e+02 1.450500e+02 1.000000e+01
      vertex   4.899500e+02 1.450500e+02 1.500000e+01
      vertex   4.550500e+02 1.450500e+02 1.500000e+01
    endloop
  endfacet
  facet normal 0.000000e+00 -1.000000e+00 0.000000e+00
    outer loop
      vertex   4.549500e+02 1.450500e+02 1.000000e+01
      vertex   4.549500e+02 1.450500e+02 1.500000e+01
      vertex   4.200500e+02 1.450500e+02 1.000000e+01
    endloop
  endfacet
  facet normal 0.000000e+00 -1.000000e+00 0.000000e+00
    outer loop
      vertex   4.200500e+02 1.450500e+02 1.000000e+01
      vertex   4.549500e+02 1.450500e+02 1.500000e+01
      vertex   4.200500e+02 1.450500e+02 1.500000e+01
    endloop
  endfacet
  facet normal 0.000000e+00 0.000000e+00 1.000000e+00
    outer loop
      vertex   5.949500e+02 1.450500e+02 1.000000e+01
      vertex   5.600500e+02 1.450500e+02 1.000000e+01
      vertex   5.949500e+02 1.449500e+02 1.000000e+01
    endloop
  endfacet
  facet normal 0.000000e+00 0.000000e+00 1.000000e+00
    outer loop
      vertex   5.949500e+02 1.449500e+02 1.000000e+01
      vertex   5.600500e+02 1.450500e+02 1.000000e+01
      vertex   5.600500e+02 1.449500e+02 1.000000e+01
    endloop
  endfacet
  facet normal 0.000000e+00 0.000000e+00 1.000000e+00
    outer loop
      vertex   5.599500e+02 1.450500e+02 1.000000e+01
      vertex   5.250500e+02 1.450500e+02 1.000000e+01
      vertex   5.599500e+02 1.449500e+02 1.000000e+01
    endloop
  endfacet
  facet normal 0.000000e+00 0.000000e+00 1.000000e+00
    outer loop
      vertex   5.599500e+02 1.449500e+02 1.000000e+01
      vertex   5.250500e+02 1.450500e+02 1.000000e+01
      vertex   5.250500e+02 1.449500e+02 1.000000e+01
    endloop
  endfacet
  facet normal 0.000000e+00 0.000000e+00 1.000000e+00
    outer loop
      vertex   5.249500e+02 1.450500e+02 1.000000e+01
      vertex   4.900500e+02 1.450500e+02 1.000000e+01
      vertex   5.249500e+02 1.449500e+02 1.000000e+01
    endloop
  endfacet
  facet normal 0.000000e+00 0.000000e+00 1.000000e+00
    outer loop
      vertex   5.249500e+02 1.449500e+02 1.000000e+01
      vertex   4.900500e+02 1.450500e+02 1.000000e+01
      vertex   4.900500e+02 1.449500e+02 1.000000e+01
    endloop
  endfacet
  facet normal 0.000000e+00 0.000000e+00 1.000000e+00
    outer loop
      vertex   4.899500e+02 1.450500e+02 1.000000e+01
      vertex   4.550500e+02 1.450500e+02 1.000000e+01
      vertex   4.899500e+02 1.449500e+02 1.000000e+01
    endloop
  endfacet
  facet normal 0.000000e+00 0.000000e+00 1.000000e+00
    outer loop
      vertex   4.899500e+02 1.449500e+02 1.000000e+01
      vertex   4.550500e+02 1.450500e+02 1.000000e+01
      vertex   4.550500e+02 1.449500e+02 1.000000e+01
    endloop
  endfacet
  facet normal 0.000000e+00 0.000000e+00 1.000000e+00
    outer loop
      vertex   4.549500e+02 1.450500e+02 1.000000e+01
      vertex   4.200500e+02 1.450500e+02 1.000000e+01
      vertex   4.549500e+02 1.449500e+02 1.000000e+01
    endloop
  endfacet
  facet normal 0.000000e+00 0.000000e+00 1.000000e+00
    outer loop
      vertex   4.549500e+02 1.449500e+02 1.000000e+01
      vertex   4.200500e+02 1.450500e+02 1.000000e+01
      vertex   4.200500e+02 1.449500e+02 1.000000e+01
    endloop
  endfacet
  facet normal 0.000000e+00 0.000000e+00 1.000000e+00
    outer loop
      vertex   4.199500e+02 1.450500e+02 1.000000e+01
      vertex   3.850500e+02 1.450500e+02 1.000000e+01
      vertex   4.199500e+02 1.449500e+02 1.000000e+01
    endloop
  endfacet
  facet normal 0.000000e+00 0.000000e+00 1.000000e+00
    outer loop
      vertex   4.199500e+02 1.449500e+02 1.000000e+01
      vertex   3.850500e+02 1.450500e+02 1.000000e+01
      vertex   3.850500e+02 1.449500e+02 1.000000e+01
    endloop
  endfacet
  facet normal 0.000000e+00 1.000000e+00 0.000000e+00
    outer loop
      vertex   3.849500e+02 1.449500e+02 1.500000e+01
      vertex   3.849500e+02 1.449500e+02 1.000000e+01
      vertex   3.500000e+02 1.449500e+02 1.500000e+01
    endloop
  endfacet
  facet normal 0.000000e+00 1.000000e+00 0.000000e+00
    outer loop
      vertex   3.500000e+02 1.449500e+02 1.500000e+01
      vertex   3.849500e+02 1.449500e+02 1.000000e+01
      vertex   3.500000e+02 1.449500e+02 1.000000e+01
    endloop
  endfacet
  facet normal 0.000000e+00 1.000000e+00 0.000000e+00
    outer loop
      vertex   6.300000e+02 1.449500e+02 1.500000e+01
      vertex   6.300000e+02 1.449500e+02 1.000000e+01
      vertex   5.950500e+02 1.449500e+02 1.500000e+01
    endloop
  endfacet
  facet normal 0.000000e+00 1.000000e+00 0.000000e+00
    outer loop
      vertex   5.950500e+02 1.449500e+02 1.500000e+01
      vertex   6.300000e+02 1.449500e+02 1.000000e+01
      vertex   5.950500e+02 1.449500e+02 1.000000e+01
    endloop
  endfacet
  facet normal 0.000000e+00 1.000000e+00 0.000000e+00
    outer loop
      vertex   5.949500e+02 1.449500e+02 1.500000e+01
      vertex   5.949500e+02 1.449500e+02 1.000000e+01
      vertex   5.600500e+02 1.449500e+02 1.500000e+01
    endloop
  endfacet
  facet normal 0.000000e+00 1.000000e+00 0.000000e+00
    outer loop
      vertex   5.600500e+02 1.449500e+02 1.500000e+01
      vertex   5.949500e+02 1.449500e+02 1.000000e+01
      vertex   5.600500e+02 1.449500e+02 1.000000e+01
    endloop
  endfacet
  facet normal 0.000000e+00 1.000000e+00 0.000000e+00
    outer loop
      vertex   5.599500e+02 1.449500e+02 1.500000e+01
      vertex   5.599500e+02 1.449500e+02 1.000000e+01
      vertex   5.250500e+02 1.449500e+02 1.500000e+01
    endloop
  endfacet
  facet normal 0.000000e+00 1.000000e+00 0.000000e+00
    outer loop
      vertex   5.250500e+02 1.449500e+02 1.500000e+01
      vertex   5.599500e+02 1.449500e+02 1.000000e+01
      vertex   5.250500e+02 1.449500e+02 1.000000e+01
    endloop
  endfacet
  facet normal 0.000000e+00 1.000000e+00 0.000000e+00
    outer loop
      vertex   5.249500e+02 1.449500e+02 1.500000e+01
      vertex   5.249500e+02 1.449500e+02 1.000000e+01
      vertex   4.900500e+02 1.449500e+02 1.500000e+01
    endloop
  endfacet
  facet normal 0.000000e+00 1.000000e+00 0.000000e+00
    outer loop
      vertex   4.900500e+02 1.449500e+02 1.500000e+01
      vertex   5.249500e+02 1.449500e+02 1.000000e+01
      vertex   4.900500e+02 1.449500e+02 1.000000e+01
    endloop
  endfacet
  facet normal 0.000000e+00 1.000000e+00 0.000000e+00
    outer loop
      vertex   4.899500e+02 1.449500e+02 1.500000e+01
      vertex   4.899500e+02 1.449500e+02 1.000000e+01
      vertex   4.550500e+02 1.449500e+02 1.500000e+01
    endloop
  endfacet
  facet normal 0.000000e+00 1.000000e+00 0.000000e+00
    outer loop
      vertex   4.550500e+02 1.449500e+02 1.500000e+01
      vertex   4.899500e+02 1.449500e+02 1.000000e+01
      vertex   4.550500e+02 1.449500e+02 1.000000e+01
    endloop
  endfacet
  facet normal 0.000000e+00 1.000000e+00 0.000000e+00
    outer loop
      vertex   4.549500e+02 1.449500e+02 1.500000e+01
      vertex   4.549500e+02 1.449500e+02 1.000000e+01
      vertex   4.200500e+02 1.449500e+02 1.500000e+01
    endloop
  endfacet
  facet normal 0.000000e+00 1.000000e+00 0.000000e+00
    outer loop
      vertex   4.200500e+02 1.449500e+02 1.500000e+01
      vertex   4.549500e+02 1.449500e+02 1.000000e+01
      vertex   4.200500e+02 1.449500e+02 1.000000e+01
    endloop
  endfacet
  facet normal 0.000000e+00 1.000000e+00 0.000000e+00
    outer loop
      vertex   4.199500e+02 1.449500e+02 1.500000e+01
      vertex   4.199500e+02 1.449500e+02 1.000000e+01
      vertex   3.850500e+02 1.449500e+02 1.500000e+01
    endloop
  endfacet
  facet normal 0.000000e+00 1.000000e+00 0.000000e+00
    outer loop
      vertex   3.850500e+02 1.449500e+02 1.500000e+01
      vertex   4.199500e+02 1.449500e+02 1.000000e+01
      vertex   3.850500e+02 1.449500e+02 1.000000e+01
    endloop
  endfacet
  facet normal 0.000000e+00 -1.000000e+00 0.000000e+00
    outer loop
      vertex   4.199500e+02 1.450500e+02 1.000000e+01
      vertex   4.199500e+02 1.450500e+02 1.500000e+01
      vertex   3.850500e+02 1.450500e+02 1.000000e+01
    endloop
  endfacet
  facet normal 0.000000e+00 -1.000000e+00 0.000000e+00
    outer loop
      vertex   3.850500e+02 1.450500e+02 1.000000e+01
      vertex   4.199500e+02 1.450500e+02 1.500000e+01
      vertex   3.850500e+02 1.450500e+02 1.500000e+01
    endloop
  endfacet
  facet normal 0.000000e+00 0.000000e+00 1.000000e+00
    outer loop
      vertex   4.199500e+02 1.449500e+02 1.500000e+01
      vertex   3.850500e+02 1.449500e+02 1.500000e+01
      vertex   4.199500e+02 1.100000e+02 1.500000e+01
    endloop
  endfacet
  facet normal 0.000000e+00 0.000000e+00 1.000000e+00
    outer loop
      vertex   4.199500e+02 1.100000e+02 1.500000e+01
      vertex   3.850500e+02 1.449500e+02 1.500000e+01
      vertex   3.850500e+02 1.100000e+02 1.500000e+01
    endloop
  endfacet
  facet normal 0.000000e+00 0.000000e+00 1.000000e+00
    outer loop
      vertex   4.549500e+02 1.449500e+02 1.500000e+01
      vertex   4.200500e+02 1.449500e+02 1.500000e+01
      vertex   4.549500e+02 1.100000e+02 1.500000e+01
    endloop
  endfacet
  facet normal 0.000000e+00 0.000000e+00 1.000000e+00
    outer loop
      vertex   4.549500e+02 1.100000e+02 1.500000e+01
      vertex   4.200500e+02 1.449500e+02 1.500000e+01
      vertex   4.200500e+02 1.100000e+02 1.500000e+01
    endloop
  endfacet
  facet normal 0.000000e+00 0.000000e+00 1.000000e+00
    outer loop
      vertex   4.899500e+02 1.449500e+02 1.500000e+01
      vertex   4.550500e+02 1.449500e+02 1.500000e+01
      vertex   4.899500e+02 1.100000e+02 1.500000e+01
    endloop
  endfacet
  facet normal 0.000000e+00 0.000000e+00 1.000000e+00
    outer loop
      vertex   4.899500e+02 1.100000e+02 1.500000e+01
      vertex   4.550500e+02 1.449500e+02 1.500000e+01
      vertex   4.550500e+02 1.100000e+02 1.500000e+01
    endloop
  endfacet
  facet normal 0.000000e+00 0.000000e+00 1.000000e+00
    outer loop
      vertex   5.249500e+02 1.449500e+02 1.500000e+01
      vertex   4.900500e+02 1.449500e+02 1.500000e+01
      vertex   5.249500e+02 1.100000e+02 1.500000e+01
    endloop
  endfacet
  facet normal 0.000000e+00 0.000000e+00 1.000000e+00
    outer loop
      vertex   5.249500e+02 1.100000e+02 1.500000e+01
      vertex   4.900500e+02 1.449500e+02 1.500000e+01
      vertex   4.900500e+02 1.100000e+02 1.500000e+01
    endloop
  endfacet
  facet normal 0.000000e+00 0.000000e+00 1.000000e+00
    outer loop
      vertex   5.599500e+02 1.449500e+02 1.500000e+01
      vertex   5.250500e+02 1.449500e+02 1.500000e+01
      vertex   5.599500e+02 1.100000e+02 1.500000e+01
    endloop
  endfacet
  facet normal 0.000000e+00 0.000000e+00 1.000000e+00
    outer loop
      vertex   5.599500e+02 1.100000e+02 1.500000e+01
      vertex   5.250500e+02 1.449500e+02 1.500000e+01
      vertex   5.250500e+02 1.100000e+02 1.500000e+01
    endloop
  endfacet
  facet normal 0.000000e+00 0.000000e+00 1.000000e+00
    outer loop
      vertex   5.949500e+02 1.449500e+02 1.500000e+01
      vertex   5.600500e+02 1.449500e+02 1.500000e+01
      vertex   5.949500e+02 1.100000e+02 1.500000e+01
    endloop
  endfacet
  facet normal 0.000000e+00 0.000000e+00 1.000000e+00
    outer loop
      vertex   5.949500e+02 1.100000e+02 1.500000e+01
      vertex   5.600500e+02 1.449500e+02 1.500000e+01
      vertex   5.600500e+02 1.100000e+02 1.500000e+01
    endloop
  endfacet
  facet normal 1.000000e+00 0.000000e+00 0.000000e+00
    outer loop
      vertex   6.300000e+02 1.449500e+02 1.500000e+01
      vertex   6.300000e+02 1.100000e+02 1.500000e+01
      vertex   6.300000e+02 1.449500e+02 1.000000e+01
    endloop
  endfacet
  facet normal 1.000000e+00 0.000000e+00 0.000000e+00
    outer loop
      vertex   6.300000e+02 1.449500e+02 1.000000e+01
      vertex   6.300000e+02 1.100000e+02 1.500000e+01
      vertex   6.300000e+02 1.100000e+02 1.000000e+01
    endloop
  endfacet
  facet normal 0.000000e+00 0.000000e+00 1.000000e+00
    outer loop
      vertex   6.300000e+02 1.449500e+02 1.500000e+01
      vertex   5.950500e+02 1.449500e+02 1.500000e+01
      vertex   6.300000e+02 1.100000e+02 1.500000e+01
    endloop
  endfacet
  facet normal 0.000000e+00 0.000000e+00 1.000000e+00
    outer loop
      vertex   6.300000e+02 1.100000e+02 1.500000e+01
      vertex   5.950500e+02 1.449500e+02 1.500000e+01
      vertex   5.950500e+02 1.100000e+02 1.500000e+01
    endloop
  endfacet
  facet normal 0.000000e+00 0.000000e+00 1.000000e+00
    outer loop
      vertex   3.849500e+02 1.449500e+02 1.500000e+01
      vertex   3.500000e+02 1.449500e+02 1.500000e+01
      vertex   3.849500e+02 1.100000e+02 1.500000e+01
    endloop
  endfacet
  facet normal 0.000000e+00 0.000000e+00 1.000000e+00
    outer loop
      vertex   3.849500e+02 1.100000e+02 1.500000e+01
      vertex   3.500000e+02 1.449500e+02 1.500000e+01
      vertex   3.500000e+02 1.100000e+02 1.500000e+01
    endloop
  endfacet
  facet normal -1.000000e+00 0.000000e+00 0.000000e+00
    outer loop
      vertex   3.500000e+02 1.449500e+02 1.000000e+01
      vertex   3.500000e+02 1.100000e+02 1.000000e+01
      vertex   3.500000e+02 1.449500e+02 1.500000e+01
    endloop
  endfacet
  facet normal -1.000000e+00 -0.000000e+00 0.000000e+00
    outer loop
      vertex   3.500000e+02 1.449500e+02 1.500000e+01
      vertex   3.500000e+02 1.100000e+02 1.000000e+01
      vertex   3.500000e+02 1.100000e+02 1.500000e+01
    endloop
  endfacet
  facet normal 0.000000e+00 -1.000000e+00 0.000000e+00
    outer loop
      vertex   3.849500e+02 3.900000e+02 1.000000e+01
      vertex   3.849500e+02 3.900000e+02 5.000000e+00
      vertex   3.850500e+02 3.900000e+02 1.000000e+01
    endloop
  endfacet
  facet normal 0.000000e+00 -1.000000e+00 -0.000000e+00
    outer loop
      vertex   3.850500e+02 3.900000e+02 1.000000e+01
      vertex   3.849500e+02 3.900000e+02 5.000000e+00
      vertex   3.850500e+02 3.900000e+02 5.000000e+00
    endloop
  endfacet
  facet normal 0.000000e+00 1.000000e+00 0.000000e+00
    outer loop
      vertex   3.850500e+02 1.100000e+02 1.000000e+01
      vertex   3.850500e+02 1.100000e+02 5.000000e+00
      vertex   3.849500e+02 1.100000e+02 1.000000e+01
    endloop
  endfacet
  facet normal 0.000000e+00 1.000000e+00 0.000000e+00
    outer loop
      vertex   3.849500e+02 1.100000e+02 1.000000e+01
      vertex   3.850500e+02 1.100000e+02 5.000000e+00
      vertex   3.849500e+02 1.100000e+02 5.000000e+00
    endloop
  endfacet
  facet normal -1.000000e+00 0.000000e+00 0.000000e+00
    outer loop
      vertex   3.850500e+02 3.550500e+02 1.500000e+01
      vertex   3.850500e+02 3.900000e+02 1.000000e+01
      vertex   3.850500e+02 3.550500e+02 1.000000e+01
    endloop
  endfacet
  facet normal -1.000000e+00 0.000000e+00 0.000000e+00
    outer loop
      vertex   3.850500e+02 3.550500e+02 1.000000e+01
      vertex   3.850500e+02 3.900000e+02 1.000000e+01
      vertex   3.850500e+02 3.900000e+02 5.000000e+00
    endloop
  endfacet
  facet normal -1.000000e+00 -0.000000e+00 -0.000000e+00
    outer loop
      vertex   3.850500e+02 3.550500e+02 1.000000e+01
      vertex   3.850500e+02 3.900000e+02 5.000000e+00
      vertex   3.850500e+02 3.549500e+02 1.000000e+01
    endloop
  endfacet
  facet normal -1.000000e+00 -0.000000e+00 -0.000000e+00
    outer loop
      vertex   3.850500e+02 3.549500e+02 1.000000e+01
      vertex   3.850500e+02 3.900000e+02 5.000000e+00
      vertex   3.850500e+02 3.200500e+02 1.000000e+01
    endloop
  endfacet
  facet normal -1.000000e+00 0.000000e+00 0.000000e+00
    outer loop
      vertex   3.850500e+02 3.549500e+02 1.000000e+01
      vertex   3.850500e+02 3.200500e+02 1.000000e+01
      vertex   3.850500e+02 3.200500e+02 1.500000e+01
    endloop
  endfacet
  facet normal -1.000000e+00 0.000000e+00 0.000000e+00
    outer loop
      vertex   3.850500e+02 3.550500e+02 1.500000e+01
      vertex   3.850500e+02 3.900000e+02 1.500000e+01
      vertex   3.850500e+02 3.900000e+02 1.000000e+01
    endloop
  endfacet
  facet normal -1.000000e+00 0.000000e+00 0.000000e+00
    outer loop
      vertex   3.850500e+02 1.100000e+02 5.000000e+00
      vertex   3.850500e+02 2.500500e+02 1.000000e+01
      vertex   3.850500e+02 3.900000e+02 5.000000e+00
    endloop
  endfacet
  facet normal -1.000000e+00 0.000000e+00 0.000000e+00
    outer loop
      vertex   3.850500e+02 3.900000e+02 5.000000e+00
      vertex   3.850500e+02 2.500500e+02 1.000000e+01
      vertex   3.850500e+02 2.849500e+02 1.000000e+01
    endloop
  endfacet
  facet normal -1.000000e+00 0.000000e+00 0.000000e+00
    outer loop
      vertex   3.850500e+02 3.900000e+02 5.000000e+00
      vertex   3.850500e+02 2.849500e+02 1.000000e+01
      vertex   3.850500e+02 2.850500e+02 1.000000e+01
    endloop
  endfacet
  facet normal -1.000000e+00 0.000000e+00 0.000000e+00
    outer loop
      vertex   3.850500e+02 1.100000e+02 1.000000e+01
      vertex   3.850500e+02 1.449500e+02 1.000000e+01
      vertex   3.850500e+02 1.100000e+02 5.000000e+00
    endloop
  endfacet
  facet normal -1.000000e+00 0.000000e+00 0.000000e+00
    outer loop
      vertex   3.850500e+02 1.100000e+02 5.000000e+00
      vertex   3.850500e+02 1.449500e+02 1.000000e+01
      vertex   3.850500e+02 1.450500e+02 1.000000e+01
    endloop
  endfacet
  facet normal -1.000000e+00 0.000000e+00 0.000000e+00
    outer loop
      vertex   3.850500e+02 1.100000e+02 5.000000e+00
      vertex   3.850500e+02 1.450500e+02 1.000000e+01
      vertex   3.850500e+02 1.799500e+02 1.000000e+01
    endloop
  endfacet
  facet normal -1.000000e+00 0.000000e+00 0.000000e+00
    outer loop
      vertex   3.850500e+02 1.799500e+02 1.000000e+01
      vertex   3.850500e+02 1.450500e+02 1.000000e+01
      vertex   3.850500e+02 1.450500e+02 1.500000e+01
    endloop
  endfacet
  facet normal -1.000000e+00 0.000000e+00 0.000000e+00
    outer loop
      vertex   3.850500e+02 1.799500e+02 1.000000e+01
      vertex   3.850500e+02 1.450500e+02 1.500000e+01
      vertex   3.850500e+02 1.799500e+02 1.500000e+01
    endloop
  endfacet
  facet normal -1.000000e+00 0.000000e+00 0.000000e+00
    outer loop
      vertex   3.850500e+02 1.100000e+02 1.000000e+01
      vertex   3.850500e+02 1.100000e+02 1.500000e+01
      vertex   3.850500e+02 1.449500e+02 1.000000e+01
    endloop
  endfacet
  facet normal -1.000000e+00 0.000000e+00 0.000000e+00
    outer loop
      vertex   3.850500e+02 1.449500e+02 1.000000e+01
      vertex   3.850500e+02 1.100000e+02 1.500000e+01
      vertex   3.850500e+02 1.449500e+02 1.500000e+01
    endloop
  endfacet
  facet normal -1.000000e+00 0.000000e+00 -0.000000e+00
    outer loop
      vertex   3.850500e+02 1.799500e+02 1.000000e+01
      vertex   3.850500e+02 1.800500e+02 1.000000e+01
      vertex   3.850500e+02 1.100000e+02 5.000000e+00
    endloop
  endfacet
  facet normal -1.000000e+00 0.000000e+00 0.000000e+00
    outer loop
      vertex   3.850500e+02 1.100000e+02 5.000000e+00
      vertex   3.850500e+02 1.800500e+02 1.000000e+01
      vertex   3.850500e+02 2.149500e+02 1.000000e+01
    endloop
  endfacet
  facet normal -1.000000e+00 0.000000e+00 0.000000e+00
    outer loop
      vertex   3.850500e+02 1.100000e+02 5.000000e+00
      vertex   3.850500e+02 2.149500e+02 1.000000e+01
      vertex   3.850500e+02 2.150500e+02 1.000000e+01
    endloop
  endfacet
  facet normal -1.000000e+00 0.000000e+00 0.000000e+00
    outer loop
      vertex   3.850500e+02 1.800500e+02 1.000000e+01
      vertex   3.850500e+02 1.800500e+02 1.500000e+01
      vertex   3.850500e+02 2.149500e+02 1.000000e+01
    endloop
  endfacet
  facet normal -1.000000e+00 0.000000e+00 0.000000e+00
    outer loop
      vertex   3.850500e+02 2.149500e+02 1.000000e+01
      vertex   3.850500e+02 1.800500e+02 1.500000e+01
      vertex   3.850500e+02 2.149500e+02 1.500000e+01
    endloop
  endfacet
  facet normal -1.000000e+00 0.000000e+00 0.000000e+00
    outer loop
      vertex   3.850500e+02 1.100000e+02 5.000000e+00
      vertex   3.850500e+02 2.150500e+02 1.000000e+01
      vertex   3.850500e+02 2.499500e+02 1.000000e+01
    endloop
  endfacet
  facet normal -1.000000e+00 0.000000e+00 0.000000e+00
    outer loop
      vertex   3.850500e+02 2.499500e+02 1.000000e+01
      vertex   3.850500e+02 2.150500e+02 1.000000e+01
      vertex   3.850500e+02 2.150500e+02 1.500000e+01
    endloop
  endfacet
  facet normal -1.000000e+00 0.000000e+00 0.000000e+00
    outer loop
      vertex   3.850500e+02 2.499500e+02 1.000000e+01
      vertex   3.850500e+02 2.150500e+02 1.500000e+01
      vertex   3.850500e+02 2.499500e+02 1.500000e+01
    endloop
  endfacet
  facet normal -1.000000e+00 0.000000e+00 -0.000000e+00
    outer loop
      vertex   3.850500e+02 2.499500e+02 1.000000e+01
      vertex   3.850500e+02 2.500500e+02 1.000000e+01
      vertex   3.850500e+02 1.100000e+02 5.000000e+00
    endloop
  endfacet
  facet normal -1.000000e+00 0.000000e+00 0.000000e+00
    outer loop
      vertex   3.850500e+02 2.500500e+02 1.000000e+01
      vertex   3.850500e+02 2.500500e+02 1.500000e+01
      vertex   3.850500e+02 2.849500e+02 1.000000e+01
    endloop
  endfacet
  facet normal -1.000000e+00 0.000000e+00 0.000000e+00
    outer loop
      vertex   3.850500e+02 2.849500e+02 1.000000e+01
      vertex   3.850500e+02 2.500500e+02 1.500000e+01
      vertex   3.850500e+02 2.849500e+02 1.500000e+01
    endloop
  endfacet
  facet normal -1.000000e+00 0.000000e+00 0.000000e+00
    outer loop
      vertex   3.850500e+02 3.900000e+02 5.000000e+00
      vertex   3.850500e+02 2.850500e+02 1.000000e+01
      vertex   3.850500e+02 3.199500e+02 1.000000e+01
    endloop
  endfacet
  facet normal -1.000000e+00 0.000000e+00 0.000000e+00
    outer loop
      vertex   3.850500e+02 3.199500e+02 1.000000e+01
      vertex   3.850500e+02 2.850500e+02 1.000000e+01
      vertex   3.850500e+02 2.850500e+02 1.500000e+01
    endloop
  endfacet
  facet normal -1.000000e+00 0.000000e+00 0.000000e+00
    outer loop
      vertex   3.850500e+02 3.199500e+02 1.000000e+01
      vertex   3.850500e+02 2.850500e+02 1.500000e+01
      vertex   3.850500e+02 3.199500e+02 1.500000e+01
    endloop
  endfacet
  facet normal -1.000000e+00 0.000000e+00 0.000000e+00
    outer loop
      vertex   3.850500e+02 3.199500e+02 1.000000e+01
      vertex   3.850500e+02 3.200500e+02 1.000000e+01
      vertex   3.850500e+02 3.900000e+02 5.000000e+00
    endloop
  endfacet
  facet normal -1.000000e+00 0.000000e+00 0.000000e+00
    outer loop
      vertex   3.850500e+02 3.200500e+02 1.500000e+01
      vertex   3.850500e+02 3.549500e+02 1.500000e+01
      vertex   3.850500e+02 3.549500e+02 1.000000e+01
    endloop
  endfacet
  facet normal 0.000000e+00 -0.000000e+00 1.000000e+00
    outer loop
      vertex   3.850500e+02 1.100000e+02 5.000000e+00
      vertex   3.850500e+02 3.900000e+02 5.000000e+00
      vertex   3.849500e+02 1.100000e+02 5.000000e+00
    endloop
  endfacet
  facet normal 0.000000e+00 0.000000e+00 1.000000e+00
    outer loop
      vertex   3.849500e+02 1.100000e+02 5.000000e+00
      vertex   3.850500e+02 3.900000e+02 5.000000e+00
      vertex   3.849500e+02 3.900000e+02 5.000000e+00
    endloop
  endfacet
  facet normal -0.000000e+00 1.000000e+00 0.000000e+00
    outer loop
      vertex   3.850500e+02 3.900000e+02 1.500000e+01
      vertex   4.199500e+02 3.900000e+02 1.500000e+01
      vertex   3.850500e+02 3.900000e+02 1.000000e+01
    endloop
  endfacet
  facet normal 0.000000e+00 1.000000e+00 0.000000e+00
    outer loop
      vertex   3.850500e+02 3.900000e+02 1.000000e+01
      vertex   4.199500e+02 3.900000e+02 1.500000e+01
      vertex   4.199500e+02 3.900000e+02 1.000000e+01
    endloop
  endfacet
  facet normal 0.000000e+00 0.000000e+00 1.000000e+00
    outer loop
      vertex   3.850500e+02 3.550500e+02 1.500000e+01
      vertex   4.199500e+02 3.550500e+02 1.500000e+01
      vertex   3.850500e+02 3.900000e+02 1.500000e+01
    endloop
  endfacet
  facet normal -0.000000e+00 0.000000e+00 1.000000e+00
    outer loop
      vertex   3.850500e+02 3.900000e+02 1.500000e+01
      vertex   4.199500e+02 3.550500e+02 1.500000e+01
      vertex   4.199500e+02 3.900000e+02 1.500000e+01
    endloop
  endfacet
  facet normal 0.000000e+00 -1.000000e+00 0.000000e+00
    outer loop
      vertex   3.850500e+02 1.100000e+02 1.000000e+01
      vertex   4.199500e+02 1.100000e+02 1.000000e+01
      vertex   3.850500e+02 1.100000e+02 1.500000e+01
    endloop
  endfacet
  facet normal 0.000000e+00 -1.000000e+00 0.000000e+00
    outer loop
      vertex   3.850500e+02 1.100000e+02 1.500000e+01
      vertex   4.199500e+02 1.100000e+02 1.000000e+01
      vertex   4.199500e+02 1.100000e+02 1.500000e+01
    endloop
  endfacet
  facet normal 0.000000e+00 -1.000000e+00 0.000000e+00
    outer loop
      vertex   4.199500e+02 3.900000e+02 1.000000e+01
      vertex   4.199500e+02 3.900000e+02 5.000000e+00
      vertex   4.200500e+02 3.900000e+02 1.000000e+01
    endloop
  endfacet
  facet normal 0.000000e+00 -1.000000e+00 -0.000000e+00
    outer loop
      vertex   4.200500e+02 3.900000e+02 1.000000e+01
      vertex   4.199500e+02 3.900000e+02 5.000000e+00
      vertex   4.200500e+02 3.900000e+02 5.000000e+00
    endloop
  endfacet
  facet normal 0.000000e+00 1.000000e+00 0.000000e+00
    outer loop
      vertex   4.200500e+02 1.100000e+02 1.000000e+01
      vertex   4.200500e+02 1.100000e+02 5.000000e+00
      vertex   4.199500e+02 1.100000e+02 1.000000e+01
    endloop
  endfacet
  facet normal 0.000000e+00 1.000000e+00 0.000000e+00
    outer loop
      vertex   4.199500e+02 1.100000e+02 1.000000e+01
      vertex   4.200500e+02 1.100000e+02 5.000000e+00
      vertex   4.199500e+02 1.100000e+02 5.000000e+00
    endloop
  endfacet
  facet normal -1.000000e+00 0.000000e+00 0.000000e+00
    outer loop
      vertex   4.200500e+02 3.550500e+02 1.500000e+01
      vertex   4.200500e+02 3.900000e+02 1.000000e+01
      vertex   4.200500e+02 3.550500e+02 1.000000e+01
    endloop
  endfacet
  facet normal -1.000000e+00 0.000000e+00 0.000000e+00
    outer loop
      vertex   4.200500e+02 3.550500e+02 1.000000e+01
      vertex   4.200500e+02 3.900000e+02 1.000000e+01
      vertex   4.200500e+02 3.900000e+02 5.000000e+00
    endloop
  endfacet
  facet normal -1.000000e+00 -0.000000e+00 -0.000000e+00
    outer loop
      vertex   4.200500e+02 3.550500e+02 1.000000e+01
      vertex   4.200500e+02 3.900000e+02 5.000000e+00
      vertex   4.200500e+02 3.549500e+02 1.000000e+01
    endloop
  endfacet
  facet normal -1.000000e+00 -0.000000e+00 -0.000000e+00
    outer loop
      vertex   4.200500e+02 3.549500e+02 1.000000e+01
      vertex   4.200500e+02 3.900000e+02 5.000000e+00
      vertex   4.200500e+02 3.200500e+02 1.000000e+01
    endloop
  endfacet
  facet normal -1.000000e+00 0.000000e+00 0.000000e+00
    outer loop
      vertex   4.200500e+02 3.549500e+02 1.000000e+01
      vertex   4.200500e+02 3.200500e+02 1.000000e+01
      vertex   4.200500e+02 3.200500e+02 1.500000e+01
    endloop
  endfacet
  facet normal -1.000000e+00 0.000000e+00 0.000000e+00
    outer loop
      vertex   4.200500e+02 3.550500e+02 1.500000e+01
      vertex   4.200500e+02 3.900000e+02 1.500000e+01
      vertex   4.200500e+02 3.900000e+02 1.000000e+01
    endloop
  endfacet
  facet normal -1.000000e+00 0.000000e+00 0.000000e+00
    outer loop
      vertex   4.200500e+02 1.100000e+02 5.000000e+00
      vertex   4.200500e+02 2.500500e+02 1.000000e+01
      vertex   4.200500e+02 3.900000e+02 5.000000e+00
    endloop
  endfacet
  facet normal -1.000000e+00 0.000000e+00 0.000000e+00
    outer loop
      vertex   4.200500e+02 3.900000e+02 5.000000e+00
      vertex   4.200500e+02 2.500500e+02 1.000000e+01
      vertex   4.200500e+02 2.849500e+02 1.000000e+01
    endloop
  endfacet
  facet normal -1.000000e+00 0.000000e+00 0.000000e+00
    outer loop
      vertex   4.200500e+02 3.900000e+02 5.000000e+00
      vertex   4.200500e+02 2.849500e+02 1.000000e+01
      vertex   4.200500e+02 2.850500e+02 1.000000e+01
    endloop
  endfacet
  facet normal -1.000000e+00 0.000000e+00 0.000000e+00
    outer loop
      vertex   4.200500e+02 1.100000e+02 1.000000e+01
      vertex   4.200500e+02 1.449500e+02 1.000000e+01
      vertex   4.200500e+02 1.100000e+02 5.000000e+00
    endloop
  endfacet
  facet normal -1.000000e+00 0.000000e+00 0.000000e+00
    outer loop
      vertex   4.200500e+02 1.100000e+02 5.000000e+00
      vertex   4.200500e+02 1.449500e+02 1.000000e+01
      vertex   4.200500e+02 1.450500e+02 1.000000e+01
    endloop
  endfacet
  facet normal -1.000000e+00 0.000000e+00 0.000000e+00
    outer loop
      vertex   4.200500e+02 1.100000e+02 5.000000e+00
      vertex   4.200500e+02 1.450500e+02 1.000000e+01
      vertex   4.200500e+02 1.799500e+02 1.000000e+01
    endloop
  endfacet
  facet normal -1.000000e+00 0.000000e+00 0.000000e+00
    outer loop
      vertex   4.200500e+02 1.799500e+02 1.000000e+01
      vertex   4.200500e+02 1.450500e+02 1.000000e+01
      vertex   4.200500e+02 1.450500e+02 1.500000e+01
    endloop
  endfacet
  facet normal -1.000000e+00 0.000000e+00 0.000000e+00
    outer loop
      vertex   4.200500e+02 1.799500e+02 1.000000e+01
      vertex   4.200500e+02 1.450500e+02 1.500000e+01
      vertex   4.200500e+02 1.799500e+02 1.500000e+01
    endloop
  endfacet
  facet normal -1.000000e+00 0.000000e+00 0.000000e+00
    outer loop
      vertex   4.200500e+02 1.100000e+02 1.000000e+01
      vertex   4.200500e+02 1.100000e+02 1.500000e+01
      vertex   4.200500e+02 1.449500e+02 1.000000e+01
    endloop
  endfacet
  facet normal -1.000000e+00 0.000000e+00 0.000000e+00
    outer loop
      vertex   4.200500e+02 1.449500e+02 1.000000e+01
      vertex   4.200500e+02 1.100000e+02 1.500000e+01
      vertex   4.200500e+02 1.449500e+02 1.500000e+01
    endloop
  endfacet
  facet normal -1.000000e+00 0.000000e+00 -0.000000e+00
    outer loop
      vertex   4.200500e+02 1.799500e+02 1.000000e+01
      vertex   4.200500e+02 1.800500e+02 1.000000e+01
      vertex   4.200500e+02 1.100000e+02 5.000000e+00
    endloop
  endfacet
  facet normal -1.000000e+00 0.000000e+00 0.000000e+00
    outer loop
      vertex   4.200500e+02 1.100000e+02 5.000000e+00
      vertex   4.200500e+02 1.800500e+02 1.000000e+01
      vertex   4.200500e+02 2.149500e+02 1.000000e+01
    endloop
  endfacet
  facet normal -1.000000e+00 0.000000e+00 0.000000e+00
    outer loop
      vertex   4.200500e+02 1.100000e+02 5.000000e+00
      vertex   4.200500e+02 2.149500e+02 1.000000e+01
      vertex   4.200500e+02 2.150500e+02 1.000000e+01
    endloop
  endfacet
  facet normal -1.000000e+00 0.000000e+00 0.000000e+00
    outer loop
      vertex   4.200500e+02 1.800500e+02 1.000000e+01
      vertex   4.200500e+02 1.800500e+02 1.500000e+01
      vertex   4.200500e+02 2.149500e+02 1.000000e+01
    endloop
  endfacet
  facet normal -1.000000e+00 0.000000e+00 0.000000e+00
    outer loop
      vertex   4.200500e+02 2.149500e+02 1.000000e+01
      vertex   4.200500e+02 1.800500e+02 1.500000e+01
      vertex   4.200500e+02 2.149500e+02 1.500000e+01
    endloop
  endfacet
  facet normal -1.000000e+00 0.000000e+00 0.000000e+00
    outer loop
      vertex   4.200500e+02 1.100000e+02 5.000000e+00
      vertex   4.200500e+02 2.150500e+02 1.000000e+01
      vertex   4.200500e+02 2.499500e+02 1.000000e+01
    endloop
  endfacet
  facet normal -1.000000e+00 0.000000e+00 0.000000e+00
    outer loop
      vertex   4.200500e+02 2.499500e+02 1.000000e+01
      vertex   4.200500e+02 2.150500e+02 1.000000e+01
      vertex   4.200500e+02 2.150500e+02 1.500000e+01
    endloop
  endfacet
  facet normal -1.000000e+00 0.000000e+00 0.000000e+00
    outer loop
      vertex   4.200500e+02 2.499500e+02 1.000000e+01
      vertex   4.200500e+02 2.150500e+02 1.500000e+01
      vertex   4.200500e+02 2.499500e+02 1.500000e+01
    endloop
  endfacet
  facet normal -1.000000e+00 0.000000e+00 -0.000000e+00
    outer loop
      vertex   4.200500e+02 2.499500e+02 1.000000e+01
      vertex   4.200500e+02 2.500500e+02 1.000000e+01
      vertex   4.200500e+02 1.100000e+02 5.000000e+00
    endloop
  endfacet
  facet normal -1.000000e+00 0.000000e+00 0.000000e+00
    outer loop
      vertex   4.200500e+02 2.500500e+02 1.000000e+01
      vertex   4.200500e+02 2.500500e+02 1.500000e+01
      vertex   4.200500e+02 2.849500e+02 1.000000e+01
    endloop
  endfacet
  facet normal -1.000000e+00 0.000000e+00 0.000000e+00
    outer loop
      vertex   4.200500e+02 2.849500e+02 1.000000e+01
      vertex   4.200500e+02 2.500500e+02 1.500000e+01
      vertex   4.200500e+02 2.849500e+02 1.500000e+01
    endloop
  endfacet
  facet normal -1.000000e+00 0.000000e+00 0.000000e+00
    outer loop
      vertex   4.200500e+02 3.900000e+02 5.000000e+00
      vertex   4.200500e+02 2.850500e+02 1.000000e+01
      vertex   4.200500e+02 3.199500e+02 1.000000e+01
    endloop
  endfacet
  facet normal -1.000000e+00 0.000000e+00 0.000000e+00
    outer loop
      vertex   4.200500e+02 3.199500e+02 1.000000e+01
      vertex   4.200500e+02 2.850500e+02 1.000000e+01
      vertex   4.200500e+02 2.850500e+02 1.500000e+01
    endloop
  endfacet
  facet normal -1.000000e+00 0.000000e+00 0.000000e+00
    outer loop
      vertex   4.200500e+02 3.199500e+02 1.000000e+01
      vertex   4.200500e+02 2.850500e+02 1.500000e+01
      vertex   4.200500e+02 3.199500e+02 1.500000e+01
    endloop
  endfacet
  facet normal -1.000000e+00 0.000000e+00 0.000000e+00
    outer loop
      vertex   4.200500e+02 3.199500e+02 1.000000e+01
      vertex   4.200500e+02 3.200500e+02 1.000000e+01
      vertex   4.200500e+02 3.900000e+02 5.000000e+00
    endloop
  endfacet
  facet normal -1.000000e+00 0.000000e+00 0.000000e+00
    outer loop
      vertex   4.200500e+02 3.200500e+02 1.500000e+01
      vertex   4.200500e+02 3.549500e+02 1.500000e+01
      vertex   4.200500e+02 3.549500e+02 1.000000e+01
    endloop
  endfacet
  facet normal 0.000000e+00 -0.000000e+00 1.000000e+00
    outer loop
      vertex   4.200500e+02 1.100000e+02 5.000000e+00
      vertex   4.200500e+02 3.900000e+02 5.000000e+00
      vertex   4.199500e+02 1.100000e+02 5.000000e+00
    endloop
  endfacet
  facet normal 0.000000e+00 0.000000e+00 1.000000e+00
    outer loop
      vertex   4.199500e+02 1.100000e+02 5.000000e+00
      vertex   4.200500e+02 3.900000e+02 5.000000e+00
      vertex   4.199500e+02 3.900000e+02 5.000000e+00
    endloop
  endfacet
  facet normal -0.000000e+00 1.000000e+00 0.000000e+00
    outer loop
      vertex   4.200500e+02 3.900000e+02 1.500000e+01
      vertex   4.549500e+02 3.900000e+02 1.500000e+01
      vertex   4.200500e+02 3.900000e+02 1.000000e+01
    endloop
  endfacet
  facet normal 0.000000e+00 1.000000e+00 0.000000e+00
    outer loop
      vertex   4.200500e+02 3.900000e+02 1.000000e+01
      vertex   4.549500e+02 3.900000e+02 1.500000e+01
      vertex   4.549500e+02 3.900000e+02 1.000000e+01
    endloop
  endfacet
  facet normal 0.000000e+00 0.000000e+00 1.000000e+00
    outer loop
      vertex   4.200500e+02 3.550500e+02 1.500000e+01
      vertex   4.549500e+02 3.550500e+02 1.500000e+01
      vertex   4.200500e+02 3.900000e+02 1.500000e+01
    endloop
  endfacet
  facet normal -0.000000e+00 0.000000e+00 1.000000e+00
    outer loop
      vertex   4.200500e+02 3.900000e+02 1.500000e+01
      vertex   4.549500e+02 3.550500e+02 1.500000e+01
      vertex   4.549500e+02 3.900000e+02 1.500000e+01
    endloop
  endfacet
  facet normal 0.000000e+00 -1.000000e+00 0.000000e+00
    outer loop
      vertex   4.200500e+02 1.100000e+02 1.000000e+01
      vertex   4.549500e+02 1.100000e+02 1.000000e+01
      vertex   4.200500e+02 1.100000e+02 1.500000e+01
    endloop
  endfacet
  facet normal 0.000000e+00 -1.000000e+00 0.000000e+00
    outer loop
      vertex   4.200500e+02 1.100000e+02 1.500000e+01
      vertex   4.549500e+02 1.100000e+02 1.000000e+01
      vertex   4.549500e+02 1.100000e+02 1.500000e+01
    endloop
  endfacet
  facet normal 0.000000e+00 -1.000000e+00 0.000000e+00
    outer loop
      vertex   4.549500e+02 3.900000e+02 1.000000e+01
      vertex   4.549500e+02 3.900000e+02 5.000000e+00
      vertex   4.550500e+02 3.900000e+02 1.000000e+01
    endloop
  endfacet
  facet normal 0.000000e+00 -1.000000e+00 -0.000000e+00
    outer loop
      vertex   4.550500e+02 3.900000e+02 1.000000e+01
      vertex   4.549500e+02 3.900000e+02 5.000000e+00
      vertex   4.550500e+02 3.900000e+02 5.000000e+00
    endloop
  endfacet
  facet normal 0.000000e+00 1.000000e+00 0.000000e+00
    outer loop
      vertex   4.550500e+02 1.100000e+02 1.000000e+01
      vertex   4.550500e+02 1.100000e+02 5.000000e+00
      vertex   4.549500e+02 1.100000e+02 1.000000e+01
    endloop
  endfacet
  facet normal 0.000000e+00 1.000000e+00 0.000000e+00
    outer loop
      vertex   4.549500e+02 1.100000e+02 1.000000e+01
      vertex   4.550500e+02 1.100000e+02 5.000000e+00
      vertex   4.549500e+02 1.100000e+02 5.000000e+00
    endloop
  endfacet
  facet normal -1.000000e+00 0.000000e+00 0.000000e+00
    outer loop
      vertex   4.550500e+02 3.550500e+02 1.500000e+01
      vertex   4.550500e+02 3.900000e+02 1.000000e+01
      vertex   4.550500e+02 3.550500e+02 1.000000e+01
    endloop
  endfacet
  facet normal -1.000000e+00 0.000000e+00 0.000000e+00
    outer loop
      vertex   4.550500e+02 3.550500e+02 1.000000e+01
      vertex   4.550500e+02 3.900000e+02 1.000000e+01
      vertex   4.550500e+02 3.900000e+02 5.000000e+00
    endloop
  endfacet
  facet normal -1.000000e+00 -0.000000e+00 -0.000000e+00
    outer loop
      vertex   4.550500e+02 3.550500e+02 1.000000e+01
      vertex   4.550500e+02 3.900000e+02 5.000000e+00
      vertex   4.550500e+02 3.549500e+02 1.000000e+01
    endloop
  endfacet
  facet normal -1.000000e+00 -0.000000e+00 -0.000000e+00
    outer loop
      vertex   4.550500e+02 3.549500e+02 1.000000e+01
      vertex   4.550500e+02 3.900000e+02 5.000000e+00
      vertex   4.550500e+02 3.200500e+02 1.000000e+01
    endloop
  endfacet
  facet normal -1.000000e+00 0.000000e+00 0.000000e+00
    outer loop
      vertex   4.550500e+02 3.549500e+02 1.000000e+01
      vertex   4.550500e+02 3.200500e+02 1.000000e+01
      vertex   4.550500e+02 3.200500e+02 1.500000e+01
    endloop
  endfacet
  facet normal -1.000000e+00 0.000000e+00 0.000000e+00
    outer loop
      vertex   4.550500e+02 3.550500e+02 1.500000e+01
      vertex   4.550500e+02 3.900000e+02 1.500000e+01
      vertex   4.550500e+02 3.900000e+02 1.000000e+01
    endloop
  endfacet
  facet normal -1.000000e+00 0.000000e+00 0.000000e+00
    outer loop
      vertex   4.550500e+02 1.100000e+02 5.000000e+00
      vertex   4.550500e+02 2.500500e+02 1.000000e+01
      vertex   4.550500e+02 3.900000e+02 5.000000e+00
    endloop
  endfacet
  facet normal -1.000000e+00 0.000000e+00 0.000000e+00
    outer loop
      vertex   4.550500e+02 3.900000e+02 5.000000e+00
      vertex   4.550500e+02 2.500500e+02 1.000000e+01
      vertex   4.550500e+02 2.849500e+02 1.000000e+01
    endloop
  endfacet
  facet normal -1.000000e+00 0.000000e+00 0.000000e+00
    outer loop
      vertex   4.550500e+02 3.900000e+02 5.000000e+00
      vertex   4.550500e+02 2.849500e+02 1.000000e+01
      vertex   4.550500e+02 2.850500e+02 1.000000e+01
    endloop
  endfacet
  facet normal -1.000000e+00 0.000000e+00 0.000000e+00
    outer loop
      vertex   4.550500e+02 1.100000e+02 1.000000e+01
      vertex   4.550500e+02 1.449500e+02 1.000000e+01
      vertex   4.550500e+02 1.100000e+02 5.000000e+00
    endloop
  endfacet
  facet normal -1.000000e+00 0.000000e+00 0.000000e+00
    outer loop
      vertex   4.550500e+02 1.100000e+02 5.000000e+00
      vertex   4.550500e+02 1.449500e+02 1.000000e+01
      vertex   4.550500e+02 1.450500e+02 1.000000e+01
    endloop
  endfacet
  facet normal -1.000000e+00 0.000000e+00 0.000000e+00
    outer loop
      vertex   4.550500e+02 1.100000e+02 5.000000e+00
      vertex   4.550500e+02 1.450500e+02 1.000000e+01
      vertex   4.550500e+02 1.799500e+02 1.000000e+01
    endloop
  endfacet
  facet normal -1.000000e+00 0.000000e+00 0.000000e+00
    outer loop
      vertex   4.550500e+02 1.799500e+02 1.000000e+01
      vertex   4.550500e+02 1.450500e+02 1.000000e+01
      vertex   4.550500e+02 1.450500e+02 1.500000e+01
    endloop
  endfacet
  facet normal -1.000000e+00 0.000000e+00 0.000000e+00
    outer loop
      vertex   4.550500e+02 1.799500e+02 1.000000e+01
      vertex   4.550500e+02 1.450500e+02 1.500000e+01
      vertex   4.550500e+02 1.799500e+02 1.500000e+01
    endloop
  endfacet
  facet normal -1.000000e+00 0.000000e+00 0.000000e+00
    outer loop
      vertex   4.550500e+02 1.100000e+02 1.000000e+01
      vertex   4.550500e+02 1.100000e+02 1.500000e+01
      vertex   4.550500e+02 1.449500e+02 1.000000e+01
    endloop
  endfacet
  facet normal -1.000000e+00 0.000000e+00 0.000000e+00
    outer loop
      vertex   4.550500e+02 1.449500e+02 1.000000e+01
      vertex   4.550500e+02 1.100000e+02 1.500000e+01
      vertex   4.550500e+02 1.449500e+02 1.500000e+01
    endloop
  endfacet
  facet normal -1.000000e+00 0.000000e+00 -0.000000e+00
    outer loop
      vertex   4.550500e+02 1.799500e+02 1.000000e+01
      vertex   4.550500e+02 1.800500e+02 1.000000e+01
      vertex   4.550500e+02 1.100000e+02 5.000000e+00
    endloop
  endfacet
  facet normal -1.000000e+00 0.000000e+00 0.000000e+00
    outer loop
      vertex   4.550500e+02 1.100000e+02 5.000000e+00
      vertex   4.550500e+02 1.800500e+02 1.000000e+01
      vertex   4.550500e+02 2.149500e+02 1.000000e+01
    endloop
  endfacet
  facet normal -1.000000e+00 0.000000e+00 0.000000e+00
    outer loop
      vertex   4.550500e+02 1.100000e+02 5.000000e+00
      vertex   4.550500e+02 2.149500e+02 1.000000e+01
      vertex   4.550500e+02 2.150500e+02 1.000000e+01
    endloop
  endfacet
  facet normal -1.000000e+00 0.000000e+00 0.000000e+00
    outer loop
      vertex   4.550500e+02 1.800500e+02 1.000000e+01
      vertex   4.550500e+02 1.800500e+02 1.500000e+01
      vertex   4.550500e+02 2.149500e+02 1.000000e+01
    endloop
  endfacet
  facet normal -1.000000e+00 0.000000e+00 0.000000e+00
    outer loop
      vertex   4.550500e+02 2.149500e+02 1.000000e+01
      vertex   4.550500e+02 1.800500e+02 1.500000e+01
      vertex   4.550500e+02 2.149500e+02 1.500000e+01
    endloop
  endfacet
  facet normal -1.000000e+00 0.000000e+00 0.000000e+00
    outer loop
      vertex   4.550500e+02 1.100000e+02 5.000000e+00
      vertex   4.550500e+02 2.150500e+02 1.000000e+01
      vertex   4.550500e+02 2.499500e+02 1.000000e+01
    endloop
  endfacet
  facet normal -1.000000e+00 0.000000e+00 0.000000e+00
    outer loop
      vertex   4.550500e+02 2.499500e+02 1.000000e+01
      vertex   4.550500e+02 2.150500e+02 1.000000e+01
      vertex   4.550500e+02 2.150500e+02 1.500000e+01
    endloop
  endfacet
  facet normal -1.000000e+00 0.000000e+00 0.000000e+00
    outer loop
      vertex   4.550500e+02 2.499500e+02 1.000000e+01
      vertex   4.550500e+02 2.150500e+02 1.500000e+01
      vertex   4.550500e+02 2.499500e+02 1.500000e+01
    endloop
  endfacet
  facet normal -1.000000e+00 0.000000e+00 -0.000000e+00
    outer loop
      vertex   4.550500e+02 2.499500e+02 1.000000e+01
      vertex   4.550500e+02 2.500500e+02 1.000000e+01
      vertex   4.550500e+02 1.100000e+02 5.000000e+00
    endloop
  endfacet
  facet normal -1.000000e+00 0.000000e+00 0.000000e+00
    outer loop
      vertex   4.550500e+02 2.500500e+02 1.000000e+01
      vertex   4.550500e+02 2.500500e+02 1.500000e+01
      vertex   4.550500e+02 2.849500e+02 1.000000e+01
    endloop
  endfacet
  facet normal -1.000000e+00 0.000000e+00 0.000000e+00
    outer loop
      vertex   4.550500e+02 2.849500e+02 1.000000e+01
      vertex   4.550500e+02 2.500500e+02 1.500000e+01
      vertex   4.550500e+02 2.849500e+02 1.500000e+01
    endloop
  endfacet
  facet normal -1.000000e+00 0.000000e+00 0.000000e+00
    outer loop
      vertex   4.550500e+02 3.900000e+02 5.000000e+00
      vertex   4.550500e+02 2.850500e+02 1.000000e+01
      vertex   4.550500e+02 3.199500e+02 1.000000e+01
    endloop
  endfacet
  facet normal -1.000000e+00 0.000000e+00 0.000000e+00
    outer loop
      vertex   4.550500e+02 3.199500e+02 1.000000e+01
      vertex   4.550500e+02 2.850500e+02 1.000000e+01
      vertex   4.550500e+02 2.850500e+02 1.500000e+01
    endloop
  endfacet
  facet normal -1.000000e+00 0.000000e+00 0.000000e+00
    outer loop
      vertex   4.550500e+02 3.199500e+02 1.000000e+01
      vertex   4.550500e+02 2.850500e+02 1.500000e+01
      vertex   4.550500e+02 3.199500e+02 1.500000e+01
    endloop
  endfacet
  facet normal -1.000000e+00 0.000000e+00 0.000000e+00
    outer loop
      vertex   4.550500e+02 3.199500e+02 1.000000e+01
      vertex   4.550500e+02 3.200500e+02 1.000000e+01
      vertex   4.550500e+02 3.900000e+02 5.000000e+00
    endloop
  endfacet
  facet normal -1.000000e+00 0.000000e+00 0.000000e+00
    outer loop
      vertex   4.550500e+02 3.200500e+02 1.500000e+01
      vertex   4.550500e+02 3.549500e+02 1.500000e+01
      vertex   4.550500e+02 3.549500e+02 1.000000e+01
    endloop
  endfacet
  facet normal 0.000000e+00 -0.000000e+00 1.000000e+00
    outer loop
      vertex   4.550500e+02 1.100000e+02 5.000000e+00
      vertex   4.550500e+02 3.900000e+02 5.000000e+00
      vertex   4.549500e+02 1.100000e+02 5.000000e+00
    endloop
  endfacet
  facet normal 0.000000e+00 0.000000e+00 1.000000e+00
    outer loop
      vertex   4.549500e+02 1.100000e+02 5.000000e+00
      vertex   4.550500e+02 3.900000e+02 5.000000e+00
      vertex   4.549500e+02 3.900000e+02 5.000000e+00
    endloop
  endfacet
  facet normal -0.000000e+00 1.000000e+00 0.000000e+00
    outer loop
      vertex   4.550500e+02 3.900000e+02 1.500000e+01
      vertex   4.899500e+02 3.900000e+02 1.500000e+01
      vertex   4.550500e+02 3.900000e+02 1.000000e+01
    endloop
  endfacet
  facet normal 0.000000e+00 1.000000e+00 0.000000e+00
    outer loop
      vertex   4.550500e+02 3.900000e+02 1.000000e+01
      vertex   4.899500e+02 3.900000e+02 1.500000e+01
      vertex   4.899500e+02 3.900000e+02 1.000000e+01
    endloop
  endfacet
  facet normal 0.000000e+00 0.000000e+00 1.000000e+00
    outer loop
      vertex   4.550500e+02 3.550500e+02 1.500000e+01
      vertex   4.899500e+02 3.550500e+02 1.500000e+01
      vertex   4.550500e+02 3.900000e+02 1.500000e+01
    endloop
  endfacet
  facet normal -0.000000e+00 0.000000e+00 1.000000e+00
    outer loop
      vertex   4.550500e+02 3.900000e+02 1.500000e+01
      vertex   4.899500e+02 3.550500e+02 1.500000e+01
      vertex   4.899500e+02 3.900000e+02 1.500000e+01
    endloop
  endfacet
  facet normal 0.000000e+00 -1.000000e+00 0.000000e+00
    outer loop
      vertex   4.550500e+02 1.100000e+02 1.000000e+01
      vertex   4.899500e+02 1.100000e+02 1.000000e+01
      vertex   4.550500e+02 1.100000e+02 1.500000e+01
    endloop
  endfacet
  facet normal 0.000000e+00 -1.000000e+00 0.000000e+00
    outer loop
      vertex   4.550500e+02 1.100000e+02 1.500000e+01
      vertex   4.899500e+02 1.100000e+02 1.000000e+01
      vertex   4.899500e+02 1.100000e+02 1.500000e+01
    endloop
  endfacet
  facet normal 0.000000e+00 -1.000000e+00 0.000000e+00
    outer loop
      vertex   4.899500e+02 3.900000e+02 1.000000e+01
      vertex   4.899500e+02 3.900000e+02 5.000000e+00
      vertex   4.900500e+02 3.900000e+02 1.000000e+01
    endloop
  endfacet
  facet normal 0.000000e+00 -1.000000e+00 -0.000000e+00
    outer loop
      vertex   4.900500e+02 3.900000e+02 1.000000e+01
      vertex   4.899500e+02 3.900000e+02 5.000000e+00
      vertex   4.900500e+02 3.900000e+02 5.000000e+00
    endloop
  endfacet
  facet normal 0.000000e+00 1.000000e+00 0.000000e+00
    outer loop
      vertex   4.900500e+02 1.100000e+02 1.000000e+01
      vertex   4.900500e+02 1.100000e+02 5.000000e+00
      vertex   4.899500e+02 1.100000e+02 1.000000e+01
    endloop
  endfacet
  facet normal 0.000000e+00 1.000000e+00 0.000000e+00
    outer loop
      vertex   4.899500e+02 1.100000e+02 1.000000e+01
      vertex   4.900500e+02 1.100000e+02 5.000000e+00
      vertex   4.899500e+02 1.100000e+02 5.000000e+00
    endloop
  endfacet
  facet normal -1.000000e+00 0.000000e+00 0.000000e+00
    outer loop
      vertex   4.900500e+02 3.550500e+02 1.500000e+01
      vertex   4.900500e+02 3.900000e+02 1.000000e+01
      vertex   4.900500e+02 3.550500e+02 1.000000e+01
    endloop
  endfacet
  facet normal -1.000000e+00 0.000000e+00 0.000000e+00
    outer loop
      vertex   4.900500e+02 3.550500e+02 1.000000e+01
      vertex   4.900500e+02 3.900000e+02 1.000000e+01
      vertex   4.900500e+02 3.900000e+02 5.000000e+00
    endloop
  endfacet
  facet normal -1.000000e+00 -0.000000e+00 -0.000000e+00
    outer loop
      vertex   4.900500e+02 3.550500e+02 1.000000e+01
      vertex   4.900500e+02 3.900000e+02 5.000000e+00
      vertex   4.900500e+02 3.549500e+02 1.000000e+01
    endloop
  endfacet
  facet normal -1.000000e+00 -0.000000e+00 -0.000000e+00
    outer loop
      vertex   4.900500e+02 3.549500e+02 1.000000e+01
      vertex   4.900500e+02 3.900000e+02 5.000000e+00
      vertex   4.900500e+02 3.200500e+02 1.000000e+01
    endloop
  endfacet
  facet normal -1.000000e+00 0.000000e+00 0.000000e+00
    outer loop
      vertex   4.900500e+02 3.549500e+02 1.000000e+01
      vertex   4.900500e+02 3.200500e+02 1.000000e+01
      vertex   4.900500e+02 3.200500e+02 1.500000e+01
    endloop
  endfacet
  facet normal -1.000000e+00 0.000000e+00 0.000000e+00
    outer loop
      vertex   4.900500e+02 3.550500e+02 1.500000e+01
      vertex   4.900500e+02 3.900000e+02 1.500000e+01
      vertex   4.900500e+02 3.900000e+02 1.000000e+01
    endloop
  endfacet
  facet normal -1.000000e+00 0.000000e+00 0.000000e+00
    outer loop
      vertex   4.900500e+02 1.100000e+02 5.000000e+00
      vertex   4.900500e+02 2.500500e+02 1.000000e+01
      vertex   4.900500e+02 3.900000e+02 5.000000e+00
    endloop
  endfacet
  facet normal -1.000000e+00 0.000000e+00 0.000000e+00
    outer loop
      vertex   4.900500e+02 3.900000e+02 5.000000e+00
      vertex   4.900500e+02 2.500500e+02 1.000000e+01
      vertex   4.900500e+02 2.849500e+02 1.000000e+01
    endloop
  endfacet
  facet normal -1.000000e+00 0.000000e+00 0.000000e+00
    outer loop
      vertex   4.900500e+02 3.900000e+02 5.000000e+00
      vertex   4.900500e+02 2.849500e+02 1.000000e+01
      vertex   4.900500e+02 2.850500e+02 1.000000e+01
    endloop
  endfacet
  facet normal -1.000000e+00 0.000000e+00 0.000000e+00
    outer loop
      vertex   4.900500e+02 1.100000e+02 1.000000e+01
      vertex   4.900500e+02 1.449500e+02 1.000000e+01
      vertex   4.900500e+02 1.100000e+02 5.000000e+00
    endloop
  endfacet
  facet normal -1.000000e+00 0.000000e+00 0.000000e+00
    outer loop
      vertex   4.900500e+02 1.100000e+02 5.000000e+00
      vertex   4.900500e+02 1.449500e+02 1.000000e+01
      vertex   4.900500e+02 1.450500e+02 1.000000e+01
    endloop
  endfacet
  facet normal -1.000000e+00 0.000000e+00 0.000000e+00
    outer loop
      vertex   4.900500e+02 1.100000e+02 5.000000e+00
      vertex   4.900500e+02 1.450500e+02 1.000000e+01
      vertex   4.900500e+02 1.799500e+02 1.000000e+01
    endloop
  endfacet
  facet normal -1.000000e+00 0.000000e+00 0.000000e+00
    outer loop
      vertex   4.900500e+02 1.799500e+02 1.000000e+01
      vertex   4.900500e+02 1.450500e+02 1.000000e+01
      vertex   4.900500e+02 1.450500e+02 1.500000e+01
    endloop
  endfacet
  facet normal -1.000000e+00 0.000000e+00 0.000000e+00
    outer loop
      vertex   4.900500e+02 1.799500e+02 1.000000e+01
      vertex   4.900500e+02 1.450500e+02 1.500000e+01
      vertex   4.900500e+02 1.799500e+02 1.500000e+01
    endloop
  endfacet
  facet normal -1.000000e+00 0.000000e+00 0.000000e+00
    outer loop
      vertex   4.900500e+02 1.100000e+02 1.000000e+01
      vertex   4.900500e+02 1.100000e+02 1.500000e+01
      vertex   4.900500e+02 1.449500e+02 1.000000e+01
    endloop
  endfacet
  facet normal -1.000000e+00 0.000000e+00 0.000000e+00
    outer loop
      vertex   4.900500e+02 1.449500e+02 1.000000e+01
      vertex   4.900500e+02 1.100000e+02 1.500000e+01
      vertex   4.900500e+02 1.449500e+02 1.500000e+01
    endloop
  endfacet
  facet normal -1.000000e+00 0.000000e+00 -0.000000e+00
    outer loop
      vertex   4.900500e+02 1.799500e+02 1.000000e+01
      vertex   4.900500e+02 1.800500e+02 1.000000e+01
      vertex   4.900500e+02 1.100000e+02 5.000000e+00
    endloop
  endfacet
  facet normal -1.000000e+00 0.000000e+00 0.000000e+00
    outer loop
      vertex   4.900500e+02 1.100000e+02 5.000000e+00
      vertex   4.900500e+02 1.800500e+02 1.000000e+01
      vertex   4.900500e+02 2.149500e+02 1.000000e+01
    endloop
  endfacet
  facet normal -1.000000e+00 0.000000e+00 0.000000e+00
    outer loop
      vertex   4.900500e+02 1.100000e+02 5.000000e+00
      vertex   4.900500e+02 2.149500e+02 1.000000e+01
      vertex   4.900500e+02 2.150500e+02 1.000000e+01
    endloop
  endfacet
  facet normal -1.000000e+00 0.000000e+00 0.000000e+00
    outer loop
      vertex   4.900500e+02 1.800500e+02 1.000000e+01
      vertex   4.900500e+02 1.800500e+02 1.500000e+01
      vertex   4.900500e+02 2.149500e+02 1.000000e+01
    endloop
  endfacet
  facet normal -1.000000e+00 0.000000e+00 0.000000e+00
    outer loop
      vertex   4.900500e+02 2.149500e+02 1.000000e+01
      vertex   4.900500e+02 1.800500e+02 1.500000e+01
      vertex   4.900500e+02 2.149500e+02 1.500000e+01
    endloop
  endfacet
  facet normal -1.000000e+00 0.000000e+00 0.000000e+00
    outer loop
      vertex   4.900500e+02 1.100000e+02 5.000000e+00
      vertex   4.900500e+02 2.150500e+02 1.000000e+01
      vertex   4.900500e+02 2.499500e+02 1.000000e+01
    endloop
  endfacet
  facet normal -1.000000e+00 0.000000e+00 0.000000e+00
    outer loop
      vertex   4.900500e+02 2.499500e+02 1.000000e+01
      vertex   4.900500e+02 2.150500e+02 1.000000e+01
      vertex   4.900500e+02 2.150500e+02 1.500000e+01
    endloop
  endfacet
  facet normal -1.000000e+00 0.000000e+00 0.000000e+00
    outer loop
      vertex   4.900500e+02 2.499500e+02 1.000000e+01
      vertex   4.900500e+02 2.150500e+02 1.500000e+01
      vertex   4.900500e+02 2.499500e+02 1.500000e+01
    endloop
  endfacet
  facet normal -1.000000e+00 0.000000e+00 -0.000000e+00
    outer loop
      vertex   4.900500e+02 2.499500e+02 1.000000e+01
      vertex   4.900500e+02 2.500500e+02 1.000000e+01
      vertex   4.900500e+02 1.100000e+02 5.000000e+00
    endloop
  endfacet
  facet normal -1.000000e+00 0.000000e+00 0.000000e+00
    outer loop
      vertex   4.900500e+02 2.500500e+02 1.000000e+01
      vertex   4.900500e+02 2.500500e+02 1.500000e+01
      vertex   4.900500e+02 2.849500e+02 1.000000e+01
    endloop
  endfacet
  facet normal -1.000000e+00 0.000000e+00 0.000000e+00
    outer loop
      vertex   4.900500e+02 2.849500e+02 1.000000e+01
      vertex   4.900500e+02 2.500500e+02 1.500000e+01
      vertex   4.900500e+02 2.849500e+02 1.500000e+01
    endloop
  endfacet
  facet normal -1.000000e+00 0.000000e+00 0.000000e+00
    outer loop
      vertex   4.900500e+02 3.900000e+02 5.000000e+00
      vertex   4.900500e+02 2.850500e+02 1.000000e+01
      vertex   4.900500e+02 3.199500e+02 1.000000e+01
    endloop
  endfacet
  facet normal -1.000000e+00 0.000000e+00 0.000000e+00
    outer loop
      vertex   4.900500e+02 3.199500e+02 1.000000e+01
      vertex   4.900500e+02 2.850500e+02 1.000000e+01
      vertex   4.900500e+02 2.850500e+02 1.500000e+01
    endloop
  endfacet
  facet normal -1.000000e+00 0.000000e+00 0.000000e+00
    outer loop
      vertex   4.900500e+02 3.199500e+02 1.000000e+01
      vertex   4.900500e+02 2.850500e+02 1.500000e+01
      vertex   4.900500e+02 3.199500e+02 1.500000e+01
    endloop
  endfacet
  facet normal -1.000000e+00 0.000000e+00 0.000000e+00
    outer loop
      vertex   4.900500e+02 3.199500e+02 1.000000e+01
      vertex   4.900500e+02 3.200500e+02 1.000000e+01
      vertex   4.900500e+02 3.900000e+02 5.000000e+00
    endloop
  endfacet
  facet normal -1.000000e+00 0.000000e+00 0.000000e+00
    outer loop
      vertex   4.900500e+02 3.200500e+02 1.500000e+01
      vertex   4.900500e+02 3.549500e+02 1.500000e+01
      vertex   4.900500e+02 3.549500e+02 1.000000e+01
    endloop
  endfacet
  facet normal 0.000000e+00 -0.000000e+00 1.000000e+00
    outer loop
      vertex   4.900500e+02 1.100000e+02 5.000000e+00
      vertex   4.900500e+02 3.900000e+02 5.000000e+00
      vertex   4.899500e+02 1.100000e+02 5.000000e+00
    endloop
  endfacet
  facet normal 0.000000e+00 0.000000e+00 1.000000e+00
    outer loop
      vertex   4.899500e+02 1.100000e+02 5.000000e+00
      vertex   4.900500e+02 3.900000e+02 5.000000e+00
      vertex   4.899500e+02 3.900000e+02 5.000000e+00
    endloop
  endfacet
  facet normal -0.000000e+00 1.000000e+00 0.000000e+00
    outer loop
      vertex   4.900500e+02 3.900000e+02 1.500000e+01
      vertex   5.249500e+02 3.900000e+02 1.500000e+01
      vertex   4.900500e+02 3.900000e+02 1.000000e+01
    endloop
  endfacet
  facet normal 0.000000e+00 1.000000e+00 0.000000e+00
    outer loop
      vertex   4.900500e+02 3.900000e+02 1.000000e+01
      vertex   5.249500e+02 3.900000e+02 1.500000e+01
      vertex   5.249500e+02 3.900000e+02 1.000000e+01
    endloop
  endfacet
  facet normal 0.000000e+00 0.000000e+00 1.000000e+00
    outer loop
      vertex   4.900500e+02 3.550500e+02 1.500000e+01
      vertex   5.249500e+02 3.550500e+02 1.500000e+01
      vertex   4.900500e+02 3.900000e+02 1.500000e+01
    endloop
  endfacet
  facet normal -0.000000e+00 0.000000e+00 1.000000e+00
    outer loop
      vertex   4.900500e+02 3.900000e+02 1.500000e+01
      vertex   5.249500e+02 3.550500e+02 1.500000e+01
      vertex   5.249500e+02 3.900000e+02 1.500000e+01
    endloop
  endfacet
  facet normal 0.000000e+00 -1.000000e+00 0.000000e+00
    outer loop
      vertex   4.900500e+02 1.100000e+02 1.000000e+01
      vertex   5.249500e+02 1.100000e+02 1.000000e+01
      vertex   4.900500e+02 1.100000e+02 1.500000e+01
    endloop
  endfacet
  facet normal 0.000000e+00 -1.000000e+00 0.000000e+00
    outer loop
      vertex   4.900500e+02 1.100000e+02 1.500000e+01
      vertex   5.249500e+02 1.100000e+02 1.000000e+01
      vertex   5.249500e+02 1.100000e+02 1.500000e+01
    endloop
  endfacet
  facet normal 0.000000e+00 -1.000000e+00 0.000000e+00
    outer loop
      vertex   5.249500e+02 3.900000e+02 1.000000e+01
      vertex   5.249500e+02 3.900000e+02 5.000000e+00
      vertex   5.250500e+02 3.900000e+02 1.000000e+01
    endloop
  endfacet
  facet normal 0.000000e+00 -1.000000e+00 -0.000000e+00
    outer loop
      vertex   5.250500e+02 3.900000e+02 1.000000e+01
      vertex   5.249500e+02 3.900000e+02 5.000000e+00
      vertex   5.250500e+02 3.900000e+02 5.000000e+00
    endloop
  endfacet
  facet normal 0.000000e+00 1.000000e+00 0.000000e+00
    outer loop
      vertex   5.250500e+02 1.100000e+02 1.000000e+01
      vertex   5.250500e+02 1.100000e+02 5.000000e+00
      vertex   5.249500e+02 1.100000e+02 1.000000e+01
    endloop
  endfacet
  facet normal 0.000000e+00 1.000000e+00 0.000000e+00
    outer loop
      vertex   5.249500e+02 1.100000e+02 1.000000e+01
      vertex   5.250500e+02 1.100000e+02 5.000000e+00
      vertex   5.249500e+02 1.100000e+02 5.000000e+00
    endloop
  endfacet
  facet normal -1.000000e+00 0.000000e+00 0.000000e+00
    outer loop
      vertex   5.250500e+02 3.550500e+02 1.500000e+01
      vertex   5.250500e+02 3.900000e+02 1.000000e+01
      vertex   5.250500e+02 3.550500e+02 1.000000e+01
    endloop
  endfacet
  facet normal -1.000000e+00 0.000000e+00 0.000000e+00
    outer loop
      vertex   5.250500e+02 3.550500e+02 1.000000e+01
      vertex   5.250500e+02 3.900000e+02 1.000000e+01
      vertex   5.250500e+02 3.900000e+02 5.000000e+00
    endloop
  endfacet
  facet normal -1.000000e+00 -0.000000e+00 -0.000000e+00
    outer loop
      vertex   5.250500e+02 3.550500e+02 1.000000e+01
      vertex   5.250500e+02 3.900000e+02 5.000000e+00
      vertex   5.250500e+02 3.549500e+02 1.000000e+01
    endloop
  endfacet
  facet normal -1.000000e+00 -0.000000e+00 -0.000000e+00
    outer loop
      vertex   5.250500e+02 3.549500e+02 1.000000e+01
      vertex   5.250500e+02 3.900000e+02 5.000000e+00
      vertex   5.250500e+02 3.200500e+02 1.000000e+01
    endloop
  endfacet
  facet normal -1.000000e+00 0.000000e+00 0.000000e+00
    outer loop
      vertex   5.250500e+02 3.549500e+02 1.000000e+01
      vertex   5.250500e+02 3.200500e+02 1.000000e+01
      vertex   5.250500e+02 3.200500e+02 1.500000e+01
    endloop
  endfacet
  facet normal -1.000000e+00 0.000000e+00 0.000000e+00
    outer loop
      vertex   5.250500e+02 3.550500e+02 1.500000e+01
      vertex   5.250500e+02 3.900000e+02 1.500000e+01
      vertex   5.250500e+02 3.900000e+02 1.000000e+01
    endloop
  endfacet
  facet normal -1.000000e+00 0.000000e+00 0.000000e+00
    outer loop
      vertex   5.250500e+02 1.100000e+02 5.000000e+00
      vertex   5.250500e+02 2.500500e+02 1.000000e+01
      vertex   5.250500e+02 3.900000e+02 5.000000e+00
    endloop
  endfacet
  facet normal -1.000000e+00 0.000000e+00 0.000000e+00
    outer loop
      vertex   5.250500e+02 3.900000e+02 5.000000e+00
      vertex   5.250500e+02 2.500500e+02 1.000000e+01
      vertex   5.250500e+02 2.849500e+02 1.000000e+01
    endloop
  endfacet
  facet normal -1.000000e+00 0.000000e+00 0.000000e+00
    outer loop
      vertex   5.250500e+02 3.900000e+02 5.000000e+00
      vertex   5.250500e+02 2.849500e+02 1.000000e+01
      vertex   5.250500e+02 2.850500e+02 1.000000e+01
    endloop
  endfacet
  facet normal -1.000000e+00 0.000000e+00 0.000000e+00
    outer loop
      vertex   5.250500e+02 1.100000e+02 1.000000e+01
      vertex   5.250500e+02 1.449500e+02 1.000000e+01
      vertex   5.250500e+02 1.100000e+02 5.000000e+00
    endloop
  endfacet
  facet normal -1.000000e+00 0.000000e+00 0.000000e+00
    outer loop
      vertex   5.250500e+02 1.100000e+02 5.000000e+00
      vertex   5.250500e+02 1.449500e+02 1.000000e+01
      vertex   5.250500e+02 1.450500e+02 1.000000e+01
    endloop
  endfacet
  facet normal -1.000000e+00 0.000000e+00 0.000000e+00
    outer loop
      vertex   5.250500e+02 1.100000e+02 5.000000e+00
      vertex   5.250500e+02 1.450500e+02 1.000000e+01
      vertex   5.250500e+02 1.799500e+02 1.000000e+01
    endloop
  endfacet
  facet normal -1.000000e+00 0.000000e+00 0.000000e+00
    outer loop
      vertex   5.250500e+02 1.799500e+02 1.000000e+01
      vertex   5.250500e+02 1.450500e+02 1.000000e+01
      vertex   5.250500e+02 1.450500e+02 1.500000e+01
    endloop
  endfacet
  facet normal -1.000000e+00 0.000000e+00 0.000000e+00
    outer loop
      vertex   5.250500e+02 1.799500e+02 1.000000e+01
      vertex   5.250500e+02 1.450500e+02 1.500000e+01
      vertex   5.250500e+02 1.799500e+02 1.500000e+01
    endloop
  endfacet
  facet normal -1.000000e+00 0.000000e+00 0.000000e+00
    outer loop
      vertex   5.250500e+02 1.100000e+02 1.000000e+01
      vertex   5.250500e+02 1.100000e+02 1.500000e+01
      vertex   5.250500e+02 1.449500e+02 1.000000e+01
    endloop
  endfacet
  facet normal -1.000000e+00 0.000000e+00 0.000000e+00
    outer loop
      vertex   5.250500e+02 1.449500e+02 1.000000e+01
      vertex   5.250500e+02 1.100000e+02 1.500000e+01
      vertex   5.250500e+02 1.449500e+02 1.500000e+01
    endloop
  endfacet
  facet normal -1.000000e+00 0.000000e+00 -0.000000e+00
    outer loop
      vertex   5.250500e+02 1.799500e+02 1.000000e+01
      vertex   5.250500e+02 1.800500e+02 1.000000e+01
      vertex   5.250500e+02 1.100000e+02 5.000000e+00
    endloop
  endfacet
  facet normal -1.000000e+00 0.000000e+00 0.000000e+00
    outer loop
      vertex   5.250500e+02 1.100000e+02 5.000000e+00
      vertex   5.250500e+02 1.800500e+02 1.000000e+01
      vertex   5.250500e+02 2.149500e+02 1.000000e+01
    endloop
  endfacet
  facet normal -1.000000e+00 0.000000e+00 0.000000e+00
    outer loop
      vertex   5.250500e+02 1.100000e+02 5.000000e+00
      vertex   5.250500e+02 2.149500e+02 1.000000e+01
      vertex   5.250500e+02 2.150500e+02 1.000000e+01
    endloop
  endfacet
  facet normal -1.000000e+00 0.000000e+00 0.000000e+00
    outer loop
      vertex   5.250500e+02 1.800500e+02 1.000000e+01
      vertex   5.250500e+02 1.800500e+02 1.500000e+01
      vertex   5.250500e+02 2.149500e+02 1.000000e+01
    endloop
  endfacet
  facet normal -1.000000e+00 0.000000e+00 0.000000e+00
    outer loop
      vertex   5.250500e+02 2.149500e+02 1.000000e+01
      vertex   5.250500e+02 1.800500e+02 1.500000e+01
      vertex   5.250500e+02 2.149500e+02 1.500000e+01
    endloop
  endfacet
  facet normal -1.000000e+00 0.000000e+00 0.000000e+00
    outer loop
      vertex   5.250500e+02 1.100000e+02 5.000000e+00
      vertex   5.250500e+02 2.150500e+02 1.000000e+01
      vertex   5.250500e+02 2.499500e+02 1.000000e+01
    endloop
  endfacet
  facet normal -1.000000e+00 0.000000e+00 0.000000e+00
    outer loop
      vertex   5.250500e+02 2.499500e+02 1.000000e+01
      vertex   5.250500e+02 2.150500e+02 1.000000e+01
      vertex   5.250500e+02 2.150500e+02 1.500000e+01
    endloop
  endfacet
  facet normal -1.000000e+00 0.000000e+00 0.000000e+00
    outer loop
      vertex   5.250500e+02 2.499500e+02 1.000000e+01
      vertex   5.250500e+02 2.150500e+02 1.500000e+01
      vertex   5.250500e+02 2.499500e+02 1.500000e+01
    endloop
  endfacet
  facet normal -1.000000e+00 0.000000e+00 -0.000000e+00
    outer loop
      vertex   5.250500e+02 2.499500e+02 1.000000e+01
      vertex   5.250500e+02 2.500500e+02 1.000000e+01
      vertex   5.250500e+02 1.100000e+02 5.000000e+00
    endloop
  endfacet
  facet normal -1.000000e+00 0.000000e+00 0.000000e+00
    outer loop
      vertex   5.250500e+02 2.500500e+02 1.000000e+01
      vertex   5.250500e+02 2.500500e+02 1.500000e+01
      vertex   5.250500e+02 2.849500e+02 1.000000e+01
    endloop
  endfacet
  facet normal -1.000000e+00 0.000000e+00 0.000000e+00
    outer loop
      vertex   5.250500e+02 2.849500e+02 1.000000e+01
      vertex   5.250500e+02 2.500500e+02 1.500000e+01
      vertex   5.250500e+02 2.849500e+02 1.500000e+01
    endloop
  endfacet
  facet normal -1.000000e+00 0.000000e+00 0.000000e+00
    outer loop
      vertex   5.250500e+02 3.900000e+02 5.000000e+00
      vertex   5.250500e+02 2.850500e+02 1.000000e+01
      vertex   5.250500e+02 3.199500e+02 1.000000e+01
    endloop
  endfacet
  facet normal -1.000000e+00 0.000000e+00 0.000000e+00
    outer loop
      vertex   5.250500e+02 3.199500e+02 1.000000e+01
      vertex   5.250500e+02 2.850500e+02 1.000000e+01
      vertex   5.250500e+02 2.850500e+02 1.500000e+01
    endloop
  endfacet
  facet normal -1.000000e+00 0.000000e+00 0.000000e+00
    outer loop
      vertex   5.250500e+02 3.199500e+02 1.000000e+01
      vertex   5.250500e+02 2.850500e+02 1.500000e+01
      vertex   5.250500e+02 3.199500e+02 1.500000e+01
    endloop
  endfacet
  facet normal -1.000000e+00 0.000000e+00 0.000000e+00
    outer loop
      vertex   5.250500e+02 3.199500e+02 1.000000e+01
      vertex   5.250500e+02 3.200500e+02 1.000000e+01
      vertex   5.250500e+02 3.900000e+02 5.000000e+00
    endloop
  endfacet
  facet normal -1.000000e+00 0.000000e+00 0.000000e+00
    outer loop
      vertex   5.250500e+02 3.200500e+02 1.500000e+01
      vertex   5.250500e+02 3.549500e+02 1.500000e+01
      vertex   5.250500e+02 3.549500e+02 1.000000e+01
    endloop
  endfacet
  facet normal 0.000000e+00 -0.000000e+00 1.000000e+00
    outer loop
      vertex   5.250500e+02 1.100000e+02 5.000000e+00
      vertex   5.250500e+02 3.900000e+02 5.000000e+00
      vertex   5.249500e+02 1.100000e+02 5.000000e+00
    endloop
  endfacet
  facet normal 0.000000e+00 0.000000e+00 1.000000e+00
    outer loop
      vertex   5.249500e+02 1.100000e+02 5.000000e+00
      vertex   5.250500e+02 3.900000e+02 5.000000e+00
      vertex   5.249500e+02 3.900000e+02 5.000000e+00
    endloop
  endfacet
  facet normal -0.000000e+00 1.000000e+00 0.000000e+00
    outer loop
      vertex   5.250500e+02 3.900000e+02 1.500000e+01
      vertex   5.599500e+02 3.900000e+02 1.500000e+01
      vertex   5.250500e+02 3.900000e+02 1.000000e+01
    endloop
  endfacet
  facet normal 0.000000e+00 1.000000e+00 0.000000e+00
    outer loop
      vertex   5.250500e+02 3.900000e+02 1.000000e+01
      vertex   5.599500e+02 3.900000e+02 1.500000e+01
      vertex   5.599500e+02 3.900000e+02 1.000000e+01
    endloop
  endfacet
  facet normal 0.000000e+00 0.000000e+00 1.000000e+00
    outer loop
      vertex   5.250500e+02 3.550500e+02 1.500000e+01
      vertex   5.599500e+02 3.550500e+02 1.500000e+01
      vertex   5.250500e+02 3.900000e+02 1.500000e+01
    endloop
  endfacet
  facet normal -0.000000e+00 0.000000e+00 1.000000e+00
    outer loop
      vertex   5.250500e+02 3.900000e+02 1.500000e+01
      vertex   5.599500e+02 3.550500e+02 1.500000e+01
      vertex   5.599500e+02 3.900000e+02 1.500000e+01
    endloop
  endfacet
  facet normal 0.000000e+00 -1.000000e+00 0.000000e+00
    outer loop
      vertex   5.250500e+02 1.100000e+02 1.000000e+01
      vertex   5.599500e+02 1.100000e+02 1.000000e+01
      vertex   5.250500e+02 1.100000e+02 1.500000e+01
    endloop
  endfacet
  facet normal 0.000000e+00 -1.000000e+00 0.000000e+00
    outer loop
      vertex   5.250500e+02 1.100000e+02 1.500000e+01
      vertex   5.599500e+02 1.100000e+02 1.000000e+01
      vertex   5.599500e+02 1.100000e+02 1.500000e+01
    endloop
  endfacet
  facet normal 0.000000e+00 -1.000000e+00 0.000000e+00
    outer loop
      vertex   5.599500e+02 3.900000e+02 1.000000e+01
      vertex   5.599500e+02 3.900000e+02 5.000000e+00
      vertex   5.600500e+02 3.900000e+02 1.000000e+01
    endloop
  endfacet
  facet normal 0.000000e+00 -1.000000e+00 -0.000000e+00
    outer loop
      vertex   5.600500e+02 3.900000e+02 1.000000e+01
      vertex   5.599500e+02 3.900000e+02 5.000000e+00
      vertex   5.600500e+02 3.900000e+02 5.000000e+00
    endloop
  endfacet
  facet normal 0.000000e+00 1.000000e+00 0.000000e+00
    outer loop
      vertex   5.600500e+02 1.100000e+02 1.000000e+01
      vertex   5.600500e+02 1.100000e+02 5.000000e+00
      vertex   5.599500e+02 1.100000e+02 1.000000e+01
    endloop
  endfacet
  facet normal 0.000000e+00 1.000000e+00 0.000000e+00
    outer loop
      vertex   5.599500e+02 1.100000e+02 1.000000e+01
      vertex   5.600500e+02 1.100000e+02 5.000000e+00
      vertex   5.599500e+02 1.100000e+02 5.000000e+00
    endloop
  endfacet
  facet normal -1.000000e+00 0.000000e+00 0.000000e+00
    outer loop
      vertex   5.600500e+02 3.550500e+02 1.500000e+01
      vertex   5.600500e+02 3.900000e+02 1.000000e+01
      vertex   5.600500e+02 3.550500e+02 1.000000e+01
    endloop
  endfacet
  facet normal -1.000000e+00 0.000000e+00 0.000000e+00
    outer loop
      vertex   5.600500e+02 3.550500e+02 1.000000e+01
      vertex   5.600500e+02 3.900000e+02 1.000000e+01
      vertex   5.600500e+02 3.900000e+02 5.000000e+00
    endloop
  endfacet
  facet normal -1.000000e+00 -0.000000e+00 -0.000000e+00
    outer loop
      vertex   5.600500e+02 3.550500e+02 1.000000e+01
      vertex   5.600500e+02 3.900000e+02 5.000000e+00
      vertex   5.600500e+02 3.549500e+02 1.000000e+01
    endloop
  endfacet
  facet normal -1.000000e+00 -0.000000e+00 -0.000000e+00
    outer loop
      vertex   5.600500e+02 3.549500e+02 1.000000e+01
      vertex   5.600500e+02 3.900000e+02 5.000000e+00
      vertex   5.600500e+02 3.200500e+02 1.000000e+01
    endloop
  endfacet
  facet normal -1.000000e+00 0.000000e+00 0.000000e+00
    outer loop
      vertex   5.600500e+02 3.549500e+02 1.000000e+01
      vertex   5.600500e+02 3.200500e+02 1.000000e+01
      vertex   5.600500e+02 3.200500e+02 1.500000e+01
    endloop
  endfacet
  facet normal -1.000000e+00 0.000000e+00 0.000000e+00
    outer loop
      vertex   5.600500e+02 3.550500e+02 1.500000e+01
      vertex   5.600500e+02 3.900000e+02 1.500000e+01
      vertex   5.600500e+02 3.900000e+02 1.000000e+01
    endloop
  endfacet
  facet normal -1.000000e+00 0.000000e+00 0.000000e+00
    outer loop
      vertex   5.600500e+02 1.100000e+02 5.000000e+00
      vertex   5.600500e+02 2.500500e+02 1.000000e+01
      vertex   5.600500e+02 3.900000e+02 5.000000e+00
    endloop
  endfacet
  facet normal -1.000000e+00 0.000000e+00 0.000000e+00
    outer loop
      vertex   5.600500e+02 3.900000e+02 5.000000e+00
      vertex   5.600500e+02 2.500500e+02 1.000000e+01
      vertex   5.600500e+02 2.849500e+02 1.000000e+01
    endloop
  endfacet
  facet normal -1.000000e+00 0.000000e+00 0.000000e+00
    outer loop
      vertex   5.600500e+02 3.900000e+02 5.000000e+00
      vertex   5.600500e+02 2.849500e+02 1.000000e+01
      vertex   5.600500e+02 2.850500e+02 1.000000e+01
    endloop
  endfacet
  facet normal -1.000000e+00 0.000000e+00 0.000000e+00
    outer loop
      vertex   5.600500e+02 1.100000e+02 1.000000e+01
      vertex   5.600500e+02 1.449500e+02 1.000000e+01
      vertex   5.600500e+02 1.100000e+02 5.000000e+00
    endloop
  endfacet
  facet normal -1.000000e+00 0.000000e+00 0.000000e+00
    outer loop
      vertex   5.600500e+02 1.100000e+02 5.000000e+00
      vertex   5.600500e+02 1.449500e+02 1.000000e+01
      vertex   5.600500e+02 1.450500e+02 1.000000e+01
    endloop
  endfacet
  facet normal -1.000000e+00 0.000000e+00 0.000000e+00
    outer loop
      vertex   5.600500e+02 1.100000e+02 5.000000e+00
      vertex   5.600500e+02 1.450500e+02 1.000000e+01
      vertex   5.600500e+02 1.799500e+02 1.000000e+01
    endloop
  endfacet
  facet normal -1.000000e+00 0.000000e+00 0.000000e+00
    outer loop
      vertex   5.600500e+02 1.799500e+02 1.000000e+01
      vertex   5.600500e+02 1.450500e+02 1.000000e+01
      vertex   5.600500e+02 1.450500e+02 1.500000e+01
    endloop
  endfacet
  facet normal -1.000000e+00 0.000000e+00 0.000000e+00
    outer loop
      vertex   5.600500e+02 1.799500e+02 1.000000e+01
      vertex   5.600500e+02 1.450500e+02 1.500000e+01
      vertex   5.600500e+02 1.799500e+02 1.500000e+01
    endloop
  endfacet
  facet normal -1.000000e+00 0.000000e+00 0.000000e+00
    outer loop
      vertex   5.600500e+02 1.100000e+02 1.000000e+01
      vertex   5.600500e+02 1.100000e+02 1.500000e+01
      vertex   5.600500e+02 1.449500e+02 1.000000e+01
    endloop
  endfacet
  facet normal -1.000000e+00 0.000000e+00 0.000000e+00
    outer loop
      vertex   5.600500e+02 1.449500e+02 1.000000e+01
      vertex   5.600500e+02 1.100000e+02 1.500000e+01
      vertex   5.600500e+02 1.449500e+02 1.500000e+01
    endloop
  endfacet
  facet normal -1.000000e+00 0.000000e+00 -0.000000e+00
    outer loop
      vertex   5.600500e+02 1.799500e+02 1.000000e+01
      vertex   5.600500e+02 1.800500e+02 1.000000e+01
      vertex   5.600500e+02 1.100000e+02 5.000000e+00
    endloop
  endfacet
  facet normal -1.000000e+00 0.000000e+00 0.000000e+00
    outer loop
      vertex   5.600500e+02 1.100000e+02 5.000000e+00
      vertex   5.600500e+02 1.800500e+02 1.000000e+01
      vertex   5.600500e+02 2.149500e+02 1.000000e+01
    endloop
  endfacet
  facet normal -1.000000e+00 0.000000e+00 0.000000e+00
    outer loop
      vertex   5.600500e+02 1.100000e+02 5.000000e+00
      vertex   5.600500e+02 2.149500e+02 1.000000e+01
      vertex   5.600500e+02 2.150500e+02 1.000000e+01
    endloop
  endfacet
  facet normal -1.000000e+00 0.000000e+00 0.000000e+00
    outer loop
      vertex   5.600500e+02 1.800500e+02 1.000000e+01
      vertex   5.600500e+02 1.800500e+02 1.500000e+01
      vertex   5.600500e+02 2.149500e+02 1.000000e+01
    endloop
  endfacet
  facet normal -1.000000e+00 0.000000e+00 0.000000e+00
    outer loop
      vertex   5.600500e+02 2.149500e+02 1.000000e+01
      vertex   5.600500e+02 1.800500e+02 1.500000e+01
      vertex   5.600500e+02 2.149500e+02 1.500000e+01
    endloop
  endfacet
  facet normal -1.000000e+00 0.000000e+00 0.000000e+00
    outer loop
      vertex   5.600500e+02 1.100000e+02 5.000000e+00
      vertex   5.600500e+02 2.150500e+02 1.000000e+01
      vertex   5.600500e+02 2.499500e+02 1.000000e+01
    endloop
  endfacet
  facet normal -1.000000e+00 0.000000e+00 0.000000e+00
    outer loop
      vertex   5.600500e+02 2.499500e+02 1.000000e+01
      vertex   5.600500e+02 2.150500e+02 1.000000e+01
      vertex   5.600500e+02 2.150500e+02 1.500000e+01
    endloop
  endfacet
  facet normal -1.000000e+00 0.000000e+00 0.000000e+00
    outer loop
      vertex   5.600500e+02 2.499500e+02 1.000000e+01
      vertex   5.600500e+02 2.150500e+02 1.500000e+01
      vertex   5.600500e+02 2.499500e+02 1.500000e+01
    endloop
  endfacet
  facet normal -1.000000e+00 0.000000e+00 -0.000000e+00
    outer loop
      vertex   5.600500e+02 2.499500e+02 1.000000e+01
      vertex   5.600500e+02 2.500500e+02 1.000000e+01
      vertex   5.600500e+02 1.100000e+02 5.000000e+00
    endloop
  endfacet
  facet normal -1.000000e+00 0.000000e+00 0.000000e+00
    outer loop
      vertex   5.600500e+02 2.500500e+02 1.000000e+01
      vertex   5.600500e+02 2.500500e+02 1.500000e+01
      vertex   5.600500e+02 2.849500e+02 1.000000e+01
    endloop
  endfacet
  facet normal -1.000000e+00 0.000000e+00 0.000000e+00
    outer loop
      vertex   5.600500e+02 2.849500e+02 1.000000e+01
      vertex   5.600500e+02 2.500500e+02 1.500000e+01
      vertex   5.600500e+02 2.849500e+02 1.500000e+01
    endloop
  endfacet
  facet normal -1.000000e+00 0.000000e+00 0.000000e+00
    outer loop
      vertex   5.600500e+02 3.900000e+02 5.000000e+00
      vertex   5.600500e+02 2.850500e+02 1.000000e+01
      vertex   5.600500e+02 3.199500e+02 1.000000e+01
    endloop
  endfacet
  facet normal -1.000000e+00 0.000000e+00 0.000000e+00
    outer loop
      vertex   5.600500e+02 3.199500e+02 1.000000e+01
      vertex   5.600500e+02 2.850500e+02 1.000000e+01
      vertex   5.600500e+02 2.850500e+02 1.500000e+01
    endloop
  endfacet
  facet normal -1.000000e+00 0.000000e+00 0.000000e+00
    outer loop
      vertex   5.600500e+02 3.199500e+02 1.000000e+01
      vertex   5.600500e+02 2.850500e+02 1.500000e+01
      vertex   5.600500e+02 3.199500e+02 1.500000e+01
    endloop
  endfacet
  facet normal -1.000000e+00 0.000000e+00 0.000000e+00
    outer loop
      vertex   5.600500e+02 3.199500e+02 1.000000e+01
      vertex   5.600500e+02 3.200500e+02 1.000000e+01
      vertex   5.600500e+02 3.900000e+02 5.000000e+00
    endloop
  endfacet
  facet normal -1.000000e+00 0.000000e+00 0.000000e+00
    outer loop
      vertex   5.600500e+02 3.200500e+02 1.500000e+01
      vertex   5.600500e+02 3.549500e+02 1.500000e+01
      vertex   5.600500e+02 3.549500e+02 1.000000e+01
    endloop
  endfacet
  facet normal 0.000000e+00 -0.000000e+00 1.000000e+00
    outer loop
      vertex   5.600500e+02 1.100000e+02 5.000000e+00
      vertex   5.600500e+02 3.900000e+02 5.000000e+00
      vertex   5.599500e+02 1.100000e+02 5.000000e+00
    endloop
  endfacet
  facet normal 0.000000e+00 0.000000e+00 1.000000e+00
    outer loop
      vertex   5.599500e+02 1.100000e+02 5.000000e+00
      vertex   5.600500e+02 3.900000e+02 5.000000e+00
      vertex   5.599500e+02 3.900000e+02 5.000000e+00
    endloop
  endfacet
  facet normal -0.000000e+00 1.000000e+00 0.000000e+00
    outer loop
      vertex   5.600500e+02 3.900000e+02 1.500000e+01
      vertex   5.949500e+02 3.900000e+02 1.500000e+01
      vertex   5.600500e+02 3.900000e+02 1.000000e+01
    endloop
  endfacet
  facet normal 0.000000e+00 1.000000e+00 0.000000e+00
    outer loop
      vertex   5.600500e+02 3.900000e+02 1.000000e+01
      vertex   5.949500e+02 3.900000e+02 1.500000e+01
      vertex   5.949500e+02 3.900000e+02 1.000000e+01
    endloop
  endfacet
  facet normal 0.000000e+00 0.000000e+00 1.000000e+00
    outer loop
      vertex   5.600500e+02 3.550500e+02 1.500000e+01
      vertex   5.949500e+02 3.550500e+02 1.500000e+01
      vertex   5.600500e+02 3.900000e+02 1.500000e+01
    endloop
  endfacet
  facet normal -0.000000e+00 0.000000e+00 1.000000e+00
    outer loop
      vertex   5.600500e+02 3.900000e+02 1.500000e+01
      vertex   5.949500e+02 3.550500e+02 1.500000e+01
      vertex   5.949500e+02 3.900000e+02 1.500000e+01
    endloop
  endfacet
  facet normal 0.000000e+00 -1.000000e+00 0.000000e+00
    outer loop
      vertex   5.600500e+02 1.100000e+02 1.000000e+01
      vertex   5.949500e+02 1.100000e+02 1.000000e+01
      vertex   5.600500e+02 1.100000e+02 1.500000e+01
    endloop
  endfacet
  facet normal 0.000000e+00 -1.000000e+00 0.000000e+00
    outer loop
      vertex   5.600500e+02 1.100000e+02 1.500000e+01
      vertex   5.949500e+02 1.100000e+02 1.000000e+01
      vertex   5.949500e+02 1.100000e+02 1.500000e+01
    endloop
  endfacet
  facet normal 0.000000e+00 -1.000000e+00 0.000000e+00
    outer loop
      vertex   5.949500e+02 3.900000e+02 1.000000e+01
      vertex   5.949500e+02 3.900000e+02 5.000000e+00
      vertex   5.950500e+02 3.900000e+02 1.000000e+01
    endloop
  endfacet
  facet normal 0.000000e+00 -1.000000e+00 -0.000000e+00
    outer loop
      vertex   5.950500e+02 3.900000e+02 1.000000e+01
      vertex   5.949500e+02 3.900000e+02 5.000000e+00
      vertex   5.950500e+02 3.900000e+02 5.000000e+00
    endloop
  endfacet
  facet normal 0.000000e+00 1.000000e+00 0.000000e+00
    outer loop
      vertex   5.950500e+02 1.100000e+02 1.000000e+01
      vertex   5.950500e+02 1.100000e+02 5.000000e+00
      vertex   5.949500e+02 1.100000e+02 1.000000e+01
    endloop
  endfacet
  facet normal 0.000000e+00 1.000000e+00 0.000000e+00
    outer loop
      vertex   5.949500e+02 1.100000e+02 1.000000e+01
      vertex   5.950500e+02 1.100000e+02 5.000000e+00
      vertex   5.949500e+02 1.100000e+02 5.000000e+00
    endloop
  endfacet
  facet normal -1.000000e+00 0.000000e+00 0.000000e+00
    outer loop
      vertex   5.950500e+02 3.550500e+02 1.500000e+01
      vertex   5.950500e+02 3.900000e+02 1.000000e+01
      vertex   5.950500e+02 3.550500e+02 1.000000e+01
    endloop
  endfacet
  facet normal -1.000000e+00 0.000000e+00 0.000000e+00
    outer loop
      vertex   5.950500e+02 3.550500e+02 1.000000e+01
      vertex   5.950500e+02 3.900000e+02 1.000000e+01
      vertex   5.950500e+02 3.900000e+02 5.000000e+00
    endloop
  endfacet
  facet normal -1.000000e+00 -0.000000e+00 -0.000000e+00
    outer loop
      vertex   5.950500e+02 3.550500e+02 1.000000e+01
      vertex   5.950500e+02 3.900000e+02 5.000000e+00
      vertex   5.950500e+02 3.549500e+02 1.000000e+01
    endloop
  endfacet
  facet normal -1.000000e+00 -0.000000e+00 -0.000000e+00
    outer loop
      vertex   5.950500e+02 3.549500e+02 1.000000e+01
      vertex   5.950500e+02 3.900000e+02 5.000000e+00
      vertex   5.950500e+02 3.200500e+02 1.000000e+01
    endloop
  endfacet
  facet normal -1.000000e+00 0.000000e+00 0.000000e+00
    outer loop
      vertex   5.950500e+02 3.549500e+02 1.000000e+01
      vertex   5.950500e+02 3.200500e+02 1.000000e+01
      vertex   5.950500e+02 3.200500e+02 1.500000e+01
    endloop
  endfacet
  facet normal -1.000000e+00 0.000000e+00 0.000000e+00
    outer loop
      vertex   5.950500e+02 3.550500e+02 1.500000e+01
      vertex   5.950500e+02 3.900000e+02 1.500000e+01
      vertex   5.950500e+02 3.900000e+02 1.000000e+01
    endloop
  endfacet
  facet normal -1.000000e+00 0.000000e+00 0.000000e+00
    outer loop
      vertex   5.950500e+02 1.100000e+02 5.000000e+00
      vertex   5.950500e+02 2.500500e+02 1.000000e+01
      vertex   5.950500e+02 3.900000e+02 5.000000e+00
    endloop
  endfacet
  facet normal -1.000000e+00 0.000000e+00 0.000000e+00
    outer loop
      vertex   5.950500e+02 3.900000e+02 5.000000e+00
      vertex   5.950500e+02 2.500500e+02 1.000000e+01
      vertex   5.950500e+02 2.849500e+02 1.000000e+01
    endloop
  endfacet
  facet normal -1.000000e+00 0.000000e+00 0.000000e+00
    outer loop
      vertex   5.950500e+02 3.900000e+02 5.000000e+00
      vertex   5.950500e+02 2.849500e+02 1.000000e+01
      vertex   5.950500e+02 2.850500e+02 1.000000e+01
    endloop
  endfacet
  facet normal -1.000000e+00 0.000000e+00 0.000000e+00
    outer loop
      vertex   5.950500e+02 1.100000e+02 1.000000e+01
      vertex   5.950500e+02 1.449500e+02 1.000000e+01
      vertex   5.950500e+02 1.100000e+02 5.000000e+00
    endloop
  endfacet
  facet normal -1.000000e+00 0.000000e+00 0.000000e+00
    outer loop
      vertex   5.950500e+02 1.100000e+02 5.000000e+00
      vertex   5.950500e+02 1.449500e+02 1.000000e+01
      vertex   5.950500e+02 1.450500e+02 1.000000e+01
    endloop
  endfacet
  facet normal -1.000000e+00 0.000000e+00 0.000000e+00
    outer loop
      vertex   5.950500e+02 1.100000e+02 5.000000e+00
      vertex   5.950500e+02 1.450500e+02 1.000000e+01
      vertex   5.950500e+02 1.799500e+02 1.000000e+01
    endloop
  endfacet
  facet normal -1.000000e+00 0.000000e+00 0.000000e+00
    outer loop
      vertex   5.950500e+02 1.799500e+02 1.000000e+01
      vertex   5.950500e+02 1.450500e+02 1.000000e+01
      vertex   5.950500e+02 1.450500e+02 1.500000e+01
    endloop
  endfacet
  facet normal -1.000000e+00 0.000000e+00 0.000000e+00
    outer loop
      vertex   5.950500e+02 1.799500e+02 1.000000e+01
      vertex   5.950500e+02 1.450500e+02 1.500000e+01
      vertex   5.950500e+02 1.799500e+02 1.500000e+01
    endloop
  endfacet
  facet normal -1.000000e+00 0.000000e+00 0.000000e+00
    outer loop
      vertex   5.950500e+02 1.100000e+02 1.000000e+01
      vertex   5.950500e+02 1.100000e+02 1.500000e+01
      vertex   5.950500e+02 1.449500e+02 1.000000e+01
    endloop
  endfacet
  facet normal -1.000000e+00 0.000000e+00 0.000000e+00
    outer loop
      vertex   5.950500e+02 1.449500e+02 1.000000e+01
      vertex   5.950500e+02 1.100000e+02 1.500000e+01
      vertex   5.950500e+02 1.449500e+02 1.500000e+01
    endloop
  endfacet
  facet normal -1.000000e+00 0.000000e+00 -0.000000e+00
    outer loop
      vertex   5.950500e+02 1.799500e+02 1.000000e+01
      vertex   5.950500e+02 1.800500e+02 1.000000e+01
      vertex   5.950500e+02 1.100000e+02 5.000000e+00
    endloop
  endfacet
  facet normal -1.000000e+00 0.000000e+00 0.000000e+00
    outer loop
      vertex   5.950500e+02 1.100000e+02 5.000000e+00
      vertex   5.950500e+02 1.800500e+02 1.000000e+01
      vertex   5.950500e+02 2.149500e+02 1.000000e+01
    endloop
  endfacet
  facet normal -1.000000e+00 0.000000e+00 0.000000e+00
    outer loop
      vertex   5.950500e+02 1.100000e+02 5.000000e+00
      vertex   5.950500e+02 2.149500e+02 1.000000e+01
      vertex   5.950500e+02 2.150500e+02 1.000000e+01
    endloop
  endfacet
  facet normal -1.000000e+00 0.000000e+00 0.000000e+00
    outer loop
      vertex   5.950500e+02 1.800500e+02 1.000000e+01
      vertex   5.950500e+02 1.800500e+02 1.500000e+01
      vertex   5.950500e+02 2.149500e+02 1.000000e+01
    endloop
  endfacet
  facet normal -1.000000e+00 0.000000e+00 0.000000e+00
    outer loop
      vertex   5.950500e+02 2.149500e+02 1.000000e+01
      vertex   5.950500e+02 1.800500e+02 1.500000e+01
      vertex   5.950500e+02 2.149500e+02 1.500000e+01
    endloop
  endfacet
  facet normal -1.000000e+00 0.000000e+00 0.000000e+00
    outer loop
      vertex   5.950500e+02 1.100000e+02 5.000000e+00
      vertex   5.950500e+02 2.150500e+02 1.000000e+01
      vertex   5.950500e+02 2.499500e+02 1.000000e+01
    endloop
  endfacet
  facet normal -1.000000e+00 0.000000e+00 0.000000e+00
    outer loop
      vertex   5.950500e+02 2.499500e+02 1.000000e+01
      vertex   5.950500e+02 2.150500e+02 1.000000e+01
      vertex   5.950500e+02 2.150500e+02 1.500000e+01
    endloop
  endfacet
  facet normal -1.000000e+00 0.000000e+00 0.000000e+00
    outer loop
      vertex   5.950500e+02 2.499500e+02 1.000000e+01
      vertex   5.950500e+02 2.150500e+02 1.500000e+01
      vertex   5.950500e+02 2.499500e+02 1.500000e+01
    endloop
  endfacet
  facet normal -1.000000e+00 0.000000e+00 -0.000000e+00
    outer loop
      vertex   5.950500e+02 2.499500e+02 1.000000e+01
      vertex   5.950500e+02 2.500500e+02 1.000000e+01
      vertex   5.950500e+02 1.100000e+02 5.000000e+00
    endloop
  endfacet
  facet normal -1.000000e+00 0.000000e+00 0.000000e+00
    outer loop
      vertex   5.950500e+02 2.500500e+02 1.000000e+01
      vertex   5.950500e+02 2.500500e+02 1.500000e+01
      vertex   5.950500e+02 2.849500e+02 1.000000e+01
    endloop
  endfacet
  facet normal -1.000000e+00 0.000000e+00 0.000000e+00
    outer loop
      vertex   5.950500e+02 2.849500e+02 1.000000e+01
      vertex   5.950500e+02 2.500500e+02 1.500000e+01
      vertex   5.950500e+02 2.849500e+02 1.500000e+01
    endloop
  endfacet
  facet normal -1.000000e+00 0.000000e+00 0.000000e+00
    outer loop
      vertex   5.950500e+02 3.900000e+02 5.000000e+00
      vertex   5.950500e+02 2.850500e+02 1.000000e+01
      vertex   5.950500e+02 3.199500e+02 1.000000e+01
    endloop
  endfacet
  facet normal -1.000000e+00 0.000000e+00 0.000000e+00
    outer loop
      vertex   5.950500e+02 3.199500e+02 1.000000e+01
      vertex   5.950500e+02 2.850500e+02 1.000000e+01
      vertex   5.950500e+02 2.850500e+02 1.500000e+01
    endloop
  endfacet
  facet normal -1.000000e+00 0.000000e+00 0.000000e+00
    outer loop
      vertex   5.950500e+02 3.199500e+02 1.000000e+01
      vertex   5.950500e+02 2.850500e+02 1.500000e+01
      vertex   5.950500e+02 3.199500e+02 1.500000e+01
    endloop
  endfacet
  facet normal -1.000000e+00 0.000000e+00 0.000000e+00
    outer loop
      vertex   5.950500e+02 3.199500e+02 1.000000e+01
      vertex   5.950500e+02 3.200500e+02 1.000000e+01
      vertex   5.950500e+02 3.900000e+02 5.000000e+00
    endloop
  endfacet
  facet normal -1.000000e+00 0.000000e+00 0.000000e+00
    outer loop
      vertex   5.950500e+02 3.200500e+02 1.500000e+01
      vertex   5.950500e+02 3.549500e+02 1.500000e+01
      vertex   5.950500e+02 3.549500e+02 1.000000e+01
    endloop
  endfacet
  facet normal 0.000000e+00 -0.000000e+00 1.000000e+00
    outer loop
      vertex   5.950500e+02 1.100000e+02 5.000000e+00
      vertex   5.950500e+02 3.900000e+02 5.000000e+00
      vertex   5.949500e+02 1.100000e+02 5.000000e+00
    endloop
  endfacet
  facet normal 0.000000e+00 0.000000e+00 1.000000e+00
    outer loop
      vertex   5.949500e+02 1.100000e+02 5.000000e+00
      vertex   5.950500e+02 3.900000e+02 5.000000e+00
      vertex   5.949500e+02 3.900000e+02 5.000000e+00
    endloop
  endfacet
  facet normal -0.000000e+00 1.000000e+00 0.000000e+00
    outer loop
      vertex   5.950500e+02 3.900000e+02 1.500000e+01
      vertex   6.300000e+02 3.900000e+02 1.500000e+01
      vertex   5.950500e+02 3.900000e+02 1.000000e+01
    endloop
  endfacet
  facet normal 0.000000e+00 1.000000e+00 0.000000e+00
    outer loop
      vertex   5.950500e+02 3.900000e+02 1.000000e+01
      vertex   6.300000e+02 3.900000e+02 1.500000e+01
      vertex   6.300000e+02 3.900000e+02 1.000000e+01
    endloop
  endfacet
  facet normal 0.000000e+00 -1.000000e+00 0.000000e+00
    outer loop
      vertex   5.950500e+02 1.100000e+02 1.000000e+01
      vertex   6.300000e+02 1.100000e+02 1.000000e+01
      vertex   5.950500e+02 1.100000e+02 1.500000e+01
    endloop
  endfacet
  facet normal 0.000000e+00 -1.000000e+00 0.000000e+00
    outer loop
      vertex   5.950500e+02 1.100000e+02 1.500000e+01
      vertex   6.300000e+02 1.100000e+02 1.000000e+01
      vertex   6.300000e+02 1.100000e+02 1.500000e+01
    endloop
  endfacet
  facet normal -0.000000e+00 9.801714e-02 9.951847e-01
    outer loop
      vertex   3.460000e+02 3.940000e+02 1.000000e+01
      vertex   6.340000e+02 3.940000e+02 1.000000e+01
      vertex   3.448295e+02 3.951705e+02 9.884712e+00
    endloop
  endfacet
  facet normal 2.679120e-04 1.633534e-01 9.865676e-01
    outer loop
      vertex   3.448295e+02 3.951705e+02 9.884712e+00
      vertex   6.340000e+02 3.940000e+02 1.000000e+01
      vertex   4.400000e+02 3.955529e+02 9.795555e+00
    endloop
  endfacet
  facet normal 0.000000e+00 2.270763e-01 9.738770e-01
    outer loop
      vertex   3.448295e+02 3.951705e+02 9.884712e+00
      vertex   4.400000e+02 3.955529e+02 9.795555e+00
      vertex   4.066667e+02 3.955529e+02 9.795555e+00
    endloop
  endfacet
  facet normal -0.000000e+00 3.826834e-01 9.238795e-01
    outer loop
      vertex   4.066667e+02 3.955529e+02 9.795555e+00
      vertex   4.400000e+02 3.955529e+02 9.795555e+00
      vertex   4.066667e+02 3.970000e+02 9.196152e+00
    endloop
  endfacet
  facet normal 0.000000e+00 3.826834e-01 9.238795e-01
    outer loop
      vertex   4.066667e+02 3.955529e+02 9.795555e+00
      vertex   4.066667e+02 3.970000e+02 9.196152e+00
      vertex   3.733333e+02 3.970000e+02 9.196152e+00
    endloop
  endfacet
  facet normal -0.000000e+00 6.087614e-01 7.933533e-01
    outer loop
      vertex   3.733333e+02 3.970000e+02 9.196152e+00
      vertex   4.066667e+02 3.970000e+02 9.196152e+00
      vertex   3.733333e+02 3.982426e+02 8.242641e+00
    endloop
  endfacet
  facet normal 1.254921e-03 6.087609e-01 7.933527e-01
    outer loop
      vertex   3.733333e+02 3.970000e+02 9.196152e+00
      vertex   3.733333e+02 3.982426e+02 8.242641e+00
      vertex   3.426666e+02 3.973334e+02 8.988818e+00
    endloop
  endfacet
  facet normal -4.483957e-17 6.343933e-01 7.730105e-01
    outer loop
      vertex   3.426666e+02 3.973334e+02 8.988818e+00
      vertex   3.733333e+02 3.982426e+02 8.242641e+00
      vertex   3.417574e+02 3.982426e+02 8.242641e+00
    endloop
  endfacet
  facet normal -3.568881e-17 7.730105e-01 6.343933e-01
    outer loop
      vertex   3.417574e+02 3.982426e+02 8.242641e+00
      vertex   3.733333e+02 3.982426e+02 8.242641e+00
      vertex   3.410112e+02 3.989888e+02 7.333421e+00
    endloop
  endfacet
  facet normal 1.190649e-03 7.933528e-01 6.087610e-01
    outer loop
      vertex   3.410112e+02 3.989888e+02 7.333421e+00
      vertex   3.733333e+02 3.982426e+02 8.242641e+00
      vertex   3.733333e+02 3.991962e+02 7.000000e+00
    endloop
  endfacet
  facet normal -7.899616e-04 8.817454e-01 4.717250e-01
    outer loop
      vertex   3.410112e+02 3.989888e+02 7.333421e+00
      vertex   3.733333e+02 3.991962e+02 7.000000e+00
      vertex   3.404567e+02 3.995433e+02 6.296101e+00
    endloop
  endfacet
  facet normal 1.561316e-03 9.238784e-01 3.826830e-01
    outer loop
      vertex   3.404567e+02 3.995433e+02 6.296101e+00
      vertex   3.733333e+02 3.991962e+02 7.000000e+00
      vertex   3.733333e+02 3.997956e+02 5.552914e+00
    endloop
  endfacet
  facet normal -7.757042e-04 9.568747e-01 2.905001e-01
    outer loop
      vertex   3.404567e+02 3.995433e+02 6.296101e+00
      vertex   3.733333e+02 3.997956e+02 5.552914e+00
      vertex   3.401153e+02 3.998847e+02 5.170542e+00
    endloop
  endfacet
  facet normal 9.675947e-04 9.891969e-01 1.465900e-01
    outer loop
      vertex   3.401153e+02 3.998847e+02 5.170542e+00
      vertex   3.733333e+02 3.997956e+02 5.552914e+00
      vertex   3.400289e+02 3.999711e+02 4.588103e+00
    endloop
  endfacet
  facet normal 3.848843e-03 9.987973e-01 4.887868e-02
    outer loop
      vertex   3.400289e+02 3.999711e+02 4.588103e+00
      vertex   3.733333e+02 3.997956e+02 5.552914e+00
      vertex   3.400000e+02 4.000000e+02 4.000000e+00
    endloop
  endfacet
  facet normal 0.000000e+00 9.914449e-01 1.305262e-01
    outer loop
      vertex   3.400000e+02 4.000000e+02 4.000000e+00
      vertex   3.733333e+02 3.997956e+02 5.552914e+00
      vertex   4.066667e+02 3.997956e+02 5.552914e+00
    endloop
  endfacet
  facet normal 0.000000e+00 9.914449e-01 1.305262e-01
    outer loop
      vertex   3.400000e+02 4.000000e+02 4.000000e+00
      vertex   4.066667e+02 3.997956e+02 5.552914e+00
      vertex   4.400000e+02 3.997956e+02 5.552914e+00
    endloop
  endfacet
  facet normal 0.000000e+00 9.238795e-01 3.826834e-01
    outer loop
      vertex   4.400000e+02 3.997956e+02 5.552914e+00
      vertex   4.066667e+02 3.997956e+02 5.552914e+00
      vertex   4.400000e+02 3.991962e+02 7.000000e+00
    endloop
  endfacet
  facet normal 0.000000e+00 9.238795e-01 3.826834e-01
    outer loop
      vertex   4.400000e+02 3.997956e+02 5.552914e+00
      vertex   4.400000e+02 3.991962e+02 7.000000e+00
      vertex   4.733333e+02 3.991962e+02 7.000000e+00
    endloop
  endfacet
  facet normal 0.000000e+00 7.933533e-01 6.087614e-01
    outer loop
      vertex   4.733333e+02 3.991962e+02 7.000000e+00
      vertex   4.400000e+02 3.991962e+02 7.000000e+00
      vertex   4.733333e+02 3.982426e+02 8.242641e+00
    endloop
  endfacet
  facet normal 0.000000e+00 7.933533e-01 6.087614e-01
    outer loop
      vertex   4.733333e+02 3.991962e+02 7.000000e+00
      vertex   4.733333e+02 3.982426e+02 8.242641e+00
      vertex   5.066667e+02 3.982426e+02 8.242641e+00
    endloop
  endfacet
  facet normal 0.000000e+00 6.087614e-01 7.933533e-01
    outer loop
      vertex   5.066667e+02 3.982426e+02 8.242641e+00
      vertex   4.733333e+02 3.982426e+02 8.242641e+00
      vertex   5.066667e+02 3.970000e+02 9.196152e+00
    endloop
  endfacet
  facet normal 0.000000e+00 6.087614e-01 7.933533e-01
    outer loop
      vertex   5.066667e+02 3.982426e+02 8.242641e+00
      vertex   5.066667e+02 3.970000e+02 9.196152e+00
      vertex   5.400000e+02 3.970000e+02 9.196152e+00
    endloop
  endfacet
  facet normal 0.000000e+00 3.826834e-01 9.238795e-01
    outer loop
      vertex   5.400000e+02 3.970000e+02 9.196152e+00
      vertex   5.066667e+02 3.970000e+02 9.196152e+00
      vertex   5.400000e+02 3.955529e+02 9.795555e+00
    endloop
  endfacet
  facet normal 0.000000e+00 3.826834e-01 9.238795e-01
    outer loop
      vertex   5.400000e+02 3.970000e+02 9.196152e+00
      vertex   5.400000e+02 3.955529e+02 9.795555e+00
      vertex   5.733333e+02 3.955529e+02 9.795555e+00
    endloop
  endfacet
  facet normal 0.000000e+00 1.305262e-01 9.914449e-01
    outer loop
      vertex   5.733333e+02 3.955529e+02 9.795555e+00
      vertex   5.400000e+02 3.955529e+02 9.795555e+00
      vertex   6.340000e+02 3.940000e+02 1.000000e+01
    endloop
  endfacet
  facet normal -0.000000e+00 1.305262e-01 9.914449e-01
    outer loop
      vertex   5.733333e+02 3.955529e+02 9.795555e+00
      vertex   6.340000e+02 3.940000e+02 1.000000e+01
      vertex   6.066667e+02 3.955529e+02 9.795555e+00
    endloop
  endfacet
  facet normal -1.773830e-03 9.977362e-02 9.950086e-01
    outer loop
      vertex   6.066667e+02 3.955529e+02 9.795555e+00
      vertex   6.340000e+02 3.940000e+02 1.000000e+01
      vertex   6.351705e+02 3.951705e+02 9.884712e+00
    endloop
  endfacet
  facet normal 8.892042e-04 2.894702e-01 9.571866e-01
    outer loop
      vertex   6.066667e+02 3.955529e+02 9.795555e+00
      vertex   6.351705e+02 3.951705e+02 9.884712e+00
      vertex   6.362961e+02 3.962961e+02 9.543277e+00
    endloop
  endfacet
  facet normal -1.732424e-03 3.826829e-01 9.238781e-01
    outer loop
      vertex   6.066667e+02 3.955529e+02 9.795555e+00
      vertex   6.362961e+02 3.962961e+02 9.543277e+00
      vertex   6.066667e+02 3.970000e+02 9.196152e+00
    endloop
  endfacet
  facet normal 8.469033e-04 4.707377e-01 8.822728e-01
    outer loop
      vertex   6.066667e+02 3.970000e+02 9.196152e+00
      vertex   6.362961e+02 3.962961e+02 9.543277e+00
      vertex   6.373334e+02 3.973334e+02 8.988818e+00
    endloop
  endfacet
  facet normal -1.254921e-03 6.087609e-01 7.933527e-01
    outer loop
      vertex   6.066667e+02 3.970000e+02 9.196152e+00
      vertex   6.373334e+02 3.973334e+02 8.988818e+00
      vertex   6.066667e+02 3.982426e+02 8.242641e+00
    endloop
  endfacet
  facet normal 1.304608e-16 6.343933e-01 7.730105e-01
    outer loop
      vertex   6.066667e+02 3.982426e+02 8.242641e+00
      vertex   6.373334e+02 3.973334e+02 8.988818e+00
      vertex   6.382426e+02 3.982426e+02 8.242641e+00
    endloop
  endfacet
  facet normal 1.070664e-16 7.730105e-01 6.343933e-01
    outer loop
      vertex   6.066667e+02 3.982426e+02 8.242641e+00
      vertex   6.382426e+02 3.982426e+02 8.242641e+00
      vertex   6.389888e+02 3.989888e+02 7.333421e+00
    endloop
  endfacet
  facet normal -1.190649e-03 7.933528e-01 6.087610e-01
    outer loop
      vertex   6.066667e+02 3.982426e+02 8.242641e+00
      vertex   6.389888e+02 3.989888e+02 7.333421e+00
      vertex   6.066667e+02 3.991962e+02 7.000000e+00
    endloop
  endfacet
  facet normal 7.899616e-04 8.817454e-01 4.717250e-01
    outer loop
      vertex   6.066667e+02 3.991962e+02 7.000000e+00
      vertex   6.389888e+02 3.989888e+02 7.333421e+00
      vertex   6.395433e+02 3.995433e+02 6.296101e+00
    endloop
  endfacet
  facet normal -1.561316e-03 9.238784e-01 3.826830e-01
    outer loop
      vertex   6.066667e+02 3.991962e+02 7.000000e+00
      vertex   6.395433e+02 3.995433e+02 6.296101e+00
      vertex   6.066667e+02 3.997956e+02 5.552914e+00
    endloop
  endfacet
  facet normal 7.757042e-04 9.568747e-01 2.905001e-01
    outer loop
      vertex   6.066667e+02 3.997956e+02 5.552914e+00
      vertex   6.395433e+02 3.995433e+02 6.296101e+00
      vertex   6.398847e+02 3.998847e+02 5.170542e+00
    endloop
  endfacet
  facet normal -9.675947e-04 9.891969e-01 1.465900e-01
    outer loop
      vertex   6.066667e+02 3.997956e+02 5.552914e+00
      vertex   6.398847e+02 3.998847e+02 5.170542e+00
      vertex   6.399711e+02 3.999711e+02 4.588103e+00
    endloop
  endfacet
  facet normal 0.000000e+00 9.987955e-01 4.906767e-02
    outer loop
      vertex   6.400000e+02 4.000000e+02 4.000000e+00
      vertex   3.400000e+02 4.000000e+02 4.000000e+00
      vertex   6.399711e+02 3.999711e+02 4.588103e+00
    endloop
  endfacet
  facet normal -2.025335e-04 9.884016e-01 1.518625e-01
    outer loop
      vertex   6.399711e+02 3.999711e+02 4.588103e+00
      vertex   3.400000e+02 4.000000e+02 4.000000e+00
      vertex   5.066667e+02 3.997956e+02 5.552914e+00
    endloop
  endfacet
  facet normal 0.000000e+00 9.838460e-01 1.790169e-01
    outer loop
      vertex   6.399711e+02 3.999711e+02 4.588103e+00
      vertex   5.066667e+02 3.997956e+02 5.552914e+00
      vertex   5.400000e+02 3.997956e+02 5.552914e+00
    endloop
  endfacet
  facet normal 0.000000e+00 9.238795e-01 3.826834e-01
    outer loop
      vertex   5.400000e+02 3.997956e+02 5.552914e+00
      vertex   5.066667e+02 3.997956e+02 5.552914e+00
      vertex   5.400000e+02 3.991962e+02 7.000000e+00
    endloop
  endfacet
  facet normal 0.000000e+00 9.238795e-01 3.826834e-01
    outer loop
      vertex   5.400000e+02 3.997956e+02 5.552914e+00
      vertex   5.400000e+02 3.991962e+02 7.000000e+00
      vertex   5.733333e+02 3.991962e+02 7.000000e+00
    endloop
  endfacet
  facet normal 0.000000e+00 7.933533e-01 6.087614e-01
    outer loop
      vertex   5.733333e+02 3.991962e+02 7.000000e+00
      vertex   5.400000e+02 3.991962e+02 7.000000e+00
      vertex   5.733333e+02 3.982426e+02 8.242641e+00
    endloop
  endfacet
  facet normal 3.402300e-17 7.933533e-01 6.087614e-01
    outer loop
      vertex   5.733333e+02 3.991962e+02 7.000000e+00
      vertex   5.733333e+02 3.982426e+02 8.242641e+00
      vertex   6.066667e+02 3.982426e+02 8.242641e+00
    endloop
  endfacet
  facet normal 4.227836e-17 6.087614e-01 7.933533e-01
    outer loop
      vertex   6.066667e+02 3.982426e+02 8.242641e+00
      vertex   5.733333e+02 3.982426e+02 8.242641e+00
      vertex   6.066667e+02 3.970000e+02 9.196152e+00
    endloop
  endfacet
  facet normal -8.469033e-04 4.707377e-01 8.822728e-01
    outer loop
      vertex   3.426666e+02 3.973334e+02 8.988818e+00
      vertex   3.437039e+02 3.962961e+02 9.543277e+00
      vertex   3.733333e+02 3.970000e+02 9.196152e+00
    endloop
  endfacet
  facet normal 1.732424e-03 3.826829e-01 9.238781e-01
    outer loop
      vertex   3.733333e+02 3.970000e+02 9.196152e+00
      vertex   3.437039e+02 3.962961e+02 9.543277e+00
      vertex   3.733333e+02 3.955529e+02 9.795555e+00
    endloop
  endfacet
  facet normal 0.000000e+00 3.826834e-01 9.238795e-01
    outer loop
      vertex   3.733333e+02 3.970000e+02 9.196152e+00
      vertex   3.733333e+02 3.955529e+02 9.795555e+00
      vertex   4.066667e+02 3.955529e+02 9.795555e+00
    endloop
  endfacet
  facet normal 0.000000e+00 2.270763e-01 9.738770e-01
    outer loop
      vertex   4.066667e+02 3.955529e+02 9.795555e+00
      vertex   3.733333e+02 3.955529e+02 9.795555e+00
      vertex   3.448295e+02 3.951705e+02 9.884712e+00
    endloop
  endfacet
  facet normal -8.892042e-04 2.894702e-01 9.571866e-01
    outer loop
      vertex   3.437039e+02 3.962961e+02 9.543277e+00
      vertex   3.448295e+02 3.951705e+02 9.884712e+00
      vertex   3.733333e+02 3.955529e+02 9.795555e+00
    endloop
  endfacet
  facet normal -0.000000e+00 3.826834e-01 9.238795e-01
    outer loop
      vertex   5.733333e+02 3.955529e+02 9.795555e+00
      vertex   6.066667e+02 3.955529e+02 9.795555e+00
      vertex   5.733333e+02 3.970000e+02 9.196152e+00
    endloop
  endfacet
  facet normal -0.000000e+00 3.826834e-01 9.238795e-01
    outer loop
      vertex   5.733333e+02 3.970000e+02 9.196152e+00
      vertex   6.066667e+02 3.955529e+02 9.795555e+00
      vertex   6.066667e+02 3.970000e+02 9.196152e+00
    endloop
  endfacet
  facet normal -0.000000e+00 6.087614e-01 7.933533e-01
    outer loop
      vertex   5.733333e+02 3.970000e+02 9.196152e+00
      vertex   6.066667e+02 3.970000e+02 9.196152e+00
      vertex   5.733333e+02 3.982426e+02 8.242641e+00
    endloop
  endfacet
  facet normal 0.000000e+00 1.305262e-01 9.914449e-01
    outer loop
      vertex   5.400000e+02 3.955529e+02 9.795555e+00
      vertex   5.066667e+02 3.955529e+02 9.795555e+00
      vertex   6.340000e+02 3.940000e+02 1.000000e+01
    endloop
  endfacet
  facet normal 0.000000e+00 1.305262e-01 9.914449e-01
    outer loop
      vertex   6.340000e+02 3.940000e+02 1.000000e+01
      vertex   5.066667e+02 3.955529e+02 9.795555e+00
      vertex   4.733333e+02 3.955529e+02 9.795555e+00
    endloop
  endfacet
  facet normal 0.000000e+00 1.305262e-01 9.914449e-01
    outer loop
      vertex   6.340000e+02 3.940000e+02 1.000000e+01
      vertex   4.733333e+02 3.955529e+02 9.795555e+00
      vertex   4.400000e+02 3.955529e+02 9.795555e+00
    endloop
  endfacet
  facet normal -0.000000e+00 3.826834e-01 9.238795e-01
    outer loop
      vertex   4.400000e+02 3.955529e+02 9.795555e+00
      vertex   4.733333e+02 3.955529e+02 9.795555e+00
      vertex   4.400000e+02 3.970000e+02 9.196152e+00
    endloop
  endfacet
  facet normal 0.000000e+00 3.826834e-01 9.238795e-01
    outer loop
      vertex   4.400000e+02 3.955529e+02 9.795555e+00
      vertex   4.400000e+02 3.970000e+02 9.196152e+00
      vertex   4.066667e+02 3.970000e+02 9.196152e+00
    endloop
  endfacet
  facet normal -0.000000e+00 6.087614e-01 7.933533e-01
    outer loop
      vertex   4.066667e+02 3.970000e+02 9.196152e+00
      vertex   4.400000e+02 3.970000e+02 9.196152e+00
      vertex   4.066667e+02 3.982426e+02 8.242641e+00
    endloop
  endfacet
  facet normal 4.252874e-17 6.087614e-01 7.933533e-01
    outer loop
      vertex   4.066667e+02 3.970000e+02 9.196152e+00
      vertex   4.066667e+02 3.982426e+02 8.242641e+00
      vertex   3.733333e+02 3.982426e+02 8.242641e+00
    endloop
  endfacet
  facet normal 3.244133e-17 7.933533e-01 6.087614e-01
    outer loop
      vertex   3.733333e+02 3.982426e+02 8.242641e+00
      vertex   4.066667e+02 3.982426e+02 8.242641e+00
      vertex   3.733333e+02 3.991962e+02 7.000000e+00
    endloop
  endfacet
  facet normal 0.000000e+00 3.826834e-01 9.238795e-01
    outer loop
      vertex   5.400000e+02 3.955529e+02 9.795555e+00
      vertex   5.066667e+02 3.970000e+02 9.196152e+00
      vertex   5.066667e+02 3.955529e+02 9.795555e+00
    endloop
  endfacet
  facet normal 0.000000e+00 3.826834e-01 9.238795e-01
    outer loop
      vertex   5.066667e+02 3.955529e+02 9.795555e+00
      vertex   5.066667e+02 3.970000e+02 9.196152e+00
      vertex   4.733333e+02 3.970000e+02 9.196152e+00
    endloop
  endfacet
  facet normal 0.000000e+00 3.826834e-01 9.238795e-01
    outer loop
      vertex   5.066667e+02 3.955529e+02 9.795555e+00
      vertex   4.733333e+02 3.970000e+02 9.196152e+00
      vertex   4.733333e+02 3.955529e+02 9.795555e+00
    endloop
  endfacet
  facet normal 0.000000e+00 3.826834e-01 9.238795e-01
    outer loop
      vertex   4.733333e+02 3.955529e+02 9.795555e+00
      vertex   4.733333e+02 3.970000e+02 9.196152e+00
      vertex   4.400000e+02 3.970000e+02 9.196152e+00
    endloop
  endfacet
  facet normal 0.000000e+00 3.826834e-01 9.238795e-01
    outer loop
      vertex   5.733333e+02 3.955529e+02 9.795555e+00
      vertex   5.733333e+02 3.970000e+02 9.196152e+00
      vertex   5.400000e+02 3.970000e+02 9.196152e+00
    endloop
  endfacet
  facet normal -0.000000e+00 6.087614e-01 7.933533e-01
    outer loop
      vertex   5.400000e+02 3.970000e+02 9.196152e+00
      vertex   5.733333e+02 3.970000e+02 9.196152e+00
      vertex   5.400000e+02 3.982426e+02 8.242641e+00
    endloop
  endfacet
  facet normal 0.000000e+00 6.087614e-01 7.933533e-01
    outer loop
      vertex   5.400000e+02 3.970000e+02 9.196152e+00
      vertex   5.400000e+02 3.982426e+02 8.242641e+00
      vertex   5.066667e+02 3.982426e+02 8.242641e+00
    endloop
  endfacet
  facet normal -0.000000e+00 7.933533e-01 6.087614e-01
    outer loop
      vertex   5.066667e+02 3.982426e+02 8.242641e+00
      vertex   5.400000e+02 3.982426e+02 8.242641e+00
      vertex   5.066667e+02 3.991962e+02 7.000000e+00
    endloop
  endfacet
  facet normal 0.000000e+00 7.933533e-01 6.087614e-01
    outer loop
      vertex   5.066667e+02 3.982426e+02 8.242641e+00
      vertex   5.066667e+02 3.991962e+02 7.000000e+00
      vertex   4.733333e+02 3.991962e+02 7.000000e+00
    endloop
  endfacet
  facet normal -0.000000e+00 9.238795e-01 3.826834e-01
    outer loop
      vertex   4.733333e+02 3.991962e+02 7.000000e+00
      vertex   5.066667e+02 3.991962e+02 7.000000e+00
      vertex   4.733333e+02 3.997956e+02 5.552914e+00
    endloop
  endfacet
  facet normal 0.000000e+00 9.238795e-01 3.826834e-01
    outer loop
      vertex   4.733333e+02 3.991962e+02 7.000000e+00
      vertex   4.733333e+02 3.997956e+02 5.552914e+00
      vertex   4.400000e+02 3.997956e+02 5.552914e+00
    endloop
  endfacet
  facet normal -0.000000e+00 9.914449e-01 1.305262e-01
    outer loop
      vertex   4.400000e+02 3.997956e+02 5.552914e+00
      vertex   4.733333e+02 3.997956e+02 5.552914e+00
      vertex   3.400000e+02 4.000000e+02 4.000000e+00
    endloop
  endfacet
  facet normal -0.000000e+00 6.087614e-01 7.933533e-01
    outer loop
      vertex   5.400000e+02 3.982426e+02 8.242641e+00
      vertex   5.733333e+02 3.970000e+02 9.196152e+00
      vertex   5.733333e+02 3.982426e+02 8.242641e+00
    endloop
  endfacet
  facet normal 0.000000e+00 6.087614e-01 7.933533e-01
    outer loop
      vertex   5.066667e+02 3.970000e+02 9.196152e+00
      vertex   4.733333e+02 3.982426e+02 8.242641e+00
      vertex   4.733333e+02 3.970000e+02 9.196152e+00
    endloop
  endfacet
  facet normal 0.000000e+00 6.087614e-01 7.933533e-01
    outer loop
      vertex   4.733333e+02 3.970000e+02 9.196152e+00
      vertex   4.733333e+02 3.982426e+02 8.242641e+00
      vertex   4.400000e+02 3.982426e+02 8.242641e+00
    endloop
  endfacet
  facet normal 0.000000e+00 6.087614e-01 7.933533e-01
    outer loop
      vertex   4.733333e+02 3.970000e+02 9.196152e+00
      vertex   4.400000e+02 3.982426e+02 8.242641e+00
      vertex   4.400000e+02 3.970000e+02 9.196152e+00
    endloop
  endfacet
  facet normal 0.000000e+00 6.087614e-01 7.933533e-01
    outer loop
      vertex   4.400000e+02 3.970000e+02 9.196152e+00
      vertex   4.400000e+02 3.982426e+02 8.242641e+00
      vertex   4.066667e+02 3.982426e+02 8.242641e+00
    endloop
  endfacet
  facet normal -0.000000e+00 7.933533e-01 6.087614e-01
    outer loop
      vertex   5.066667e+02 3.991962e+02 7.000000e+00
      vertex   5.400000e+02 3.982426e+02 8.242641e+00
      vertex   5.400000e+02 3.991962e+02 7.000000e+00
    endloop
  endfacet
  facet normal 0.000000e+00 7.933533e-01 6.087614e-01
    outer loop
      vertex   5.400000e+02 3.991962e+02 7.000000e+00
      vertex   5.400000e+02 3.982426e+02 8.242641e+00
      vertex   5.733333e+02 3.982426e+02 8.242641e+00
    endloop
  endfacet
  facet normal 0.000000e+00 7.933533e-01 6.087614e-01
    outer loop
      vertex   4.733333e+02 3.982426e+02 8.242641e+00
      vertex   4.400000e+02 3.991962e+02 7.000000e+00
      vertex   4.400000e+02 3.982426e+02 8.242641e+00
    endloop
  endfacet
  facet normal 0.000000e+00 7.933533e-01 6.087614e-01
    outer loop
      vertex   4.400000e+02 3.982426e+02 8.242641e+00
      vertex   4.400000e+02 3.991962e+02 7.000000e+00
      vertex   4.066667e+02 3.991962e+02 7.000000e+00
    endloop
  endfacet
  facet normal 0.000000e+00 7.933533e-01 6.087614e-01
    outer loop
      vertex   4.400000e+02 3.982426e+02 8.242641e+00
      vertex   4.066667e+02 3.991962e+02 7.000000e+00
      vertex   4.066667e+02 3.982426e+02 8.242641e+00
    endloop
  endfacet
  facet normal 0.000000e+00 7.933533e-01 6.087614e-01
    outer loop
      vertex   4.066667e+02 3.982426e+02 8.242641e+00
      vertex   4.066667e+02 3.991962e+02 7.000000e+00
      vertex   3.733333e+02 3.991962e+02 7.000000e+00
    endloop
  endfacet
  facet normal 0.000000e+00 7.933533e-01 6.087614e-01
    outer loop
      vertex   6.066667e+02 3.982426e+02 8.242641e+00
      vertex   6.066667e+02 3.991962e+02 7.000000e+00
      vertex   5.733333e+02 3.991962e+02 7.000000e+00
    endloop
  endfacet
  facet normal -0.000000e+00 9.238795e-01 3.826834e-01
    outer loop
      vertex   5.733333e+02 3.991962e+02 7.000000e+00
      vertex   6.066667e+02 3.991962e+02 7.000000e+00
      vertex   5.733333e+02 3.997956e+02 5.552914e+00
    endloop
  endfacet
  facet normal 0.000000e+00 9.238795e-01 3.826834e-01
    outer loop
      vertex   5.733333e+02 3.991962e+02 7.000000e+00
      vertex   5.733333e+02 3.997956e+02 5.552914e+00
      vertex   5.400000e+02 3.997956e+02 5.552914e+00
    endloop
  endfacet
  facet normal -0.000000e+00 9.838460e-01 1.790169e-01
    outer loop
      vertex   5.400000e+02 3.997956e+02 5.552914e+00
      vertex   5.733333e+02 3.997956e+02 5.552914e+00
      vertex   6.399711e+02 3.999711e+02 4.588103e+00
    endloop
  endfacet
  facet normal -0.000000e+00 9.238795e-01 3.826834e-01
    outer loop
      vertex   4.733333e+02 3.997956e+02 5.552914e+00
      vertex   5.066667e+02 3.991962e+02 7.000000e+00
      vertex   5.066667e+02 3.997956e+02 5.552914e+00
    endloop
  endfacet
  facet normal 0.000000e+00 9.238795e-01 3.826834e-01
    outer loop
      vertex   5.066667e+02 3.997956e+02 5.552914e+00
      vertex   5.066667e+02 3.991962e+02 7.000000e+00
      vertex   5.400000e+02 3.991962e+02 7.000000e+00
    endloop
  endfacet
  facet normal 0.000000e+00 9.238795e-01 3.826834e-01
    outer loop
      vertex   3.733333e+02 3.997956e+02 5.552914e+00
      vertex   3.733333e+02 3.991962e+02 7.000000e+00
      vertex   4.066667e+02 3.991962e+02 7.000000e+00
    endloop
  endfacet
  facet normal -0.000000e+00 9.238795e-01 3.826834e-01
    outer loop
      vertex   3.733333e+02 3.997956e+02 5.552914e+00
      vertex   4.066667e+02 3.991962e+02 7.000000e+00
      vertex   4.066667e+02 3.997956e+02 5.552914e+00
    endloop
  endfacet
  facet normal 0.000000e+00 9.238795e-01 3.826834e-01
    outer loop
      vertex   4.066667e+02 3.997956e+02 5.552914e+00
      vertex   4.066667e+02 3.991962e+02 7.000000e+00
      vertex   4.400000e+02 3.991962e+02 7.000000e+00
    endloop
  endfacet
  facet normal 0.000000e+00 9.838460e-01 1.790169e-01
    outer loop
      vertex   6.399711e+02 3.999711e+02 4.588103e+00
      vertex   5.733333e+02 3.997956e+02 5.552914e+00
      vertex   6.066667e+02 3.997956e+02 5.552914e+00
    endloop
  endfacet
  facet normal 0.000000e+00 9.238795e-01 3.826834e-01
    outer loop
      vertex   6.066667e+02 3.997956e+02 5.552914e+00
      vertex   5.733333e+02 3.997956e+02 5.552914e+00
      vertex   6.066667e+02 3.991962e+02 7.000000e+00
    endloop
  endfacet
  facet normal 0.000000e+00 9.914449e-01 1.305262e-01
    outer loop
      vertex   3.400000e+02 4.000000e+02 4.000000e+00
      vertex   4.733333e+02 3.997956e+02 5.552914e+00
      vertex   5.066667e+02 3.997956e+02 5.552914e+00
    endloop
  endfacet
  facet normal 9.914449e-01 0.000000e+00 1.305262e-01
    outer loop
      vertex   6.397956e+02 3.900000e+02 5.552914e+00
      vertex   6.397956e+02 3.577778e+02 5.552914e+00
      vertex   6.400000e+02 3.900000e+02 4.000000e+00
    endloop
  endfacet
  facet normal 9.914449e-01 0.000000e+00 1.305262e-01
    outer loop
      vertex   6.400000e+02 3.900000e+02 4.000000e+00
      vertex   6.397956e+02 3.577778e+02 5.552914e+00
      vertex   6.397956e+02 3.255556e+02 5.552914e+00
    endloop
  endfacet
  facet normal 9.914449e-01 0.000000e+00 1.305262e-01
    outer loop
      vertex   6.400000e+02 3.900000e+02 4.000000e+00
      vertex   6.397956e+02 3.255556e+02 5.552914e+00
      vertex   6.397956e+02 2.933333e+02 5.552914e+00
    endloop
  endfacet
  facet normal 9.238795e-01 -0.000000e+00 3.826834e-01
    outer loop
      vertex   6.397956e+02 2.933333e+02 5.552914e+00
      vertex   6.397956e+02 3.255556e+02 5.552914e+00
      vertex   6.391962e+02 2.933333e+02 7.000000e+00
    endloop
  endfacet
  facet normal 9.238795e-01 2.199763e-17 3.826834e-01
    outer loop
      vertex   6.397956e+02 2.933333e+02 5.552914e+00
      vertex   6.391962e+02 2.933333e+02 7.000000e+00
      vertex   6.391962e+02 2.611111e+02 7.000000e+00
    endloop
  endfacet
  facet normal 7.933533e-01 3.355999e-17 6.087614e-01
    outer loop
      vertex   6.391962e+02 2.611111e+02 7.000000e+00
      vertex   6.391962e+02 2.933333e+02 7.000000e+00
      vertex   6.382426e+02 2.611111e+02 8.242641e+00
    endloop
  endfacet
  facet normal 7.933533e-01 0.000000e+00 6.087614e-01
    outer loop
      vertex   6.391962e+02 2.611111e+02 7.000000e+00
      vertex   6.382426e+02 2.611111e+02 8.242641e+00
      vertex   6.382426e+02 2.288889e+02 8.242641e+00
    endloop
  endfacet
  facet normal 6.087614e-01 -0.000000e+00 7.933533e-01
    outer loop
      vertex   6.382426e+02 2.288889e+02 8.242641e+00
      vertex   6.382426e+02 2.611111e+02 8.242641e+00
      vertex   6.370000e+02 2.288889e+02 9.196152e+00
    endloop
  endfacet
  facet normal 6.087614e-01 4.399525e-17 7.933533e-01
    outer loop
      vertex   6.382426e+02 2.288889e+02 8.242641e+00
      vertex   6.370000e+02 2.288889e+02 9.196152e+00
      vertex   6.370000e+02 1.966667e+02 9.196152e+00
    endloop
  endfacet
  facet normal 3.826834e-01 5.093192e-17 9.238795e-01
    outer loop
      vertex   6.370000e+02 1.966667e+02 9.196152e+00
      vertex   6.370000e+02 2.288889e+02 9.196152e+00
      vertex   6.355529e+02 1.966667e+02 9.795555e+00
    endloop
  endfacet
  facet normal 3.826834e-01 0.000000e+00 9.238795e-01
    outer loop
      vertex   6.370000e+02 1.966667e+02 9.196152e+00
      vertex   6.355529e+02 1.966667e+02 9.795555e+00
      vertex   6.355529e+02 1.644444e+02 9.795555e+00
    endloop
  endfacet
  facet normal 1.305262e-01 -0.000000e+00 9.914449e-01
    outer loop
      vertex   6.355529e+02 1.644444e+02 9.795555e+00
      vertex   6.355529e+02 1.966667e+02 9.795555e+00
      vertex   6.340000e+02 1.060000e+02 1.000000e+01
    endloop
  endfacet
  facet normal 1.305262e-01 0.000000e+00 9.914449e-01
    outer loop
      vertex   6.355529e+02 1.644444e+02 9.795555e+00
      vertex   6.340000e+02 1.060000e+02 1.000000e+01
      vertex   6.355529e+02 1.322222e+02 9.795555e+00
    endloop
  endfacet
  facet normal 9.984386e-02 1.844777e-03 9.950014e-01
    outer loop
      vertex   6.355529e+02 1.322222e+02 9.795555e+00
      vertex   6.340000e+02 1.060000e+02 1.000000e+01
      vertex   6.351705e+02 1.048295e+02 9.884712e+00
    endloop
  endfacet
  facet normal 2.894376e-01 -9.247853e-04 9.571964e-01
    outer loop
      vertex   6.355529e+02 1.322222e+02 9.795555e+00
      vertex   6.351705e+02 1.048295e+02 9.884712e+00
      vertex   6.362961e+02 1.037039e+02 9.543277e+00
    endloop
  endfacet
  facet normal 9.238795e-01 -0.000000e+00 3.826834e-01
    outer loop
      vertex   6.397956e+02 3.577778e+02 5.552914e+00
      vertex   6.397956e+02 3.900000e+02 5.552914e+00
      vertex   6.391962e+02 3.577778e+02 7.000000e+00
    endloop
  endfacet
  facet normal 9.238795e-01 -2.109669e-16 3.826834e-01
    outer loop
      vertex   6.391962e+02 3.577778e+02 7.000000e+00
      vertex   6.397956e+02 3.900000e+02 5.552914e+00
      vertex   6.391962e+02 3.900000e+02 7.000000e+00
    endloop
  endfacet
  facet normal 7.933533e-01 -3.355999e-16 6.087614e-01
    outer loop
      vertex   6.391962e+02 3.577778e+02 7.000000e+00
      vertex   6.391962e+02 3.900000e+02 7.000000e+00
      vertex   6.382426e+02 3.577778e+02 8.242641e+00
    endloop
  endfacet
  facet normal 7.933533e-01 -0.000000e+00 6.087614e-01
    outer loop
      vertex   6.382426e+02 3.577778e+02 8.242641e+00
      vertex   6.391962e+02 3.900000e+02 7.000000e+00
      vertex   6.382426e+02 3.900000e+02 8.242641e+00
    endloop
  endfacet
  facet normal 6.087614e-01 -0.000000e+00 7.933533e-01
    outer loop
      vertex   6.382426e+02 3.577778e+02 8.242641e+00
      vertex   6.382426e+02 3.900000e+02 8.242641e+00
      vertex   6.370000e+02 3.577778e+02 9.196152e+00
    endloop
  endfacet
  facet normal 6.087614e-01 -6.123073e-16 7.933533e-01
    outer loop
      vertex   6.370000e+02 3.577778e+02 9.196152e+00
      vertex   6.382426e+02 3.900000e+02 8.242641e+00
      vertex   6.370000e+02 3.900000e+02 9.196152e+00
    endloop
  endfacet
  facet normal 3.826834e-01 -7.130469e-16 9.238795e-01
    outer loop
      vertex   6.370000e+02 3.577778e+02 9.196152e+00
      vertex   6.370000e+02 3.900000e+02 9.196152e+00
      vertex   6.355529e+02 3.577778e+02 9.795555e+00
    endloop
  endfacet
  facet normal 3.826834e-01 -3.565235e-16 9.238795e-01
    outer loop
      vertex   6.355529e+02 3.577778e+02 9.795555e+00
      vertex   6.370000e+02 3.900000e+02 9.196152e+00
      vertex   6.355529e+02 3.900000e+02 9.795555e+00
    endloop
  endfacet
  facet normal 1.305262e-01 -3.825968e-16 9.914449e-01
    outer loop
      vertex   6.355529e+02 3.577778e+02 9.795555e+00
      vertex   6.355529e+02 3.900000e+02 9.795555e+00
      vertex   6.340000e+02 3.900000e+02 1.000000e+01
    endloop
  endfacet
  facet normal 1.305262e-01 -0.000000e+00 9.914449e-01
    outer loop
      vertex   6.340000e+02 1.060000e+02 1.000000e+01
      vertex   6.355529e+02 2.611111e+02 9.795555e+00
      vertex   6.340000e+02 3.900000e+02 1.000000e+01
    endloop
  endfacet
  facet normal 1.305262e-01 0.000000e+00 9.914449e-01
    outer loop
      vertex   6.340000e+02 3.900000e+02 1.000000e+01
      vertex   6.355529e+02 2.611111e+02 9.795555e+00
      vertex   6.355529e+02 2.933333e+02 9.795555e+00
    endloop
  endfacet
  facet normal 1.305262e-01 0.000000e+00 9.914449e-01
    outer loop
      vertex   6.340000e+02 3.900000e+02 1.000000e+01
      vertex   6.355529e+02 2.933333e+02 9.795555e+00
      vertex   6.355529e+02 3.255556e+02 9.795555e+00
    endloop
  endfacet
  facet normal 3.826834e-01 0.000000e+00 9.238795e-01
    outer loop
      vertex   6.355529e+02 3.255556e+02 9.795555e+00
      vertex   6.355529e+02 2.933333e+02 9.795555e+00
      vertex   6.370000e+02 3.255556e+02 9.196152e+00
    endloop
  endfacet
  facet normal 3.826834e-01 1.011891e-16 9.238795e-01
    outer loop
      vertex   6.355529e+02 3.255556e+02 9.795555e+00
      vertex   6.370000e+02 3.255556e+02 9.196152e+00
      vertex   6.370000e+02 3.577778e+02 9.196152e+00
    endloop
  endfacet
  facet normal 6.087614e-01 8.747247e-17 7.933533e-01
    outer loop
      vertex   6.370000e+02 3.577778e+02 9.196152e+00
      vertex   6.370000e+02 3.255556e+02 9.196152e+00
      vertex   6.382426e+02 3.577778e+02 8.242641e+00
    endloop
  endfacet
  facet normal 3.826828e-01 1.799922e-03 9.238780e-01
    outer loop
      vertex   6.355529e+02 1.322222e+02 9.795555e+00
      vertex   6.362961e+02 1.037039e+02 9.543277e+00
      vertex   6.370000e+02 1.322222e+02 9.196152e+00
    endloop
  endfacet
  facet normal 4.707126e-01 -8.791183e-04 8.822861e-01
    outer loop
      vertex   6.370000e+02 1.322222e+02 9.196152e+00
      vertex   6.362961e+02 1.037039e+02 9.543277e+00
      vertex   6.373334e+02 1.026666e+02 8.988818e+00
    endloop
  endfacet
  facet normal 6.087609e-01 1.302098e-03 7.933527e-01
    outer loop
      vertex   6.370000e+02 1.322222e+02 9.196152e+00
      vertex   6.373334e+02 1.026666e+02 8.988818e+00
      vertex   6.382426e+02 1.322222e+02 8.242641e+00
    endloop
  endfacet
  facet normal 6.343933e-01 -1.352190e-16 7.730105e-01
    outer loop
      vertex   6.382426e+02 1.322222e+02 8.242641e+00
      vertex   6.373334e+02 1.026666e+02 8.988818e+00
      vertex   6.382426e+02 1.017574e+02 8.242641e+00
    endloop
  endfacet
  facet normal 7.730105e-01 -1.109713e-16 6.343933e-01
    outer loop
      vertex   6.382426e+02 1.322222e+02 8.242641e+00
      vertex   6.382426e+02 1.017574e+02 8.242641e+00
      vertex   6.389888e+02 1.010112e+02 7.333421e+00
    endloop
  endfacet
  facet normal 7.933527e-01 1.233036e-03 6.087610e-01
    outer loop
      vertex   6.382426e+02 1.322222e+02 8.242641e+00
      vertex   6.389888e+02 1.010112e+02 7.333421e+00
      vertex   6.391962e+02 1.322222e+02 7.000000e+00
    endloop
  endfacet
  facet normal 8.817392e-01 -8.179188e-04 4.717366e-01
    outer loop
      vertex   6.391962e+02 1.322222e+02 7.000000e+00
      vertex   6.389888e+02 1.010112e+02 7.333421e+00
      vertex   6.395433e+02 1.004567e+02 6.296101e+00
    endloop
  endfacet
  facet normal 9.238783e-01 1.615928e-03 3.826829e-01
    outer loop
      vertex   6.391962e+02 1.322222e+02 7.000000e+00
      vertex   6.395433e+02 1.004567e+02 6.296101e+00
      vertex   6.397956e+02 1.322222e+02 5.552914e+00
    endloop
  endfacet
  facet normal 9.568724e-01 -8.026441e-04 2.905075e-01
    outer loop
      vertex   6.397956e+02 1.322222e+02 5.552914e+00
      vertex   6.395433e+02 1.004567e+02 6.296101e+00
      vertex   6.398847e+02 1.001153e+02 5.170542e+00
    endloop
  endfacet
  facet normal 9.891976e-01 1.001140e-03 1.465851e-01
    outer loop
      vertex   6.397956e+02 1.322222e+02 5.552914e+00
      vertex   6.398847e+02 1.001153e+02 5.170542e+00
      vertex   6.399711e+02 1.000289e+02 4.588103e+00
    endloop
  endfacet
  facet normal 9.987955e-01 -0.000000e+00 4.906767e-02
    outer loop
      vertex   6.400000e+02 1.000000e+02 4.000000e+00
      vertex   6.400000e+02 3.900000e+02 4.000000e+00
      vertex   6.399711e+02 1.000289e+02 4.588103e+00
    endloop
  endfacet
  facet normal 9.884016e-01 2.095183e-04 1.518626e-01
    outer loop
      vertex   6.399711e+02 1.000289e+02 4.588103e+00
      vertex   6.400000e+02 3.900000e+02 4.000000e+00
      vertex   6.397956e+02 2.288889e+02 5.552914e+00
    endloop
  endfacet
  facet normal 9.838460e-01 0.000000e+00 1.790169e-01
    outer loop
      vertex   6.399711e+02 1.000289e+02 4.588103e+00
      vertex   6.397956e+02 2.288889e+02 5.552914e+00
      vertex   6.397956e+02 1.966667e+02 5.552914e+00
    endloop
  endfacet
  facet normal 9.238795e-01 -0.000000e+00 3.826834e-01
    outer loop
      vertex   6.397956e+02 1.966667e+02 5.552914e+00
      vertex   6.397956e+02 2.288889e+02 5.552914e+00
      vertex   6.391962e+02 1.966667e+02 7.000000e+00
    endloop
  endfacet
  facet normal 9.238795e-01 3.299644e-17 3.826834e-01
    outer loop
      vertex   6.397956e+02 1.966667e+02 5.552914e+00
      vertex   6.391962e+02 1.966667e+02 7.000000e+00
      vertex   6.391962e+02 1.644444e+02 7.000000e+00
    endloop
  endfacet
  facet normal 7.933533e-01 5.033999e-17 6.087614e-01
    outer loop
      vertex   6.391962e+02 1.644444e+02 7.000000e+00
      vertex   6.391962e+02 1.966667e+02 7.000000e+00
      vertex   6.382426e+02 1.644444e+02 8.242641e+00
    endloop
  endfacet
  facet normal 7.933533e-01 -3.079668e-17 6.087614e-01
    outer loop
      vertex   6.391962e+02 1.644444e+02 7.000000e+00
      vertex   6.382426e+02 1.644444e+02 8.242641e+00
      vertex   6.382426e+02 1.322222e+02 8.242641e+00
    endloop
  endfacet
  facet normal 6.087614e-01 -4.373623e-17 7.933533e-01
    outer loop
      vertex   6.382426e+02 1.322222e+02 8.242641e+00
      vertex   6.382426e+02 1.644444e+02 8.242641e+00
      vertex   6.370000e+02 1.322222e+02 9.196152e+00
    endloop
  endfacet
  facet normal 9.238795e-01 -0.000000e+00 3.826834e-01
    outer loop
      vertex   6.397956e+02 3.255556e+02 5.552914e+00
      vertex   6.397956e+02 3.577778e+02 5.552914e+00
      vertex   6.391962e+02 3.255556e+02 7.000000e+00
    endloop
  endfacet
  facet normal 9.238795e-01 1.054835e-17 3.826834e-01
    outer loop
      vertex   6.391962e+02 3.255556e+02 7.000000e+00
      vertex   6.397956e+02 3.577778e+02 5.552914e+00
      vertex   6.391962e+02 3.577778e+02 7.000000e+00
    endloop
  endfacet
  facet normal 7.933533e-01 1.678000e-17 6.087614e-01
    outer loop
      vertex   6.391962e+02 3.255556e+02 7.000000e+00
      vertex   6.391962e+02 3.577778e+02 7.000000e+00
      vertex   6.382426e+02 3.255556e+02 8.242641e+00
    endloop
  endfacet
  facet normal 7.933533e-01 -3.355999e-17 6.087614e-01
    outer loop
      vertex   6.382426e+02 3.255556e+02 8.242641e+00
      vertex   6.391962e+02 3.577778e+02 7.000000e+00
      vertex   6.382426e+02 3.577778e+02 8.242641e+00
    endloop
  endfacet
  facet normal 6.087614e-01 -4.373623e-17 7.933533e-01
    outer loop
      vertex   6.382426e+02 3.255556e+02 8.242641e+00
      vertex   6.382426e+02 3.577778e+02 8.242641e+00
      vertex   6.370000e+02 3.255556e+02 9.196152e+00
    endloop
  endfacet
  facet normal 9.914449e-01 -0.000000e+00 1.305262e-01
    outer loop
      vertex   6.397956e+02 2.288889e+02 5.552914e+00
      vertex   6.400000e+02 3.900000e+02 4.000000e+00
      vertex   6.397956e+02 2.611111e+02 5.552914e+00
    endloop
  endfacet
  facet normal 9.914449e-01 -3.597845e-18 1.305262e-01
    outer loop
      vertex   6.397956e+02 2.611111e+02 5.552914e+00
      vertex   6.400000e+02 3.900000e+02 4.000000e+00
      vertex   6.397956e+02 2.933333e+02 5.552914e+00
    endloop
  endfacet
  facet normal 9.238795e-01 -1.054835e-17 3.826834e-01
    outer loop
      vertex   6.397956e+02 2.611111e+02 5.552914e+00
      vertex   6.397956e+02 2.933333e+02 5.552914e+00
      vertex   6.391962e+02 2.611111e+02 7.000000e+00
    endloop
  endfacet
  facet normal 9.238795e-01 -0.000000e+00 3.826834e-01
    outer loop
      vertex   6.397956e+02 2.288889e+02 5.552914e+00
      vertex   6.397956e+02 2.611111e+02 5.552914e+00
      vertex   6.391962e+02 2.288889e+02 7.000000e+00
    endloop
  endfacet
  facet normal 9.238795e-01 -0.000000e+00 3.826834e-01
    outer loop
      vertex   6.391962e+02 2.288889e+02 7.000000e+00
      vertex   6.397956e+02 2.611111e+02 5.552914e+00
      vertex   6.391962e+02 2.611111e+02 7.000000e+00
    endloop
  endfacet
  facet normal 7.933533e-01 -0.000000e+00 6.087614e-01
    outer loop
      vertex   6.391962e+02 2.288889e+02 7.000000e+00
      vertex   6.391962e+02 2.611111e+02 7.000000e+00
      vertex   6.382426e+02 2.288889e+02 8.242641e+00
    endloop
  endfacet
  facet normal 9.838460e-01 -9.868898e-18 1.790169e-01
    outer loop
      vertex   6.397956e+02 1.322222e+02 5.552914e+00
      vertex   6.399711e+02 1.000289e+02 4.588103e+00
      vertex   6.397956e+02 1.644444e+02 5.552914e+00
    endloop
  endfacet
  facet normal 9.838460e-01 -0.000000e+00 1.790169e-01
    outer loop
      vertex   6.397956e+02 1.644444e+02 5.552914e+00
      vertex   6.399711e+02 1.000289e+02 4.588103e+00
      vertex   6.397956e+02 1.966667e+02 5.552914e+00
    endloop
  endfacet
  facet normal 9.238795e-01 -0.000000e+00 3.826834e-01
    outer loop
      vertex   6.397956e+02 1.644444e+02 5.552914e+00
      vertex   6.397956e+02 1.966667e+02 5.552914e+00
      vertex   6.391962e+02 1.644444e+02 7.000000e+00
    endloop
  endfacet
  facet normal 9.238795e-01 -1.979786e-17 3.826834e-01
    outer loop
      vertex   6.391962e+02 1.322222e+02 7.000000e+00
      vertex   6.397956e+02 1.322222e+02 5.552914e+00
      vertex   6.397956e+02 1.644444e+02 5.552914e+00
    endloop
  endfacet
  facet normal 9.238795e-01 1.054835e-17 3.826834e-01
    outer loop
      vertex   6.391962e+02 1.322222e+02 7.000000e+00
      vertex   6.397956e+02 1.644444e+02 5.552914e+00
      vertex   6.391962e+02 1.644444e+02 7.000000e+00
    endloop
  endfacet
  facet normal 9.238795e-01 1.979786e-17 3.826834e-01
    outer loop
      vertex   6.397956e+02 3.255556e+02 5.552914e+00
      vertex   6.391962e+02 3.255556e+02 7.000000e+00
      vertex   6.391962e+02 2.933333e+02 7.000000e+00
    endloop
  endfacet
  facet normal 7.933533e-01 3.355999e-17 6.087614e-01
    outer loop
      vertex   6.391962e+02 2.933333e+02 7.000000e+00
      vertex   6.391962e+02 3.255556e+02 7.000000e+00
      vertex   6.382426e+02 2.933333e+02 8.242641e+00
    endloop
  endfacet
  facet normal 7.933533e-01 0.000000e+00 6.087614e-01
    outer loop
      vertex   6.391962e+02 2.933333e+02 7.000000e+00
      vertex   6.382426e+02 2.933333e+02 8.242641e+00
      vertex   6.382426e+02 2.611111e+02 8.242641e+00
    endloop
  endfacet
  facet normal 6.087614e-01 -0.000000e+00 7.933533e-01
    outer loop
      vertex   6.382426e+02 2.611111e+02 8.242641e+00
      vertex   6.382426e+02 2.933333e+02 8.242641e+00
      vertex   6.370000e+02 2.611111e+02 9.196152e+00
    endloop
  endfacet
  facet normal 6.087614e-01 4.399525e-17 7.933533e-01
    outer loop
      vertex   6.382426e+02 2.611111e+02 8.242641e+00
      vertex   6.370000e+02 2.611111e+02 9.196152e+00
      vertex   6.370000e+02 2.288889e+02 9.196152e+00
    endloop
  endfacet
  facet normal 3.826834e-01 5.093192e-17 9.238795e-01
    outer loop
      vertex   6.370000e+02 2.288889e+02 9.196152e+00
      vertex   6.370000e+02 2.611111e+02 9.196152e+00
      vertex   6.355529e+02 2.288889e+02 9.795555e+00
    endloop
  endfacet
  facet normal 3.826834e-01 0.000000e+00 9.238795e-01
    outer loop
      vertex   6.370000e+02 2.288889e+02 9.196152e+00
      vertex   6.355529e+02 2.288889e+02 9.795555e+00
      vertex   6.355529e+02 1.966667e+02 9.795555e+00
    endloop
  endfacet
  facet normal 1.305262e-01 -0.000000e+00 9.914449e-01
    outer loop
      vertex   6.355529e+02 1.966667e+02 9.795555e+00
      vertex   6.355529e+02 2.288889e+02 9.795555e+00
      vertex   6.340000e+02 1.060000e+02 1.000000e+01
    endloop
  endfacet
  facet normal 7.933533e-01 -3.355999e-17 6.087614e-01
    outer loop
      vertex   6.382426e+02 2.933333e+02 8.242641e+00
      vertex   6.391962e+02 3.255556e+02 7.000000e+00
      vertex   6.382426e+02 3.255556e+02 8.242641e+00
    endloop
  endfacet
  facet normal 9.238795e-01 1.979786e-17 3.826834e-01
    outer loop
      vertex   6.397956e+02 2.288889e+02 5.552914e+00
      vertex   6.391962e+02 2.288889e+02 7.000000e+00
      vertex   6.391962e+02 1.966667e+02 7.000000e+00
    endloop
  endfacet
  facet normal 7.933533e-01 3.355999e-17 6.087614e-01
    outer loop
      vertex   6.391962e+02 1.966667e+02 7.000000e+00
      vertex   6.391962e+02 2.288889e+02 7.000000e+00
      vertex   6.382426e+02 1.966667e+02 8.242641e+00
    endloop
  endfacet
  facet normal 7.933533e-01 0.000000e+00 6.087614e-01
    outer loop
      vertex   6.391962e+02 1.966667e+02 7.000000e+00
      vertex   6.382426e+02 1.966667e+02 8.242641e+00
      vertex   6.382426e+02 1.644444e+02 8.242641e+00
    endloop
  endfacet
  facet normal 6.087614e-01 -0.000000e+00 7.933533e-01
    outer loop
      vertex   6.382426e+02 1.644444e+02 8.242641e+00
      vertex   6.382426e+02 1.966667e+02 8.242641e+00
      vertex   6.370000e+02 1.644444e+02 9.196152e+00
    endloop
  endfacet
  facet normal 6.087614e-01 4.399525e-17 7.933533e-01
    outer loop
      vertex   6.382426e+02 1.644444e+02 8.242641e+00
      vertex   6.370000e+02 1.644444e+02 9.196152e+00
      vertex   6.370000e+02 1.322222e+02 9.196152e+00
    endloop
  endfacet
  facet normal 3.826834e-01 5.093192e-17 9.238795e-01
    outer loop
      vertex   6.370000e+02 1.322222e+02 9.196152e+00
      vertex   6.370000e+02 1.644444e+02 9.196152e+00
      vertex   6.355529e+02 1.322222e+02 9.795555e+00
    endloop
  endfacet
  facet normal 7.933533e-01 -0.000000e+00 6.087614e-01
    outer loop
      vertex   6.382426e+02 1.966667e+02 8.242641e+00
      vertex   6.391962e+02 2.288889e+02 7.000000e+00
      vertex   6.382426e+02 2.288889e+02 8.242641e+00
    endloop
  endfacet
  facet normal 7.933533e-01 1.759810e-17 6.087614e-01
    outer loop
      vertex   6.382426e+02 1.322222e+02 8.242641e+00
      vertex   6.391962e+02 1.322222e+02 7.000000e+00
      vertex   6.391962e+02 1.644444e+02 7.000000e+00
    endloop
  endfacet
  facet normal 6.087614e-01 -4.373623e-17 7.933533e-01
    outer loop
      vertex   6.382426e+02 2.933333e+02 8.242641e+00
      vertex   6.382426e+02 3.255556e+02 8.242641e+00
      vertex   6.370000e+02 2.933333e+02 9.196152e+00
    endloop
  endfacet
  facet normal 6.087614e-01 -0.000000e+00 7.933533e-01
    outer loop
      vertex   6.370000e+02 2.933333e+02 9.196152e+00
      vertex   6.382426e+02 3.255556e+02 8.242641e+00
      vertex   6.370000e+02 3.255556e+02 9.196152e+00
    endloop
  endfacet
  facet normal 3.826834e-01 -0.000000e+00 9.238795e-01
    outer loop
      vertex   6.370000e+02 2.933333e+02 9.196152e+00
      vertex   6.370000e+02 3.255556e+02 9.196152e+00
      vertex   6.355529e+02 2.933333e+02 9.795555e+00
    endloop
  endfacet
  facet normal 6.087614e-01 4.373623e-17 7.933533e-01
    outer loop
      vertex   6.370000e+02 1.644444e+02 9.196152e+00
      vertex   6.382426e+02 1.966667e+02 8.242641e+00
      vertex   6.370000e+02 1.966667e+02 9.196152e+00
    endloop
  endfacet
  facet normal 6.087614e-01 0.000000e+00 7.933533e-01
    outer loop
      vertex   6.370000e+02 1.966667e+02 9.196152e+00
      vertex   6.382426e+02 1.966667e+02 8.242641e+00
      vertex   6.382426e+02 2.288889e+02 8.242641e+00
    endloop
  endfacet
  facet normal 3.826834e-01 -0.000000e+00 9.238795e-01
    outer loop
      vertex   6.355529e+02 3.255556e+02 9.795555e+00
      vertex   6.370000e+02 3.577778e+02 9.196152e+00
      vertex   6.355529e+02 3.577778e+02 9.795555e+00
    endloop
  endfacet
  facet normal 6.087614e-01 4.399525e-17 7.933533e-01
    outer loop
      vertex   6.382426e+02 2.933333e+02 8.242641e+00
      vertex   6.370000e+02 2.933333e+02 9.196152e+00
      vertex   6.370000e+02 2.611111e+02 9.196152e+00
    endloop
  endfacet
  facet normal 3.826834e-01 5.093192e-17 9.238795e-01
    outer loop
      vertex   6.370000e+02 2.611111e+02 9.196152e+00
      vertex   6.370000e+02 2.933333e+02 9.196152e+00
      vertex   6.355529e+02 2.611111e+02 9.795555e+00
    endloop
  endfacet
  facet normal 3.826834e-01 0.000000e+00 9.238795e-01
    outer loop
      vertex   6.370000e+02 2.611111e+02 9.196152e+00
      vertex   6.355529e+02 2.611111e+02 9.795555e+00
      vertex   6.355529e+02 2.288889e+02 9.795555e+00
    endloop
  endfacet
  facet normal 1.305262e-01 -0.000000e+00 9.914449e-01
    outer loop
      vertex   6.355529e+02 2.288889e+02 9.795555e+00
      vertex   6.355529e+02 2.611111e+02 9.795555e+00
      vertex   6.340000e+02 1.060000e+02 1.000000e+01
    endloop
  endfacet
  facet normal 3.826834e-01 -0.000000e+00 9.238795e-01
    outer loop
      vertex   6.355529e+02 2.611111e+02 9.795555e+00
      vertex   6.370000e+02 2.933333e+02 9.196152e+00
      vertex   6.355529e+02 2.933333e+02 9.795555e+00
    endloop
  endfacet
  facet normal 3.826834e-01 -0.000000e+00 9.238795e-01
    outer loop
      vertex   6.355529e+02 1.322222e+02 9.795555e+00
      vertex   6.370000e+02 1.644444e+02 9.196152e+00
      vertex   6.355529e+02 1.644444e+02 9.795555e+00
    endloop
  endfacet
  facet normal 3.826834e-01 5.059454e-17 9.238795e-01
    outer loop
      vertex   6.355529e+02 1.644444e+02 9.795555e+00
      vertex   6.370000e+02 1.644444e+02 9.196152e+00
      vertex   6.370000e+02 1.966667e+02 9.196152e+00
    endloop
  endfacet
  facet normal 1.305262e-01 0.000000e+00 9.914449e-01
    outer loop
      vertex   6.340000e+02 3.900000e+02 1.000000e+01
      vertex   6.355529e+02 3.255556e+02 9.795555e+00
      vertex   6.355529e+02 3.577778e+02 9.795555e+00
    endloop
  endfacet
  facet normal -4.836484e-18 -9.801714e-02 9.951847e-01
    outer loop
      vertex   6.340000e+02 1.060000e+02 1.000000e+01
      vertex   3.460000e+02 1.060000e+02 1.000000e+01
      vertex   6.351705e+02 1.048295e+02 9.884712e+00
    endloop
  endfacet
  facet normal -2.679120e-04 -1.633534e-01 9.865676e-01
    outer loop
      vertex   6.351705e+02 1.048295e+02 9.884712e+00
      vertex   3.460000e+02 1.060000e+02 1.000000e+01
      vertex   5.400000e+02 1.044471e+02 9.795555e+00
    endloop
  endfacet
  facet normal 0.000000e+00 -2.270763e-01 9.738770e-01
    outer loop
      vertex   6.351705e+02 1.048295e+02 9.884712e+00
      vertex   5.400000e+02 1.044471e+02 9.795555e+00
      vertex   5.733333e+02 1.044471e+02 9.795555e+00
    endloop
  endfacet
  facet normal 0.000000e+00 -3.826834e-01 9.238795e-01
    outer loop
      vertex   5.733333e+02 1.044471e+02 9.795555e+00
      vertex   5.400000e+02 1.044471e+02 9.795555e+00
      vertex   5.733333e+02 1.030000e+02 9.196152e+00
    endloop
  endfacet
  facet normal 0.000000e+00 -3.826834e-01 9.238795e-01
    outer loop
      vertex   5.733333e+02 1.044471e+02 9.795555e+00
      vertex   5.733333e+02 1.030000e+02 9.196152e+00
      vertex   6.066667e+02 1.030000e+02 9.196152e+00
    endloop
  endfacet
  facet normal 0.000000e+00 -6.087614e-01 7.933533e-01
    outer loop
      vertex   6.066667e+02 1.030000e+02 9.196152e+00
      vertex   5.733333e+02 1.030000e+02 9.196152e+00
      vertex   6.066667e+02 1.017574e+02 8.242641e+00
    endloop
  endfacet
  facet normal -1.254921e-03 -6.087609e-01 7.933527e-01
    outer loop
      vertex   6.066667e+02 1.030000e+02 9.196152e+00
      vertex   6.066667e+02 1.017574e+02 8.242641e+00
      vertex   6.373334e+02 1.026666e+02 8.988818e+00
    endloop
  endfacet
  facet normal 1.315294e-16 -6.343933e-01 7.730105e-01
    outer loop
      vertex   6.373334e+02 1.026666e+02 8.988818e+00
      vertex   6.066667e+02 1.017574e+02 8.242641e+00
      vertex   6.382426e+02 1.017574e+02 8.242641e+00
    endloop
  endfacet
  facet normal 1.070664e-16 -7.730105e-01 6.343933e-01
    outer loop
      vertex   6.382426e+02 1.017574e+02 8.242641e+00
      vertex   6.066667e+02 1.017574e+02 8.242641e+00
      vertex   6.389888e+02 1.010112e+02 7.333421e+00
    endloop
  endfacet
  facet normal -1.190649e-03 -7.933528e-01 6.087610e-01
    outer loop
      vertex   6.389888e+02 1.010112e+02 7.333421e+00
      vertex   6.066667e+02 1.017574e+02 8.242641e+00
      vertex   6.066667e+02 1.008038e+02 7.000000e+00
    endloop
  endfacet
  facet normal 7.899616e-04 -8.817454e-01 4.717250e-01
    outer loop
      vertex   6.389888e+02 1.010112e+02 7.333421e+00
      vertex   6.066667e+02 1.008038e+02 7.000000e+00
      vertex   6.395433e+02 1.004567e+02 6.296101e+00
    endloop
  endfacet
  facet normal -1.561316e-03 -9.238784e-01 3.826830e-01
    outer loop
      vertex   6.395433e+02 1.004567e+02 6.296101e+00
      vertex   6.066667e+02 1.008038e+02 7.000000e+00
      vertex   6.066667e+02 1.002044e+02 5.552914e+00
    endloop
  endfacet
  facet normal 7.757042e-04 -9.568747e-01 2.905001e-01
    outer loop
      vertex   6.395433e+02 1.004567e+02 6.296101e+00
      vertex   6.066667e+02 1.002044e+02 5.552914e+00
      vertex   6.398847e+02 1.001153e+02 5.170542e+00
    endloop
  endfacet
  facet normal -9.675947e-04 -9.891969e-01 1.465900e-01
    outer loop
      vertex   6.398847e+02 1.001153e+02 5.170542e+00
      vertex   6.066667e+02 1.002044e+02 5.552914e+00
      vertex   6.399711e+02 1.000289e+02 4.588103e+00
    endloop
  endfacet
  facet normal -3.848843e-03 -9.987973e-01 4.887868e-02
    outer loop
      vertex   6.399711e+02 1.000289e+02 4.588103e+00
      vertex   6.066667e+02 1.002044e+02 5.552914e+00
      vertex   6.400000e+02 1.000000e+02 4.000000e+00
    endloop
  endfacet
  facet normal 0.000000e+00 -9.914449e-01 1.305262e-01
    outer loop
      vertex   6.400000e+02 1.000000e+02 4.000000e+00
      vertex   6.066667e+02 1.002044e+02 5.552914e+00
      vertex   5.733333e+02 1.002044e+02 5.552914e+00
    endloop
  endfacet
  facet normal 0.000000e+00 -9.914449e-01 1.305262e-01
    outer loop
      vertex   6.400000e+02 1.000000e+02 4.000000e+00
      vertex   5.733333e+02 1.002044e+02 5.552914e+00
      vertex   5.400000e+02 1.002044e+02 5.552914e+00
    endloop
  endfacet
  facet normal 0.000000e+00 -9.238795e-01 3.826834e-01
    outer loop
      vertex   5.400000e+02 1.002044e+02 5.552914e+00
      vertex   5.733333e+02 1.002044e+02 5.552914e+00
      vertex   5.400000e+02 1.008038e+02 7.000000e+00
    endloop
  endfacet
  facet normal 0.000000e+00 -9.238795e-01 3.826834e-01
    outer loop
      vertex   5.400000e+02 1.002044e+02 5.552914e+00
      vertex   5.400000e+02 1.008038e+02 7.000000e+00
      vertex   5.066667e+02 1.008038e+02 7.000000e+00
    endloop
  endfacet
  facet normal 0.000000e+00 -7.933533e-01 6.087614e-01
    outer loop
      vertex   5.066667e+02 1.008038e+02 7.000000e+00
      vertex   5.400000e+02 1.008038e+02 7.000000e+00
      vertex   5.066667e+02 1.017574e+02 8.242641e+00
    endloop
  endfacet
  facet normal 0.000000e+00 -7.933533e-01 6.087614e-01
    outer loop
      vertex   5.066667e+02 1.008038e+02 7.000000e+00
      vertex   5.066667e+02 1.017574e+02 8.242641e+00
      vertex   4.733333e+02 1.017574e+02 8.242641e+00
    endloop
  endfacet
  facet normal 0.000000e+00 -6.087614e-01 7.933533e-01
    outer loop
      vertex   4.733333e+02 1.017574e+02 8.242641e+00
      vertex   5.066667e+02 1.017574e+02 8.242641e+00
      vertex   4.733333e+02 1.030000e+02 9.196152e+00
    endloop
  endfacet
  facet normal 0.000000e+00 -6.087614e-01 7.933533e-01
    outer loop
      vertex   4.733333e+02 1.017574e+02 8.242641e+00
      vertex   4.733333e+02 1.030000e+02 9.196152e+00
      vertex   4.400000e+02 1.030000e+02 9.196152e+00
    endloop
  endfacet
  facet normal 0.000000e+00 -3.826834e-01 9.238795e-01
    outer loop
      vertex   4.400000e+02 1.030000e+02 9.196152e+00
      vertex   4.733333e+02 1.030000e+02 9.196152e+00
      vertex   4.400000e+02 1.044471e+02 9.795555e+00
    endloop
  endfacet
  facet normal 0.000000e+00 -3.826834e-01 9.238795e-01
    outer loop
      vertex   4.400000e+02 1.030000e+02 9.196152e+00
      vertex   4.400000e+02 1.044471e+02 9.795555e+00
      vertex   4.066667e+02 1.044471e+02 9.795555e+00
    endloop
  endfacet
  facet normal 0.000000e+00 -1.305262e-01 9.914449e-01
    outer loop
      vertex   4.066667e+02 1.044471e+02 9.795555e+00
      vertex   4.400000e+02 1.044471e+02 9.795555e+00
      vertex   3.460000e+02 1.060000e+02 1.000000e+01
    endloop
  endfacet
  facet normal 0.000000e+00 -1.305262e-01 9.914449e-01
    outer loop
      vertex   4.066667e+02 1.044471e+02 9.795555e+00
      vertex   3.460000e+02 1.060000e+02 1.000000e+01
      vertex   3.733333e+02 1.044471e+02 9.795555e+00
    endloop
  endfacet
  facet normal 1.773830e-03 -9.977362e-02 9.950086e-01
    outer loop
      vertex   3.733333e+02 1.044471e+02 9.795555e+00
      vertex   3.460000e+02 1.060000e+02 1.000000e+01
      vertex   3.448295e+02 1.048295e+02 9.884712e+00
    endloop
  endfacet
  facet normal -8.892042e-04 -2.894702e-01 9.571866e-01
    outer loop
      vertex   3.733333e+02 1.044471e+02 9.795555e+00
      vertex   3.448295e+02 1.048295e+02 9.884712e+00
      vertex   3.437039e+02 1.037039e+02 9.543277e+00
    endloop
  endfacet
  facet normal 1.732424e-03 -3.826829e-01 9.238781e-01
    outer loop
      vertex   3.733333e+02 1.044471e+02 9.795555e+00
      vertex   3.437039e+02 1.037039e+02 9.543277e+00
      vertex   3.733333e+02 1.030000e+02 9.196152e+00
    endloop
  endfacet
  facet normal -8.469033e-04 -4.707377e-01 8.822728e-01
    outer loop
      vertex   3.733333e+02 1.030000e+02 9.196152e+00
      vertex   3.437039e+02 1.037039e+02 9.543277e+00
      vertex   3.426666e+02 1.026666e+02 8.988818e+00
    endloop
  endfacet
  facet normal 1.254921e-03 -6.087609e-01 7.933527e-01
    outer loop
      vertex   3.733333e+02 1.030000e+02 9.196152e+00
      vertex   3.426666e+02 1.026666e+02 8.988818e+00
      vertex   3.733333e+02 1.017574e+02 8.242641e+00
    endloop
  endfacet
  facet normal -4.348694e-17 -6.343933e-01 7.730105e-01
    outer loop
      vertex   3.733333e+02 1.017574e+02 8.242641e+00
      vertex   3.426666e+02 1.026666e+02 8.988818e+00
      vertex   3.417574e+02 1.017574e+02 8.242641e+00
    endloop
  endfacet
  facet normal -3.568881e-17 -7.730105e-01 6.343933e-01
    outer loop
      vertex   3.733333e+02 1.017574e+02 8.242641e+00
      vertex   3.417574e+02 1.017574e+02 8.242641e+00
      vertex   3.410112e+02 1.010112e+02 7.333421e+00
    endloop
  endfacet
  facet normal 1.190649e-03 -7.933528e-01 6.087610e-01
    outer loop
      vertex   3.733333e+02 1.017574e+02 8.242641e+00
      vertex   3.410112e+02 1.010112e+02 7.333421e+00
      vertex   3.733333e+02 1.008038e+02 7.000000e+00
    endloop
  endfacet
  facet normal -7.899616e-04 -8.817454e-01 4.717250e-01
    outer loop
      vertex   3.733333e+02 1.008038e+02 7.000000e+00
      vertex   3.410112e+02 1.010112e+02 7.333421e+00
      vertex   3.404567e+02 1.004567e+02 6.296101e+00
    endloop
  endfacet
  facet normal 1.561316e-03 -9.238784e-01 3.826830e-01
    outer loop
      vertex   3.733333e+02 1.008038e+02 7.000000e+00
      vertex   3.404567e+02 1.004567e+02 6.296101e+00
      vertex   3.733333e+02 1.002044e+02 5.552914e+00
    endloop
  endfacet
  facet normal -7.757042e-04 -9.568747e-01 2.905001e-01
    outer loop
      vertex   3.733333e+02 1.002044e+02 5.552914e+00
      vertex   3.404567e+02 1.004567e+02 6.296101e+00
      vertex   3.401153e+02 1.001153e+02 5.170542e+00
    endloop
  endfacet
  facet normal 9.675947e-04 -9.891969e-01 1.465900e-01
    outer loop
      vertex   3.733333e+02 1.002044e+02 5.552914e+00
      vertex   3.401153e+02 1.001153e+02 5.170542e+00
      vertex   3.400289e+02 1.000289e+02 4.588103e+00
    endloop
  endfacet
  facet normal 0.000000e+00 -9.987955e-01 4.906767e-02
    outer loop
      vertex   3.400000e+02 1.000000e+02 4.000000e+00
      vertex   6.400000e+02 1.000000e+02 4.000000e+00
      vertex   3.400289e+02 1.000289e+02 4.588103e+00
    endloop
  endfacet
  facet normal 2.025335e-04 -9.884016e-01 1.518625e-01
    outer loop
      vertex   3.400289e+02 1.000289e+02 4.588103e+00
      vertex   6.400000e+02 1.000000e+02 4.000000e+00
      vertex   4.733333e+02 1.002044e+02 5.552914e+00
    endloop
  endfacet
  facet normal 0.000000e+00 -9.838460e-01 1.790169e-01
    outer loop
      vertex   3.400289e+02 1.000289e+02 4.588103e+00
      vertex   4.733333e+02 1.002044e+02 5.552914e+00
      vertex   4.400000e+02 1.002044e+02 5.552914e+00
    endloop
  endfacet
  facet normal 0.000000e+00 -9.238795e-01 3.826834e-01
    outer loop
      vertex   4.400000e+02 1.002044e+02 5.552914e+00
      vertex   4.733333e+02 1.002044e+02 5.552914e+00
      vertex   4.400000e+02 1.008038e+02 7.000000e+00
    endloop
  endfacet
  facet normal 0.000000e+00 -9.238795e-01 3.826834e-01
    outer loop
      vertex   4.400000e+02 1.002044e+02 5.552914e+00
      vertex   4.400000e+02 1.008038e+02 7.000000e+00
      vertex   4.066667e+02 1.008038e+02 7.000000e+00
    endloop
  endfacet
  facet normal 0.000000e+00 -7.933533e-01 6.087614e-01
    outer loop
      vertex   4.066667e+02 1.008038e+02 7.000000e+00
      vertex   4.400000e+02 1.008038e+02 7.000000e+00
      vertex   4.066667e+02 1.017574e+02 8.242641e+00
    endloop
  endfacet
  facet normal 3.402300e-17 -7.933533e-01 6.087614e-01
    outer loop
      vertex   4.066667e+02 1.008038e+02 7.000000e+00
      vertex   4.066667e+02 1.017574e+02 8.242641e+00
      vertex   3.733333e+02 1.017574e+02 8.242641e+00
    endloop
  endfacet
  facet normal 4.227836e-17 -6.087614e-01 7.933533e-01
    outer loop
      vertex   3.733333e+02 1.017574e+02 8.242641e+00
      vertex   4.066667e+02 1.017574e+02 8.242641e+00
      vertex   3.733333e+02 1.030000e+02 9.196152e+00
    endloop
  endfacet
  facet normal 8.469033e-04 -4.707377e-01 8.822728e-01
    outer loop
      vertex   6.373334e+02 1.026666e+02 8.988818e+00
      vertex   6.362961e+02 1.037039e+02 9.543277e+00
      vertex   6.066667e+02 1.030000e+02 9.196152e+00
    endloop
  endfacet
  facet normal -1.732424e-03 -3.826829e-01 9.238781e-01
    outer loop
      vertex   6.066667e+02 1.030000e+02 9.196152e+00
      vertex   6.362961e+02 1.037039e+02 9.543277e+00
      vertex   6.066667e+02 1.044471e+02 9.795555e+00
    endloop
  endfacet
  facet normal 0.000000e+00 -3.826834e-01 9.238795e-01
    outer loop
      vertex   6.066667e+02 1.030000e+02 9.196152e+00
      vertex   6.066667e+02 1.044471e+02 9.795555e+00
      vertex   5.733333e+02 1.044471e+02 9.795555e+00
    endloop
  endfacet
  facet normal 0.000000e+00 -2.270763e-01 9.738770e-01
    outer loop
      vertex   5.733333e+02 1.044471e+02 9.795555e+00
      vertex   6.066667e+02 1.044471e+02 9.795555e+00
      vertex   6.351705e+02 1.048295e+02 9.884712e+00
    endloop
  endfacet
  facet normal 8.892042e-04 -2.894702e-01 9.571866e-01
    outer loop
      vertex   6.362961e+02 1.037039e+02 9.543277e+00
      vertex   6.351705e+02 1.048295e+02 9.884712e+00
      vertex   6.066667e+02 1.044471e+02 9.795555e+00
    endloop
  endfacet
  facet normal 0.000000e+00 -3.826834e-01 9.238795e-01
    outer loop
      vertex   4.066667e+02 1.044471e+02 9.795555e+00
      vertex   3.733333e+02 1.044471e+02 9.795555e+00
      vertex   4.066667e+02 1.030000e+02 9.196152e+00
    endloop
  endfacet
  facet normal 0.000000e+00 -3.826834e-01 9.238795e-01
    outer loop
      vertex   4.066667e+02 1.030000e+02 9.196152e+00
      vertex   3.733333e+02 1.044471e+02 9.795555e+00
      vertex   3.733333e+02 1.030000e+02 9.196152e+00
    endloop
  endfacet
  facet normal 0.000000e+00 -6.087614e-01 7.933533e-01
    outer loop
      vertex   4.066667e+02 1.030000e+02 9.196152e+00
      vertex   3.733333e+02 1.030000e+02 9.196152e+00
      vertex   4.066667e+02 1.017574e+02 8.242641e+00
    endloop
  endfacet
  facet normal 0.000000e+00 -1.305262e-01 9.914449e-01
    outer loop
      vertex   4.400000e+02 1.044471e+02 9.795555e+00
      vertex   4.733333e+02 1.044471e+02 9.795555e+00
      vertex   3.460000e+02 1.060000e+02 1.000000e+01
    endloop
  endfacet
  facet normal 0.000000e+00 -1.305262e-01 9.914449e-01
    outer loop
      vertex   3.460000e+02 1.060000e+02 1.000000e+01
      vertex   4.733333e+02 1.044471e+02 9.795555e+00
      vertex   5.066667e+02 1.044471e+02 9.795555e+00
    endloop
  endfacet
  facet normal 0.000000e+00 -1.305262e-01 9.914449e-01
    outer loop
      vertex   3.460000e+02 1.060000e+02 1.000000e+01
      vertex   5.066667e+02 1.044471e+02 9.795555e+00
      vertex   5.400000e+02 1.044471e+02 9.795555e+00
    endloop
  endfacet
  facet normal 0.000000e+00 -3.826834e-01 9.238795e-01
    outer loop
      vertex   5.400000e+02 1.044471e+02 9.795555e+00
      vertex   5.066667e+02 1.044471e+02 9.795555e+00
      vertex   5.400000e+02 1.030000e+02 9.196152e+00
    endloop
  endfacet
  facet normal 0.000000e+00 -3.826834e-01 9.238795e-01
    outer loop
      vertex   5.400000e+02 1.044471e+02 9.795555e+00
      vertex   5.400000e+02 1.030000e+02 9.196152e+00
      vertex   5.733333e+02 1.030000e+02 9.196152e+00
    endloop
  endfacet
  facet normal 0.000000e+00 -6.087614e-01 7.933533e-01
    outer loop
      vertex   5.733333e+02 1.030000e+02 9.196152e+00
      vertex   5.400000e+02 1.030000e+02 9.196152e+00
      vertex   5.733333e+02 1.017574e+02 8.242641e+00
    endloop
  endfacet
  facet normal 4.252874e-17 -6.087614e-01 7.933533e-01
    outer loop
      vertex   5.733333e+02 1.030000e+02 9.196152e+00
      vertex   5.733333e+02 1.017574e+02 8.242641e+00
      vertex   6.066667e+02 1.017574e+02 8.242641e+00
    endloop
  endfacet
  facet normal 3.244133e-17 -7.933533e-01 6.087614e-01
    outer loop
      vertex   6.066667e+02 1.017574e+02 8.242641e+00
      vertex   5.733333e+02 1.017574e+02 8.242641e+00
      vertex   6.066667e+02 1.008038e+02 7.000000e+00
    endloop
  endfacet
  facet normal 0.000000e+00 -3.826834e-01 9.238795e-01
    outer loop
      vertex   4.400000e+02 1.044471e+02 9.795555e+00
      vertex   4.733333e+02 1.030000e+02 9.196152e+00
      vertex   4.733333e+02 1.044471e+02 9.795555e+00
    endloop
  endfacet
  facet normal 0.000000e+00 -3.826834e-01 9.238795e-01
    outer loop
      vertex   4.733333e+02 1.044471e+02 9.795555e+00
      vertex   4.733333e+02 1.030000e+02 9.196152e+00
      vertex   5.066667e+02 1.030000e+02 9.196152e+00
    endloop
  endfacet
  facet normal 0.000000e+00 -3.826834e-01 9.238795e-01
    outer loop
      vertex   4.733333e+02 1.044471e+02 9.795555e+00
      vertex   5.066667e+02 1.030000e+02 9.196152e+00
      vertex   5.066667e+02 1.044471e+02 9.795555e+00
    endloop
  endfacet
  facet normal 0.000000e+00 -3.826834e-01 9.238795e-01
    outer loop
      vertex   5.066667e+02 1.044471e+02 9.795555e+00
      vertex   5.066667e+02 1.030000e+02 9.196152e+00
      vertex   5.400000e+02 1.030000e+02 9.196152e+00
    endloop
  endfacet
  facet normal 0.000000e+00 -3.826834e-01 9.238795e-01
    outer loop
      vertex   4.066667e+02 1.044471e+02 9.795555e+00
      vertex   4.066667e+02 1.030000e+02 9.196152e+00
      vertex   4.400000e+02 1.030000e+02 9.196152e+00
    endloop
  endfacet
  facet normal 0.000000e+00 -6.087614e-01 7.933533e-01
    outer loop
      vertex   4.400000e+02 1.030000e+02 9.196152e+00
      vertex   4.066667e+02 1.030000e+02 9.196152e+00
      vertex   4.400000e+02 1.017574e+02 8.242641e+00
    endloop
  endfacet
  facet normal 0.000000e+00 -6.087614e-01 7.933533e-01
    outer loop
      vertex   4.400000e+02 1.030000e+02 9.196152e+00
      vertex   4.400000e+02 1.017574e+02 8.242641e+00
      vertex   4.733333e+02 1.017574e+02 8.242641e+00
    endloop
  endfacet
  facet normal 0.000000e+00 -7.933533e-01 6.087614e-01
    outer loop
      vertex   4.733333e+02 1.017574e+02 8.242641e+00
      vertex   4.400000e+02 1.017574e+02 8.242641e+00
      vertex   4.733333e+02 1.008038e+02 7.000000e+00
    endloop
  endfacet
  facet normal 0.000000e+00 -7.933533e-01 6.087614e-01
    outer loop
      vertex   4.733333e+02 1.017574e+02 8.242641e+00
      vertex   4.733333e+02 1.008038e+02 7.000000e+00
      vertex   5.066667e+02 1.008038e+02 7.000000e+00
    endloop
  endfacet
  facet normal 0.000000e+00 -9.238795e-01 3.826834e-01
    outer loop
      vertex   5.066667e+02 1.008038e+02 7.000000e+00
      vertex   4.733333e+02 1.008038e+02 7.000000e+00
      vertex   5.066667e+02 1.002044e+02 5.552914e+00
    endloop
  endfacet
  facet normal 0.000000e+00 -9.238795e-01 3.826834e-01
    outer loop
      vertex   5.066667e+02 1.008038e+02 7.000000e+00
      vertex   5.066667e+02 1.002044e+02 5.552914e+00
      vertex   5.400000e+02 1.002044e+02 5.552914e+00
    endloop
  endfacet
  facet normal 0.000000e+00 -9.914449e-01 1.305262e-01
    outer loop
      vertex   5.400000e+02 1.002044e+02 5.552914e+00
      vertex   5.066667e+02 1.002044e+02 5.552914e+00
      vertex   6.400000e+02 1.000000e+02 4.000000e+00
    endloop
  endfacet
  facet normal 0.000000e+00 -6.087614e-01 7.933533e-01
    outer loop
      vertex   4.400000e+02 1.017574e+02 8.242641e+00
      vertex   4.066667e+02 1.030000e+02 9.196152e+00
      vertex   4.066667e+02 1.017574e+02 8.242641e+00
    endloop
  endfacet
  facet normal 0.000000e+00 -6.087614e-01 7.933533e-01
    outer loop
      vertex   4.733333e+02 1.030000e+02 9.196152e+00
      vertex   5.066667e+02 1.017574e+02 8.242641e+00
      vertex   5.066667e+02 1.030000e+02 9.196152e+00
    endloop
  endfacet
  facet normal 0.000000e+00 -6.087614e-01 7.933533e-01
    outer loop
      vertex   5.066667e+02 1.030000e+02 9.196152e+00
      vertex   5.066667e+02 1.017574e+02 8.242641e+00
      vertex   5.400000e+02 1.017574e+02 8.242641e+00
    endloop
  endfacet
  facet normal 0.000000e+00 -6.087614e-01 7.933533e-01
    outer loop
      vertex   5.066667e+02 1.030000e+02 9.196152e+00
      vertex   5.400000e+02 1.017574e+02 8.242641e+00
      vertex   5.400000e+02 1.030000e+02 9.196152e+00
    endloop
  endfacet
  facet normal 0.000000e+00 -6.087614e-01 7.933533e-01
    outer loop
      vertex   5.400000e+02 1.030000e+02 9.196152e+00
      vertex   5.400000e+02 1.017574e+02 8.242641e+00
      vertex   5.733333e+02 1.017574e+02 8.242641e+00
    endloop
  endfacet
  facet normal 0.000000e+00 -7.933533e-01 6.087614e-01
    outer loop
      vertex   4.733333e+02 1.008038e+02 7.000000e+00
      vertex   4.400000e+02 1.017574e+02 8.242641e+00
      vertex   4.400000e+02 1.008038e+02 7.000000e+00
    endloop
  endfacet
  facet normal 0.000000e+00 -7.933533e-01 6.087614e-01
    outer loop
      vertex   4.400000e+02 1.008038e+02 7.000000e+00
      vertex   4.400000e+02 1.017574e+02 8.242641e+00
      vertex   4.066667e+02 1.017574e+02 8.242641e+00
    endloop
  endfacet
  facet normal 0.000000e+00 -7.933533e-01 6.087614e-01
    outer loop
      vertex   5.066667e+02 1.017574e+02 8.242641e+00
      vertex   5.400000e+02 1.008038e+02 7.000000e+00
      vertex   5.400000e+02 1.017574e+02 8.242641e+00
    endloop
  endfacet
  facet normal 0.000000e+00 -7.933533e-01 6.087614e-01
    outer loop
      vertex   5.400000e+02 1.017574e+02 8.242641e+00
      vertex   5.400000e+02 1.008038e+02 7.000000e+00
      vertex   5.733333e+02 1.008038e+02 7.000000e+00
    endloop
  endfacet
  facet normal 0.000000e+00 -7.933533e-01 6.087614e-01
    outer loop
      vertex   5.400000e+02 1.017574e+02 8.242641e+00
      vertex   5.733333e+02 1.008038e+02 7.000000e+00
      vertex   5.733333e+02 1.017574e+02 8.242641e+00
    endloop
  endfacet
  facet normal 0.000000e+00 -7.933533e-01 6.087614e-01
    outer loop
      vertex   5.733333e+02 1.017574e+02 8.242641e+00
      vertex   5.733333e+02 1.008038e+02 7.000000e+00
      vertex   6.066667e+02 1.008038e+02 7.000000e+00
    endloop
  endfacet
  facet normal 0.000000e+00 -7.933533e-01 6.087614e-01
    outer loop
      vertex   3.733333e+02 1.017574e+02 8.242641e+00
      vertex   3.733333e+02 1.008038e+02 7.000000e+00
      vertex   4.066667e+02 1.008038e+02 7.000000e+00
    endloop
  endfacet
  facet normal 0.000000e+00 -9.238795e-01 3.826834e-01
    outer loop
      vertex   4.066667e+02 1.008038e+02 7.000000e+00
      vertex   3.733333e+02 1.008038e+02 7.000000e+00
      vertex   4.066667e+02 1.002044e+02 5.552914e+00
    endloop
  endfacet
  facet normal 0.000000e+00 -9.238795e-01 3.826834e-01
    outer loop
      vertex   4.066667e+02 1.008038e+02 7.000000e+00
      vertex   4.066667e+02 1.002044e+02 5.552914e+00
      vertex   4.400000e+02 1.002044e+02 5.552914e+00
    endloop
  endfacet
  facet normal 0.000000e+00 -9.838460e-01 1.790169e-01
    outer loop
      vertex   4.400000e+02 1.002044e+02 5.552914e+00
      vertex   4.066667e+02 1.002044e+02 5.552914e+00
      vertex   3.400289e+02 1.000289e+02 4.588103e+00
    endloop
  endfacet
  facet normal 0.000000e+00 -9.238795e-01 3.826834e-01
    outer loop
      vertex   5.066667e+02 1.002044e+02 5.552914e+00
      vertex   4.733333e+02 1.008038e+02 7.000000e+00
      vertex   4.733333e+02 1.002044e+02 5.552914e+00
    endloop
  endfacet
  facet normal 0.000000e+00 -9.238795e-01 3.826834e-01
    outer loop
      vertex   4.733333e+02 1.002044e+02 5.552914e+00
      vertex   4.733333e+02 1.008038e+02 7.000000e+00
      vertex   4.400000e+02 1.008038e+02 7.000000e+00
    endloop
  endfacet
  facet normal 0.000000e+00 -9.238795e-01 3.826834e-01
    outer loop
      vertex   6.066667e+02 1.002044e+02 5.552914e+00
      vertex   6.066667e+02 1.008038e+02 7.000000e+00
      vertex   5.733333e+02 1.008038e+02 7.000000e+00
    endloop
  endfacet
  facet normal 0.000000e+00 -9.238795e-01 3.826834e-01
    outer loop
      vertex   6.066667e+02 1.002044e+02 5.552914e+00
      vertex   5.733333e+02 1.008038e+02 7.000000e+00
      vertex   5.733333e+02 1.002044e+02 5.552914e+00
    endloop
  endfacet
  facet normal 0.000000e+00 -9.238795e-01 3.826834e-01
    outer loop
      vertex   5.733333e+02 1.002044e+02 5.552914e+00
      vertex   5.733333e+02 1.008038e+02 7.000000e+00
      vertex   5.400000e+02 1.008038e+02 7.000000e+00
    endloop
  endfacet
  facet normal 0.000000e+00 -9.838460e-01 1.790169e-01
    outer loop
      vertex   3.400289e+02 1.000289e+02 4.588103e+00
      vertex   4.066667e+02 1.002044e+02 5.552914e+00
      vertex   3.733333e+02 1.002044e+02 5.552914e+00
    endloop
  endfacet
  facet normal 0.000000e+00 -9.238795e-01 3.826834e-01
    outer loop
      vertex   3.733333e+02 1.002044e+02 5.552914e+00
      vertex   4.066667e+02 1.002044e+02 5.552914e+00
      vertex   3.733333e+02 1.008038e+02 7.000000e+00
    endloop
  endfacet
  facet normal 0.000000e+00 -9.914449e-01 1.305262e-01
    outer loop
      vertex   6.400000e+02 1.000000e+02 4.000000e+00
      vertex   5.066667e+02 1.002044e+02 5.552914e+00
      vertex   4.733333e+02 1.002044e+02 5.552914e+00
    endloop
  endfacet
  facet normal -9.987955e-01 0.000000e+00 4.906767e-02
    outer loop
      vertex   3.400000e+02 4.000000e+02 4.000000e+00
      vertex   3.400000e+02 1.000000e+02 4.000000e+00
      vertex   3.400289e+02 3.999711e+02 4.588103e+00
    endloop
  endfacet
  facet normal -9.884016e-01 -2.025335e-04 1.518625e-01
    outer loop
      vertex   3.400289e+02 3.999711e+02 4.588103e+00
      vertex   3.400000e+02 1.000000e+02 4.000000e+00
      vertex   3.402044e+02 2.666667e+02 5.552914e+00
    endloop
  endfacet
  facet normal -9.838460e-01 0.000000e+00 1.790169e-01
    outer loop
      vertex   3.400289e+02 3.999711e+02 4.588103e+00
      vertex   3.402044e+02 2.666667e+02 5.552914e+00
      vertex   3.402044e+02 3.000000e+02 5.552914e+00
    endloop
  endfacet
  facet normal -9.238795e-01 0.000000e+00 3.826834e-01
    outer loop
      vertex   3.402044e+02 3.000000e+02 5.552914e+00
      vertex   3.402044e+02 2.666667e+02 5.552914e+00
      vertex   3.408038e+02 3.000000e+02 7.000000e+00
    endloop
  endfacet
  facet normal -9.238795e-01 0.000000e+00 3.826834e-01
    outer loop
      vertex   3.402044e+02 3.000000e+02 5.552914e+00
      vertex   3.408038e+02 3.000000e+02 7.000000e+00
      vertex   3.408038e+02 3.333333e+02 7.000000e+00
    endloop
  endfacet
  facet normal -7.933533e-01 0.000000e+00 6.087614e-01
    outer loop
      vertex   3.408038e+02 3.333333e+02 7.000000e+00
      vertex   3.408038e+02 3.000000e+02 7.000000e+00
      vertex   3.417574e+02 3.333333e+02 8.242641e+00
    endloop
  endfacet
  facet normal -7.933533e-01 0.000000e+00 6.087614e-01
    outer loop
      vertex   3.408038e+02 3.333333e+02 7.000000e+00
      vertex   3.417574e+02 3.333333e+02 8.242641e+00
      vertex   3.417574e+02 3.666667e+02 8.242641e+00
    endloop
  endfacet
  facet normal -6.087614e-01 0.000000e+00 7.933533e-01
    outer loop
      vertex   3.417574e+02 3.666667e+02 8.242641e+00
      vertex   3.417574e+02 3.333333e+02 8.242641e+00
      vertex   3.430000e+02 3.666667e+02 9.196152e+00
    endloop
  endfacet
  facet normal -6.087609e-01 -1.254921e-03 7.933527e-01
    outer loop
      vertex   3.417574e+02 3.666667e+02 8.242641e+00
      vertex   3.430000e+02 3.666667e+02 9.196152e+00
      vertex   3.426666e+02 3.973334e+02 8.988818e+00
    endloop
  endfacet
  facet normal -4.707377e-01 8.469033e-04 8.822728e-01
    outer loop
      vertex   3.426666e+02 3.973334e+02 8.988818e+00
      vertex   3.430000e+02 3.666667e+02 9.196152e+00
      vertex   3.437039e+02 3.962961e+02 9.543277e+00
    endloop
  endfacet
  facet normal -3.826829e-01 -1.732424e-03 9.238781e-01
    outer loop
      vertex   3.437039e+02 3.962961e+02 9.543277e+00
      vertex   3.430000e+02 3.666667e+02 9.196152e+00
      vertex   3.444471e+02 3.666667e+02 9.795555e+00
    endloop
  endfacet
  facet normal -2.894702e-01 8.892042e-04 9.571866e-01
    outer loop
      vertex   3.437039e+02 3.962961e+02 9.543277e+00
      vertex   3.444471e+02 3.666667e+02 9.795555e+00
      vertex   3.448295e+02 3.951705e+02 9.884712e+00
    endloop
  endfacet
  facet normal -9.977362e-02 -1.773830e-03 9.950086e-01
    outer loop
      vertex   3.448295e+02 3.951705e+02 9.884712e+00
      vertex   3.444471e+02 3.666667e+02 9.795555e+00
      vertex   3.460000e+02 3.940000e+02 1.000000e+01
    endloop
  endfacet
  facet normal -1.305262e-01 0.000000e+00 9.914449e-01
    outer loop
      vertex   3.460000e+02 3.940000e+02 1.000000e+01
      vertex   3.444471e+02 3.666667e+02 9.795555e+00
      vertex   3.444471e+02 3.333333e+02 9.795555e+00
    endloop
  endfacet
  facet normal -1.305262e-01 0.000000e+00 9.914449e-01
    outer loop
      vertex   3.460000e+02 3.940000e+02 1.000000e+01
      vertex   3.444471e+02 3.333333e+02 9.795555e+00
      vertex   3.444471e+02 3.000000e+02 9.795555e+00
    endloop
  endfacet
  facet normal -3.826834e-01 0.000000e+00 9.238795e-01
    outer loop
      vertex   3.444471e+02 3.000000e+02 9.795555e+00
      vertex   3.444471e+02 3.333333e+02 9.795555e+00
      vertex   3.430000e+02 3.000000e+02 9.196152e+00
    endloop
  endfacet
  facet normal -3.826834e-01 0.000000e+00 9.238795e-01
    outer loop
      vertex   3.444471e+02 3.000000e+02 9.795555e+00
      vertex   3.430000e+02 3.000000e+02 9.196152e+00
      vertex   3.430000e+02 2.666667e+02 9.196152e+00
    endloop
  endfacet
  facet normal -6.087614e-01 0.000000e+00 7.933533e-01
    outer loop
      vertex   3.430000e+02 2.666667e+02 9.196152e+00
      vertex   3.430000e+02 3.000000e+02 9.196152e+00
      vertex   3.417574e+02 2.666667e+02 8.242641e+00
    endloop
  endfacet
  facet normal -6.087614e-01 0.000000e+00 7.933533e-01
    outer loop
      vertex   3.430000e+02 2.666667e+02 9.196152e+00
      vertex   3.417574e+02 2.666667e+02 8.242641e+00
      vertex   3.417574e+02 2.333333e+02 8.242641e+00
    endloop
  endfacet
  facet normal -7.933533e-01 0.000000e+00 6.087614e-01
    outer loop
      vertex   3.417574e+02 2.333333e+02 8.242641e+00
      vertex   3.417574e+02 2.666667e+02 8.242641e+00
      vertex   3.408038e+02 2.333333e+02 7.000000e+00
    endloop
  endfacet
  facet normal -7.933533e-01 0.000000e+00 6.087614e-01
    outer loop
      vertex   3.417574e+02 2.333333e+02 8.242641e+00
      vertex   3.408038e+02 2.333333e+02 7.000000e+00
      vertex   3.408038e+02 2.000000e+02 7.000000e+00
    endloop
  endfacet
  facet normal -9.238795e-01 0.000000e+00 3.826834e-01
    outer loop
      vertex   3.408038e+02 2.000000e+02 7.000000e+00
      vertex   3.408038e+02 2.333333e+02 7.000000e+00
      vertex   3.402044e+02 2.000000e+02 5.552914e+00
    endloop
  endfacet
  facet normal -9.238795e-01 0.000000e+00 3.826834e-01
    outer loop
      vertex   3.408038e+02 2.000000e+02 7.000000e+00
      vertex   3.402044e+02 2.000000e+02 5.552914e+00
      vertex   3.402044e+02 1.666667e+02 5.552914e+00
    endloop
  endfacet
  facet normal -9.914449e-01 0.000000e+00 1.305262e-01
    outer loop
      vertex   3.402044e+02 1.666667e+02 5.552914e+00
      vertex   3.402044e+02 2.000000e+02 5.552914e+00
      vertex   3.400000e+02 1.000000e+02 4.000000e+00
    endloop
  endfacet
  facet normal -9.914449e-01 0.000000e+00 1.305262e-01
    outer loop
      vertex   3.402044e+02 1.666667e+02 5.552914e+00
      vertex   3.400000e+02 1.000000e+02 4.000000e+00
      vertex   3.402044e+02 1.333333e+02 5.552914e+00
    endloop
  endfacet
  facet normal -9.987973e-01 3.848843e-03 4.887868e-02
    outer loop
      vertex   3.402044e+02 1.333333e+02 5.552914e+00
      vertex   3.400000e+02 1.000000e+02 4.000000e+00
      vertex   3.400289e+02 1.000289e+02 4.588103e+00
    endloop
  endfacet
  facet normal -9.891969e-01 9.675947e-04 1.465900e-01
    outer loop
      vertex   3.402044e+02 1.333333e+02 5.552914e+00
      vertex   3.400289e+02 1.000289e+02 4.588103e+00
      vertex   3.401153e+02 1.001153e+02 5.170542e+00
    endloop
  endfacet
  facet normal -9.568747e-01 -7.757042e-04 2.905001e-01
    outer loop
      vertex   3.401153e+02 1.001153e+02 5.170542e+00
      vertex   3.404567e+02 1.004567e+02 6.296101e+00
      vertex   3.402044e+02 1.333333e+02 5.552914e+00
    endloop
  endfacet
  facet normal -9.238784e-01 1.561316e-03 3.826830e-01
    outer loop
      vertex   3.402044e+02 1.333333e+02 5.552914e+00
      vertex   3.404567e+02 1.004567e+02 6.296101e+00
      vertex   3.408038e+02 1.333333e+02 7.000000e+00
    endloop
  endfacet
  facet normal -9.238795e-01 0.000000e+00 3.826834e-01
    outer loop
      vertex   3.402044e+02 1.333333e+02 5.552914e+00
      vertex   3.408038e+02 1.333333e+02 7.000000e+00
      vertex   3.408038e+02 1.666667e+02 7.000000e+00
    endloop
  endfacet
  facet normal -7.933533e-01 0.000000e+00 6.087614e-01
    outer loop
      vertex   3.408038e+02 1.666667e+02 7.000000e+00
      vertex   3.408038e+02 1.333333e+02 7.000000e+00
      vertex   3.417574e+02 1.666667e+02 8.242641e+00
    endloop
  endfacet
  facet normal -7.933533e-01 0.000000e+00 6.087614e-01
    outer loop
      vertex   3.408038e+02 1.666667e+02 7.000000e+00
      vertex   3.417574e+02 1.666667e+02 8.242641e+00
      vertex   3.417574e+02 2.000000e+02 8.242641e+00
    endloop
  endfacet
  facet normal -6.087614e-01 0.000000e+00 7.933533e-01
    outer loop
      vertex   3.417574e+02 2.000000e+02 8.242641e+00
      vertex   3.417574e+02 1.666667e+02 8.242641e+00
      vertex   3.430000e+02 2.000000e+02 9.196152e+00
    endloop
  endfacet
  facet normal -6.087614e-01 0.000000e+00 7.933533e-01
    outer loop
      vertex   3.417574e+02 2.000000e+02 8.242641e+00
      vertex   3.430000e+02 2.000000e+02 9.196152e+00
      vertex   3.430000e+02 2.333333e+02 9.196152e+00
    endloop
  endfacet
  facet normal -3.826834e-01 0.000000e+00 9.238795e-01
    outer loop
      vertex   3.430000e+02 2.333333e+02 9.196152e+00
      vertex   3.430000e+02 2.000000e+02 9.196152e+00
      vertex   3.444471e+02 2.333333e+02 9.795555e+00
    endloop
  endfacet
  facet normal -3.826834e-01 0.000000e+00 9.238795e-01
    outer loop
      vertex   3.430000e+02 2.333333e+02 9.196152e+00
      vertex   3.444471e+02 2.333333e+02 9.795555e+00
      vertex   3.444471e+02 2.666667e+02 9.795555e+00
    endloop
  endfacet
  facet normal -1.305262e-01 0.000000e+00 9.914449e-01
    outer loop
      vertex   3.444471e+02 2.666667e+02 9.795555e+00
      vertex   3.444471e+02 2.333333e+02 9.795555e+00
      vertex   3.460000e+02 3.940000e+02 1.000000e+01
    endloop
  endfacet
  facet normal -1.305262e-01 0.000000e+00 9.914449e-01
    outer loop
      vertex   3.444471e+02 2.666667e+02 9.795555e+00
      vertex   3.460000e+02 3.940000e+02 1.000000e+01
      vertex   3.444471e+02 3.000000e+02 9.795555e+00
    endloop
  endfacet
  facet normal -8.817454e-01 -7.899616e-04 4.717250e-01
    outer loop
      vertex   3.404567e+02 1.004567e+02 6.296101e+00
      vertex   3.410112e+02 1.010112e+02 7.333421e+00
      vertex   3.408038e+02 1.333333e+02 7.000000e+00
    endloop
  endfacet
  facet normal -7.933528e-01 1.190649e-03 6.087610e-01
    outer loop
      vertex   3.408038e+02 1.333333e+02 7.000000e+00
      vertex   3.410112e+02 1.010112e+02 7.333421e+00
      vertex   3.417574e+02 1.333333e+02 8.242641e+00
    endloop
  endfacet
  facet normal -7.933533e-01 0.000000e+00 6.087614e-01
    outer loop
      vertex   3.408038e+02 1.333333e+02 7.000000e+00
      vertex   3.417574e+02 1.333333e+02 8.242641e+00
      vertex   3.417574e+02 1.666667e+02 8.242641e+00
    endloop
  endfacet
  facet normal -6.087614e-01 0.000000e+00 7.933533e-01
    outer loop
      vertex   3.417574e+02 1.666667e+02 8.242641e+00
      vertex   3.417574e+02 1.333333e+02 8.242641e+00
      vertex   3.430000e+02 1.666667e+02 9.196152e+00
    endloop
  endfacet
  facet normal -6.087614e-01 0.000000e+00 7.933533e-01
    outer loop
      vertex   3.417574e+02 1.666667e+02 8.242641e+00
      vertex   3.430000e+02 1.666667e+02 9.196152e+00
      vertex   3.430000e+02 2.000000e+02 9.196152e+00
    endloop
  endfacet
  facet normal -3.826834e-01 0.000000e+00 9.238795e-01
    outer loop
      vertex   3.430000e+02 2.000000e+02 9.196152e+00
      vertex   3.430000e+02 1.666667e+02 9.196152e+00
      vertex   3.444471e+02 2.000000e+02 9.795555e+00
    endloop
  endfacet
  facet normal -3.826834e-01 0.000000e+00 9.238795e-01
    outer loop
      vertex   3.430000e+02 2.000000e+02 9.196152e+00
      vertex   3.444471e+02 2.000000e+02 9.795555e+00
      vertex   3.444471e+02 2.333333e+02 9.795555e+00
    endloop
  endfacet
  facet normal -1.305262e-01 0.000000e+00 9.914449e-01
    outer loop
      vertex   3.444471e+02 2.333333e+02 9.795555e+00
      vertex   3.444471e+02 2.000000e+02 9.795555e+00
      vertex   3.460000e+02 3.940000e+02 1.000000e+01
    endloop
  endfacet
  facet normal -7.730105e-01 -7.174332e-17 6.343933e-01
    outer loop
      vertex   3.410112e+02 1.010112e+02 7.333421e+00
      vertex   3.417574e+02 1.017574e+02 8.242641e+00
      vertex   3.417574e+02 1.333333e+02 8.242641e+00
    endloop
  endfacet
  facet normal -6.343933e-01 -8.697387e-17 7.730105e-01
    outer loop
      vertex   3.417574e+02 1.333333e+02 8.242641e+00
      vertex   3.417574e+02 1.017574e+02 8.242641e+00
      vertex   3.426666e+02 1.026666e+02 8.988818e+00
    endloop
  endfacet
  facet normal -6.087609e-01 1.254921e-03 7.933527e-01
    outer loop
      vertex   3.417574e+02 1.333333e+02 8.242641e+00
      vertex   3.426666e+02 1.026666e+02 8.988818e+00
      vertex   3.430000e+02 1.333333e+02 9.196152e+00
    endloop
  endfacet
  facet normal -4.707377e-01 -8.469033e-04 8.822728e-01
    outer loop
      vertex   3.430000e+02 1.333333e+02 9.196152e+00
      vertex   3.426666e+02 1.026666e+02 8.988818e+00
      vertex   3.437039e+02 1.037039e+02 9.543277e+00
    endloop
  endfacet
  facet normal -3.826829e-01 1.732424e-03 9.238781e-01
    outer loop
      vertex   3.430000e+02 1.333333e+02 9.196152e+00
      vertex   3.437039e+02 1.037039e+02 9.543277e+00
      vertex   3.444471e+02 1.333333e+02 9.795555e+00
    endloop
  endfacet
  facet normal -2.894702e-01 -8.892042e-04 9.571866e-01
    outer loop
      vertex   3.444471e+02 1.333333e+02 9.795555e+00
      vertex   3.437039e+02 1.037039e+02 9.543277e+00
      vertex   3.448295e+02 1.048295e+02 9.884712e+00
    endloop
  endfacet
  facet normal -2.270763e-01 0.000000e+00 9.738770e-01
    outer loop
      vertex   3.444471e+02 1.333333e+02 9.795555e+00
      vertex   3.448295e+02 1.048295e+02 9.884712e+00
      vertex   3.444471e+02 1.666667e+02 9.795555e+00
    endloop
  endfacet
  facet normal -2.270763e-01 0.000000e+00 9.738770e-01
    outer loop
      vertex   3.444471e+02 1.666667e+02 9.795555e+00
      vertex   3.448295e+02 1.048295e+02 9.884712e+00
      vertex   3.444471e+02 2.000000e+02 9.795555e+00
    endloop
  endfacet
  facet normal -3.826834e-01 0.000000e+00 9.238795e-01
    outer loop
      vertex   3.444471e+02 1.666667e+02 9.795555e+00
      vertex   3.444471e+02 2.000000e+02 9.795555e+00
      vertex   3.430000e+02 1.666667e+02 9.196152e+00
    endloop
  endfacet
  facet normal -9.801714e-02 0.000000e+00 9.951847e-01
    outer loop
      vertex   3.460000e+02 1.060000e+02 1.000000e+01
      vertex   3.460000e+02 3.940000e+02 1.000000e+01
      vertex   3.448295e+02 1.048295e+02 9.884712e+00
    endloop
  endfacet
  facet normal -1.633534e-01 2.679120e-04 9.865676e-01
    outer loop
      vertex   3.448295e+02 1.048295e+02 9.884712e+00
      vertex   3.460000e+02 3.940000e+02 1.000000e+01
      vertex   3.444471e+02 2.000000e+02 9.795555e+00
    endloop
  endfacet
  facet normal -6.343933e-01 8.967914e-17 7.730105e-01
    outer loop
      vertex   3.426666e+02 3.973334e+02 8.988818e+00
      vertex   3.417574e+02 3.982426e+02 8.242641e+00
      vertex   3.417574e+02 3.666667e+02 8.242641e+00
    endloop
  endfacet
  facet normal -7.730105e-01 7.137761e-17 6.343933e-01
    outer loop
      vertex   3.417574e+02 3.666667e+02 8.242641e+00
      vertex   3.417574e+02 3.982426e+02 8.242641e+00
      vertex   3.410112e+02 3.989888e+02 7.333421e+00
    endloop
  endfacet
  facet normal -7.933528e-01 -1.190649e-03 6.087610e-01
    outer loop
      vertex   3.417574e+02 3.666667e+02 8.242641e+00
      vertex   3.410112e+02 3.989888e+02 7.333421e+00
      vertex   3.408038e+02 3.666667e+02 7.000000e+00
    endloop
  endfacet
  facet normal -8.817454e-01 7.899616e-04 4.717250e-01
    outer loop
      vertex   3.408038e+02 3.666667e+02 7.000000e+00
      vertex   3.410112e+02 3.989888e+02 7.333421e+00
      vertex   3.404567e+02 3.995433e+02 6.296101e+00
    endloop
  endfacet
  facet normal -9.238784e-01 -1.561316e-03 3.826830e-01
    outer loop
      vertex   3.408038e+02 3.666667e+02 7.000000e+00
      vertex   3.404567e+02 3.995433e+02 6.296101e+00
      vertex   3.402044e+02 3.666667e+02 5.552914e+00
    endloop
  endfacet
  facet normal -9.568747e-01 7.757042e-04 2.905001e-01
    outer loop
      vertex   3.402044e+02 3.666667e+02 5.552914e+00
      vertex   3.404567e+02 3.995433e+02 6.296101e+00
      vertex   3.401153e+02 3.998847e+02 5.170542e+00
    endloop
  endfacet
  facet normal -9.891969e-01 -9.675947e-04 1.465900e-01
    outer loop
      vertex   3.402044e+02 3.666667e+02 5.552914e+00
      vertex   3.401153e+02 3.998847e+02 5.170542e+00
      vertex   3.400289e+02 3.999711e+02 4.588103e+00
    endloop
  endfacet
  facet normal -9.238795e-01 0.000000e+00 3.826834e-01
    outer loop
      vertex   3.408038e+02 2.000000e+02 7.000000e+00
      vertex   3.402044e+02 1.666667e+02 5.552914e+00
      vertex   3.408038e+02 1.666667e+02 7.000000e+00
    endloop
  endfacet
  facet normal -9.238795e-01 0.000000e+00 3.826834e-01
    outer loop
      vertex   3.408038e+02 1.666667e+02 7.000000e+00
      vertex   3.402044e+02 1.666667e+02 5.552914e+00
      vertex   3.402044e+02 1.333333e+02 5.552914e+00
    endloop
  endfacet
  facet normal -9.914449e-01 0.000000e+00 1.305262e-01
    outer loop
      vertex   3.402044e+02 2.666667e+02 5.552914e+00
      vertex   3.400000e+02 1.000000e+02 4.000000e+00
      vertex   3.402044e+02 2.333333e+02 5.552914e+00
    endloop
  endfacet
  facet normal -9.914449e-01 0.000000e+00 1.305262e-01
    outer loop
      vertex   3.402044e+02 2.333333e+02 5.552914e+00
      vertex   3.400000e+02 1.000000e+02 4.000000e+00
      vertex   3.402044e+02 2.000000e+02 5.552914e+00
    endloop
  endfacet
  facet normal -9.238795e-01 0.000000e+00 3.826834e-01
    outer loop
      vertex   3.402044e+02 2.333333e+02 5.552914e+00
      vertex   3.402044e+02 2.000000e+02 5.552914e+00
      vertex   3.408038e+02 2.333333e+02 7.000000e+00
    endloop
  endfacet
  facet normal -9.238795e-01 0.000000e+00 3.826834e-01
    outer loop
      vertex   3.402044e+02 2.666667e+02 5.552914e+00
      vertex   3.402044e+02 2.333333e+02 5.552914e+00
      vertex   3.408038e+02 2.666667e+02 7.000000e+00
    endloop
  endfacet
  facet normal -9.238795e-01 0.000000e+00 3.826834e-01
    outer loop
      vertex   3.408038e+02 2.666667e+02 7.000000e+00
      vertex   3.402044e+02 2.333333e+02 5.552914e+00
      vertex   3.408038e+02 2.333333e+02 7.000000e+00
    endloop
  endfacet
  facet normal -7.933533e-01 0.000000e+00 6.087614e-01
    outer loop
      vertex   3.408038e+02 2.666667e+02 7.000000e+00
      vertex   3.408038e+02 2.333333e+02 7.000000e+00
      vertex   3.417574e+02 2.666667e+02 8.242641e+00
    endloop
  endfacet
  facet normal -9.838460e-01 0.000000e+00 1.790169e-01
    outer loop
      vertex   3.402044e+02 3.666667e+02 5.552914e+00
      vertex   3.400289e+02 3.999711e+02 4.588103e+00
      vertex   3.402044e+02 3.333333e+02 5.552914e+00
    endloop
  endfacet
  facet normal -9.838460e-01 0.000000e+00 1.790169e-01
    outer loop
      vertex   3.402044e+02 3.333333e+02 5.552914e+00
      vertex   3.400289e+02 3.999711e+02 4.588103e+00
      vertex   3.402044e+02 3.000000e+02 5.552914e+00
    endloop
  endfacet
  facet normal -9.238795e-01 0.000000e+00 3.826834e-01
    outer loop
      vertex   3.402044e+02 3.333333e+02 5.552914e+00
      vertex   3.402044e+02 3.000000e+02 5.552914e+00
      vertex   3.408038e+02 3.333333e+02 7.000000e+00
    endloop
  endfacet
  facet normal -9.238795e-01 0.000000e+00 3.826834e-01
    outer loop
      vertex   3.408038e+02 3.666667e+02 7.000000e+00
      vertex   3.402044e+02 3.666667e+02 5.552914e+00
      vertex   3.402044e+02 3.333333e+02 5.552914e+00
    endloop
  endfacet
  facet normal -9.238795e-01 0.000000e+00 3.826834e-01
    outer loop
      vertex   3.408038e+02 3.666667e+02 7.000000e+00
      vertex   3.402044e+02 3.333333e+02 5.552914e+00
      vertex   3.408038e+02 3.333333e+02 7.000000e+00
    endloop
  endfacet
  facet normal -7.933533e-01 0.000000e+00 6.087614e-01
    outer loop
      vertex   3.417574e+02 2.333333e+02 8.242641e+00
      vertex   3.408038e+02 2.000000e+02 7.000000e+00
      vertex   3.417574e+02 2.000000e+02 8.242641e+00
    endloop
  endfacet
  facet normal -7.933533e-01 0.000000e+00 6.087614e-01
    outer loop
      vertex   3.417574e+02 2.000000e+02 8.242641e+00
      vertex   3.408038e+02 2.000000e+02 7.000000e+00
      vertex   3.408038e+02 1.666667e+02 7.000000e+00
    endloop
  endfacet
  facet normal -9.238795e-01 0.000000e+00 3.826834e-01
    outer loop
      vertex   3.402044e+02 2.666667e+02 5.552914e+00
      vertex   3.408038e+02 2.666667e+02 7.000000e+00
      vertex   3.408038e+02 3.000000e+02 7.000000e+00
    endloop
  endfacet
  facet normal -7.933533e-01 0.000000e+00 6.087614e-01
    outer loop
      vertex   3.408038e+02 3.000000e+02 7.000000e+00
      vertex   3.408038e+02 2.666667e+02 7.000000e+00
      vertex   3.417574e+02 3.000000e+02 8.242641e+00
    endloop
  endfacet
  facet normal -7.933533e-01 0.000000e+00 6.087614e-01
    outer loop
      vertex   3.408038e+02 3.000000e+02 7.000000e+00
      vertex   3.417574e+02 3.000000e+02 8.242641e+00
      vertex   3.417574e+02 3.333333e+02 8.242641e+00
    endloop
  endfacet
  facet normal -6.087614e-01 0.000000e+00 7.933533e-01
    outer loop
      vertex   3.417574e+02 3.333333e+02 8.242641e+00
      vertex   3.417574e+02 3.000000e+02 8.242641e+00
      vertex   3.430000e+02 3.333333e+02 9.196152e+00
    endloop
  endfacet
  facet normal -6.087614e-01 0.000000e+00 7.933533e-01
    outer loop
      vertex   3.417574e+02 3.333333e+02 8.242641e+00
      vertex   3.430000e+02 3.333333e+02 9.196152e+00
      vertex   3.430000e+02 3.666667e+02 9.196152e+00
    endloop
  endfacet
  facet normal -3.826834e-01 0.000000e+00 9.238795e-01
    outer loop
      vertex   3.430000e+02 3.666667e+02 9.196152e+00
      vertex   3.430000e+02 3.333333e+02 9.196152e+00
      vertex   3.444471e+02 3.666667e+02 9.795555e+00
    endloop
  endfacet
  facet normal -7.933533e-01 0.000000e+00 6.087614e-01
    outer loop
      vertex   3.417574e+02 3.000000e+02 8.242641e+00
      vertex   3.408038e+02 2.666667e+02 7.000000e+00
      vertex   3.417574e+02 2.666667e+02 8.242641e+00
    endloop
  endfacet
  facet normal -7.933533e-01 0.000000e+00 6.087614e-01
    outer loop
      vertex   3.417574e+02 3.666667e+02 8.242641e+00
      vertex   3.408038e+02 3.666667e+02 7.000000e+00
      vertex   3.408038e+02 3.333333e+02 7.000000e+00
    endloop
  endfacet
  facet normal -6.087614e-01 0.000000e+00 7.933533e-01
    outer loop
      vertex   3.430000e+02 2.666667e+02 9.196152e+00
      vertex   3.417574e+02 2.333333e+02 8.242641e+00
      vertex   3.430000e+02 2.333333e+02 9.196152e+00
    endloop
  endfacet
  facet normal -6.087614e-01 0.000000e+00 7.933533e-01
    outer loop
      vertex   3.430000e+02 2.333333e+02 9.196152e+00
      vertex   3.417574e+02 2.333333e+02 8.242641e+00
      vertex   3.417574e+02 2.000000e+02 8.242641e+00
    endloop
  endfacet
  facet normal -6.087614e-01 0.000000e+00 7.933533e-01
    outer loop
      vertex   3.430000e+02 3.333333e+02 9.196152e+00
      vertex   3.417574e+02 3.000000e+02 8.242641e+00
      vertex   3.430000e+02 3.000000e+02 9.196152e+00
    endloop
  endfacet
  facet normal -6.087614e-01 0.000000e+00 7.933533e-01
    outer loop
      vertex   3.430000e+02 3.000000e+02 9.196152e+00
      vertex   3.417574e+02 3.000000e+02 8.242641e+00
      vertex   3.417574e+02 2.666667e+02 8.242641e+00
    endloop
  endfacet
  facet normal -3.826834e-01 0.000000e+00 9.238795e-01
    outer loop
      vertex   3.444471e+02 1.666667e+02 9.795555e+00
      vertex   3.430000e+02 1.666667e+02 9.196152e+00
      vertex   3.430000e+02 1.333333e+02 9.196152e+00
    endloop
  endfacet
  facet normal -6.087614e-01 0.000000e+00 7.933533e-01
    outer loop
      vertex   3.430000e+02 1.333333e+02 9.196152e+00
      vertex   3.430000e+02 1.666667e+02 9.196152e+00
      vertex   3.417574e+02 1.333333e+02 8.242641e+00
    endloop
  endfacet
  facet normal -3.826834e-01 0.000000e+00 9.238795e-01
    outer loop
      vertex   3.444471e+02 1.333333e+02 9.795555e+00
      vertex   3.444471e+02 1.666667e+02 9.795555e+00
      vertex   3.430000e+02 1.333333e+02 9.196152e+00
    endloop
  endfacet
  facet normal -3.826834e-01 0.000000e+00 9.238795e-01
    outer loop
      vertex   3.444471e+02 3.000000e+02 9.795555e+00
      vertex   3.430000e+02 2.666667e+02 9.196152e+00
      vertex   3.444471e+02 2.666667e+02 9.795555e+00
    endloop
  endfacet
  facet normal -3.826834e-01 0.000000e+00 9.238795e-01
    outer loop
      vertex   3.444471e+02 2.666667e+02 9.795555e+00
      vertex   3.430000e+02 2.666667e+02 9.196152e+00
      vertex   3.430000e+02 2.333333e+02 9.196152e+00
    endloop
  endfacet
  facet normal -3.826834e-01 0.000000e+00 9.238795e-01
    outer loop
      vertex   3.444471e+02 3.666667e+02 9.795555e+00
      vertex   3.430000e+02 3.333333e+02 9.196152e+00
      vertex   3.444471e+02 3.333333e+02 9.795555e+00
    endloop
  endfacet
  facet normal -3.826834e-01 0.000000e+00 9.238795e-01
    outer loop
      vertex   3.444471e+02 3.333333e+02 9.795555e+00
      vertex   3.430000e+02 3.333333e+02 9.196152e+00
      vertex   3.430000e+02 3.000000e+02 9.196152e+00
    endloop
  endfacet
  facet normal 9.801714e-02 2.775082e-08 9.951847e-01
    outer loop
      vertex   6.340000e+02 3.940000e+02 1.000000e+01
      vertex   6.340000e+02 3.900000e+02 1.000000e+01
      vertex   6.351705e+02 3.951705e+02 9.884712e+00
    endloop
  endfacet
  facet normal 1.305226e-01 -7.442762e-03 9.914174e-01
    outer loop
      vertex   6.351705e+02 3.951705e+02 9.884712e+00
      vertex   6.340000e+02 3.900000e+02 1.000000e+01
      vertex   6.355529e+02 3.900000e+02 9.795555e+00
    endloop
  endfacet
  facet normal 2.860383e-01 4.630650e-03 9.582070e-01
    outer loop
      vertex   6.351705e+02 3.951705e+02 9.884712e+00
      vertex   6.355529e+02 3.900000e+02 9.795555e+00
      vertex   6.362961e+02 3.962961e+02 9.543277e+00
    endloop
  endfacet
  facet normal 3.826707e-01 -8.152418e-03 9.238488e-01
    outer loop
      vertex   6.362961e+02 3.962961e+02 9.543277e+00
      vertex   6.355529e+02 3.900000e+02 9.795555e+00
      vertex   6.370000e+02 3.900000e+02 9.196152e+00
    endloop
  endfacet
  facet normal 4.685329e-01 3.674895e-03 8.834384e-01
    outer loop
      vertex   6.362961e+02 3.962961e+02 9.543277e+00
      vertex   6.370000e+02 3.900000e+02 9.196152e+00
      vertex   6.373334e+02 3.973334e+02 8.988818e+00
    endloop
  endfacet
  facet normal 6.087530e-01 -5.247561e-03 7.933424e-01
    outer loop
      vertex   6.373334e+02 3.973334e+02 8.988818e+00
      vertex   6.370000e+02 3.900000e+02 9.196152e+00
      vertex   6.382426e+02 3.900000e+02 8.242641e+00
    endloop
  endfacet
  facet normal 6.343933e-01 1.796107e-07 7.730105e-01
    outer loop
      vertex   6.373334e+02 3.973334e+02 8.988818e+00
      vertex   6.382426e+02 3.900000e+02 8.242641e+00
      vertex   6.382426e+02 3.982426e+02 8.242641e+00
    endloop
  endfacet
  facet normal 7.730105e-01 2.188563e-07 6.343933e-01
    outer loop
      vertex   6.382426e+02 3.982426e+02 8.242641e+00
      vertex   6.382426e+02 3.900000e+02 8.242641e+00
      vertex   6.389888e+02 3.989888e+02 7.333421e+00
    endloop
  endfacet
  facet normal 7.933461e-01 -4.281097e-03 6.087559e-01
    outer loop
      vertex   6.389888e+02 3.989888e+02 7.333421e+00
      vertex   6.382426e+02 3.900000e+02 8.242641e+00
      vertex   6.391962e+02 3.900000e+02 7.000000e+00
    endloop
  endfacet
  facet normal 8.812950e-01 2.799511e-03 4.725582e-01
    outer loop
      vertex   6.389888e+02 3.989888e+02 7.333421e+00
      vertex   6.391962e+02 3.900000e+02 7.000000e+00
      vertex   6.395433e+02 3.995433e+02 6.296101e+00
    endloop
  endfacet
  facet normal 9.238662e-01 -5.378403e-03 3.826779e-01
    outer loop
      vertex   6.395433e+02 3.995433e+02 6.296101e+00
      vertex   6.391962e+02 3.900000e+02 7.000000e+00
      vertex   6.397956e+02 3.900000e+02 5.552914e+00
    endloop
  endfacet
  facet normal 9.567153e-01 2.628366e-03 2.910136e-01
    outer loop
      vertex   6.395433e+02 3.995433e+02 6.296101e+00
      vertex   6.397956e+02 3.900000e+02 5.552914e+00
      vertex   6.398847e+02 3.998847e+02 5.170542e+00
    endloop
  endfacet
  facet normal 9.892414e-01 -3.264697e-03 1.462558e-01
    outer loop
      vertex   6.398847e+02 3.998847e+02 5.170542e+00
      vertex   6.397956e+02 3.900000e+02 5.552914e+00
      vertex   6.399711e+02 3.999711e+02 4.588103e+00
    endloop
  endfacet
  facet normal 9.914333e-01 -4.825441e-03 1.305247e-01
    outer loop
      vertex   6.399711e+02 3.999711e+02 4.588103e+00
      vertex   6.397956e+02 3.900000e+02 5.552914e+00
      vertex   6.400000e+02 3.900000e+02 4.000000e+00
    endloop
  endfacet
  facet normal 9.987955e-01 2.827810e-07 4.906767e-02
    outer loop
      vertex   6.399711e+02 3.999711e+02 4.588103e+00
      vertex   6.400000e+02 3.900000e+02 4.000000e+00
      vertex   6.400000e+02 4.000000e+02 4.000000e+00
    endloop
  endfacet
  facet normal -0.000000e+00 1.000000e+00 0.000000e+00
    outer loop
      vertex   3.400000e+02 4.000000e+02 4.000000e+00
      vertex   6.400000e+02 4.000000e+02 4.000000e+00
      vertex   3.400000e+02 4.000000e+02 0.000000e+00
    endloop
  endfacet
  facet normal 0.000000e+00 1.000000e+00 0.000000e+00
    outer loop
      vertex   3.400000e+02 4.000000e+02 0.000000e+00
      vertex   6.400000e+02 4.000000e+02 4.000000e+00
      vertex   6.400000e+02 4.000000e+02 0.000000e+00
    endloop
  endfacet
  facet normal 1.000000e+00 2.831221e-07 0.000000e+00
    outer loop
      vertex   6.400000e+02 4.000000e+02 4.000000e+00
      vertex   6.400000e+02 3.900000e+02 4.000000e+00
      vertex   6.400000e+02 4.000000e+02 0.000000e+00
    endloop
  endfacet
  facet normal 1.000000e+00 2.831221e-07 0.000000e+00
    outer loop
      vertex   6.400000e+02 4.000000e+02 0.000000e+00
      vertex   6.400000e+02 3.900000e+02 4.000000e+00
      vertex   6.400000e+02 3.900000e+02 0.000000e+00
    endloop
  endfacet
  facet normal 1.000000e+00 0.000000e+00 0.000000e+00
    outer loop
      vertex   6.400000e+02 3.900000e+02 4.000000e+00
      vertex   6.400000e+02 1.000000e+02 4.000000e+00
      vertex   6.400000e+02 3.900000e+02 0.000000e+00
    endloop
  endfacet
  facet normal 1.000000e+00 0.000000e+00 0.000000e+00
    outer loop
      vertex   6.400000e+02 3.900000e+02 0.000000e+00
      vertex   6.400000e+02 1.000000e+02 4.000000e+00
      vertex   6.400000e+02 1.000000e+02 0.000000e+00
    endloop
  endfacet
  facet normal 0.000000e+00 -0.000000e+00 1.000000e+00
    outer loop
      vertex   3.500000e+02 3.550500e+02 1.000000e+01
      vertex   3.500000e+02 3.900000e+02 1.000000e+01
      vertex   3.460000e+02 3.940000e+02 1.000000e+01
    endloop
  endfacet
  facet normal 0.000000e+00 0.000000e+00 1.000000e+00
    outer loop
      vertex   3.460000e+02 3.940000e+02 1.000000e+01
      vertex   3.500000e+02 3.900000e+02 1.000000e+01
      vertex   3.849500e+02 3.900000e+02 1.000000e+01
    endloop
  endfacet
  facet normal 0.000000e+00 0.000000e+00 1.000000e+00
    outer loop
      vertex   3.460000e+02 3.940000e+02 1.000000e+01
      vertex   3.849500e+02 3.900000e+02 1.000000e+01
      vertex   3.850500e+02 3.900000e+02 1.000000e+01
    endloop
  endfacet
  facet normal 0.000000e+00 -0.000000e+00 1.000000e+00
    outer loop
      vertex   3.850500e+02 3.900000e+02 1.000000e+01
      vertex   4.199500e+02 3.900000e+02 1.000000e+01
      vertex   3.460000e+02 3.940000e+02 1.000000e+01
    endloop
  endfacet
  facet normal 0.000000e+00 0.000000e+00 1.000000e+00
    outer loop
      vertex   3.460000e+02 3.940000e+02 1.000000e+01
      vertex   4.199500e+02 3.900000e+02 1.000000e+01
      vertex   4.200500e+02 3.900000e+02 1.000000e+01
    endloop
  endfacet
  facet normal 0.000000e+00 0.000000e+00 1.000000e+00
    outer loop
      vertex   3.460000e+02 3.940000e+02 1.000000e+01
      vertex   4.200500e+02 3.900000e+02 1.000000e+01
      vertex   4.549500e+02 3.900000e+02 1.000000e+01
    endloop
  endfacet
  facet normal 0.000000e+00 -0.000000e+00 1.000000e+00
    outer loop
      vertex   4.549500e+02 3.900000e+02 1.000000e+01
      vertex   4.550500e+02 3.900000e+02 1.000000e+01
      vertex   3.460000e+02 3.940000e+02 1.000000e+01
    endloop
  endfacet
  facet normal 0.000000e+00 0.000000e+00 1.000000e+00
    outer loop
      vertex   3.460000e+02 3.940000e+02 1.000000e+01
      vertex   4.550500e+02 3.900000e+02 1.000000e+01
      vertex   4.899500e+02 3.900000e+02 1.000000e+01
    endloop
  endfacet
  facet normal 0.000000e+00 0.000000e+00 1.000000e+00
    outer loop
      vertex   3.460000e+02 3.940000e+02 1.000000e+01
      vertex   4.899500e+02 3.900000e+02 1.000000e+01
      vertex   4.900500e+02 3.900000e+02 1.000000e+01
    endloop
  endfacet
  facet normal -0.000000e+00 0.000000e+00 1.000000e+00
    outer loop
      vertex   3.460000e+02 3.940000e+02 1.000000e+01
      vertex   4.900500e+02 3.900000e+02 1.000000e+01
      vertex   6.340000e+02 3.940000e+02 1.000000e+01
    endloop
  endfacet
  facet normal 0.000000e+00 0.000000e+00 1.000000e+00
    outer loop
      vertex   6.340000e+02 3.940000e+02 1.000000e+01
      vertex   4.900500e+02 3.900000e+02 1.000000e+01
      vertex   5.249500e+02 3.900000e+02 1.000000e+01
    endloop
  endfacet
  facet normal 0.000000e+00 0.000000e+00 1.000000e+00
    outer loop
      vertex   6.340000e+02 3.940000e+02 1.000000e+01
      vertex   5.249500e+02 3.900000e+02 1.000000e+01
      vertex   5.250500e+02 3.900000e+02 1.000000e+01
    endloop
  endfacet
  facet normal 0.000000e+00 0.000000e+00 1.000000e+00
    outer loop
      vertex   5.250500e+02 3.900000e+02 1.000000e+01
      vertex   5.599500e+02 3.900000e+02 1.000000e+01
      vertex   6.340000e+02 3.940000e+02 1.000000e+01
    endloop
  endfacet
  facet normal 0.000000e+00 0.000000e+00 1.000000e+00
    outer loop
      vertex   6.340000e+02 3.940000e+02 1.000000e+01
      vertex   5.599500e+02 3.900000e+02 1.000000e+01
      vertex   5.600500e+02 3.900000e+02 1.000000e+01
    endloop
  endfacet
  facet normal 0.000000e+00 0.000000e+00 1.000000e+00
    outer loop
      vertex   6.340000e+02 3.940000e+02 1.000000e+01
      vertex   5.600500e+02 3.900000e+02 1.000000e+01
      vertex   5.949500e+02 3.900000e+02 1.000000e+01
    endloop
  endfacet
  facet normal 0.000000e+00 0.000000e+00 1.000000e+00
    outer loop
      vertex   5.949500e+02 3.900000e+02 1.000000e+01
      vertex   5.950500e+02 3.900000e+02 1.000000e+01
      vertex   6.340000e+02 3.940000e+02 1.000000e+01
    endloop
  endfacet
  facet normal 0.000000e+00 0.000000e+00 1.000000e+00
    outer loop
      vertex   6.340000e+02 3.940000e+02 1.000000e+01
      vertex   5.950500e+02 3.900000e+02 1.000000e+01
      vertex   6.300000e+02 3.900000e+02 1.000000e+01
    endloop
  endfacet
  facet normal 0.000000e+00 0.000000e+00 1.000000e+00
    outer loop
      vertex   6.340000e+02 3.940000e+02 1.000000e+01
      vertex   6.300000e+02 3.900000e+02 1.000000e+01
      vertex   6.340000e+02 3.900000e+02 1.000000e+01
    endloop
  endfacet
  facet normal 0.000000e+00 0.000000e+00 1.000000e+00
    outer loop
      vertex   6.340000e+02 3.900000e+02 1.000000e+01
      vertex   6.300000e+02 3.900000e+02 1.000000e+01
      vertex   6.300000e+02 3.550500e+02 1.000000e+01
    endloop
  endfacet
  facet normal 0.000000e+00 0.000000e+00 1.000000e+00
    outer loop
      vertex   6.340000e+02 3.900000e+02 1.000000e+01
      vertex   6.300000e+02 3.550500e+02 1.000000e+01
      vertex   6.300000e+02 3.549500e+02 1.000000e+01
    endloop
  endfacet
  facet normal 0.000000e+00 -0.000000e+00 1.000000e+00
    outer loop
      vertex   6.300000e+02 3.549500e+02 1.000000e+01
      vertex   6.300000e+02 3.550500e+02 1.000000e+01
      vertex   5.950500e+02 3.550500e+02 1.000000e+01
    endloop
  endfacet
  facet normal 0.000000e+00 0.000000e+00 1.000000e+00
    outer loop
      vertex   6.300000e+02 3.549500e+02 1.000000e+01
      vertex   5.950500e+02 3.550500e+02 1.000000e+01
      vertex   5.950500e+02 3.549500e+02 1.000000e+01
    endloop
  endfacet
  facet normal -0.000000e+00 0.000000e+00 1.000000e+00
    outer loop
      vertex   6.300000e+02 3.549500e+02 1.000000e+01
      vertex   6.300000e+02 3.200500e+02 1.000000e+01
      vertex   6.340000e+02 3.900000e+02 1.000000e+01
    endloop
  endfacet
  facet normal 0.000000e+00 0.000000e+00 1.000000e+00
    outer loop
      vertex   6.340000e+02 3.900000e+02 1.000000e+01
      vertex   6.300000e+02 3.200500e+02 1.000000e+01
      vertex   6.300000e+02 3.199500e+02 1.000000e+01
    endloop
  endfacet
  facet normal 0.000000e+00 0.000000e+00 1.000000e+00
    outer loop
      vertex   6.340000e+02 3.900000e+02 1.000000e+01
      vertex   6.300000e+02 3.199500e+02 1.000000e+01
      vertex   6.300000e+02 2.850500e+02 1.000000e+01
    endloop
  endfacet
  facet normal 0.000000e+00 0.000000e+00 1.000000e+00
    outer loop
      vertex   6.300000e+02 3.200500e+02 1.000000e+01
      vertex   5.950500e+02 3.200500e+02 1.000000e+01
      vertex   6.300000e+02 3.199500e+02 1.000000e+01
    endloop
  endfacet
  facet normal 0.000000e+00 0.000000e+00 1.000000e+00
    outer loop
      vertex   6.300000e+02 3.199500e+02 1.000000e+01
      vertex   5.950500e+02 3.200500e+02 1.000000e+01
      vertex   5.950500e+02 3.199500e+02 1.000000e+01
    endloop
  endfacet
  facet normal 0.000000e+00 0.000000e+00 1.000000e+00
    outer loop
      vertex   6.340000e+02 3.900000e+02 1.000000e+01
      vertex   6.300000e+02 2.850500e+02 1.000000e+01
      vertex   6.300000e+02 2.849500e+02 1.000000e+01
    endloop
  endfacet
  facet normal 0.000000e+00 -0.000000e+00 1.000000e+00
    outer loop
      vertex   6.300000e+02 2.849500e+02 1.000000e+01
      vertex   6.300000e+02 2.850500e+02 1.000000e+01
      vertex   5.950500e+02 2.850500e+02 1.000000e+01
    endloop
  endfacet
  facet normal 0.000000e+00 0.000000e+00 1.000000e+00
    outer loop
      vertex   6.300000e+02 2.849500e+02 1.000000e+01
      vertex   5.950500e+02 2.850500e+02 1.000000e+01
      vertex   5.950500e+02 2.849500e+02 1.000000e+01
    endloop
  endfacet
  facet normal -0.000000e+00 0.000000e+00 1.000000e+00
    outer loop
      vertex   6.300000e+02 2.849500e+02 1.000000e+01
      vertex   6.300000e+02 2.500500e+02 1.000000e+01
      vertex   6.340000e+02 3.900000e+02 1.000000e+01
    endloop
  endfacet
  facet normal 0.000000e+00 0.000000e+00 1.000000e+00
    outer loop
      vertex   6.340000e+02 3.900000e+02 1.000000e+01
      vertex   6.300000e+02 2.500500e+02 1.000000e+01
      vertex   6.300000e+02 2.499500e+02 1.000000e+01
    endloop
  endfacet
  facet normal 0.000000e+00 0.000000e+00 1.000000e+00
    outer loop
      vertex   6.340000e+02 3.900000e+02 1.000000e+01
      vertex   6.300000e+02 2.499500e+02 1.000000e+01
      vertex   6.340000e+02 1.060000e+02 1.000000e+01
    endloop
  endfacet
  facet normal 0.000000e+00 0.000000e+00 1.000000e+00
    outer loop
      vertex   6.340000e+02 1.060000e+02 1.000000e+01
      vertex   6.300000e+02 2.499500e+02 1.000000e+01
      vertex   6.300000e+02 2.150500e+02 1.000000e+01
    endloop
  endfacet
  facet normal 0.000000e+00 0.000000e+00 1.000000e+00
    outer loop
      vertex   6.340000e+02 1.060000e+02 1.000000e+01
      vertex   6.300000e+02 2.150500e+02 1.000000e+01
      vertex   6.300000e+02 2.149500e+02 1.000000e+01
    endloop
  endfacet
  facet normal 0.000000e+00 -0.000000e+00 1.000000e+00
    outer loop
      vertex   6.300000e+02 2.149500e+02 1.000000e+01
      vertex   6.300000e+02 2.150500e+02 1.000000e+01
      vertex   5.950500e+02 2.150500e+02 1.000000e+01
    endloop
  endfacet
  facet normal 0.000000e+00 0.000000e+00 1.000000e+00
    outer loop
      vertex   6.300000e+02 2.149500e+02 1.000000e+01
      vertex   5.950500e+02 2.150500e+02 1.000000e+01
      vertex   5.950500e+02 2.149500e+02 1.000000e+01
    endloop
  endfacet
  facet normal 0.000000e+00 0.000000e+00 1.000000e+00
    outer loop
      vertex   6.300000e+02 2.500500e+02 1.000000e+01
      vertex   5.950500e+02 2.500500e+02 1.000000e+01
      vertex   6.300000e+02 2.499500e+02 1.000000e+01
    endloop
  endfacet
  facet normal 0.000000e+00 0.000000e+00 1.000000e+00
    outer loop
      vertex   6.300000e+02 2.499500e+02 1.000000e+01
      vertex   5.950500e+02 2.500500e+02 1.000000e+01
      vertex   5.950500e+02 2.499500e+02 1.000000e+01
    endloop
  endfacet
  facet normal 0.000000e+00 0.000000e+00 1.000000e+00
    outer loop
      vertex   6.300000e+02 2.149500e+02 1.000000e+01
      vertex   6.300000e+02 1.800500e+02 1.000000e+01
      vertex   6.340000e+02 1.060000e+02 1.000000e+01
    endloop
  endfacet
  facet normal 0.000000e+00 0.000000e+00 1.000000e+00
    outer loop
      vertex   6.340000e+02 1.060000e+02 1.000000e+01
      vertex   6.300000e+02 1.800500e+02 1.000000e+01
      vertex   6.300000e+02 1.799500e+02 1.000000e+01
    endloop
  endfacet
  facet normal 0.000000e+00 0.000000e+00 1.000000e+00
    outer loop
      vertex   6.340000e+02 1.060000e+02 1.000000e+01
      vertex   6.300000e+02 1.799500e+02 1.000000e+01
      vertex   6.300000e+02 1.450500e+02 1.000000e+01
    endloop
  endfacet
  facet normal 0.000000e+00 0.000000e+00 1.000000e+00
    outer loop
      vertex   6.300000e+02 1.800500e+02 1.000000e+01
      vertex   5.950500e+02 1.800500e+02 1.000000e+01
      vertex   6.300000e+02 1.799500e+02 1.000000e+01
    endloop
  endfacet
  facet normal 0.000000e+00 0.000000e+00 1.000000e+00
    outer loop
      vertex   6.300000e+02 1.799500e+02 1.000000e+01
      vertex   5.950500e+02 1.800500e+02 1.000000e+01
      vertex   5.950500e+02 1.799500e+02 1.000000e+01
    endloop
  endfacet
  facet normal 0.000000e+00 0.000000e+00 1.000000e+00
    outer loop
      vertex   6.340000e+02 1.060000e+02 1.000000e+01
      vertex   6.300000e+02 1.450500e+02 1.000000e+01
      vertex   6.300000e+02 1.449500e+02 1.000000e+01
    endloop
  endfacet
  facet normal 0.000000e+00 -0.000000e+00 1.000000e+00
    outer loop
      vertex   6.300000e+02 1.449500e+02 1.000000e+01
      vertex   6.300000e+02 1.450500e+02 1.000000e+01
      vertex   5.950500e+02 1.450500e+02 1.000000e+01
    endloop
  endfacet
  facet normal 0.000000e+00 0.000000e+00 1.000000e+00
    outer loop
      vertex   6.300000e+02 1.449500e+02 1.000000e+01
      vertex   5.950500e+02 1.450500e+02 1.000000e+01
      vertex   5.950500e+02 1.449500e+02 1.000000e+01
    endloop
  endfacet
  facet normal 0.000000e+00 0.000000e+00 1.000000e+00
    outer loop
      vertex   6.300000e+02 1.449500e+02 1.000000e+01
      vertex   6.300000e+02 1.100000e+02 1.000000e+01
      vertex   6.340000e+02 1.060000e+02 1.000000e+01
    endloop
  endfacet
  facet normal 0.000000e+00 0.000000e+00 1.000000e+00
    outer loop
      vertex   6.340000e+02 1.060000e+02 1.000000e+01
      vertex   6.300000e+02 1.100000e+02 1.000000e+01
      vertex   5.950500e+02 1.100000e+02 1.000000e+01
    endloop
  endfacet
  facet normal 0.000000e+00 0.000000e+00 1.000000e+00
    outer loop
      vertex   6.340000e+02 1.060000e+02 1.000000e+01
      vertex   5.950500e+02 1.100000e+02 1.000000e+01
      vertex   5.949500e+02 1.100000e+02 1.000000e+01
    endloop
  endfacet
  facet normal 0.000000e+00 0.000000e+00 1.000000e+00
    outer loop
      vertex   5.949500e+02 1.100000e+02 1.000000e+01
      vertex   5.600500e+02 1.100000e+02 1.000000e+01
      vertex   6.340000e+02 1.060000e+02 1.000000e+01
    endloop
  endfacet
  facet normal 0.000000e+00 0.000000e+00 1.000000e+00
    outer loop
      vertex   6.340000e+02 1.060000e+02 1.000000e+01
      vertex   5.600500e+02 1.100000e+02 1.000000e+01
      vertex   5.599500e+02 1.100000e+02 1.000000e+01
    endloop
  endfacet
  facet normal 0.000000e+00 0.000000e+00 1.000000e+00
    outer loop
      vertex   6.340000e+02 1.060000e+02 1.000000e+01
      vertex   5.599500e+02 1.100000e+02 1.000000e+01
      vertex   5.250500e+02 1.100000e+02 1.000000e+01
    endloop
  endfacet
  facet normal 0.000000e+00 0.000000e+00 1.000000e+00
    outer loop
      vertex   5.250500e+02 1.100000e+02 1.000000e+01
      vertex   5.249500e+02 1.100000e+02 1.000000e+01
      vertex   6.340000e+02 1.060000e+02 1.000000e+01
    endloop
  endfacet
  facet normal 0.000000e+00 0.000000e+00 1.000000e+00
    outer loop
      vertex   6.340000e+02 1.060000e+02 1.000000e+01
      vertex   5.249500e+02 1.100000e+02 1.000000e+01
      vertex   4.900500e+02 1.100000e+02 1.000000e+01
    endloop
  endfacet
  facet normal 0.000000e+00 0.000000e+00 1.000000e+00
    outer loop
      vertex   6.340000e+02 1.060000e+02 1.000000e+01
      vertex   4.900500e+02 1.100000e+02 1.000000e+01
      vertex   4.899500e+02 1.100000e+02 1.000000e+01
    endloop
  endfacet
  facet normal 0.000000e+00 0.000000e+00 1.000000e+00
    outer loop
      vertex   6.340000e+02 1.060000e+02 1.000000e+01
      vertex   4.899500e+02 1.100000e+02 1.000000e+01
      vertex   3.460000e+02 1.060000e+02 1.000000e+01
    endloop
  endfacet
  facet normal 0.000000e+00 0.000000e+00 1.000000e+00
    outer loop
      vertex   3.460000e+02 1.060000e+02 1.000000e+01
      vertex   4.899500e+02 1.100000e+02 1.000000e+01
      vertex   4.550500e+02 1.100000e+02 1.000000e+01
    endloop
  endfacet
  facet normal 0.000000e+00 0.000000e+00 1.000000e+00
    outer loop
      vertex   3.460000e+02 1.060000e+02 1.000000e+01
      vertex   4.550500e+02 1.100000e+02 1.000000e+01
      vertex   4.549500e+02 1.100000e+02 1.000000e+01
    endloop
  endfacet
  facet normal 0.000000e+00 0.000000e+00 1.000000e+00
    outer loop
      vertex   4.549500e+02 1.100000e+02 1.000000e+01
      vertex   4.200500e+02 1.100000e+02 1.000000e+01
      vertex   3.460000e+02 1.060000e+02 1.000000e+01
    endloop
  endfacet
  facet normal 0.000000e+00 0.000000e+00 1.000000e+00
    outer loop
      vertex   3.460000e+02 1.060000e+02 1.000000e+01
      vertex   4.200500e+02 1.100000e+02 1.000000e+01
      vertex   4.199500e+02 1.100000e+02 1.000000e+01
    endloop
  endfacet
  facet normal 0.000000e+00 0.000000e+00 1.000000e+00
    outer loop
      vertex   3.460000e+02 1.060000e+02 1.000000e+01
      vertex   4.199500e+02 1.100000e+02 1.000000e+01
      vertex   3.850500e+02 1.100000e+02 1.000000e+01
    endloop
  endfacet
  facet normal 0.000000e+00 0.000000e+00 1.000000e+00
    outer loop
      vertex   3.850500e+02 1.100000e+02 1.000000e+01
      vertex   3.849500e+02 1.100000e+02 1.000000e+01
      vertex   3.460000e+02 1.060000e+02 1.000000e+01
    endloop
  endfacet
  facet normal 0.000000e+00 0.000000e+00 1.000000e+00
    outer loop
      vertex   3.460000e+02 1.060000e+02 1.000000e+01
      vertex   3.849500e+02 1.100000e+02 1.000000e+01
      vertex   3.500000e+02 1.100000e+02 1.000000e+01
    endloop
  endfacet
  facet normal 0.000000e+00 0.000000e+00 1.000000e+00
    outer loop
      vertex   3.460000e+02 1.060000e+02 1.000000e+01
      vertex   3.500000e+02 1.100000e+02 1.000000e+01
      vertex   3.500000e+02 1.449500e+02 1.000000e+01
    endloop
  endfacet
  facet normal 0.000000e+00 0.000000e+00 1.000000e+00
    outer loop
      vertex   3.460000e+02 1.060000e+02 1.000000e+01
      vertex   3.500000e+02 1.449500e+02 1.000000e+01
      vertex   3.500000e+02 1.450500e+02 1.000000e+01
    endloop
  endfacet
  facet normal 0.000000e+00 0.000000e+00 1.000000e+00
    outer loop
      vertex   3.500000e+02 1.450500e+02 1.000000e+01
      vertex   3.500000e+02 1.449500e+02 1.000000e+01
      vertex   3.849500e+02 1.449500e+02 1.000000e+01
    endloop
  endfacet
  facet normal -0.000000e+00 0.000000e+00 1.000000e+00
    outer loop
      vertex   3.500000e+02 1.450500e+02 1.000000e+01
      vertex   3.849500e+02 1.449500e+02 1.000000e+01
      vertex   3.849500e+02 1.450500e+02 1.000000e+01
    endloop
  endfacet
  facet normal 0.000000e+00 -0.000000e+00 1.000000e+00
    outer loop
      vertex   3.500000e+02 1.450500e+02 1.000000e+01
      vertex   3.500000e+02 1.799500e+02 1.000000e+01
      vertex   3.460000e+02 1.060000e+02 1.000000e+01
    endloop
  endfacet
  facet normal 0.000000e+00 0.000000e+00 1.000000e+00
    outer loop
      vertex   3.460000e+02 1.060000e+02 1.000000e+01
      vertex   3.500000e+02 1.799500e+02 1.000000e+01
      vertex   3.500000e+02 1.800500e+02 1.000000e+01
    endloop
  endfacet
  facet normal 0.000000e+00 0.000000e+00 1.000000e+00
    outer loop
      vertex   3.460000e+02 1.060000e+02 1.000000e+01
      vertex   3.500000e+02 1.800500e+02 1.000000e+01
      vertex   3.500000e+02 2.149500e+02 1.000000e+01
    endloop
  endfacet
  facet normal 0.000000e+00 0.000000e+00 1.000000e+00
    outer loop
      vertex   3.500000e+02 1.799500e+02 1.000000e+01
      vertex   3.849500e+02 1.799500e+02 1.000000e+01
      vertex   3.500000e+02 1.800500e+02 1.000000e+01
    endloop
  endfacet
  facet normal -0.000000e+00 0.000000e+00 1.000000e+00
    outer loop
      vertex   3.500000e+02 1.800500e+02 1.000000e+01
      vertex   3.849500e+02 1.799500e+02 1.000000e+01
      vertex   3.849500e+02 1.800500e+02 1.000000e+01
    endloop
  endfacet
  facet normal 0.000000e+00 0.000000e+00 1.000000e+00
    outer loop
      vertex   3.460000e+02 1.060000e+02 1.000000e+01
      vertex   3.500000e+02 2.149500e+02 1.000000e+01
      vertex   3.500000e+02 2.150500e+02 1.000000e+01
    endloop
  endfacet
  facet normal 0.000000e+00 0.000000e+00 1.000000e+00
    outer loop
      vertex   3.500000e+02 2.150500e+02 1.000000e+01
      vertex   3.500000e+02 2.149500e+02 1.000000e+01
      vertex   3.849500e+02 2.149500e+02 1.000000e+01
    endloop
  endfacet
  facet normal -0.000000e+00 0.000000e+00 1.000000e+00
    outer loop
      vertex   3.500000e+02 2.150500e+02 1.000000e+01
      vertex   3.849500e+02 2.149500e+02 1.000000e+01
      vertex   3.849500e+02 2.150500e+02 1.000000e+01
    endloop
  endfacet
  facet normal 0.000000e+00 -0.000000e+00 1.000000e+00
    outer loop
      vertex   3.500000e+02 2.150500e+02 1.000000e+01
      vertex   3.500000e+02 2.499500e+02 1.000000e+01
      vertex   3.460000e+02 1.060000e+02 1.000000e+01
    endloop
  endfacet
  facet normal 0.000000e+00 0.000000e+00 1.000000e+00
    outer loop
      vertex   3.460000e+02 1.060000e+02 1.000000e+01
      vertex   3.500000e+02 2.499500e+02 1.000000e+01
      vertex   3.500000e+02 2.500500e+02 1.000000e+01
    endloop
  endfacet
  facet normal 0.000000e+00 0.000000e+00 1.000000e+00
    outer loop
      vertex   3.460000e+02 1.060000e+02 1.000000e+01
      vertex   3.500000e+02 2.500500e+02 1.000000e+01
      vertex   3.460000e+02 3.940000e+02 1.000000e+01
    endloop
  endfacet
  facet normal 0.000000e+00 0.000000e+00 1.000000e+00
    outer loop
      vertex   3.460000e+02 3.940000e+02 1.000000e+01
      vertex   3.500000e+02 2.500500e+02 1.000000e+01
      vertex   3.500000e+02 2.849500e+02 1.000000e+01
    endloop
  endfacet
  facet normal 0.000000e+00 0.000000e+00 1.000000e+00
    outer loop
      vertex   3.460000e+02 3.940000e+02 1.000000e+01
      vertex   3.500000e+02 2.849500e+02 1.000000e+01
      vertex   3.500000e+02 2.850500e+02 1.000000e+01
    endloop
  endfacet
  facet normal 0.000000e+00 0.000000e+00 1.000000e+00
    outer loop
      vertex   3.500000e+02 2.850500e+02 1.000000e+01
      vertex   3.500000e+02 2.849500e+02 1.000000e+01
      vertex   3.849500e+02 2.849500e+02 1.000000e+01
    endloop
  endfacet
  facet normal -0.000000e+00 0.000000e+00 1.000000e+00
    outer loop
      vertex   3.500000e+02 2.850500e+02 1.000000e+01
      vertex   3.849500e+02 2.849500e+02 1.000000e+01
      vertex   3.849500e+02 2.850500e+02 1.000000e+01
    endloop
  endfacet
  facet normal 0.000000e+00 0.000000e+00 1.000000e+00
    outer loop
      vertex   3.500000e+02 2.499500e+02 1.000000e+01
      vertex   3.849500e+02 2.499500e+02 1.000000e+01
      vertex   3.500000e+02 2.500500e+02 1.000000e+01
    endloop
  endfacet
  facet normal -0.000000e+00 0.000000e+00 1.000000e+00
    outer loop
      vertex   3.500000e+02 2.500500e+02 1.000000e+01
      vertex   3.849500e+02 2.499500e+02 1.000000e+01
      vertex   3.849500e+02 2.500500e+02 1.000000e+01
    endloop
  endfacet
  facet normal 0.000000e+00 -0.000000e+00 1.000000e+00
    outer loop
      vertex   3.500000e+02 2.850500e+02 1.000000e+01
      vertex   3.500000e+02 3.199500e+02 1.000000e+01
      vertex   3.460000e+02 3.940000e+02 1.000000e+01
    endloop
  endfacet
  facet normal 0.000000e+00 0.000000e+00 1.000000e+00
    outer loop
      vertex   3.460000e+02 3.940000e+02 1.000000e+01
      vertex   3.500000e+02 3.199500e+02 1.000000e+01
      vertex   3.500000e+02 3.200500e+02 1.000000e+01
    endloop
  endfacet
  facet normal 0.000000e+00 0.000000e+00 1.000000e+00
    outer loop
      vertex   3.460000e+02 3.940000e+02 1.000000e+01
      vertex   3.500000e+02 3.200500e+02 1.000000e+01
      vertex   3.500000e+02 3.549500e+02 1.000000e+01
    endloop
  endfacet
  facet normal 0.000000e+00 0.000000e+00 1.000000e+00
    outer loop
      vertex   3.500000e+02 3.199500e+02 1.000000e+01
      vertex   3.849500e+02 3.199500e+02 1.000000e+01
      vertex   3.500000e+02 3.200500e+02 1.000000e+01
    endloop
  endfacet
  facet normal -0.000000e+00 0.000000e+00 1.000000e+00
    outer loop
      vertex   3.500000e+02 3.200500e+02 1.000000e+01
      vertex   3.849500e+02 3.199500e+02 1.000000e+01
      vertex   3.849500e+02 3.200500e+02 1.000000e+01
    endloop
  endfacet
  facet normal 0.000000e+00 0.000000e+00 1.000000e+00
    outer loop
      vertex   3.460000e+02 3.940000e+02 1.000000e+01
      vertex   3.500000e+02 3.549500e+02 1.000000e+01
      vertex   3.500000e+02 3.550500e+02 1.000000e+01
    endloop
  endfacet
  facet normal 0.000000e+00 0.000000e+00 1.000000e+00
    outer loop
      vertex   3.500000e+02 3.550500e+02 1.000000e+01
      vertex   3.500000e+02 3.549500e+02 1.000000e+01
      vertex   3.849500e+02 3.549500e+02 1.000000e+01
    endloop
  endfacet
  facet normal -0.000000e+00 0.000000e+00 1.000000e+00
    outer loop
      vertex   3.500000e+02 3.550500e+02 1.000000e+01
      vertex   3.849500e+02 3.549500e+02 1.000000e+01
      vertex   3.849500e+02 3.550500e+02 1.000000e+01
    endloop
  endfacet
  facet normal 1.000000e+00 0.000000e+00 0.000000e+00
    outer loop
      vertex   6.300000e+02 3.550500e+02 1.000000e+01
      vertex   6.300000e+02 3.900000e+02 1.000000e+01
      vertex   6.300000e+02 3.550500e+02 1.500000e+01
    endloop
  endfacet
  facet normal 1.000000e+00 -0.000000e+00 0.000000e+00
    outer loop
      vertex   6.300000e+02 3.550500e+02 1.500000e+01
      vertex   6.300000e+02 3.900000e+02 1.000000e+01
      vertex   6.300000e+02 3.900000e+02 1.500000e+01
    endloop
  endfacet
  facet normal 0.000000e+00 1.000000e+00 -0.000000e+00
    outer loop
      vertex   3.849500e+02 3.900000e+02 1.000000e+01
      vertex   3.500000e+02 3.900000e+02 1.000000e+01
      vertex   3.849500e+02 3.900000e+02 1.500000e+01
    endloop
  endfacet
  facet normal 0.000000e+00 1.000000e+00 0.000000e+00
    outer loop
      vertex   3.849500e+02 3.900000e+02 1.500000e+01
      vertex   3.500000e+02 3.900000e+02 1.000000e+01
      vertex   3.500000e+02 3.900000e+02 1.500000e+01
    endloop
  endfacet
  facet normal -0.000000e+00 -1.000000e+00 -0.000000e+00
    outer loop
      vertex   3.849500e+02 1.100000e+02 1.500000e+01
      vertex   3.500000e+02 1.100000e+02 1.500000e+01
      vertex   3.849500e+02 1.100000e+02 1.000000e+01
    endloop
  endfacet
  facet normal 0.000000e+00 -1.000000e+00 0.000000e+00
    outer loop
      vertex   3.849500e+02 1.100000e+02 1.000000e+01
      vertex   3.500000e+02 1.100000e+02 1.500000e+01
      vertex   3.500000e+02 1.100000e+02 1.000000e+01
    endloop
  endfacet
  facet normal -1.000000e+00 0.000000e+00 0.000000e+00
    outer loop
      vertex   3.500000e+02 3.550500e+02 1.500000e+01
      vertex   3.500000e+02 3.900000e+02 1.500000e+01
      vertex   3.500000e+02 3.550500e+02 1.000000e+01
    endloop
  endfacet
  facet normal -1.000000e+00 0.000000e+00 0.000000e+00
    outer loop
      vertex   3.500000e+02 3.550500e+02 1.000000e+01
      vertex   3.500000e+02 3.900000e+02 1.500000e+01
      vertex   3.500000e+02 3.900000e+02 1.000000e+01
    endloop
  endfacet
  facet normal 0.000000e+00 0.000000e+00 1.000000e+00
    outer loop
      vertex   3.500000e+02 3.550500e+02 1.500000e+01
      vertex   3.849500e+02 3.550500e+02 1.500000e+01
      vertex   3.500000e+02 3.900000e+02 1.500000e+01
    endloop
  endfacet
  facet normal -0.000000e+00 0.000000e+00 1.000000e+00
    outer loop
      vertex   3.500000e+02 3.900000e+02 1.500000e+01
      vertex   3.849500e+02 3.550500e+02 1.500000e+01
      vertex   3.849500e+02 3.900000e+02 1.500000e+01
    endloop
  endfacet
  facet normal -1.000000e+00 0.000000e+00 0.000000e+00
    outer loop
      vertex   3.400000e+02 1.000000e+02 4.000000e+00
      vertex   3.400000e+02 4.000000e+02 4.000000e+00
      vertex   3.400000e+02 1.000000e+02 0.000000e+00
    endloop
  endfacet
  facet normal -1.000000e+00 0.000000e+00 0.000000e+00
    outer loop
      vertex   3.400000e+02 1.000000e+02 0.000000e+00
      vertex   3.400000e+02 4.000000e+02 4.000000e+00
      vertex   3.400000e+02 4.000000e+02 0.000000e+00
    endloop
  endfacet
  facet normal -0.000000e+00 -1.000000e+00 -0.000000e+00
    outer loop
      vertex   6.400000e+02 1.000000e+02 4.000000e+00
      vertex   3.400000e+02 1.000000e+02 4.000000e+00
      vertex   6.400000e+02 1.000000e+02 0.000000e+00
    endloop
  endfacet
  facet normal 0.000000e+00 -1.000000e+00 0.000000e+00
    outer loop
      vertex   6.400000e+02 1.000000e+02 0.000000e+00
      vertex   3.400000e+02 1.000000e+02 4.000000e+00
      vertex   3.400000e+02 1.000000e+02 0.000000e+00
    endloop
  endfacet
  facet normal 0.000000e+00 0.000000e+00 -1.000000e+00
    outer loop
      vertex   6.400000e+02 1.000000e+02 0.000000e+00
      vertex   3.400000e+02 1.000000e+02 0.000000e+00
      vertex   6.400000e+02 3.900000e+02 0.000000e+00
    endloop
  endfacet
  facet normal -0.000000e+00 0.000000e+00 -1.000000e+00
    outer loop
      vertex   6.400000e+02 3.900000e+02 0.000000e+00
      vertex   3.400000e+02 1.000000e+02 0.000000e+00
      vertex   3.400000e+02 4.000000e+02 0.000000e+00
    endloop
  endfacet
  facet normal 0.000000e+00 0.000000e+00 -1.000000e+00
    outer loop
      vertex   6.400000e+02 3.900000e+02 0.000000e+00
      vertex   3.400000e+02 4.000000e+02 0.000000e+00
      vertex   6.400000e+02 4.000000e+02 0.000000e+00
    endloop
  endfacet
endsolid
