solid ASCII
  facet normal -1.000000e+00 -0.000000e+00 -0.000000e+00
    outer loop
      vertex   -5.449500e+02 1.194606e+02 7.946082e+01
      vertex   -5.449500e+02 1.194606e+02 9.460825e+00
      vertex   -5.449500e+02 8.451060e+01 7.946082e+01
    endloop
  endfacet
  facet normal -1.000000e+00 0.000000e+00 0.000000e+00
    outer loop
      vertex   -5.449500e+02 8.451060e+01 7.946082e+01
      vertex   -5.449500e+02 1.194606e+02 9.460825e+00
      vertex   -5.449500e+02 8.451060e+01 9.460825e+00
    endloop
  endfacet
  facet normal -1.000000e+00 0.000000e+00 0.000000e+00
    outer loop
      vertex   -5.449500e+02 8.451060e+01 9.460825e+00
      vertex   -5.449500e+02 1.194606e+02 9.460825e+00
      vertex   -5.449500e+02 8.451060e+01 4.460825e+00
    endloop
  endfacet
  facet normal -1.000000e+00 0.000000e+00 0.000000e+00
    outer loop
      vertex   -5.449500e+02 8.451060e+01 4.460825e+00
      vertex   -5.449500e+02 1.194606e+02 9.460825e+00
      vertex   -5.449500e+02 1.195606e+02 9.460825e+00
    endloop
  endfacet
  facet normal -1.000000e+00 0.000000e+00 0.000000e+00
    outer loop
      vertex   -5.449500e+02 8.451060e+01 4.460825e+00
      vertex   -5.449500e+02 1.195606e+02 9.460825e+00
      vertex   -5.449500e+02 1.544606e+02 9.460825e+00
    endloop
  endfacet
  facet normal -1.000000e+00 0.000000e+00 0.000000e+00
    outer loop
      vertex   -5.449500e+02 1.544606e+02 9.460825e+00
      vertex   -5.449500e+02 1.195606e+02 9.460825e+00
      vertex   -5.449500e+02 1.195606e+02 6.946082e+01
    endloop
  endfacet
  facet normal -1.000000e+00 0.000000e+00 0.000000e+00
    outer loop
      vertex   -5.449500e+02 1.544606e+02 9.460825e+00
      vertex   -5.449500e+02 1.195606e+02 6.946082e+01
      vertex   -5.449500e+02 1.544606e+02 6.946082e+01
    endloop
  endfacet
  facet normal -1.000000e+00 0.000000e+00 0.000000e+00
    outer loop
      vertex   -5.449500e+02 8.451060e+01 4.460825e+00
      vertex   -5.449500e+02 1.544606e+02 9.460825e+00
      vertex   -5.449500e+02 2.244606e+02 4.460825e+00
    endloop
  endfacet
  facet normal -1.000000e+00 0.000000e+00 0.000000e+00
    outer loop
      vertex   -5.449500e+02 2.244606e+02 4.460825e+00
      vertex   -5.449500e+02 1.544606e+02 9.460825e+00
      vertex   -5.449500e+02 1.545606e+02 9.460825e+00
    endloop
  endfacet
  facet normal -1.000000e+00 0.000000e+00 0.000000e+00
    outer loop
      vertex   -5.449500e+02 2.244606e+02 4.460825e+00
      vertex   -5.449500e+02 1.545606e+02 9.460825e+00
      vertex   -5.449500e+02 1.894606e+02 9.460825e+00
    endloop
  endfacet
  facet normal -1.000000e+00 0.000000e+00 0.000000e+00
    outer loop
      vertex   -5.449500e+02 1.894606e+02 9.460825e+00
      vertex   -5.449500e+02 1.545606e+02 9.460825e+00
      vertex   -5.449500e+02 1.545606e+02 4.946082e+01
    endloop
  endfacet
  facet normal -1.000000e+00 0.000000e+00 0.000000e+00
    outer loop
      vertex   -5.449500e+02 1.894606e+02 9.460825e+00
      vertex   -5.449500e+02 1.545606e+02 4.946082e+01
      vertex   -5.449500e+02 1.894606e+02 4.946082e+01
    endloop
  endfacet
  facet normal -1.000000e+00 0.000000e+00 0.000000e+00
    outer loop
      vertex   -5.449500e+02 1.894606e+02 9.460825e+00
      vertex   -5.449500e+02 1.895606e+02 9.460825e+00
      vertex   -5.449500e+02 2.244606e+02 4.460825e+00
    endloop
  endfacet
  facet normal -1.000000e+00 0.000000e+00 0.000000e+00
    outer loop
      vertex   -5.449500e+02 2.244606e+02 4.460825e+00
      vertex   -5.449500e+02 1.895606e+02 9.460825e+00
      vertex   -5.449500e+02 2.244606e+02 3.946082e+01
    endloop
  endfacet
  facet normal -1.000000e+00 -0.000000e+00 0.000000e+00
    outer loop
      vertex   -5.449500e+02 2.244606e+02 3.946082e+01
      vertex   -5.449500e+02 1.895606e+02 9.460825e+00
      vertex   -5.449500e+02 1.895606e+02 3.946082e+01
    endloop
  endfacet
  facet normal -1.000000e+00 0.000000e+00 0.000000e+00
    outer loop
      vertex   -5.449500e+02 3.295606e+02 7.946082e+01
      vertex   -5.449500e+02 3.645106e+02 9.460825e+00
      vertex   -5.449500e+02 3.295606e+02 9.460825e+00
    endloop
  endfacet
  facet normal -1.000000e+00 0.000000e+00 0.000000e+00
    outer loop
      vertex   -5.449500e+02 3.295606e+02 9.460825e+00
      vertex   -5.449500e+02 3.645106e+02 9.460825e+00
      vertex   -5.449500e+02 3.645106e+02 4.460825e+00
    endloop
  endfacet
  facet normal -1.000000e+00 -0.000000e+00 -0.000000e+00
    outer loop
      vertex   -5.449500e+02 3.295606e+02 9.460825e+00
      vertex   -5.449500e+02 3.645106e+02 4.460825e+00
      vertex   -5.449500e+02 3.294606e+02 9.460825e+00
    endloop
  endfacet
  facet normal -1.000000e+00 -0.000000e+00 -0.000000e+00
    outer loop
      vertex   -5.449500e+02 3.294606e+02 9.460825e+00
      vertex   -5.449500e+02 3.645106e+02 4.460825e+00
      vertex   -5.449500e+02 2.945606e+02 9.460825e+00
    endloop
  endfacet
  facet normal -1.000000e+00 0.000000e+00 0.000000e+00
    outer loop
      vertex   -5.449500e+02 3.294606e+02 9.460825e+00
      vertex   -5.449500e+02 2.945606e+02 9.460825e+00
      vertex   -5.449500e+02 2.945606e+02 6.946082e+01
    endloop
  endfacet
  facet normal -1.000000e+00 0.000000e+00 0.000000e+00
    outer loop
      vertex   -5.449500e+02 3.295606e+02 7.946082e+01
      vertex   -5.449500e+02 3.645106e+02 7.946082e+01
      vertex   -5.449500e+02 3.645106e+02 9.460825e+00
    endloop
  endfacet
  facet normal -1.000000e+00 0.000000e+00 0.000000e+00
    outer loop
      vertex   -5.449500e+02 3.645106e+02 4.460825e+00
      vertex   -5.449500e+02 2.245606e+02 4.460825e+00
      vertex   -5.449500e+02 2.945606e+02 9.460825e+00
    endloop
  endfacet
  facet normal -1.000000e+00 -0.000000e+00 0.000000e+00
    outer loop
      vertex   -5.449500e+02 2.945606e+02 9.460825e+00
      vertex   -5.449500e+02 2.245606e+02 4.460825e+00
      vertex   -5.449500e+02 2.944606e+02 9.460825e+00
    endloop
  endfacet
  facet normal -1.000000e+00 -0.000000e+00 0.000000e+00
    outer loop
      vertex   -5.449500e+02 2.944606e+02 9.460825e+00
      vertex   -5.449500e+02 2.245606e+02 4.460825e+00
      vertex   -5.449500e+02 2.595606e+02 9.460825e+00
    endloop
  endfacet
  facet normal -1.000000e+00 0.000000e+00 0.000000e+00
    outer loop
      vertex   -5.449500e+02 2.944606e+02 9.460825e+00
      vertex   -5.449500e+02 2.595606e+02 9.460825e+00
      vertex   -5.449500e+02 2.595606e+02 4.946082e+01
    endloop
  endfacet
  facet normal -1.000000e+00 -0.000000e+00 0.000000e+00
    outer loop
      vertex   -5.449500e+02 2.595606e+02 9.460825e+00
      vertex   -5.449500e+02 2.245606e+02 4.460825e+00
      vertex   -5.449500e+02 2.594606e+02 9.460825e+00
    endloop
  endfacet
  facet normal -1.000000e+00 -0.000000e+00 0.000000e+00
    outer loop
      vertex   -5.449500e+02 2.594606e+02 9.460825e+00
      vertex   -5.449500e+02 2.245606e+02 4.460825e+00
      vertex   -5.449500e+02 2.245606e+02 2.946082e+01
    endloop
  endfacet
  facet normal -1.000000e+00 0.000000e+00 0.000000e+00
    outer loop
      vertex   -5.449500e+02 2.594606e+02 9.460825e+00
      vertex   -5.449500e+02 2.245606e+02 2.946082e+01
      vertex   -5.449500e+02 2.594606e+02 2.946082e+01
    endloop
  endfacet
  facet normal -1.000000e+00 0.000000e+00 0.000000e+00
    outer loop
      vertex   -5.449500e+02 2.595606e+02 4.946082e+01
      vertex   -5.449500e+02 2.944606e+02 4.946082e+01
      vertex   -5.449500e+02 2.944606e+02 9.460825e+00
    endloop
  endfacet
  facet normal -1.000000e+00 0.000000e+00 0.000000e+00
    outer loop
      vertex   -5.449500e+02 2.945606e+02 6.946082e+01
      vertex   -5.449500e+02 3.294606e+02 6.946082e+01
      vertex   -5.449500e+02 3.294606e+02 9.460825e+00
    endloop
  endfacet
  facet normal 0.000000e+00 1.000000e+00 0.000000e+00
    outer loop
      vertex   -5.449500e+02 8.451060e+01 9.460825e+00
      vertex   -5.449500e+02 8.451060e+01 4.460825e+00
      vertex   -5.450500e+02 8.451060e+01 9.460825e+00
    endloop
  endfacet
  facet normal 0.000000e+00 1.000000e+00 0.000000e+00
    outer loop
      vertex   -5.450500e+02 8.451060e+01 9.460825e+00
      vertex   -5.449500e+02 8.451060e+01 4.460825e+00
      vertex   -5.450500e+02 8.451060e+01 4.460825e+00
    endloop
  endfacet
  facet normal 1.000000e+00 -0.000000e+00 0.000000e+00
    outer loop
      vertex   -5.450500e+02 8.451060e+01 6.946082e+01
      vertex   -5.450500e+02 8.451060e+01 9.460825e+00
      vertex   -5.450500e+02 1.194606e+02 6.946082e+01
    endloop
  endfacet
  facet normal 1.000000e+00 0.000000e+00 0.000000e+00
    outer loop
      vertex   -5.450500e+02 1.194606e+02 6.946082e+01
      vertex   -5.450500e+02 8.451060e+01 9.460825e+00
      vertex   -5.450500e+02 1.194606e+02 9.460825e+00
    endloop
  endfacet
  facet normal 1.000000e+00 0.000000e+00 0.000000e+00
    outer loop
      vertex   -5.450500e+02 1.194606e+02 9.460825e+00
      vertex   -5.450500e+02 8.451060e+01 9.460825e+00
      vertex   -5.450500e+02 8.451060e+01 4.460825e+00
    endloop
  endfacet
  facet normal 1.000000e+00 -0.000000e+00 0.000000e+00
    outer loop
      vertex   -5.450500e+02 1.194606e+02 9.460825e+00
      vertex   -5.450500e+02 8.451060e+01 4.460825e+00
      vertex   -5.450500e+02 1.195606e+02 9.460825e+00
    endloop
  endfacet
  facet normal 1.000000e+00 -0.000000e+00 0.000000e+00
    outer loop
      vertex   -5.450500e+02 1.195606e+02 9.460825e+00
      vertex   -5.450500e+02 8.451060e+01 4.460825e+00
      vertex   -5.450500e+02 1.544606e+02 9.460825e+00
    endloop
  endfacet
  facet normal 1.000000e+00 0.000000e+00 0.000000e+00
    outer loop
      vertex   -5.450500e+02 1.195606e+02 9.460825e+00
      vertex   -5.450500e+02 1.544606e+02 9.460825e+00
      vertex   -5.450500e+02 1.544606e+02 4.946082e+01
    endloop
  endfacet
  facet normal 1.000000e+00 0.000000e+00 0.000000e+00
    outer loop
      vertex   -5.450500e+02 8.451060e+01 4.460825e+00
      vertex   -5.450500e+02 2.244606e+02 4.460825e+00
      vertex   -5.450500e+02 1.544606e+02 9.460825e+00
    endloop
  endfacet
  facet normal 1.000000e+00 -0.000000e+00 0.000000e+00
    outer loop
      vertex   -5.450500e+02 1.544606e+02 9.460825e+00
      vertex   -5.450500e+02 2.244606e+02 4.460825e+00
      vertex   -5.450500e+02 1.545606e+02 9.460825e+00
    endloop
  endfacet
  facet normal 1.000000e+00 -0.000000e+00 0.000000e+00
    outer loop
      vertex   -5.450500e+02 1.545606e+02 9.460825e+00
      vertex   -5.450500e+02 2.244606e+02 4.460825e+00
      vertex   -5.450500e+02 1.894606e+02 9.460825e+00
    endloop
  endfacet
  facet normal 1.000000e+00 0.000000e+00 0.000000e+00
    outer loop
      vertex   -5.450500e+02 1.545606e+02 9.460825e+00
      vertex   -5.450500e+02 1.894606e+02 9.460825e+00
      vertex   -5.450500e+02 1.894606e+02 3.946082e+01
    endloop
  endfacet
  facet normal 1.000000e+00 -0.000000e+00 0.000000e+00
    outer loop
      vertex   -5.450500e+02 1.894606e+02 9.460825e+00
      vertex   -5.450500e+02 2.244606e+02 4.460825e+00
      vertex   -5.450500e+02 1.895606e+02 9.460825e+00
    endloop
  endfacet
  facet normal 1.000000e+00 -0.000000e+00 0.000000e+00
    outer loop
      vertex   -5.450500e+02 1.895606e+02 9.460825e+00
      vertex   -5.450500e+02 2.244606e+02 4.460825e+00
      vertex   -5.450500e+02 2.244606e+02 2.946082e+01
    endloop
  endfacet
  facet normal 1.000000e+00 0.000000e+00 0.000000e+00
    outer loop
      vertex   -5.450500e+02 1.895606e+02 9.460825e+00
      vertex   -5.450500e+02 2.244606e+02 2.946082e+01
      vertex   -5.450500e+02 1.895606e+02 2.946082e+01
    endloop
  endfacet
  facet normal 1.000000e+00 0.000000e+00 0.000000e+00
    outer loop
      vertex   -5.450500e+02 1.894606e+02 3.946082e+01
      vertex   -5.450500e+02 1.545606e+02 3.946082e+01
      vertex   -5.450500e+02 1.545606e+02 9.460825e+00
    endloop
  endfacet
  facet normal 1.000000e+00 0.000000e+00 0.000000e+00
    outer loop
      vertex   -5.450500e+02 1.544606e+02 4.946082e+01
      vertex   -5.450500e+02 1.195606e+02 4.946082e+01
      vertex   -5.450500e+02 1.195606e+02 9.460825e+00
    endloop
  endfacet
  facet normal 0.000000e+00 0.000000e+00 -1.000000e+00
    outer loop
      vertex   -5.450000e+02 2.245606e+02 2.946082e+01
      vertex   -5.450000e+02 2.594606e+02 2.946082e+01
      vertex   -5.449500e+02 2.245606e+02 2.946082e+01
    endloop
  endfacet
  facet normal 0.000000e+00 0.000000e+00 -1.000000e+00
    outer loop
      vertex   -5.449500e+02 2.245606e+02 2.946082e+01
      vertex   -5.450000e+02 2.594606e+02 2.946082e+01
      vertex   -5.449500e+02 2.594606e+02 2.946082e+01
    endloop
  endfacet
  facet normal 0.000000e+00 -1.000000e+00 0.000000e+00
    outer loop
      vertex   -5.450500e+02 3.645106e+02 9.460825e+00
      vertex   -5.450500e+02 3.645106e+02 4.460825e+00
      vertex   -5.449500e+02 3.645106e+02 9.460825e+00
    endloop
  endfacet
  facet normal 0.000000e+00 -1.000000e+00 -0.000000e+00
    outer loop
      vertex   -5.449500e+02 3.645106e+02 9.460825e+00
      vertex   -5.450500e+02 3.645106e+02 4.460825e+00
      vertex   -5.449500e+02 3.645106e+02 4.460825e+00
    endloop
  endfacet
  facet normal 1.000000e+00 -0.000000e+00 0.000000e+00
    outer loop
      vertex   -5.450500e+02 3.295606e+02 6.946082e+01
      vertex   -5.450500e+02 3.295606e+02 9.460825e+00
      vertex   -5.450500e+02 3.645106e+02 6.946082e+01
    endloop
  endfacet
  facet normal 1.000000e+00 0.000000e+00 0.000000e+00
    outer loop
      vertex   -5.450500e+02 3.645106e+02 6.946082e+01
      vertex   -5.450500e+02 3.295606e+02 9.460825e+00
      vertex   -5.450500e+02 3.645106e+02 9.460825e+00
    endloop
  endfacet
  facet normal 1.000000e+00 0.000000e+00 0.000000e+00
    outer loop
      vertex   -5.450500e+02 3.645106e+02 9.460825e+00
      vertex   -5.450500e+02 3.295606e+02 9.460825e+00
      vertex   -5.450500e+02 3.645106e+02 4.460825e+00
    endloop
  endfacet
  facet normal 1.000000e+00 0.000000e+00 0.000000e+00
    outer loop
      vertex   -5.450500e+02 3.645106e+02 4.460825e+00
      vertex   -5.450500e+02 3.295606e+02 9.460825e+00
      vertex   -5.450500e+02 3.294606e+02 9.460825e+00
    endloop
  endfacet
  facet normal 1.000000e+00 0.000000e+00 0.000000e+00
    outer loop
      vertex   -5.450500e+02 3.645106e+02 4.460825e+00
      vertex   -5.450500e+02 3.294606e+02 9.460825e+00
      vertex   -5.450500e+02 2.945606e+02 9.460825e+00
    endloop
  endfacet
  facet normal 1.000000e+00 0.000000e+00 0.000000e+00
    outer loop
      vertex   -5.450500e+02 2.945606e+02 9.460825e+00
      vertex   -5.450500e+02 3.294606e+02 9.460825e+00
      vertex   -5.450500e+02 3.294606e+02 4.946082e+01
    endloop
  endfacet
  facet normal 1.000000e+00 0.000000e+00 0.000000e+00
    outer loop
      vertex   -5.450500e+02 2.945606e+02 9.460825e+00
      vertex   -5.450500e+02 3.294606e+02 4.946082e+01
      vertex   -5.450500e+02 2.945606e+02 4.946082e+01
    endloop
  endfacet
  facet normal 1.000000e+00 0.000000e+00 0.000000e+00
    outer loop
      vertex   -5.450500e+02 3.645106e+02 4.460825e+00
      vertex   -5.450500e+02 2.945606e+02 9.460825e+00
      vertex   -5.450500e+02 2.245606e+02 4.460825e+00
    endloop
  endfacet
  facet normal 1.000000e+00 0.000000e+00 0.000000e+00
    outer loop
      vertex   -5.450500e+02 2.245606e+02 4.460825e+00
      vertex   -5.450500e+02 2.945606e+02 9.460825e+00
      vertex   -5.450500e+02 2.944606e+02 9.460825e+00
    endloop
  endfacet
  facet normal 1.000000e+00 0.000000e+00 0.000000e+00
    outer loop
      vertex   -5.450500e+02 2.245606e+02 4.460825e+00
      vertex   -5.450500e+02 2.944606e+02 9.460825e+00
      vertex   -5.450500e+02 2.595606e+02 9.460825e+00
    endloop
  endfacet
  facet normal 1.000000e+00 0.000000e+00 0.000000e+00
    outer loop
      vertex   -5.450500e+02 2.595606e+02 9.460825e+00
      vertex   -5.450500e+02 2.944606e+02 9.460825e+00
      vertex   -5.450500e+02 2.944606e+02 3.946082e+01
    endloop
  endfacet
  facet normal 1.000000e+00 0.000000e+00 0.000000e+00
    outer loop
      vertex   -5.450500e+02 2.595606e+02 9.460825e+00
      vertex   -5.450500e+02 2.944606e+02 3.946082e+01
      vertex   -5.450500e+02 2.595606e+02 3.946082e+01
    endloop
  endfacet
  facet normal 1.000000e+00 0.000000e+00 0.000000e+00
    outer loop
      vertex   -5.450500e+02 2.595606e+02 9.460825e+00
      vertex   -5.450500e+02 2.594606e+02 9.460825e+00
      vertex   -5.450500e+02 2.245606e+02 4.460825e+00
    endloop
  endfacet
  facet normal 1.000000e+00 0.000000e+00 0.000000e+00
    outer loop
      vertex   -5.450500e+02 2.245606e+02 4.460825e+00
      vertex   -5.450500e+02 2.594606e+02 9.460825e+00
      vertex   -5.450500e+02 2.245606e+02 2.946082e+01
    endloop
  endfacet
  facet normal 1.000000e+00 -0.000000e+00 0.000000e+00
    outer loop
      vertex   -5.450500e+02 2.245606e+02 2.946082e+01
      vertex   -5.450500e+02 2.594606e+02 9.460825e+00
      vertex   -5.450500e+02 2.594606e+02 2.946082e+01
    endloop
  endfacet
  facet normal 0.000000e+00 0.000000e+00 1.000000e+00
    outer loop
      vertex   -5.449500e+02 3.295606e+02 7.946082e+01
      vertex   -5.100000e+02 3.295606e+02 7.946082e+01
      vertex   -5.449500e+02 3.645106e+02 7.946082e+01
    endloop
  endfacet
  facet normal -0.000000e+00 0.000000e+00 1.000000e+00
    outer loop
      vertex   -5.449500e+02 3.645106e+02 7.946082e+01
      vertex   -5.100000e+02 3.295606e+02 7.946082e+01
      vertex   -5.100000e+02 3.645106e+02 7.946082e+01
    endloop
  endfacet
  facet normal 0.000000e+00 1.000000e+00 -0.000000e+00
    outer loop
      vertex   -5.450500e+02 3.645106e+02 9.460825e+00
      vertex   -5.799500e+02 3.645106e+02 9.460825e+00
      vertex   -5.450500e+02 3.645106e+02 6.946082e+01
    endloop
  endfacet
  facet normal 0.000000e+00 1.000000e+00 0.000000e+00
    outer loop
      vertex   -5.450500e+02 3.645106e+02 6.946082e+01
      vertex   -5.799500e+02 3.645106e+02 9.460825e+00
      vertex   -5.799500e+02 3.645106e+02 6.946082e+01
    endloop
  endfacet
  facet normal -0.000000e+00 -1.000000e+00 -1.894781e-15
    outer loop
      vertex   -5.450500e+02 3.295606e+02 9.460825e+00
      vertex   -5.450500e+02 3.295606e+02 6.946082e+01
      vertex   -5.799500e+02 3.295606e+02 9.460825e+00
    endloop
  endfacet
  facet normal 0.000000e+00 -1.000000e+00 -1.894781e-15
    outer loop
      vertex   -5.799500e+02 3.295606e+02 9.460825e+00
      vertex   -5.450500e+02 3.295606e+02 6.946082e+01
      vertex   -5.799500e+02 3.295606e+02 6.946082e+01
    endloop
  endfacet
  facet normal 0.000000e+00 -1.000000e+00 0.000000e+00
    outer loop
      vertex   -5.449500e+02 3.295606e+02 7.946082e+01
      vertex   -5.449500e+02 3.295606e+02 9.460825e+00
      vertex   -5.100000e+02 3.295606e+02 7.946082e+01
    endloop
  endfacet
  facet normal 0.000000e+00 -1.000000e+00 -0.000000e+00
    outer loop
      vertex   -5.100000e+02 3.295606e+02 7.946082e+01
      vertex   -5.449500e+02 3.295606e+02 9.460825e+00
      vertex   -5.100000e+02 3.295606e+02 9.460825e+00
    endloop
  endfacet
  facet normal 0.000000e+00 0.000000e+00 1.000000e+00
    outer loop
      vertex   -5.449500e+02 2.945606e+02 6.946082e+01
      vertex   -5.100000e+02 2.945606e+02 6.946082e+01
      vertex   -5.449500e+02 3.294606e+02 6.946082e+01
    endloop
  endfacet
  facet normal 0.000000e+00 0.000000e+00 1.000000e+00
    outer loop
      vertex   -5.449500e+02 3.294606e+02 6.946082e+01
      vertex   -5.100000e+02 2.945606e+02 6.946082e+01
      vertex   -5.100000e+02 3.294606e+02 6.946082e+01
    endloop
  endfacet
  facet normal 0.000000e+00 1.000000e+00 -1.421085e-15
    outer loop
      vertex   -5.450500e+02 3.294606e+02 4.946082e+01
      vertex   -5.450500e+02 3.294606e+02 9.460825e+00
      vertex   -5.799500e+02 3.294606e+02 4.946082e+01
    endloop
  endfacet
  facet normal 0.000000e+00 1.000000e+00 -1.421085e-15
    outer loop
      vertex   -5.799500e+02 3.294606e+02 4.946082e+01
      vertex   -5.450500e+02 3.294606e+02 9.460825e+00
      vertex   -5.799500e+02 3.294606e+02 9.460825e+00
    endloop
  endfacet
  facet normal 0.000000e+00 1.000000e+00 -9.473903e-16
    outer loop
      vertex   -5.449500e+02 3.294606e+02 9.460825e+00
      vertex   -5.449500e+02 3.294606e+02 6.946082e+01
      vertex   -5.100000e+02 3.294606e+02 9.460825e+00
    endloop
  endfacet
  facet normal 1.626421e-15 1.000000e+00 -0.000000e+00
    outer loop
      vertex   -5.100000e+02 3.294606e+02 9.460825e+00
      vertex   -5.449500e+02 3.294606e+02 6.946082e+01
      vertex   -5.100000e+02 3.294606e+02 6.946082e+01
    endloop
  endfacet
  facet normal 0.000000e+00 0.000000e+00 1.000000e+00
    outer loop
      vertex   -5.449500e+02 8.451060e+01 7.946082e+01
      vertex   -5.100000e+02 8.451060e+01 7.946082e+01
      vertex   -5.449500e+02 1.194606e+02 7.946082e+01
    endloop
  endfacet
  facet normal -0.000000e+00 0.000000e+00 1.000000e+00
    outer loop
      vertex   -5.449500e+02 1.194606e+02 7.946082e+01
      vertex   -5.100000e+02 8.451060e+01 7.946082e+01
      vertex   -5.100000e+02 1.194606e+02 7.946082e+01
    endloop
  endfacet
  facet normal 0.000000e+00 -1.000000e+00 0.000000e+00
    outer loop
      vertex   -5.450500e+02 2.945606e+02 9.460825e+00
      vertex   -5.450500e+02 2.945606e+02 4.946082e+01
      vertex   -5.799500e+02 2.945606e+02 9.460825e+00
    endloop
  endfacet
  facet normal 0.000000e+00 -1.000000e+00 0.000000e+00
    outer loop
      vertex   -5.799500e+02 2.945606e+02 9.460825e+00
      vertex   -5.450500e+02 2.945606e+02 4.946082e+01
      vertex   -5.799500e+02 2.945606e+02 4.946082e+01
    endloop
  endfacet
  facet normal 0.000000e+00 -1.000000e+00 0.000000e+00
    outer loop
      vertex   -5.449500e+02 2.945606e+02 6.946082e+01
      vertex   -5.449500e+02 2.945606e+02 9.460825e+00
      vertex   -5.100000e+02 2.945606e+02 6.946082e+01
    endloop
  endfacet
  facet normal 0.000000e+00 -1.000000e+00 -0.000000e+00
    outer loop
      vertex   -5.100000e+02 2.945606e+02 6.946082e+01
      vertex   -5.449500e+02 2.945606e+02 9.460825e+00
      vertex   -5.100000e+02 2.945606e+02 9.460825e+00
    endloop
  endfacet
  facet normal 0.000000e+00 0.000000e+00 1.000000e+00
    outer loop
      vertex   -5.449500e+02 2.595606e+02 4.946082e+01
      vertex   -5.100000e+02 2.595606e+02 4.946082e+01
      vertex   -5.449500e+02 2.944606e+02 4.946082e+01
    endloop
  endfacet
  facet normal -0.000000e+00 0.000000e+00 1.000000e+00
    outer loop
      vertex   -5.449500e+02 2.944606e+02 4.946082e+01
      vertex   -5.100000e+02 2.595606e+02 4.946082e+01
      vertex   -5.100000e+02 2.944606e+02 4.946082e+01
    endloop
  endfacet
  facet normal 0.000000e+00 1.000000e+00 0.000000e+00
    outer loop
      vertex   -5.450500e+02 2.944606e+02 3.946082e+01
      vertex   -5.450500e+02 2.944606e+02 9.460825e+00
      vertex   -5.799500e+02 2.944606e+02 3.946082e+01
    endloop
  endfacet
  facet normal 0.000000e+00 1.000000e+00 0.000000e+00
    outer loop
      vertex   -5.799500e+02 2.944606e+02 3.946082e+01
      vertex   -5.450500e+02 2.944606e+02 9.460825e+00
      vertex   -5.799500e+02 2.944606e+02 9.460825e+00
    endloop
  endfacet
  facet normal 0.000000e+00 1.000000e+00 0.000000e+00
    outer loop
      vertex   -5.449500e+02 2.944606e+02 9.460825e+00
      vertex   -5.449500e+02 2.944606e+02 4.946082e+01
      vertex   -5.100000e+02 2.944606e+02 9.460825e+00
    endloop
  endfacet
  facet normal 0.000000e+00 1.000000e+00 -0.000000e+00
    outer loop
      vertex   -5.100000e+02 2.944606e+02 9.460825e+00
      vertex   -5.449500e+02 2.944606e+02 4.946082e+01
      vertex   -5.100000e+02 2.944606e+02 4.946082e+01
    endloop
  endfacet
  facet normal -0.000000e+00 -1.000000e+00 -0.000000e+00
    outer loop
      vertex   -5.450500e+02 8.451060e+01 6.946082e+01
      vertex   -5.799500e+02 8.451060e+01 6.946082e+01
      vertex   -5.450500e+02 8.451060e+01 9.460825e+00
    endloop
  endfacet
  facet normal 0.000000e+00 -1.000000e+00 0.000000e+00
    outer loop
      vertex   -5.450500e+02 8.451060e+01 9.460825e+00
      vertex   -5.799500e+02 8.451060e+01 6.946082e+01
      vertex   -5.799500e+02 8.451060e+01 9.460825e+00
    endloop
  endfacet
  facet normal 0.000000e+00 -1.000000e+00 0.000000e+00
    outer loop
      vertex   -5.449500e+02 8.451060e+01 9.460825e+00
      vertex   -5.100000e+02 8.451060e+01 9.460825e+00
      vertex   -5.449500e+02 8.451060e+01 7.946082e+01
    endloop
  endfacet
  facet normal 0.000000e+00 -1.000000e+00 0.000000e+00
    outer loop
      vertex   -5.449500e+02 8.451060e+01 7.946082e+01
      vertex   -5.100000e+02 8.451060e+01 9.460825e+00
      vertex   -5.100000e+02 8.451060e+01 7.946082e+01
    endloop
  endfacet
  facet normal 0.000000e+00 0.000000e+00 1.000000e+00
    outer loop
      vertex   -5.450500e+02 1.194606e+02 6.946082e+01
      vertex   -5.799500e+02 1.194606e+02 6.946082e+01
      vertex   -5.450500e+02 8.451060e+01 6.946082e+01
    endloop
  endfacet
  facet normal 0.000000e+00 0.000000e+00 1.000000e+00
    outer loop
      vertex   -5.450500e+02 8.451060e+01 6.946082e+01
      vertex   -5.799500e+02 1.194606e+02 6.946082e+01
      vertex   -5.799500e+02 8.451060e+01 6.946082e+01
    endloop
  endfacet
  facet normal 0.000000e+00 -1.000000e+00 0.000000e+00
    outer loop
      vertex   -5.450500e+02 2.595606e+02 9.460825e+00
      vertex   -5.450500e+02 2.595606e+02 3.946082e+01
      vertex   -5.799500e+02 2.595606e+02 9.460825e+00
    endloop
  endfacet
  facet normal 0.000000e+00 -1.000000e+00 0.000000e+00
    outer loop
      vertex   -5.799500e+02 2.595606e+02 9.460825e+00
      vertex   -5.450500e+02 2.595606e+02 3.946082e+01
      vertex   -5.799500e+02 2.595606e+02 3.946082e+01
    endloop
  endfacet
  facet normal 0.000000e+00 -1.000000e+00 0.000000e+00
    outer loop
      vertex   -5.449500e+02 2.595606e+02 4.946082e+01
      vertex   -5.449500e+02 2.595606e+02 9.460825e+00
      vertex   -5.100000e+02 2.595606e+02 4.946082e+01
    endloop
  endfacet
  facet normal 0.000000e+00 -1.000000e+00 -0.000000e+00
    outer loop
      vertex   -5.100000e+02 2.595606e+02 4.946082e+01
      vertex   -5.449500e+02 2.595606e+02 9.460825e+00
      vertex   -5.100000e+02 2.595606e+02 9.460825e+00
    endloop
  endfacet
  facet normal 0.000000e+00 1.000000e+00 2.368476e-16
    outer loop
      vertex   -5.450500e+02 1.194606e+02 6.946082e+01
      vertex   -5.450500e+02 1.194606e+02 9.460825e+00
      vertex   -5.799500e+02 1.194606e+02 6.946082e+01
    endloop
  endfacet
  facet normal 0.000000e+00 1.000000e+00 2.368476e-16
    outer loop
      vertex   -5.799500e+02 1.194606e+02 6.946082e+01
      vertex   -5.450500e+02 1.194606e+02 9.460825e+00
      vertex   -5.799500e+02 1.194606e+02 9.460825e+00
    endloop
  endfacet
  facet normal -0.000000e+00 1.000000e+00 2.030122e-16
    outer loop
      vertex   -5.449500e+02 1.194606e+02 9.460825e+00
      vertex   -5.449500e+02 1.194606e+02 7.946082e+01
      vertex   -5.100000e+02 1.194606e+02 9.460825e+00
    endloop
  endfacet
  facet normal -4.066053e-16 1.000000e+00 0.000000e+00
    outer loop
      vertex   -5.100000e+02 1.194606e+02 9.460825e+00
      vertex   -5.449500e+02 1.194606e+02 7.946082e+01
      vertex   -5.100000e+02 1.194606e+02 7.946082e+01
    endloop
  endfacet
  facet normal 0.000000e+00 0.000000e+00 1.000000e+00
    outer loop
      vertex   -5.450000e+02 2.245606e+02 3.946082e+01
      vertex   -5.100000e+02 2.245606e+02 3.946082e+01
      vertex   -5.450000e+02 2.594606e+02 3.946082e+01
    endloop
  endfacet
  facet normal -0.000000e+00 0.000000e+00 1.000000e+00
    outer loop
      vertex   -5.450000e+02 2.594606e+02 3.946082e+01
      vertex   -5.100000e+02 2.245606e+02 3.946082e+01
      vertex   -5.100000e+02 2.594606e+02 3.946082e+01
    endloop
  endfacet
  facet normal 0.000000e+00 1.000000e+00 0.000000e+00
    outer loop
      vertex   -5.450500e+02 2.594606e+02 2.946082e+01
      vertex   -5.450500e+02 2.594606e+02 9.460825e+00
      vertex   -5.799500e+02 2.594606e+02 2.946082e+01
    endloop
  endfacet
  facet normal 0.000000e+00 1.000000e+00 0.000000e+00
    outer loop
      vertex   -5.799500e+02 2.594606e+02 2.946082e+01
      vertex   -5.450500e+02 2.594606e+02 9.460825e+00
      vertex   -5.799500e+02 2.594606e+02 9.460825e+00
    endloop
  endfacet
  facet normal 0.000000e+00 1.000000e+00 0.000000e+00
    outer loop
      vertex   -5.449500e+02 2.594606e+02 9.460825e+00
      vertex   -5.449500e+02 2.594606e+02 2.946082e+01
      vertex   -5.100000e+02 2.594606e+02 9.460825e+00
    endloop
  endfacet
  facet normal 0.000000e+00 1.000000e+00 -0.000000e+00
    outer loop
      vertex   -5.100000e+02 2.594606e+02 9.460825e+00
      vertex   -5.449500e+02 2.594606e+02 2.946082e+01
      vertex   -5.100000e+02 2.594606e+02 3.946082e+01
    endloop
  endfacet
  facet normal 0.000000e+00 1.000000e+00 0.000000e+00
    outer loop
      vertex   -5.100000e+02 2.594606e+02 3.946082e+01
      vertex   -5.449500e+02 2.594606e+02 2.946082e+01
      vertex   -5.450000e+02 2.594606e+02 3.946082e+01
    endloop
  endfacet
  facet normal 0.000000e+00 1.000000e+00 0.000000e+00
    outer loop
      vertex   -5.450000e+02 2.594606e+02 3.946082e+01
      vertex   -5.449500e+02 2.594606e+02 2.946082e+01
      vertex   -5.450000e+02 2.594606e+02 2.946082e+01
    endloop
  endfacet
  facet normal 0.000000e+00 -1.000000e+00 3.552714e-16
    outer loop
      vertex   -5.450500e+02 1.195606e+02 9.460825e+00
      vertex   -5.450500e+02 1.195606e+02 4.946082e+01
      vertex   -5.799500e+02 1.195606e+02 9.460825e+00
    endloop
  endfacet
  facet normal 0.000000e+00 -1.000000e+00 3.552714e-16
    outer loop
      vertex   -5.799500e+02 1.195606e+02 9.460825e+00
      vertex   -5.450500e+02 1.195606e+02 4.946082e+01
      vertex   -5.799500e+02 1.195606e+02 4.946082e+01
    endloop
  endfacet
  facet normal 0.000000e+00 0.000000e+00 1.000000e+00
    outer loop
      vertex   -5.450500e+02 1.544606e+02 4.946082e+01
      vertex   -5.799500e+02 1.544606e+02 4.946082e+01
      vertex   -5.450500e+02 1.195606e+02 4.946082e+01
    endloop
  endfacet
  facet normal 0.000000e+00 0.000000e+00 1.000000e+00
    outer loop
      vertex   -5.450500e+02 1.195606e+02 4.946082e+01
      vertex   -5.799500e+02 1.544606e+02 4.946082e+01
      vertex   -5.799500e+02 1.195606e+02 4.946082e+01
    endloop
  endfacet
  facet normal 0.000000e+00 -1.000000e+00 0.000000e+00
    outer loop
      vertex   -5.450500e+02 2.245606e+02 4.460825e+00
      vertex   -5.450500e+02 2.245606e+02 2.946082e+01
      vertex   -5.799500e+02 2.245606e+02 4.460825e+00
    endloop
  endfacet
  facet normal 0.000000e+00 -1.000000e+00 0.000000e+00
    outer loop
      vertex   -5.799500e+02 2.245606e+02 4.460825e+00
      vertex   -5.450500e+02 2.245606e+02 2.946082e+01
      vertex   -5.799500e+02 2.245606e+02 2.946082e+01
    endloop
  endfacet
  facet normal 0.000000e+00 -1.000000e+00 0.000000e+00
    outer loop
      vertex   -5.449500e+02 2.245606e+02 4.460825e+00
      vertex   -5.100000e+02 2.245606e+02 9.460825e+00
      vertex   -5.449500e+02 2.245606e+02 2.946082e+01
    endloop
  endfacet
  facet normal 0.000000e+00 -1.000000e+00 0.000000e+00
    outer loop
      vertex   -5.449500e+02 2.245606e+02 2.946082e+01
      vertex   -5.100000e+02 2.245606e+02 9.460825e+00
      vertex   -5.100000e+02 2.245606e+02 3.946082e+01
    endloop
  endfacet
  facet normal 0.000000e+00 -1.000000e+00 0.000000e+00
    outer loop
      vertex   -5.449500e+02 2.245606e+02 2.946082e+01
      vertex   -5.100000e+02 2.245606e+02 3.946082e+01
      vertex   -5.450000e+02 2.245606e+02 3.946082e+01
    endloop
  endfacet
  facet normal 0.000000e+00 -1.000000e+00 0.000000e+00
    outer loop
      vertex   -5.449500e+02 2.245606e+02 4.460825e+00
      vertex   -5.100000e+02 2.245606e+02 4.460825e+00
      vertex   -5.100000e+02 2.245606e+02 9.460825e+00
    endloop
  endfacet
  facet normal 0.000000e+00 -1.000000e+00 0.000000e+00
    outer loop
      vertex   -5.450000e+02 2.245606e+02 3.946082e+01
      vertex   -5.450000e+02 2.245606e+02 2.946082e+01
      vertex   -5.449500e+02 2.245606e+02 2.946082e+01
    endloop
  endfacet
  facet normal 0.000000e+00 1.000000e+00 0.000000e+00
    outer loop
      vertex   -5.450500e+02 1.544606e+02 4.946082e+01
      vertex   -5.450500e+02 1.544606e+02 9.460825e+00
      vertex   -5.799500e+02 1.544606e+02 4.946082e+01
    endloop
  endfacet
  facet normal 0.000000e+00 1.000000e+00 0.000000e+00
    outer loop
      vertex   -5.799500e+02 1.544606e+02 4.946082e+01
      vertex   -5.450500e+02 1.544606e+02 9.460825e+00
      vertex   -5.799500e+02 1.544606e+02 9.460825e+00
    endloop
  endfacet
  facet normal 0.000000e+00 0.000000e+00 1.000000e+00
    outer loop
      vertex   -5.100000e+02 2.244606e+02 4.460825e+00
      vertex   -5.449500e+02 2.245606e+02 4.460825e+00
      vertex   -5.449500e+02 2.244606e+02 4.460825e+00
    endloop
  endfacet
  facet normal 0.000000e+00 -0.000000e+00 1.000000e+00
    outer loop
      vertex   -5.449500e+02 2.244606e+02 4.460825e+00
      vertex   -5.449500e+02 2.245606e+02 4.460825e+00
      vertex   -5.450500e+02 2.245606e+02 4.460825e+00
    endloop
  endfacet
  facet normal 0.000000e+00 0.000000e+00 1.000000e+00
    outer loop
      vertex   -5.449500e+02 2.244606e+02 4.460825e+00
      vertex   -5.450500e+02 2.245606e+02 4.460825e+00
      vertex   -5.450500e+02 2.244606e+02 4.460825e+00
    endloop
  endfacet
  facet normal 0.000000e+00 -0.000000e+00 1.000000e+00
    outer loop
      vertex   -5.450500e+02 2.244606e+02 4.460825e+00
      vertex   -5.450500e+02 2.245606e+02 4.460825e+00
      vertex   -5.799500e+02 2.245606e+02 4.460825e+00
    endloop
  endfacet
  facet normal 0.000000e+00 0.000000e+00 1.000000e+00
    outer loop
      vertex   -5.450500e+02 2.244606e+02 4.460825e+00
      vertex   -5.799500e+02 2.245606e+02 4.460825e+00
      vertex   -5.799500e+02 2.244606e+02 4.460825e+00
    endloop
  endfacet
  facet normal 0.000000e+00 -0.000000e+00 1.000000e+00
    outer loop
      vertex   -5.799500e+02 2.244606e+02 4.460825e+00
      vertex   -5.799500e+02 2.245606e+02 4.460825e+00
      vertex   -5.800500e+02 2.245606e+02 4.460825e+00
    endloop
  endfacet
  facet normal 0.000000e+00 0.000000e+00 1.000000e+00
    outer loop
      vertex   -5.799500e+02 2.244606e+02 4.460825e+00
      vertex   -5.800500e+02 2.245606e+02 4.460825e+00
      vertex   -5.800500e+02 2.244606e+02 4.460825e+00
    endloop
  endfacet
  facet normal 0.000000e+00 -0.000000e+00 1.000000e+00
    outer loop
      vertex   -5.800500e+02 2.244606e+02 4.460825e+00
      vertex   -5.800500e+02 2.245606e+02 4.460825e+00
      vertex   -6.149500e+02 2.245606e+02 4.460825e+00
    endloop
  endfacet
  facet normal 0.000000e+00 0.000000e+00 1.000000e+00
    outer loop
      vertex   -5.800500e+02 2.244606e+02 4.460825e+00
      vertex   -6.149500e+02 2.245606e+02 4.460825e+00
      vertex   -6.149500e+02 2.244606e+02 4.460825e+00
    endloop
  endfacet
  facet normal 0.000000e+00 -0.000000e+00 1.000000e+00
    outer loop
      vertex   -6.149500e+02 2.244606e+02 4.460825e+00
      vertex   -6.149500e+02 2.245606e+02 4.460825e+00
      vertex   -6.150500e+02 2.245606e+02 4.460825e+00
    endloop
  endfacet
  facet normal 0.000000e+00 0.000000e+00 1.000000e+00
    outer loop
      vertex   -6.149500e+02 2.244606e+02 4.460825e+00
      vertex   -6.150500e+02 2.245606e+02 4.460825e+00
      vertex   -6.150500e+02 2.244606e+02 4.460825e+00
    endloop
  endfacet
  facet normal 0.000000e+00 -0.000000e+00 1.000000e+00
    outer loop
      vertex   -6.150500e+02 2.244606e+02 4.460825e+00
      vertex   -6.150500e+02 2.245606e+02 4.460825e+00
      vertex   -6.499500e+02 2.245606e+02 4.460825e+00
    endloop
  endfacet
  facet normal 0.000000e+00 0.000000e+00 1.000000e+00
    outer loop
      vertex   -6.150500e+02 2.244606e+02 4.460825e+00
      vertex   -6.499500e+02 2.245606e+02 4.460825e+00
      vertex   -6.499500e+02 2.244606e+02 4.460825e+00
    endloop
  endfacet
  facet normal 0.000000e+00 -0.000000e+00 1.000000e+00
    outer loop
      vertex   -6.499500e+02 2.244606e+02 4.460825e+00
      vertex   -6.499500e+02 2.245606e+02 4.460825e+00
      vertex   -6.500500e+02 2.245606e+02 4.460825e+00
    endloop
  endfacet
  facet normal 0.000000e+00 0.000000e+00 1.000000e+00
    outer loop
      vertex   -6.499500e+02 2.244606e+02 4.460825e+00
      vertex   -6.500500e+02 2.245606e+02 4.460825e+00
      vertex   -6.500500e+02 2.244606e+02 4.460825e+00
    endloop
  endfacet
  facet normal 0.000000e+00 -0.000000e+00 1.000000e+00
    outer loop
      vertex   -6.500500e+02 2.244606e+02 4.460825e+00
      vertex   -6.500500e+02 2.245606e+02 4.460825e+00
      vertex   -6.849500e+02 2.245606e+02 4.460825e+00
    endloop
  endfacet
  facet normal 0.000000e+00 0.000000e+00 1.000000e+00
    outer loop
      vertex   -6.500500e+02 2.244606e+02 4.460825e+00
      vertex   -6.849500e+02 2.245606e+02 4.460825e+00
      vertex   -6.849500e+02 2.244606e+02 4.460825e+00
    endloop
  endfacet
  facet normal 0.000000e+00 -0.000000e+00 1.000000e+00
    outer loop
      vertex   -6.849500e+02 2.244606e+02 4.460825e+00
      vertex   -6.849500e+02 2.245606e+02 4.460825e+00
      vertex   -6.850500e+02 2.245606e+02 4.460825e+00
    endloop
  endfacet
  facet normal 0.000000e+00 0.000000e+00 1.000000e+00
    outer loop
      vertex   -6.849500e+02 2.244606e+02 4.460825e+00
      vertex   -6.850500e+02 2.245606e+02 4.460825e+00
      vertex   -6.850500e+02 2.244606e+02 4.460825e+00
    endloop
  endfacet
  facet normal 0.000000e+00 -0.000000e+00 1.000000e+00
    outer loop
      vertex   -6.850500e+02 2.244606e+02 4.460825e+00
      vertex   -6.850500e+02 2.245606e+02 4.460825e+00
      vertex   -7.199500e+02 2.245606e+02 4.460825e+00
    endloop
  endfacet
  facet normal 0.000000e+00 0.000000e+00 1.000000e+00
    outer loop
      vertex   -6.850500e+02 2.244606e+02 4.460825e+00
      vertex   -7.199500e+02 2.245606e+02 4.460825e+00
      vertex   -7.199500e+02 2.244606e+02 4.460825e+00
    endloop
  endfacet
  facet normal 0.000000e+00 -0.000000e+00 1.000000e+00
    outer loop
      vertex   -7.199500e+02 2.244606e+02 4.460825e+00
      vertex   -7.199500e+02 2.245606e+02 4.460825e+00
      vertex   -7.200500e+02 2.245606e+02 4.460825e+00
    endloop
  endfacet
  facet normal 0.000000e+00 0.000000e+00 1.000000e+00
    outer loop
      vertex   -7.199500e+02 2.244606e+02 4.460825e+00
      vertex   -7.200500e+02 2.245606e+02 4.460825e+00
      vertex   -7.200500e+02 2.244606e+02 4.460825e+00
    endloop
  endfacet
  facet normal 0.000000e+00 -0.000000e+00 1.000000e+00
    outer loop
      vertex   -7.200500e+02 2.244606e+02 4.460825e+00
      vertex   -7.200500e+02 2.245606e+02 4.460825e+00
      vertex   -7.549500e+02 2.245606e+02 4.460825e+00
    endloop
  endfacet
  facet normal 0.000000e+00 0.000000e+00 1.000000e+00
    outer loop
      vertex   -7.200500e+02 2.244606e+02 4.460825e+00
      vertex   -7.549500e+02 2.245606e+02 4.460825e+00
      vertex   -7.549500e+02 2.244606e+02 4.460825e+00
    endloop
  endfacet
  facet normal 0.000000e+00 -0.000000e+00 1.000000e+00
    outer loop
      vertex   -7.549500e+02 2.244606e+02 4.460825e+00
      vertex   -7.549500e+02 2.245606e+02 4.460825e+00
      vertex   -7.550500e+02 2.245606e+02 4.460825e+00
    endloop
  endfacet
  facet normal 0.000000e+00 0.000000e+00 1.000000e+00
    outer loop
      vertex   -7.549500e+02 2.244606e+02 4.460825e+00
      vertex   -7.550500e+02 2.245606e+02 4.460825e+00
      vertex   -7.550500e+02 2.244606e+02 4.460825e+00
    endloop
  endfacet
  facet normal 0.000000e+00 -0.000000e+00 1.000000e+00
    outer loop
      vertex   -7.550500e+02 2.244606e+02 4.460825e+00
      vertex   -7.550500e+02 2.245606e+02 4.460825e+00
      vertex   -7.900000e+02 2.245606e+02 4.460825e+00
    endloop
  endfacet
  facet normal 0.000000e+00 0.000000e+00 1.000000e+00
    outer loop
      vertex   -7.550500e+02 2.244606e+02 4.460825e+00
      vertex   -7.900000e+02 2.245606e+02 4.460825e+00
      vertex   -7.900000e+02 2.244606e+02 4.460825e+00
    endloop
  endfacet
  facet normal 0.000000e+00 -0.000000e+00 1.000000e+00
    outer loop
      vertex   -5.100000e+02 2.244606e+02 4.460825e+00
      vertex   -5.100000e+02 2.245606e+02 4.460825e+00
      vertex   -5.449500e+02 2.245606e+02 4.460825e+00
    endloop
  endfacet
  facet normal 0.000000e+00 0.000000e+00 1.000000e+00
    outer loop
      vertex   -5.449500e+02 3.645106e+02 4.460825e+00
      vertex   -5.450500e+02 3.645106e+02 4.460825e+00
      vertex   -5.449500e+02 2.245606e+02 4.460825e+00
    endloop
  endfacet
  facet normal 0.000000e+00 0.000000e+00 1.000000e+00
    outer loop
      vertex   -5.449500e+02 2.245606e+02 4.460825e+00
      vertex   -5.450500e+02 3.645106e+02 4.460825e+00
      vertex   -5.450500e+02 2.245606e+02 4.460825e+00
    endloop
  endfacet
  facet normal 0.000000e+00 0.000000e+00 1.000000e+00
    outer loop
      vertex   -5.799500e+02 3.645106e+02 4.460825e+00
      vertex   -5.800500e+02 3.645106e+02 4.460825e+00
      vertex   -5.799500e+02 2.245606e+02 4.460825e+00
    endloop
  endfacet
  facet normal 0.000000e+00 0.000000e+00 1.000000e+00
    outer loop
      vertex   -5.799500e+02 2.245606e+02 4.460825e+00
      vertex   -5.800500e+02 3.645106e+02 4.460825e+00
      vertex   -5.800500e+02 2.245606e+02 4.460825e+00
    endloop
  endfacet
  facet normal 0.000000e+00 0.000000e+00 1.000000e+00
    outer loop
      vertex   -6.149500e+02 3.645106e+02 4.460825e+00
      vertex   -6.150500e+02 3.645106e+02 4.460825e+00
      vertex   -6.149500e+02 2.245606e+02 4.460825e+00
    endloop
  endfacet
  facet normal 0.000000e+00 0.000000e+00 1.000000e+00
    outer loop
      vertex   -6.149500e+02 2.245606e+02 4.460825e+00
      vertex   -6.150500e+02 3.645106e+02 4.460825e+00
      vertex   -6.150500e+02 2.245606e+02 4.460825e+00
    endloop
  endfacet
  facet normal 0.000000e+00 0.000000e+00 1.000000e+00
    outer loop
      vertex   -6.499500e+02 3.645106e+02 4.460825e+00
      vertex   -6.500500e+02 3.645106e+02 4.460825e+00
      vertex   -6.499500e+02 2.245606e+02 4.460825e+00
    endloop
  endfacet
  facet normal 0.000000e+00 0.000000e+00 1.000000e+00
    outer loop
      vertex   -6.499500e+02 2.245606e+02 4.460825e+00
      vertex   -6.500500e+02 3.645106e+02 4.460825e+00
      vertex   -6.500500e+02 2.245606e+02 4.460825e+00
    endloop
  endfacet
  facet normal 0.000000e+00 0.000000e+00 1.000000e+00
    outer loop
      vertex   -6.849500e+02 3.645106e+02 4.460825e+00
      vertex   -6.850500e+02 3.645106e+02 4.460825e+00
      vertex   -6.849500e+02 2.245606e+02 4.460825e+00
    endloop
  endfacet
  facet normal 0.000000e+00 0.000000e+00 1.000000e+00
    outer loop
      vertex   -6.849500e+02 2.245606e+02 4.460825e+00
      vertex   -6.850500e+02 3.645106e+02 4.460825e+00
      vertex   -6.850500e+02 2.245606e+02 4.460825e+00
    endloop
  endfacet
  facet normal 0.000000e+00 0.000000e+00 1.000000e+00
    outer loop
      vertex   -7.199500e+02 3.645106e+02 4.460825e+00
      vertex   -7.200500e+02 3.645106e+02 4.460825e+00
      vertex   -7.199500e+02 2.245606e+02 4.460825e+00
    endloop
  endfacet
  facet normal 0.000000e+00 0.000000e+00 1.000000e+00
    outer loop
      vertex   -7.199500e+02 2.245606e+02 4.460825e+00
      vertex   -7.200500e+02 3.645106e+02 4.460825e+00
      vertex   -7.200500e+02 2.245606e+02 4.460825e+00
    endloop
  endfacet
  facet normal 0.000000e+00 0.000000e+00 1.000000e+00
    outer loop
      vertex   -7.549500e+02 3.645106e+02 4.460825e+00
      vertex   -7.550500e+02 3.645106e+02 4.460825e+00
      vertex   -7.549500e+02 2.245606e+02 4.460825e+00
    endloop
  endfacet
  facet normal 0.000000e+00 0.000000e+00 1.000000e+00
    outer loop
      vertex   -7.549500e+02 2.245606e+02 4.460825e+00
      vertex   -7.550500e+02 3.645106e+02 4.460825e+00
      vertex   -7.550500e+02 2.245606e+02 4.460825e+00
    endloop
  endfacet
  facet normal 0.000000e+00 0.000000e+00 1.000000e+00
    outer loop
      vertex   -7.550500e+02 8.451060e+01 4.460825e+00
      vertex   -7.549500e+02 8.451060e+01 4.460825e+00
      vertex   -7.550500e+02 2.244606e+02 4.460825e+00
    endloop
  endfacet
  facet normal -0.000000e+00 0.000000e+00 1.000000e+00
    outer loop
      vertex   -7.550500e+02 2.244606e+02 4.460825e+00
      vertex   -7.549500e+02 8.451060e+01 4.460825e+00
      vertex   -7.549500e+02 2.244606e+02 4.460825e+00
    endloop
  endfacet
  facet normal 0.000000e+00 0.000000e+00 1.000000e+00
    outer loop
      vertex   -7.200500e+02 8.451060e+01 4.460825e+00
      vertex   -7.199500e+02 8.451060e+01 4.460825e+00
      vertex   -7.200500e+02 2.244606e+02 4.460825e+00
    endloop
  endfacet
  facet normal -0.000000e+00 0.000000e+00 1.000000e+00
    outer loop
      vertex   -7.200500e+02 2.244606e+02 4.460825e+00
      vertex   -7.199500e+02 8.451060e+01 4.460825e+00
      vertex   -7.199500e+02 2.244606e+02 4.460825e+00
    endloop
  endfacet
  facet normal 0.000000e+00 0.000000e+00 1.000000e+00
    outer loop
      vertex   -6.850500e+02 8.451060e+01 4.460825e+00
      vertex   -6.849500e+02 8.451060e+01 4.460825e+00
      vertex   -6.850500e+02 2.244606e+02 4.460825e+00
    endloop
  endfacet
  facet normal -0.000000e+00 0.000000e+00 1.000000e+00
    outer loop
      vertex   -6.850500e+02 2.244606e+02 4.460825e+00
      vertex   -6.849500e+02 8.451060e+01 4.460825e+00
      vertex   -6.849500e+02 2.244606e+02 4.460825e+00
    endloop
  endfacet
  facet normal 0.000000e+00 0.000000e+00 1.000000e+00
    outer loop
      vertex   -6.500500e+02 8.451060e+01 4.460825e+00
      vertex   -6.499500e+02 8.451060e+01 4.460825e+00
      vertex   -6.500500e+02 2.244606e+02 4.460825e+00
    endloop
  endfacet
  facet normal -0.000000e+00 0.000000e+00 1.000000e+00
    outer loop
      vertex   -6.500500e+02 2.244606e+02 4.460825e+00
      vertex   -6.499500e+02 8.451060e+01 4.460825e+00
      vertex   -6.499500e+02 2.244606e+02 4.460825e+00
    endloop
  endfacet
  facet normal 0.000000e+00 0.000000e+00 1.000000e+00
    outer loop
      vertex   -6.150500e+02 8.451060e+01 4.460825e+00
      vertex   -6.149500e+02 8.451060e+01 4.460825e+00
      vertex   -6.150500e+02 2.244606e+02 4.460825e+00
    endloop
  endfacet
  facet normal -0.000000e+00 0.000000e+00 1.000000e+00
    outer loop
      vertex   -6.150500e+02 2.244606e+02 4.460825e+00
      vertex   -6.149500e+02 8.451060e+01 4.460825e+00
      vertex   -6.149500e+02 2.244606e+02 4.460825e+00
    endloop
  endfacet
  facet normal 0.000000e+00 0.000000e+00 1.000000e+00
    outer loop
      vertex   -5.800500e+02 8.451060e+01 4.460825e+00
      vertex   -5.799500e+02 8.451060e+01 4.460825e+00
      vertex   -5.800500e+02 2.244606e+02 4.460825e+00
    endloop
  endfacet
  facet normal -0.000000e+00 0.000000e+00 1.000000e+00
    outer loop
      vertex   -5.800500e+02 2.244606e+02 4.460825e+00
      vertex   -5.799500e+02 8.451060e+01 4.460825e+00
      vertex   -5.799500e+02 2.244606e+02 4.460825e+00
    endloop
  endfacet
  facet normal 0.000000e+00 0.000000e+00 1.000000e+00
    outer loop
      vertex   -5.450500e+02 8.451060e+01 4.460825e+00
      vertex   -5.449500e+02 8.451060e+01 4.460825e+00
      vertex   -5.450500e+02 2.244606e+02 4.460825e+00
    endloop
  endfacet
  facet normal -0.000000e+00 0.000000e+00 1.000000e+00
    outer loop
      vertex   -5.450500e+02 2.244606e+02 4.460825e+00
      vertex   -5.449500e+02 8.451060e+01 4.460825e+00
      vertex   -5.449500e+02 2.244606e+02 4.460825e+00
    endloop
  endfacet
  facet normal 0.000000e+00 1.000000e+00 0.000000e+00
    outer loop
      vertex   -5.450500e+02 2.244606e+02 2.946082e+01
      vertex   -5.450500e+02 2.244606e+02 4.460825e+00
      vertex   -5.799500e+02 2.244606e+02 2.946082e+01
    endloop
  endfacet
  facet normal 0.000000e+00 1.000000e+00 0.000000e+00
    outer loop
      vertex   -5.799500e+02 2.244606e+02 2.946082e+01
      vertex   -5.450500e+02 2.244606e+02 4.460825e+00
      vertex   -5.799500e+02 2.244606e+02 4.460825e+00
    endloop
  endfacet
  facet normal 0.000000e+00 -1.000000e+00 0.000000e+00
    outer loop
      vertex   -5.450500e+02 1.545606e+02 9.460825e+00
      vertex   -5.450500e+02 1.545606e+02 3.946082e+01
      vertex   -5.799500e+02 1.545606e+02 9.460825e+00
    endloop
  endfacet
  facet normal 0.000000e+00 -1.000000e+00 0.000000e+00
    outer loop
      vertex   -5.799500e+02 1.545606e+02 9.460825e+00
      vertex   -5.450500e+02 1.545606e+02 3.946082e+01
      vertex   -5.799500e+02 1.545606e+02 3.946082e+01
    endloop
  endfacet
  facet normal 0.000000e+00 0.000000e+00 1.000000e+00
    outer loop
      vertex   -5.450500e+02 1.894606e+02 3.946082e+01
      vertex   -5.799500e+02 1.894606e+02 3.946082e+01
      vertex   -5.450500e+02 1.545606e+02 3.946082e+01
    endloop
  endfacet
  facet normal 0.000000e+00 0.000000e+00 1.000000e+00
    outer loop
      vertex   -5.450500e+02 1.545606e+02 3.946082e+01
      vertex   -5.799500e+02 1.894606e+02 3.946082e+01
      vertex   -5.799500e+02 1.545606e+02 3.946082e+01
    endloop
  endfacet
  facet normal 0.000000e+00 -1.000000e+00 0.000000e+00
    outer loop
      vertex   -5.450500e+02 1.895606e+02 9.460825e+00
      vertex   -5.450500e+02 1.895606e+02 2.946082e+01
      vertex   -5.799500e+02 1.895606e+02 9.460825e+00
    endloop
  endfacet
  facet normal 0.000000e+00 -1.000000e+00 0.000000e+00
    outer loop
      vertex   -5.799500e+02 1.895606e+02 9.460825e+00
      vertex   -5.450500e+02 1.895606e+02 2.946082e+01
      vertex   -5.799500e+02 1.895606e+02 2.946082e+01
    endloop
  endfacet
  facet normal 0.000000e+00 1.000000e+00 0.000000e+00
    outer loop
      vertex   -5.450500e+02 1.894606e+02 3.946082e+01
      vertex   -5.450500e+02 1.894606e+02 9.460825e+00
      vertex   -5.799500e+02 1.894606e+02 3.946082e+01
    endloop
  endfacet
  facet normal 0.000000e+00 1.000000e+00 0.000000e+00
    outer loop
      vertex   -5.799500e+02 1.894606e+02 3.946082e+01
      vertex   -5.450500e+02 1.894606e+02 9.460825e+00
      vertex   -5.799500e+02 1.894606e+02 9.460825e+00
    endloop
  endfacet
  facet normal 0.000000e+00 0.000000e+00 1.000000e+00
    outer loop
      vertex   -5.450500e+02 1.895606e+02 9.460825e+00
      vertex   -5.799500e+02 1.895606e+02 9.460825e+00
      vertex   -5.450500e+02 1.894606e+02 9.460825e+00
    endloop
  endfacet
  facet normal 0.000000e+00 0.000000e+00 1.000000e+00
    outer loop
      vertex   -5.450500e+02 1.894606e+02 9.460825e+00
      vertex   -5.799500e+02 1.895606e+02 9.460825e+00
      vertex   -5.799500e+02 1.894606e+02 9.460825e+00
    endloop
  endfacet
  facet normal 0.000000e+00 0.000000e+00 1.000000e+00
    outer loop
      vertex   -5.450500e+02 1.545606e+02 9.460825e+00
      vertex   -5.799500e+02 1.545606e+02 9.460825e+00
      vertex   -5.450500e+02 1.544606e+02 9.460825e+00
    endloop
  endfacet
  facet normal 0.000000e+00 0.000000e+00 1.000000e+00
    outer loop
      vertex   -5.450500e+02 1.544606e+02 9.460825e+00
      vertex   -5.799500e+02 1.545606e+02 9.460825e+00
      vertex   -5.799500e+02 1.544606e+02 9.460825e+00
    endloop
  endfacet
  facet normal 0.000000e+00 0.000000e+00 1.000000e+00
    outer loop
      vertex   -5.450500e+02 2.595606e+02 9.460825e+00
      vertex   -5.799500e+02 2.595606e+02 9.460825e+00
      vertex   -5.450500e+02 2.594606e+02 9.460825e+00
    endloop
  endfacet
  facet normal 0.000000e+00 0.000000e+00 1.000000e+00
    outer loop
      vertex   -5.450500e+02 2.594606e+02 9.460825e+00
      vertex   -5.799500e+02 2.595606e+02 9.460825e+00
      vertex   -5.799500e+02 2.594606e+02 9.460825e+00
    endloop
  endfacet
  facet normal 0.000000e+00 0.000000e+00 1.000000e+00
    outer loop
      vertex   -5.450500e+02 2.945606e+02 9.460825e+00
      vertex   -5.799500e+02 2.945606e+02 9.460825e+00
      vertex   -5.450500e+02 2.944606e+02 9.460825e+00
    endloop
  endfacet
  facet normal 0.000000e+00 0.000000e+00 1.000000e+00
    outer loop
      vertex   -5.450500e+02 2.944606e+02 9.460825e+00
      vertex   -5.799500e+02 2.945606e+02 9.460825e+00
      vertex   -5.799500e+02 2.944606e+02 9.460825e+00
    endloop
  endfacet
  facet normal 0.000000e+00 0.000000e+00 1.000000e+00
    outer loop
      vertex   -5.450500e+02 1.195606e+02 9.460825e+00
      vertex   -5.799500e+02 1.195606e+02 9.460825e+00
      vertex   -5.450500e+02 1.194606e+02 9.460825e+00
    endloop
  endfacet
  facet normal 0.000000e+00 0.000000e+00 1.000000e+00
    outer loop
      vertex   -5.450500e+02 1.194606e+02 9.460825e+00
      vertex   -5.799500e+02 1.195606e+02 9.460825e+00
      vertex   -5.799500e+02 1.194606e+02 9.460825e+00
    endloop
  endfacet
  facet normal 0.000000e+00 0.000000e+00 1.000000e+00
    outer loop
      vertex   -5.450500e+02 3.295606e+02 9.460825e+00
      vertex   -5.799500e+02 3.295606e+02 9.460825e+00
      vertex   -5.450500e+02 3.294606e+02 9.460825e+00
    endloop
  endfacet
  facet normal 0.000000e+00 0.000000e+00 1.000000e+00
    outer loop
      vertex   -5.450500e+02 3.294606e+02 9.460825e+00
      vertex   -5.799500e+02 3.295606e+02 9.460825e+00
      vertex   -5.799500e+02 3.294606e+02 9.460825e+00
    endloop
  endfacet
  facet normal 0.000000e+00 0.000000e+00 1.000000e+00
    outer loop
      vertex   -5.060000e+02 3.645106e+02 9.460825e+00
      vertex   -5.100000e+02 2.244606e+02 9.460825e+00
      vertex   -5.060000e+02 8.051060e+01 9.460825e+00
    endloop
  endfacet
  facet normal 0.000000e+00 0.000000e+00 1.000000e+00
    outer loop
      vertex   -5.060000e+02 8.051060e+01 9.460825e+00
      vertex   -5.100000e+02 2.244606e+02 9.460825e+00
      vertex   -5.100000e+02 1.895606e+02 9.460825e+00
    endloop
  endfacet
  facet normal 0.000000e+00 0.000000e+00 1.000000e+00
    outer loop
      vertex   -5.060000e+02 8.051060e+01 9.460825e+00
      vertex   -5.100000e+02 1.895606e+02 9.460825e+00
      vertex   -5.100000e+02 1.894606e+02 9.460825e+00
    endloop
  endfacet
  facet normal 0.000000e+00 -0.000000e+00 1.000000e+00
    outer loop
      vertex   -5.100000e+02 1.894606e+02 9.460825e+00
      vertex   -5.100000e+02 1.895606e+02 9.460825e+00
      vertex   -5.449500e+02 1.895606e+02 9.460825e+00
    endloop
  endfacet
  facet normal 0.000000e+00 0.000000e+00 1.000000e+00
    outer loop
      vertex   -5.100000e+02 1.894606e+02 9.460825e+00
      vertex   -5.449500e+02 1.895606e+02 9.460825e+00
      vertex   -5.449500e+02 1.894606e+02 9.460825e+00
    endloop
  endfacet
  facet normal 0.000000e+00 0.000000e+00 1.000000e+00
    outer loop
      vertex   -5.060000e+02 3.685106e+02 9.460825e+00
      vertex   -5.100000e+02 3.645106e+02 9.460825e+00
      vertex   -5.060000e+02 3.645106e+02 9.460825e+00
    endloop
  endfacet
  facet normal 0.000000e+00 0.000000e+00 1.000000e+00
    outer loop
      vertex   -5.060000e+02 3.645106e+02 9.460825e+00
      vertex   -5.100000e+02 3.645106e+02 9.460825e+00
      vertex   -5.100000e+02 3.295606e+02 9.460825e+00
    endloop
  endfacet
  facet normal 0.000000e+00 0.000000e+00 1.000000e+00
    outer loop
      vertex   -5.060000e+02 3.645106e+02 9.460825e+00
      vertex   -5.100000e+02 3.295606e+02 9.460825e+00
      vertex   -5.100000e+02 3.294606e+02 9.460825e+00
    endloop
  endfacet
  facet normal 0.000000e+00 -0.000000e+00 1.000000e+00
    outer loop
      vertex   -5.100000e+02 3.294606e+02 9.460825e+00
      vertex   -5.100000e+02 3.295606e+02 9.460825e+00
      vertex   -5.449500e+02 3.295606e+02 9.460825e+00
    endloop
  endfacet
  facet normal 0.000000e+00 0.000000e+00 1.000000e+00
    outer loop
      vertex   -5.100000e+02 3.294606e+02 9.460825e+00
      vertex   -5.449500e+02 3.295606e+02 9.460825e+00
      vertex   -5.449500e+02 3.294606e+02 9.460825e+00
    endloop
  endfacet
  facet normal -0.000000e+00 0.000000e+00 1.000000e+00
    outer loop
      vertex   -7.940000e+02 3.685106e+02 9.460825e+00
      vertex   -6.499500e+02 3.645106e+02 9.460825e+00
      vertex   -5.060000e+02 3.685106e+02 9.460825e+00
    endloop
  endfacet
  facet normal 0.000000e+00 0.000000e+00 1.000000e+00
    outer loop
      vertex   -5.060000e+02 3.685106e+02 9.460825e+00
      vertex   -6.499500e+02 3.645106e+02 9.460825e+00
      vertex   -6.150500e+02 3.645106e+02 9.460825e+00
    endloop
  endfacet
  facet normal 0.000000e+00 0.000000e+00 1.000000e+00
    outer loop
      vertex   -5.060000e+02 3.685106e+02 9.460825e+00
      vertex   -6.150500e+02 3.645106e+02 9.460825e+00
      vertex   -6.149500e+02 3.645106e+02 9.460825e+00
    endloop
  endfacet
  facet normal 0.000000e+00 0.000000e+00 1.000000e+00
    outer loop
      vertex   -7.940000e+02 8.051060e+01 9.460825e+00
      vertex   -7.900000e+02 2.245606e+02 9.460825e+00
      vertex   -7.940000e+02 3.685106e+02 9.460825e+00
    endloop
  endfacet
  facet normal 0.000000e+00 0.000000e+00 1.000000e+00
    outer loop
      vertex   -7.940000e+02 3.685106e+02 9.460825e+00
      vertex   -7.900000e+02 2.245606e+02 9.460825e+00
      vertex   -7.900000e+02 2.594606e+02 9.460825e+00
    endloop
  endfacet
  facet normal 0.000000e+00 0.000000e+00 1.000000e+00
    outer loop
      vertex   -7.940000e+02 3.685106e+02 9.460825e+00
      vertex   -7.900000e+02 2.594606e+02 9.460825e+00
      vertex   -7.900000e+02 2.595606e+02 9.460825e+00
    endloop
  endfacet
  facet normal 0.000000e+00 0.000000e+00 1.000000e+00
    outer loop
      vertex   -7.900000e+02 2.595606e+02 9.460825e+00
      vertex   -7.900000e+02 2.594606e+02 9.460825e+00
      vertex   -7.550500e+02 2.594606e+02 9.460825e+00
    endloop
  endfacet
  facet normal -0.000000e+00 0.000000e+00 1.000000e+00
    outer loop
      vertex   -7.900000e+02 2.595606e+02 9.460825e+00
      vertex   -7.550500e+02 2.594606e+02 9.460825e+00
      vertex   -7.550500e+02 2.595606e+02 9.460825e+00
    endloop
  endfacet
  facet normal 0.000000e+00 0.000000e+00 1.000000e+00
    outer loop
      vertex   -5.060000e+02 8.051060e+01 9.460825e+00
      vertex   -6.500500e+02 8.451060e+01 9.460825e+00
      vertex   -7.940000e+02 8.051060e+01 9.460825e+00
    endloop
  endfacet
  facet normal 0.000000e+00 0.000000e+00 1.000000e+00
    outer loop
      vertex   -7.940000e+02 8.051060e+01 9.460825e+00
      vertex   -6.500500e+02 8.451060e+01 9.460825e+00
      vertex   -6.849500e+02 8.451060e+01 9.460825e+00
    endloop
  endfacet
  facet normal 0.000000e+00 0.000000e+00 1.000000e+00
    outer loop
      vertex   -7.940000e+02 8.051060e+01 9.460825e+00
      vertex   -6.849500e+02 8.451060e+01 9.460825e+00
      vertex   -6.850500e+02 8.451060e+01 9.460825e+00
    endloop
  endfacet
  facet normal -0.000000e+00 0.000000e+00 1.000000e+00
    outer loop
      vertex   -5.100000e+02 3.294606e+02 9.460825e+00
      vertex   -5.100000e+02 2.945606e+02 9.460825e+00
      vertex   -5.060000e+02 3.645106e+02 9.460825e+00
    endloop
  endfacet
  facet normal 0.000000e+00 0.000000e+00 1.000000e+00
    outer loop
      vertex   -5.060000e+02 3.645106e+02 9.460825e+00
      vertex   -5.100000e+02 2.945606e+02 9.460825e+00
      vertex   -5.100000e+02 2.944606e+02 9.460825e+00
    endloop
  endfacet
  facet normal 0.000000e+00 0.000000e+00 1.000000e+00
    outer loop
      vertex   -5.060000e+02 3.645106e+02 9.460825e+00
      vertex   -5.100000e+02 2.944606e+02 9.460825e+00
      vertex   -5.100000e+02 2.595606e+02 9.460825e+00
    endloop
  endfacet
  facet normal 0.000000e+00 0.000000e+00 1.000000e+00
    outer loop
      vertex   -5.100000e+02 2.945606e+02 9.460825e+00
      vertex   -5.449500e+02 2.945606e+02 9.460825e+00
      vertex   -5.100000e+02 2.944606e+02 9.460825e+00
    endloop
  endfacet
  facet normal 0.000000e+00 0.000000e+00 1.000000e+00
    outer loop
      vertex   -5.100000e+02 2.944606e+02 9.460825e+00
      vertex   -5.449500e+02 2.945606e+02 9.460825e+00
      vertex   -5.449500e+02 2.944606e+02 9.460825e+00
    endloop
  endfacet
  facet normal 0.000000e+00 0.000000e+00 1.000000e+00
    outer loop
      vertex   -5.060000e+02 3.645106e+02 9.460825e+00
      vertex   -5.100000e+02 2.595606e+02 9.460825e+00
      vertex   -5.100000e+02 2.594606e+02 9.460825e+00
    endloop
  endfacet
  facet normal 0.000000e+00 -0.000000e+00 1.000000e+00
    outer loop
      vertex   -5.100000e+02 2.594606e+02 9.460825e+00
      vertex   -5.100000e+02 2.595606e+02 9.460825e+00
      vertex   -5.449500e+02 2.595606e+02 9.460825e+00
    endloop
  endfacet
  facet normal 0.000000e+00 0.000000e+00 1.000000e+00
    outer loop
      vertex   -5.100000e+02 2.594606e+02 9.460825e+00
      vertex   -5.449500e+02 2.595606e+02 9.460825e+00
      vertex   -5.449500e+02 2.594606e+02 9.460825e+00
    endloop
  endfacet
  facet normal -0.000000e+00 0.000000e+00 1.000000e+00
    outer loop
      vertex   -5.100000e+02 2.594606e+02 9.460825e+00
      vertex   -5.100000e+02 2.245606e+02 9.460825e+00
      vertex   -5.060000e+02 3.645106e+02 9.460825e+00
    endloop
  endfacet
  facet normal 0.000000e+00 0.000000e+00 1.000000e+00
    outer loop
      vertex   -5.060000e+02 3.645106e+02 9.460825e+00
      vertex   -5.100000e+02 2.245606e+02 9.460825e+00
      vertex   -5.100000e+02 2.244606e+02 9.460825e+00
    endloop
  endfacet
  facet normal 0.000000e+00 0.000000e+00 1.000000e+00
    outer loop
      vertex   -5.100000e+02 1.894606e+02 9.460825e+00
      vertex   -5.100000e+02 1.545606e+02 9.460825e+00
      vertex   -5.060000e+02 8.051060e+01 9.460825e+00
    endloop
  endfacet
  facet normal 0.000000e+00 0.000000e+00 1.000000e+00
    outer loop
      vertex   -5.060000e+02 8.051060e+01 9.460825e+00
      vertex   -5.100000e+02 1.545606e+02 9.460825e+00
      vertex   -5.100000e+02 1.544606e+02 9.460825e+00
    endloop
  endfacet
  facet normal 0.000000e+00 0.000000e+00 1.000000e+00
    outer loop
      vertex   -5.060000e+02 8.051060e+01 9.460825e+00
      vertex   -5.100000e+02 1.544606e+02 9.460825e+00
      vertex   -5.100000e+02 1.195606e+02 9.460825e+00
    endloop
  endfacet
  facet normal 0.000000e+00 0.000000e+00 1.000000e+00
    outer loop
      vertex   -5.100000e+02 1.545606e+02 9.460825e+00
      vertex   -5.449500e+02 1.545606e+02 9.460825e+00
      vertex   -5.100000e+02 1.544606e+02 9.460825e+00
    endloop
  endfacet
  facet normal 0.000000e+00 0.000000e+00 1.000000e+00
    outer loop
      vertex   -5.100000e+02 1.544606e+02 9.460825e+00
      vertex   -5.449500e+02 1.545606e+02 9.460825e+00
      vertex   -5.449500e+02 1.544606e+02 9.460825e+00
    endloop
  endfacet
  facet normal 0.000000e+00 0.000000e+00 1.000000e+00
    outer loop
      vertex   -5.060000e+02 8.051060e+01 9.460825e+00
      vertex   -5.100000e+02 1.195606e+02 9.460825e+00
      vertex   -5.100000e+02 1.194606e+02 9.460825e+00
    endloop
  endfacet
  facet normal 0.000000e+00 -0.000000e+00 1.000000e+00
    outer loop
      vertex   -5.100000e+02 1.194606e+02 9.460825e+00
      vertex   -5.100000e+02 1.195606e+02 9.460825e+00
      vertex   -5.449500e+02 1.195606e+02 9.460825e+00
    endloop
  endfacet
  facet normal 0.000000e+00 0.000000e+00 1.000000e+00
    outer loop
      vertex   -5.100000e+02 1.194606e+02 9.460825e+00
      vertex   -5.449500e+02 1.195606e+02 9.460825e+00
      vertex   -5.449500e+02 1.194606e+02 9.460825e+00
    endloop
  endfacet
  facet normal 0.000000e+00 0.000000e+00 1.000000e+00
    outer loop
      vertex   -5.100000e+02 1.194606e+02 9.460825e+00
      vertex   -5.100000e+02 8.451060e+01 9.460825e+00
      vertex   -5.060000e+02 8.051060e+01 9.460825e+00
    endloop
  endfacet
  facet normal 0.000000e+00 0.000000e+00 1.000000e+00
    outer loop
      vertex   -5.060000e+02 8.051060e+01 9.460825e+00
      vertex   -5.100000e+02 8.451060e+01 9.460825e+00
      vertex   -5.449500e+02 8.451060e+01 9.460825e+00
    endloop
  endfacet
  facet normal 0.000000e+00 0.000000e+00 1.000000e+00
    outer loop
      vertex   -5.060000e+02 8.051060e+01 9.460825e+00
      vertex   -5.449500e+02 8.451060e+01 9.460825e+00
      vertex   -5.450500e+02 8.451060e+01 9.460825e+00
    endloop
  endfacet
  facet normal 0.000000e+00 0.000000e+00 1.000000e+00
    outer loop
      vertex   -5.450500e+02 8.451060e+01 9.460825e+00
      vertex   -5.799500e+02 8.451060e+01 9.460825e+00
      vertex   -5.060000e+02 8.051060e+01 9.460825e+00
    endloop
  endfacet
  facet normal 0.000000e+00 0.000000e+00 1.000000e+00
    outer loop
      vertex   -5.060000e+02 8.051060e+01 9.460825e+00
      vertex   -5.799500e+02 8.451060e+01 9.460825e+00
      vertex   -5.800500e+02 8.451060e+01 9.460825e+00
    endloop
  endfacet
  facet normal 0.000000e+00 0.000000e+00 1.000000e+00
    outer loop
      vertex   -5.060000e+02 8.051060e+01 9.460825e+00
      vertex   -5.800500e+02 8.451060e+01 9.460825e+00
      vertex   -6.149500e+02 8.451060e+01 9.460825e+00
    endloop
  endfacet
  facet normal 0.000000e+00 0.000000e+00 1.000000e+00
    outer loop
      vertex   -6.149500e+02 8.451060e+01 9.460825e+00
      vertex   -6.150500e+02 8.451060e+01 9.460825e+00
      vertex   -5.060000e+02 8.051060e+01 9.460825e+00
    endloop
  endfacet
  facet normal 0.000000e+00 0.000000e+00 1.000000e+00
    outer loop
      vertex   -5.060000e+02 8.051060e+01 9.460825e+00
      vertex   -6.150500e+02 8.451060e+01 9.460825e+00
      vertex   -6.499500e+02 8.451060e+01 9.460825e+00
    endloop
  endfacet
  facet normal 0.000000e+00 0.000000e+00 1.000000e+00
    outer loop
      vertex   -5.060000e+02 8.051060e+01 9.460825e+00
      vertex   -6.499500e+02 8.451060e+01 9.460825e+00
      vertex   -6.500500e+02 8.451060e+01 9.460825e+00
    endloop
  endfacet
  facet normal 0.000000e+00 0.000000e+00 1.000000e+00
    outer loop
      vertex   -6.850500e+02 8.451060e+01 9.460825e+00
      vertex   -7.199500e+02 8.451060e+01 9.460825e+00
      vertex   -7.940000e+02 8.051060e+01 9.460825e+00
    endloop
  endfacet
  facet normal 0.000000e+00 0.000000e+00 1.000000e+00
    outer loop
      vertex   -7.940000e+02 8.051060e+01 9.460825e+00
      vertex   -7.199500e+02 8.451060e+01 9.460825e+00
      vertex   -7.200500e+02 8.451060e+01 9.460825e+00
    endloop
  endfacet
  facet normal 0.000000e+00 0.000000e+00 1.000000e+00
    outer loop
      vertex   -7.940000e+02 8.051060e+01 9.460825e+00
      vertex   -7.200500e+02 8.451060e+01 9.460825e+00
      vertex   -7.549500e+02 8.451060e+01 9.460825e+00
    endloop
  endfacet
  facet normal 0.000000e+00 0.000000e+00 1.000000e+00
    outer loop
      vertex   -7.549500e+02 8.451060e+01 9.460825e+00
      vertex   -7.550500e+02 8.451060e+01 9.460825e+00
      vertex   -7.940000e+02 8.051060e+01 9.460825e+00
    endloop
  endfacet
  facet normal 0.000000e+00 0.000000e+00 1.000000e+00
    outer loop
      vertex   -7.940000e+02 8.051060e+01 9.460825e+00
      vertex   -7.550500e+02 8.451060e+01 9.460825e+00
      vertex   -7.900000e+02 8.451060e+01 9.460825e+00
    endloop
  endfacet
  facet normal 0.000000e+00 0.000000e+00 1.000000e+00
    outer loop
      vertex   -7.940000e+02 8.051060e+01 9.460825e+00
      vertex   -7.900000e+02 8.451060e+01 9.460825e+00
      vertex   -7.900000e+02 1.194606e+02 9.460825e+00
    endloop
  endfacet
  facet normal 0.000000e+00 0.000000e+00 1.000000e+00
    outer loop
      vertex   -7.940000e+02 8.051060e+01 9.460825e+00
      vertex   -7.900000e+02 1.194606e+02 9.460825e+00
      vertex   -7.900000e+02 1.195606e+02 9.460825e+00
    endloop
  endfacet
  facet normal 0.000000e+00 0.000000e+00 1.000000e+00
    outer loop
      vertex   -7.900000e+02 1.195606e+02 9.460825e+00
      vertex   -7.900000e+02 1.194606e+02 9.460825e+00
      vertex   -7.550500e+02 1.194606e+02 9.460825e+00
    endloop
  endfacet
  facet normal -0.000000e+00 0.000000e+00 1.000000e+00
    outer loop
      vertex   -7.900000e+02 1.195606e+02 9.460825e+00
      vertex   -7.550500e+02 1.194606e+02 9.460825e+00
      vertex   -7.550500e+02 1.195606e+02 9.460825e+00
    endloop
  endfacet
  facet normal 0.000000e+00 -0.000000e+00 1.000000e+00
    outer loop
      vertex   -7.900000e+02 1.195606e+02 9.460825e+00
      vertex   -7.900000e+02 1.544606e+02 9.460825e+00
      vertex   -7.940000e+02 8.051060e+01 9.460825e+00
    endloop
  endfacet
  facet normal 0.000000e+00 0.000000e+00 1.000000e+00
    outer loop
      vertex   -7.940000e+02 8.051060e+01 9.460825e+00
      vertex   -7.900000e+02 1.544606e+02 9.460825e+00
      vertex   -7.900000e+02 1.545606e+02 9.460825e+00
    endloop
  endfacet
  facet normal 0.000000e+00 0.000000e+00 1.000000e+00
    outer loop
      vertex   -7.940000e+02 8.051060e+01 9.460825e+00
      vertex   -7.900000e+02 1.545606e+02 9.460825e+00
      vertex   -7.900000e+02 1.894606e+02 9.460825e+00
    endloop
  endfacet
  facet normal 0.000000e+00 0.000000e+00 1.000000e+00
    outer loop
      vertex   -7.900000e+02 1.544606e+02 9.460825e+00
      vertex   -7.550500e+02 1.544606e+02 9.460825e+00
      vertex   -7.900000e+02 1.545606e+02 9.460825e+00
    endloop
  endfacet
  facet normal -0.000000e+00 0.000000e+00 1.000000e+00
    outer loop
      vertex   -7.900000e+02 1.545606e+02 9.460825e+00
      vertex   -7.550500e+02 1.544606e+02 9.460825e+00
      vertex   -7.550500e+02 1.545606e+02 9.460825e+00
    endloop
  endfacet
  facet normal 0.000000e+00 0.000000e+00 1.000000e+00
    outer loop
      vertex   -7.940000e+02 8.051060e+01 9.460825e+00
      vertex   -7.900000e+02 1.894606e+02 9.460825e+00
      vertex   -7.900000e+02 1.895606e+02 9.460825e+00
    endloop
  endfacet
  facet normal 0.000000e+00 0.000000e+00 1.000000e+00
    outer loop
      vertex   -7.900000e+02 1.895606e+02 9.460825e+00
      vertex   -7.900000e+02 1.894606e+02 9.460825e+00
      vertex   -7.550500e+02 1.894606e+02 9.460825e+00
    endloop
  endfacet
  facet normal -0.000000e+00 0.000000e+00 1.000000e+00
    outer loop
      vertex   -7.900000e+02 1.895606e+02 9.460825e+00
      vertex   -7.550500e+02 1.894606e+02 9.460825e+00
      vertex   -7.550500e+02 1.895606e+02 9.460825e+00
    endloop
  endfacet
  facet normal 0.000000e+00 -0.000000e+00 1.000000e+00
    outer loop
      vertex   -7.900000e+02 1.895606e+02 9.460825e+00
      vertex   -7.900000e+02 2.244606e+02 9.460825e+00
      vertex   -7.940000e+02 8.051060e+01 9.460825e+00
    endloop
  endfacet
  facet normal 0.000000e+00 0.000000e+00 1.000000e+00
    outer loop
      vertex   -7.940000e+02 8.051060e+01 9.460825e+00
      vertex   -7.900000e+02 2.244606e+02 9.460825e+00
      vertex   -7.900000e+02 2.245606e+02 9.460825e+00
    endloop
  endfacet
  facet normal 0.000000e+00 -0.000000e+00 1.000000e+00
    outer loop
      vertex   -7.900000e+02 2.595606e+02 9.460825e+00
      vertex   -7.900000e+02 2.944606e+02 9.460825e+00
      vertex   -7.940000e+02 3.685106e+02 9.460825e+00
    endloop
  endfacet
  facet normal 0.000000e+00 0.000000e+00 1.000000e+00
    outer loop
      vertex   -7.940000e+02 3.685106e+02 9.460825e+00
      vertex   -7.900000e+02 2.944606e+02 9.460825e+00
      vertex   -7.900000e+02 2.945606e+02 9.460825e+00
    endloop
  endfacet
  facet normal 0.000000e+00 0.000000e+00 1.000000e+00
    outer loop
      vertex   -7.940000e+02 3.685106e+02 9.460825e+00
      vertex   -7.900000e+02 2.945606e+02 9.460825e+00
      vertex   -7.900000e+02 3.294606e+02 9.460825e+00
    endloop
  endfacet
  facet normal 0.000000e+00 0.000000e+00 1.000000e+00
    outer loop
      vertex   -7.900000e+02 2.944606e+02 9.460825e+00
      vertex   -7.550500e+02 2.944606e+02 9.460825e+00
      vertex   -7.900000e+02 2.945606e+02 9.460825e+00
    endloop
  endfacet
  facet normal -0.000000e+00 0.000000e+00 1.000000e+00
    outer loop
      vertex   -7.900000e+02 2.945606e+02 9.460825e+00
      vertex   -7.550500e+02 2.944606e+02 9.460825e+00
      vertex   -7.550500e+02 2.945606e+02 9.460825e+00
    endloop
  endfacet
  facet normal 0.000000e+00 0.000000e+00 1.000000e+00
    outer loop
      vertex   -7.940000e+02 3.685106e+02 9.460825e+00
      vertex   -7.900000e+02 3.294606e+02 9.460825e+00
      vertex   -7.900000e+02 3.295606e+02 9.460825e+00
    endloop
  endfacet
  facet normal 0.000000e+00 0.000000e+00 1.000000e+00
    outer loop
      vertex   -7.900000e+02 3.295606e+02 9.460825e+00
      vertex   -7.900000e+02 3.294606e+02 9.460825e+00
      vertex   -7.550500e+02 3.294606e+02 9.460825e+00
    endloop
  endfacet
  facet normal -0.000000e+00 0.000000e+00 1.000000e+00
    outer loop
      vertex   -7.900000e+02 3.295606e+02 9.460825e+00
      vertex   -7.550500e+02 3.294606e+02 9.460825e+00
      vertex   -7.550500e+02 3.295606e+02 9.460825e+00
    endloop
  endfacet
  facet normal 0.000000e+00 -0.000000e+00 1.000000e+00
    outer loop
      vertex   -7.900000e+02 3.295606e+02 9.460825e+00
      vertex   -7.900000e+02 3.645106e+02 9.460825e+00
      vertex   -7.940000e+02 3.685106e+02 9.460825e+00
    endloop
  endfacet
  facet normal 0.000000e+00 0.000000e+00 1.000000e+00
    outer loop
      vertex   -7.940000e+02 3.685106e+02 9.460825e+00
      vertex   -7.900000e+02 3.645106e+02 9.460825e+00
      vertex   -7.550500e+02 3.645106e+02 9.460825e+00
    endloop
  endfacet
  facet normal 0.000000e+00 0.000000e+00 1.000000e+00
    outer loop
      vertex   -7.940000e+02 3.685106e+02 9.460825e+00
      vertex   -7.550500e+02 3.645106e+02 9.460825e+00
      vertex   -7.549500e+02 3.645106e+02 9.460825e+00
    endloop
  endfacet
  facet normal 0.000000e+00 -0.000000e+00 1.000000e+00
    outer loop
      vertex   -7.549500e+02 3.645106e+02 9.460825e+00
      vertex   -7.200500e+02 3.645106e+02 9.460825e+00
      vertex   -7.940000e+02 3.685106e+02 9.460825e+00
    endloop
  endfacet
  facet normal 0.000000e+00 0.000000e+00 1.000000e+00
    outer loop
      vertex   -7.940000e+02 3.685106e+02 9.460825e+00
      vertex   -7.200500e+02 3.645106e+02 9.460825e+00
      vertex   -7.199500e+02 3.645106e+02 9.460825e+00
    endloop
  endfacet
  facet normal 0.000000e+00 0.000000e+00 1.000000e+00
    outer loop
      vertex   -7.940000e+02 3.685106e+02 9.460825e+00
      vertex   -7.199500e+02 3.645106e+02 9.460825e+00
      vertex   -6.850500e+02 3.645106e+02 9.460825e+00
    endloop
  endfacet
  facet normal 0.000000e+00 -0.000000e+00 1.000000e+00
    outer loop
      vertex   -6.850500e+02 3.645106e+02 9.460825e+00
      vertex   -6.849500e+02 3.645106e+02 9.460825e+00
      vertex   -7.940000e+02 3.685106e+02 9.460825e+00
    endloop
  endfacet
  facet normal 0.000000e+00 0.000000e+00 1.000000e+00
    outer loop
      vertex   -7.940000e+02 3.685106e+02 9.460825e+00
      vertex   -6.849500e+02 3.645106e+02 9.460825e+00
      vertex   -6.500500e+02 3.645106e+02 9.460825e+00
    endloop
  endfacet
  facet normal 0.000000e+00 0.000000e+00 1.000000e+00
    outer loop
      vertex   -7.940000e+02 3.685106e+02 9.460825e+00
      vertex   -6.500500e+02 3.645106e+02 9.460825e+00
      vertex   -6.499500e+02 3.645106e+02 9.460825e+00
    endloop
  endfacet
  facet normal 0.000000e+00 0.000000e+00 1.000000e+00
    outer loop
      vertex   -6.149500e+02 3.645106e+02 9.460825e+00
      vertex   -5.800500e+02 3.645106e+02 9.460825e+00
      vertex   -5.060000e+02 3.685106e+02 9.460825e+00
    endloop
  endfacet
  facet normal 0.000000e+00 0.000000e+00 1.000000e+00
    outer loop
      vertex   -5.060000e+02 3.685106e+02 9.460825e+00
      vertex   -5.800500e+02 3.645106e+02 9.460825e+00
      vertex   -5.799500e+02 3.645106e+02 9.460825e+00
    endloop
  endfacet
  facet normal 0.000000e+00 0.000000e+00 1.000000e+00
    outer loop
      vertex   -5.060000e+02 3.685106e+02 9.460825e+00
      vertex   -5.799500e+02 3.645106e+02 9.460825e+00
      vertex   -5.450500e+02 3.645106e+02 9.460825e+00
    endloop
  endfacet
  facet normal 0.000000e+00 0.000000e+00 1.000000e+00
    outer loop
      vertex   -5.450500e+02 3.645106e+02 9.460825e+00
      vertex   -5.449500e+02 3.645106e+02 9.460825e+00
      vertex   -5.060000e+02 3.685106e+02 9.460825e+00
    endloop
  endfacet
  facet normal 0.000000e+00 0.000000e+00 1.000000e+00
    outer loop
      vertex   -5.060000e+02 3.685106e+02 9.460825e+00
      vertex   -5.449500e+02 3.645106e+02 9.460825e+00
      vertex   -5.100000e+02 3.645106e+02 9.460825e+00
    endloop
  endfacet
  facet normal -1.000000e+00 -0.000000e+00 -0.000000e+00
    outer loop
      vertex   -5.799500e+02 1.194606e+02 6.946082e+01
      vertex   -5.799500e+02 1.194606e+02 9.460825e+00
      vertex   -5.799500e+02 8.451060e+01 6.946082e+01
    endloop
  endfacet
  facet normal -1.000000e+00 0.000000e+00 0.000000e+00
    outer loop
      vertex   -5.799500e+02 8.451060e+01 6.946082e+01
      vertex   -5.799500e+02 1.194606e+02 9.460825e+00
      vertex   -5.799500e+02 8.451060e+01 9.460825e+00
    endloop
  endfacet
  facet normal -1.000000e+00 0.000000e+00 0.000000e+00
    outer loop
      vertex   -5.799500e+02 8.451060e+01 9.460825e+00
      vertex   -5.799500e+02 1.194606e+02 9.460825e+00
      vertex   -5.799500e+02 8.451060e+01 4.460825e+00
    endloop
  endfacet
  facet normal -1.000000e+00 0.000000e+00 0.000000e+00
    outer loop
      vertex   -5.799500e+02 8.451060e+01 4.460825e+00
      vertex   -5.799500e+02 1.194606e+02 9.460825e+00
      vertex   -5.799500e+02 1.195606e+02 9.460825e+00
    endloop
  endfacet
  facet normal -1.000000e+00 0.000000e+00 0.000000e+00
    outer loop
      vertex   -5.799500e+02 8.451060e+01 4.460825e+00
      vertex   -5.799500e+02 1.195606e+02 9.460825e+00
      vertex   -5.799500e+02 1.544606e+02 9.460825e+00
    endloop
  endfacet
  facet normal -1.000000e+00 0.000000e+00 0.000000e+00
    outer loop
      vertex   -5.799500e+02 1.544606e+02 9.460825e+00
      vertex   -5.799500e+02 1.195606e+02 9.460825e+00
      vertex   -5.799500e+02 1.195606e+02 4.946082e+01
    endloop
  endfacet
  facet normal -1.000000e+00 0.000000e+00 0.000000e+00
    outer loop
      vertex   -5.799500e+02 1.544606e+02 9.460825e+00
      vertex   -5.799500e+02 1.195606e+02 4.946082e+01
      vertex   -5.799500e+02 1.544606e+02 4.946082e+01
    endloop
  endfacet
  facet normal -1.000000e+00 0.000000e+00 0.000000e+00
    outer loop
      vertex   -5.799500e+02 8.451060e+01 4.460825e+00
      vertex   -5.799500e+02 1.544606e+02 9.460825e+00
      vertex   -5.799500e+02 2.244606e+02 4.460825e+00
    endloop
  endfacet
  facet normal -1.000000e+00 0.000000e+00 0.000000e+00
    outer loop
      vertex   -5.799500e+02 2.244606e+02 4.460825e+00
      vertex   -5.799500e+02 1.544606e+02 9.460825e+00
      vertex   -5.799500e+02 1.545606e+02 9.460825e+00
    endloop
  endfacet
  facet normal -1.000000e+00 0.000000e+00 0.000000e+00
    outer loop
      vertex   -5.799500e+02 2.244606e+02 4.460825e+00
      vertex   -5.799500e+02 1.545606e+02 9.460825e+00
      vertex   -5.799500e+02 1.894606e+02 9.460825e+00
    endloop
  endfacet
  facet normal -1.000000e+00 0.000000e+00 0.000000e+00
    outer loop
      vertex   -5.799500e+02 1.894606e+02 9.460825e+00
      vertex   -5.799500e+02 1.545606e+02 9.460825e+00
      vertex   -5.799500e+02 1.545606e+02 3.946082e+01
    endloop
  endfacet
  facet normal -1.000000e+00 0.000000e+00 0.000000e+00
    outer loop
      vertex   -5.799500e+02 1.894606e+02 9.460825e+00
      vertex   -5.799500e+02 1.545606e+02 3.946082e+01
      vertex   -5.799500e+02 1.894606e+02 3.946082e+01
    endloop
  endfacet
  facet normal -1.000000e+00 0.000000e+00 0.000000e+00
    outer loop
      vertex   -5.799500e+02 1.894606e+02 9.460825e+00
      vertex   -5.799500e+02 1.895606e+02 9.460825e+00
      vertex   -5.799500e+02 2.244606e+02 4.460825e+00
    endloop
  endfacet
  facet normal -1.000000e+00 0.000000e+00 0.000000e+00
    outer loop
      vertex   -5.799500e+02 2.244606e+02 4.460825e+00
      vertex   -5.799500e+02 1.895606e+02 9.460825e+00
      vertex   -5.799500e+02 2.244606e+02 2.946082e+01
    endloop
  endfacet
  facet normal -1.000000e+00 -0.000000e+00 0.000000e+00
    outer loop
      vertex   -5.799500e+02 2.244606e+02 2.946082e+01
      vertex   -5.799500e+02 1.895606e+02 9.460825e+00
      vertex   -5.799500e+02 1.895606e+02 2.946082e+01
    endloop
  endfacet
  facet normal -1.000000e+00 -0.000000e+00 -0.000000e+00
    outer loop
      vertex   -5.799500e+02 3.645106e+02 6.946082e+01
      vertex   -5.799500e+02 3.645106e+02 9.460825e+00
      vertex   -5.799500e+02 3.295606e+02 6.946082e+01
    endloop
  endfacet
  facet normal -1.000000e+00 0.000000e+00 0.000000e+00
    outer loop
      vertex   -5.799500e+02 3.295606e+02 6.946082e+01
      vertex   -5.799500e+02 3.645106e+02 9.460825e+00
      vertex   -5.799500e+02 3.295606e+02 9.460825e+00
    endloop
  endfacet
  facet normal -1.000000e+00 0.000000e+00 0.000000e+00
    outer loop
      vertex   -5.799500e+02 3.295606e+02 9.460825e+00
      vertex   -5.799500e+02 3.645106e+02 9.460825e+00
      vertex   -5.799500e+02 3.645106e+02 4.460825e+00
    endloop
  endfacet
  facet normal -1.000000e+00 -0.000000e+00 -0.000000e+00
    outer loop
      vertex   -5.799500e+02 3.295606e+02 9.460825e+00
      vertex   -5.799500e+02 3.645106e+02 4.460825e+00
      vertex   -5.799500e+02 3.294606e+02 9.460825e+00
    endloop
  endfacet
  facet normal -1.000000e+00 -0.000000e+00 -0.000000e+00
    outer loop
      vertex   -5.799500e+02 3.294606e+02 9.460825e+00
      vertex   -5.799500e+02 3.645106e+02 4.460825e+00
      vertex   -5.799500e+02 2.945606e+02 9.460825e+00
    endloop
  endfacet
  facet normal -1.000000e+00 0.000000e+00 0.000000e+00
    outer loop
      vertex   -5.799500e+02 3.294606e+02 9.460825e+00
      vertex   -5.799500e+02 2.945606e+02 9.460825e+00
      vertex   -5.799500e+02 2.945606e+02 4.946082e+01
    endloop
  endfacet
  facet normal -1.000000e+00 0.000000e+00 0.000000e+00
    outer loop
      vertex   -5.799500e+02 3.645106e+02 4.460825e+00
      vertex   -5.799500e+02 2.245606e+02 4.460825e+00
      vertex   -5.799500e+02 2.945606e+02 9.460825e+00
    endloop
  endfacet
  facet normal -1.000000e+00 -0.000000e+00 0.000000e+00
    outer loop
      vertex   -5.799500e+02 2.945606e+02 9.460825e+00
      vertex   -5.799500e+02 2.245606e+02 4.460825e+00
      vertex   -5.799500e+02 2.944606e+02 9.460825e+00
    endloop
  endfacet
  facet normal -1.000000e+00 -0.000000e+00 0.000000e+00
    outer loop
      vertex   -5.799500e+02 2.944606e+02 9.460825e+00
      vertex   -5.799500e+02 2.245606e+02 4.460825e+00
      vertex   -5.799500e+02 2.595606e+02 9.460825e+00
    endloop
  endfacet
  facet normal -1.000000e+00 0.000000e+00 0.000000e+00
    outer loop
      vertex   -5.799500e+02 2.944606e+02 9.460825e+00
      vertex   -5.799500e+02 2.595606e+02 9.460825e+00
      vertex   -5.799500e+02 2.595606e+02 3.946082e+01
    endloop
  endfacet
  facet normal -1.000000e+00 -0.000000e+00 0.000000e+00
    outer loop
      vertex   -5.799500e+02 2.595606e+02 9.460825e+00
      vertex   -5.799500e+02 2.245606e+02 4.460825e+00
      vertex   -5.799500e+02 2.594606e+02 9.460825e+00
    endloop
  endfacet
  facet normal -1.000000e+00 -0.000000e+00 0.000000e+00
    outer loop
      vertex   -5.799500e+02 2.594606e+02 9.460825e+00
      vertex   -5.799500e+02 2.245606e+02 4.460825e+00
      vertex   -5.799500e+02 2.245606e+02 2.946082e+01
    endloop
  endfacet
  facet normal -1.000000e+00 0.000000e+00 0.000000e+00
    outer loop
      vertex   -5.799500e+02 2.594606e+02 9.460825e+00
      vertex   -5.799500e+02 2.245606e+02 2.946082e+01
      vertex   -5.799500e+02 2.594606e+02 2.946082e+01
    endloop
  endfacet
  facet normal -1.000000e+00 0.000000e+00 0.000000e+00
    outer loop
      vertex   -5.799500e+02 2.595606e+02 3.946082e+01
      vertex   -5.799500e+02 2.944606e+02 3.946082e+01
      vertex   -5.799500e+02 2.944606e+02 9.460825e+00
    endloop
  endfacet
  facet normal -1.000000e+00 0.000000e+00 0.000000e+00
    outer loop
      vertex   -5.799500e+02 2.945606e+02 4.946082e+01
      vertex   -5.799500e+02 3.294606e+02 4.946082e+01
      vertex   -5.799500e+02 3.294606e+02 9.460825e+00
    endloop
  endfacet
  facet normal 0.000000e+00 1.000000e+00 0.000000e+00
    outer loop
      vertex   -5.799500e+02 8.451060e+01 9.460825e+00
      vertex   -5.799500e+02 8.451060e+01 4.460825e+00
      vertex   -5.800500e+02 8.451060e+01 9.460825e+00
    endloop
  endfacet
  facet normal 0.000000e+00 1.000000e+00 0.000000e+00
    outer loop
      vertex   -5.800500e+02 8.451060e+01 9.460825e+00
      vertex   -5.799500e+02 8.451060e+01 4.460825e+00
      vertex   -5.800500e+02 8.451060e+01 4.460825e+00
    endloop
  endfacet
  facet normal 1.000000e+00 -0.000000e+00 0.000000e+00
    outer loop
      vertex   -5.800500e+02 8.451060e+01 4.946082e+01
      vertex   -5.800500e+02 8.451060e+01 9.460825e+00
      vertex   -5.800500e+02 1.194606e+02 4.946082e+01
    endloop
  endfacet
  facet normal 1.000000e+00 0.000000e+00 0.000000e+00
    outer loop
      vertex   -5.800500e+02 1.194606e+02 4.946082e+01
      vertex   -5.800500e+02 8.451060e+01 9.460825e+00
      vertex   -5.800500e+02 1.194606e+02 9.460825e+00
    endloop
  endfacet
  facet normal 1.000000e+00 0.000000e+00 0.000000e+00
    outer loop
      vertex   -5.800500e+02 1.194606e+02 9.460825e+00
      vertex   -5.800500e+02 8.451060e+01 9.460825e+00
      vertex   -5.800500e+02 8.451060e+01 4.460825e+00
    endloop
  endfacet
  facet normal 1.000000e+00 -0.000000e+00 0.000000e+00
    outer loop
      vertex   -5.800500e+02 1.194606e+02 9.460825e+00
      vertex   -5.800500e+02 8.451060e+01 4.460825e+00
      vertex   -5.800500e+02 1.195606e+02 9.460825e+00
    endloop
  endfacet
  facet normal 1.000000e+00 -0.000000e+00 0.000000e+00
    outer loop
      vertex   -5.800500e+02 1.195606e+02 9.460825e+00
      vertex   -5.800500e+02 8.451060e+01 4.460825e+00
      vertex   -5.800500e+02 1.544606e+02 9.460825e+00
    endloop
  endfacet
  facet normal 1.000000e+00 0.000000e+00 0.000000e+00
    outer loop
      vertex   -5.800500e+02 1.195606e+02 9.460825e+00
      vertex   -5.800500e+02 1.544606e+02 9.460825e+00
      vertex   -5.800500e+02 1.544606e+02 3.946082e+01
    endloop
  endfacet
  facet normal 1.000000e+00 0.000000e+00 0.000000e+00
    outer loop
      vertex   -5.800500e+02 8.451060e+01 4.460825e+00
      vertex   -5.800500e+02 2.244606e+02 4.460825e+00
      vertex   -5.800500e+02 1.544606e+02 9.460825e+00
    endloop
  endfacet
  facet normal 1.000000e+00 -0.000000e+00 0.000000e+00
    outer loop
      vertex   -5.800500e+02 1.544606e+02 9.460825e+00
      vertex   -5.800500e+02 2.244606e+02 4.460825e+00
      vertex   -5.800500e+02 1.545606e+02 9.460825e+00
    endloop
  endfacet
  facet normal 1.000000e+00 -0.000000e+00 0.000000e+00
    outer loop
      vertex   -5.800500e+02 1.545606e+02 9.460825e+00
      vertex   -5.800500e+02 2.244606e+02 4.460825e+00
      vertex   -5.800500e+02 1.894606e+02 9.460825e+00
    endloop
  endfacet
  facet normal 1.000000e+00 0.000000e+00 0.000000e+00
    outer loop
      vertex   -5.800500e+02 1.545606e+02 9.460825e+00
      vertex   -5.800500e+02 1.894606e+02 9.460825e+00
      vertex   -5.800500e+02 1.894606e+02 2.946082e+01
    endloop
  endfacet
  facet normal 1.000000e+00 -0.000000e+00 0.000000e+00
    outer loop
      vertex   -5.800500e+02 1.894606e+02 9.460825e+00
      vertex   -5.800500e+02 2.244606e+02 4.460825e+00
      vertex   -5.800500e+02 1.895606e+02 9.460825e+00
    endloop
  endfacet
  facet normal 1.000000e+00 -0.000000e+00 0.000000e+00
    outer loop
      vertex   -5.800500e+02 1.895606e+02 9.460825e+00
      vertex   -5.800500e+02 2.244606e+02 4.460825e+00
      vertex   -5.800500e+02 2.244606e+02 1.946082e+01
    endloop
  endfacet
  facet normal 1.000000e+00 0.000000e+00 0.000000e+00
    outer loop
      vertex   -5.800500e+02 1.895606e+02 9.460825e+00
      vertex   -5.800500e+02 2.244606e+02 1.946082e+01
      vertex   -5.800500e+02 1.895606e+02 1.946082e+01
    endloop
  endfacet
  facet normal 1.000000e+00 0.000000e+00 0.000000e+00
    outer loop
      vertex   -5.800500e+02 1.894606e+02 2.946082e+01
      vertex   -5.800500e+02 1.545606e+02 2.946082e+01
      vertex   -5.800500e+02 1.545606e+02 9.460825e+00
    endloop
  endfacet
  facet normal 1.000000e+00 0.000000e+00 0.000000e+00
    outer loop
      vertex   -5.800500e+02 1.544606e+02 3.946082e+01
      vertex   -5.800500e+02 1.195606e+02 3.946082e+01
      vertex   -5.800500e+02 1.195606e+02 9.460825e+00
    endloop
  endfacet
  facet normal 0.000000e+00 -1.000000e+00 0.000000e+00
    outer loop
      vertex   -5.800500e+02 3.645106e+02 9.460825e+00
      vertex   -5.800500e+02 3.645106e+02 4.460825e+00
      vertex   -5.799500e+02 3.645106e+02 9.460825e+00
    endloop
  endfacet
  facet normal 0.000000e+00 -1.000000e+00 -0.000000e+00
    outer loop
      vertex   -5.799500e+02 3.645106e+02 9.460825e+00
      vertex   -5.800500e+02 3.645106e+02 4.460825e+00
      vertex   -5.799500e+02 3.645106e+02 4.460825e+00
    endloop
  endfacet
  facet normal 1.000000e+00 -0.000000e+00 0.000000e+00
    outer loop
      vertex   -5.800500e+02 3.295606e+02 4.946082e+01
      vertex   -5.800500e+02 3.295606e+02 9.460825e+00
      vertex   -5.800500e+02 3.645106e+02 4.946082e+01
    endloop
  endfacet
  facet normal 1.000000e+00 0.000000e+00 0.000000e+00
    outer loop
      vertex   -5.800500e+02 3.645106e+02 4.946082e+01
      vertex   -5.800500e+02 3.295606e+02 9.460825e+00
      vertex   -5.800500e+02 3.645106e+02 9.460825e+00
    endloop
  endfacet
  facet normal 1.000000e+00 0.000000e+00 0.000000e+00
    outer loop
      vertex   -5.800500e+02 3.645106e+02 9.460825e+00
      vertex   -5.800500e+02 3.295606e+02 9.460825e+00
      vertex   -5.800500e+02 3.645106e+02 4.460825e+00
    endloop
  endfacet
  facet normal 1.000000e+00 0.000000e+00 0.000000e+00
    outer loop
      vertex   -5.800500e+02 3.645106e+02 4.460825e+00
      vertex   -5.800500e+02 3.295606e+02 9.460825e+00
      vertex   -5.800500e+02 3.294606e+02 9.460825e+00
    endloop
  endfacet
  facet normal 1.000000e+00 0.000000e+00 0.000000e+00
    outer loop
      vertex   -5.800500e+02 3.645106e+02 4.460825e+00
      vertex   -5.800500e+02 3.294606e+02 9.460825e+00
      vertex   -5.800500e+02 2.945606e+02 9.460825e+00
    endloop
  endfacet
  facet normal 1.000000e+00 0.000000e+00 0.000000e+00
    outer loop
      vertex   -5.800500e+02 2.945606e+02 9.460825e+00
      vertex   -5.800500e+02 3.294606e+02 9.460825e+00
      vertex   -5.800500e+02 3.294606e+02 3.946082e+01
    endloop
  endfacet
  facet normal 1.000000e+00 0.000000e+00 0.000000e+00
    outer loop
      vertex   -5.800500e+02 2.945606e+02 9.460825e+00
      vertex   -5.800500e+02 3.294606e+02 3.946082e+01
      vertex   -5.800500e+02 2.945606e+02 3.946082e+01
    endloop
  endfacet
  facet normal 1.000000e+00 0.000000e+00 0.000000e+00
    outer loop
      vertex   -5.800500e+02 3.645106e+02 4.460825e+00
      vertex   -5.800500e+02 2.945606e+02 9.460825e+00
      vertex   -5.800500e+02 2.245606e+02 4.460825e+00
    endloop
  endfacet
  facet normal 1.000000e+00 0.000000e+00 0.000000e+00
    outer loop
      vertex   -5.800500e+02 2.245606e+02 4.460825e+00
      vertex   -5.800500e+02 2.945606e+02 9.460825e+00
      vertex   -5.800500e+02 2.944606e+02 9.460825e+00
    endloop
  endfacet
  facet normal 1.000000e+00 0.000000e+00 0.000000e+00
    outer loop
      vertex   -5.800500e+02 2.245606e+02 4.460825e+00
      vertex   -5.800500e+02 2.944606e+02 9.460825e+00
      vertex   -5.800500e+02 2.595606e+02 9.460825e+00
    endloop
  endfacet
  facet normal 1.000000e+00 0.000000e+00 0.000000e+00
    outer loop
      vertex   -5.800500e+02 2.595606e+02 9.460825e+00
      vertex   -5.800500e+02 2.944606e+02 9.460825e+00
      vertex   -5.800500e+02 2.944606e+02 2.946082e+01
    endloop
  endfacet
  facet normal 1.000000e+00 0.000000e+00 0.000000e+00
    outer loop
      vertex   -5.800500e+02 2.595606e+02 9.460825e+00
      vertex   -5.800500e+02 2.944606e+02 2.946082e+01
      vertex   -5.800500e+02 2.595606e+02 2.946082e+01
    endloop
  endfacet
  facet normal 1.000000e+00 0.000000e+00 0.000000e+00
    outer loop
      vertex   -5.800500e+02 2.595606e+02 9.460825e+00
      vertex   -5.800500e+02 2.594606e+02 9.460825e+00
      vertex   -5.800500e+02 2.245606e+02 4.460825e+00
    endloop
  endfacet
  facet normal 1.000000e+00 0.000000e+00 0.000000e+00
    outer loop
      vertex   -5.800500e+02 2.245606e+02 4.460825e+00
      vertex   -5.800500e+02 2.594606e+02 9.460825e+00
      vertex   -5.800500e+02 2.245606e+02 1.946082e+01
    endloop
  endfacet
  facet normal 1.000000e+00 -0.000000e+00 0.000000e+00
    outer loop
      vertex   -5.800500e+02 2.245606e+02 1.946082e+01
      vertex   -5.800500e+02 2.594606e+02 9.460825e+00
      vertex   -5.800500e+02 2.594606e+02 1.946082e+01
    endloop
  endfacet
  facet normal 0.000000e+00 0.000000e+00 1.000000e+00
    outer loop
      vertex   -5.450500e+02 3.645106e+02 6.946082e+01
      vertex   -5.799500e+02 3.645106e+02 6.946082e+01
      vertex   -5.450500e+02 3.295606e+02 6.946082e+01
    endloop
  endfacet
  facet normal 0.000000e+00 0.000000e+00 1.000000e+00
    outer loop
      vertex   -5.450500e+02 3.295606e+02 6.946082e+01
      vertex   -5.799500e+02 3.645106e+02 6.946082e+01
      vertex   -5.799500e+02 3.295606e+02 6.946082e+01
    endloop
  endfacet
  facet normal 0.000000e+00 1.000000e+00 -0.000000e+00
    outer loop
      vertex   -5.800500e+02 3.645106e+02 9.460825e+00
      vertex   -6.149500e+02 3.645106e+02 9.460825e+00
      vertex   -5.800500e+02 3.645106e+02 4.946082e+01
    endloop
  endfacet
  facet normal 0.000000e+00 1.000000e+00 0.000000e+00
    outer loop
      vertex   -5.800500e+02 3.645106e+02 4.946082e+01
      vertex   -6.149500e+02 3.645106e+02 9.460825e+00
      vertex   -6.149500e+02 3.645106e+02 4.946082e+01
    endloop
  endfacet
  facet normal -0.000000e+00 1.000000e+00 0.000000e+00
    outer loop
      vertex   -5.449500e+02 3.645106e+02 7.946082e+01
      vertex   -5.100000e+02 3.645106e+02 7.946082e+01
      vertex   -5.449500e+02 3.645106e+02 9.460825e+00
    endloop
  endfacet
  facet normal 0.000000e+00 1.000000e+00 0.000000e+00
    outer loop
      vertex   -5.449500e+02 3.645106e+02 9.460825e+00
      vertex   -5.100000e+02 3.645106e+02 7.946082e+01
      vertex   -5.100000e+02 3.645106e+02 9.460825e+00
    endloop
  endfacet
  facet normal -0.000000e+00 -1.000000e+00 -2.842171e-15
    outer loop
      vertex   -5.800500e+02 3.295606e+02 9.460825e+00
      vertex   -5.800500e+02 3.295606e+02 4.946082e+01
      vertex   -6.149500e+02 3.295606e+02 9.460825e+00
    endloop
  endfacet
  facet normal 0.000000e+00 -1.000000e+00 -2.842171e-15
    outer loop
      vertex   -6.149500e+02 3.295606e+02 9.460825e+00
      vertex   -5.800500e+02 3.295606e+02 4.946082e+01
      vertex   -6.149500e+02 3.295606e+02 4.946082e+01
    endloop
  endfacet
  facet normal 0.000000e+00 0.000000e+00 1.000000e+00
    outer loop
      vertex   -5.450500e+02 3.294606e+02 4.946082e+01
      vertex   -5.799500e+02 3.294606e+02 4.946082e+01
      vertex   -5.450500e+02 2.945606e+02 4.946082e+01
    endloop
  endfacet
  facet normal 0.000000e+00 0.000000e+00 1.000000e+00
    outer loop
      vertex   -5.450500e+02 2.945606e+02 4.946082e+01
      vertex   -5.799500e+02 3.294606e+02 4.946082e+01
      vertex   -5.799500e+02 2.945606e+02 4.946082e+01
    endloop
  endfacet
  facet normal 0.000000e+00 1.000000e+00 -1.894781e-15
    outer loop
      vertex   -5.800500e+02 3.294606e+02 3.946082e+01
      vertex   -5.800500e+02 3.294606e+02 9.460825e+00
      vertex   -6.149500e+02 3.294606e+02 3.946082e+01
    endloop
  endfacet
  facet normal 0.000000e+00 1.000000e+00 -1.894781e-15
    outer loop
      vertex   -6.149500e+02 3.294606e+02 3.946082e+01
      vertex   -5.800500e+02 3.294606e+02 9.460825e+00
      vertex   -6.149500e+02 3.294606e+02 9.460825e+00
    endloop
  endfacet
  facet normal 0.000000e+00 -1.000000e+00 0.000000e+00
    outer loop
      vertex   -5.800500e+02 2.945606e+02 9.460825e+00
      vertex   -5.800500e+02 2.945606e+02 3.946082e+01
      vertex   -6.149500e+02 2.945606e+02 9.460825e+00
    endloop
  endfacet
  facet normal 0.000000e+00 -1.000000e+00 0.000000e+00
    outer loop
      vertex   -6.149500e+02 2.945606e+02 9.460825e+00
      vertex   -5.800500e+02 2.945606e+02 3.946082e+01
      vertex   -6.149500e+02 2.945606e+02 3.946082e+01
    endloop
  endfacet
  facet normal 0.000000e+00 0.000000e+00 1.000000e+00
    outer loop
      vertex   -5.450500e+02 2.944606e+02 3.946082e+01
      vertex   -5.799500e+02 2.944606e+02 3.946082e+01
      vertex   -5.450500e+02 2.595606e+02 3.946082e+01
    endloop
  endfacet
  facet normal 0.000000e+00 0.000000e+00 1.000000e+00
    outer loop
      vertex   -5.450500e+02 2.595606e+02 3.946082e+01
      vertex   -5.799500e+02 2.944606e+02 3.946082e+01
      vertex   -5.799500e+02 2.595606e+02 3.946082e+01
    endloop
  endfacet
  facet normal 0.000000e+00 1.000000e+00 0.000000e+00
    outer loop
      vertex   -5.800500e+02 2.944606e+02 2.946082e+01
      vertex   -5.800500e+02 2.944606e+02 9.460825e+00
      vertex   -6.149500e+02 2.944606e+02 2.946082e+01
    endloop
  endfacet
  facet normal 0.000000e+00 1.000000e+00 0.000000e+00
    outer loop
      vertex   -6.149500e+02 2.944606e+02 2.946082e+01
      vertex   -5.800500e+02 2.944606e+02 9.460825e+00
      vertex   -6.149500e+02 2.944606e+02 9.460825e+00
    endloop
  endfacet
  facet normal -0.000000e+00 -1.000000e+00 -0.000000e+00
    outer loop
      vertex   -5.800500e+02 8.451060e+01 4.946082e+01
      vertex   -6.149500e+02 8.451060e+01 4.946082e+01
      vertex   -5.800500e+02 8.451060e+01 9.460825e+00
    endloop
  endfacet
  facet normal 0.000000e+00 -1.000000e+00 0.000000e+00
    outer loop
      vertex   -5.800500e+02 8.451060e+01 9.460825e+00
      vertex   -6.149500e+02 8.451060e+01 4.946082e+01
      vertex   -6.149500e+02 8.451060e+01 9.460825e+00
    endloop
  endfacet
  facet normal 0.000000e+00 0.000000e+00 1.000000e+00
    outer loop
      vertex   -5.800500e+02 1.194606e+02 4.946082e+01
      vertex   -6.149500e+02 1.194606e+02 4.946082e+01
      vertex   -5.800500e+02 8.451060e+01 4.946082e+01
    endloop
  endfacet
  facet normal 0.000000e+00 0.000000e+00 1.000000e+00
    outer loop
      vertex   -5.800500e+02 8.451060e+01 4.946082e+01
      vertex   -6.149500e+02 1.194606e+02 4.946082e+01
      vertex   -6.149500e+02 8.451060e+01 4.946082e+01
    endloop
  endfacet
  facet normal 0.000000e+00 -1.000000e+00 0.000000e+00
    outer loop
      vertex   -5.800500e+02 2.595606e+02 9.460825e+00
      vertex   -5.800500e+02 2.595606e+02 2.946082e+01
      vertex   -6.149500e+02 2.595606e+02 9.460825e+00
    endloop
  endfacet
  facet normal 0.000000e+00 -1.000000e+00 0.000000e+00
    outer loop
      vertex   -6.149500e+02 2.595606e+02 9.460825e+00
      vertex   -5.800500e+02 2.595606e+02 2.946082e+01
      vertex   -6.149500e+02 2.595606e+02 2.946082e+01
    endloop
  endfacet
  facet normal 0.000000e+00 1.000000e+00 3.552714e-16
    outer loop
      vertex   -5.800500e+02 1.194606e+02 4.946082e+01
      vertex   -5.800500e+02 1.194606e+02 9.460825e+00
      vertex   -6.149500e+02 1.194606e+02 4.946082e+01
    endloop
  endfacet
  facet normal 0.000000e+00 1.000000e+00 3.552714e-16
    outer loop
      vertex   -6.149500e+02 1.194606e+02 4.946082e+01
      vertex   -5.800500e+02 1.194606e+02 9.460825e+00
      vertex   -6.149500e+02 1.194606e+02 9.460825e+00
    endloop
  endfacet
  facet normal 0.000000e+00 0.000000e+00 1.000000e+00
    outer loop
      vertex   -5.450500e+02 2.594606e+02 2.946082e+01
      vertex   -5.799500e+02 2.594606e+02 2.946082e+01
      vertex   -5.450500e+02 2.245606e+02 2.946082e+01
    endloop
  endfacet
  facet normal 0.000000e+00 0.000000e+00 1.000000e+00
    outer loop
      vertex   -5.450500e+02 2.245606e+02 2.946082e+01
      vertex   -5.799500e+02 2.594606e+02 2.946082e+01
      vertex   -5.799500e+02 2.245606e+02 2.946082e+01
    endloop
  endfacet
  facet normal 0.000000e+00 1.000000e+00 0.000000e+00
    outer loop
      vertex   -5.800500e+02 2.594606e+02 1.946082e+01
      vertex   -5.800500e+02 2.594606e+02 9.460825e+00
      vertex   -6.149500e+02 2.594606e+02 1.946082e+01
    endloop
  endfacet
  facet normal 0.000000e+00 1.000000e+00 0.000000e+00
    outer loop
      vertex   -6.149500e+02 2.594606e+02 1.946082e+01
      vertex   -5.800500e+02 2.594606e+02 9.460825e+00
      vertex   -6.149500e+02 2.594606e+02 9.460825e+00
    endloop
  endfacet
  facet normal 0.000000e+00 -1.000000e+00 4.736952e-16
    outer loop
      vertex   -5.800500e+02 1.195606e+02 9.460825e+00
      vertex   -5.800500e+02 1.195606e+02 3.946082e+01
      vertex   -6.149500e+02 1.195606e+02 9.460825e+00
    endloop
  endfacet
  facet normal 0.000000e+00 -1.000000e+00 4.736952e-16
    outer loop
      vertex   -6.149500e+02 1.195606e+02 9.460825e+00
      vertex   -5.800500e+02 1.195606e+02 3.946082e+01
      vertex   -6.149500e+02 1.195606e+02 3.946082e+01
    endloop
  endfacet
  facet normal 0.000000e+00 0.000000e+00 1.000000e+00
    outer loop
      vertex   -5.800500e+02 1.544606e+02 3.946082e+01
      vertex   -6.149500e+02 1.544606e+02 3.946082e+01
      vertex   -5.800500e+02 1.195606e+02 3.946082e+01
    endloop
  endfacet
  facet normal 0.000000e+00 0.000000e+00 1.000000e+00
    outer loop
      vertex   -5.800500e+02 1.195606e+02 3.946082e+01
      vertex   -6.149500e+02 1.544606e+02 3.946082e+01
      vertex   -6.149500e+02 1.195606e+02 3.946082e+01
    endloop
  endfacet
  facet normal 0.000000e+00 -1.000000e+00 0.000000e+00
    outer loop
      vertex   -5.800500e+02 2.245606e+02 4.460825e+00
      vertex   -5.800500e+02 2.245606e+02 1.946082e+01
      vertex   -6.149500e+02 2.245606e+02 4.460825e+00
    endloop
  endfacet
  facet normal 0.000000e+00 -1.000000e+00 0.000000e+00
    outer loop
      vertex   -6.149500e+02 2.245606e+02 4.460825e+00
      vertex   -5.800500e+02 2.245606e+02 1.946082e+01
      vertex   -6.149500e+02 2.245606e+02 1.946082e+01
    endloop
  endfacet
  facet normal 0.000000e+00 1.000000e+00 0.000000e+00
    outer loop
      vertex   -5.800500e+02 1.544606e+02 3.946082e+01
      vertex   -5.800500e+02 1.544606e+02 9.460825e+00
      vertex   -6.149500e+02 1.544606e+02 3.946082e+01
    endloop
  endfacet
  facet normal 0.000000e+00 1.000000e+00 0.000000e+00
    outer loop
      vertex   -6.149500e+02 1.544606e+02 3.946082e+01
      vertex   -5.800500e+02 1.544606e+02 9.460825e+00
      vertex   -6.149500e+02 1.544606e+02 9.460825e+00
    endloop
  endfacet
  facet normal 0.000000e+00 1.000000e+00 0.000000e+00
    outer loop
      vertex   -5.800500e+02 2.244606e+02 1.946082e+01
      vertex   -5.800500e+02 2.244606e+02 4.460825e+00
      vertex   -6.149500e+02 2.244606e+02 1.946082e+01
    endloop
  endfacet
  facet normal 0.000000e+00 1.000000e+00 0.000000e+00
    outer loop
      vertex   -6.149500e+02 2.244606e+02 1.946082e+01
      vertex   -5.800500e+02 2.244606e+02 4.460825e+00
      vertex   -6.149500e+02 2.244606e+02 4.460825e+00
    endloop
  endfacet
  facet normal 0.000000e+00 -1.000000e+00 0.000000e+00
    outer loop
      vertex   -5.800500e+02 1.545606e+02 9.460825e+00
      vertex   -5.800500e+02 1.545606e+02 2.946082e+01
      vertex   -6.149500e+02 1.545606e+02 9.460825e+00
    endloop
  endfacet
  facet normal 0.000000e+00 -1.000000e+00 0.000000e+00
    outer loop
      vertex   -6.149500e+02 1.545606e+02 9.460825e+00
      vertex   -5.800500e+02 1.545606e+02 2.946082e+01
      vertex   -6.149500e+02 1.545606e+02 2.946082e+01
    endloop
  endfacet
  facet normal 0.000000e+00 0.000000e+00 1.000000e+00
    outer loop
      vertex   -5.800500e+02 1.894606e+02 2.946082e+01
      vertex   -6.149500e+02 1.894606e+02 2.946082e+01
      vertex   -5.800500e+02 1.545606e+02 2.946082e+01
    endloop
  endfacet
  facet normal 0.000000e+00 0.000000e+00 1.000000e+00
    outer loop
      vertex   -5.800500e+02 1.545606e+02 2.946082e+01
      vertex   -6.149500e+02 1.894606e+02 2.946082e+01
      vertex   -6.149500e+02 1.545606e+02 2.946082e+01
    endloop
  endfacet
  facet normal 0.000000e+00 -1.000000e+00 0.000000e+00
    outer loop
      vertex   -5.800500e+02 1.895606e+02 9.460825e+00
      vertex   -5.800500e+02 1.895606e+02 1.946082e+01
      vertex   -6.149500e+02 1.895606e+02 9.460825e+00
    endloop
  endfacet
  facet normal 0.000000e+00 -1.000000e+00 0.000000e+00
    outer loop
      vertex   -6.149500e+02 1.895606e+02 9.460825e+00
      vertex   -5.800500e+02 1.895606e+02 1.946082e+01
      vertex   -6.149500e+02 1.895606e+02 1.946082e+01
    endloop
  endfacet
  facet normal 0.000000e+00 1.000000e+00 0.000000e+00
    outer loop
      vertex   -5.800500e+02 1.894606e+02 2.946082e+01
      vertex   -5.800500e+02 1.894606e+02 9.460825e+00
      vertex   -6.149500e+02 1.894606e+02 2.946082e+01
    endloop
  endfacet
  facet normal 0.000000e+00 1.000000e+00 0.000000e+00
    outer loop
      vertex   -6.149500e+02 1.894606e+02 2.946082e+01
      vertex   -5.800500e+02 1.894606e+02 9.460825e+00
      vertex   -6.149500e+02 1.894606e+02 9.460825e+00
    endloop
  endfacet
  facet normal 0.000000e+00 0.000000e+00 1.000000e+00
    outer loop
      vertex   -5.800500e+02 1.895606e+02 9.460825e+00
      vertex   -6.149500e+02 1.895606e+02 9.460825e+00
      vertex   -5.800500e+02 1.894606e+02 9.460825e+00
    endloop
  endfacet
  facet normal 0.000000e+00 0.000000e+00 1.000000e+00
    outer loop
      vertex   -5.800500e+02 1.894606e+02 9.460825e+00
      vertex   -6.149500e+02 1.895606e+02 9.460825e+00
      vertex   -6.149500e+02 1.894606e+02 9.460825e+00
    endloop
  endfacet
  facet normal 0.000000e+00 0.000000e+00 1.000000e+00
    outer loop
      vertex   -5.800500e+02 1.545606e+02 9.460825e+00
      vertex   -6.149500e+02 1.545606e+02 9.460825e+00
      vertex   -5.800500e+02 1.544606e+02 9.460825e+00
    endloop
  endfacet
  facet normal 0.000000e+00 0.000000e+00 1.000000e+00
    outer loop
      vertex   -5.800500e+02 1.544606e+02 9.460825e+00
      vertex   -6.149500e+02 1.545606e+02 9.460825e+00
      vertex   -6.149500e+02 1.544606e+02 9.460825e+00
    endloop
  endfacet
  facet normal 0.000000e+00 0.000000e+00 1.000000e+00
    outer loop
      vertex   -5.800500e+02 2.595606e+02 9.460825e+00
      vertex   -6.149500e+02 2.595606e+02 9.460825e+00
      vertex   -5.800500e+02 2.594606e+02 9.460825e+00
    endloop
  endfacet
  facet normal 0.000000e+00 0.000000e+00 1.000000e+00
    outer loop
      vertex   -5.800500e+02 2.594606e+02 9.460825e+00
      vertex   -6.149500e+02 2.595606e+02 9.460825e+00
      vertex   -6.149500e+02 2.594606e+02 9.460825e+00
    endloop
  endfacet
  facet normal 0.000000e+00 0.000000e+00 1.000000e+00
    outer loop
      vertex   -5.800500e+02 2.945606e+02 9.460825e+00
      vertex   -6.149500e+02 2.945606e+02 9.460825e+00
      vertex   -5.800500e+02 2.944606e+02 9.460825e+00
    endloop
  endfacet
  facet normal 0.000000e+00 0.000000e+00 1.000000e+00
    outer loop
      vertex   -5.800500e+02 2.944606e+02 9.460825e+00
      vertex   -6.149500e+02 2.945606e+02 9.460825e+00
      vertex   -6.149500e+02 2.944606e+02 9.460825e+00
    endloop
  endfacet
  facet normal 0.000000e+00 0.000000e+00 1.000000e+00
    outer loop
      vertex   -5.800500e+02 1.195606e+02 9.460825e+00
      vertex   -6.149500e+02 1.195606e+02 9.460825e+00
      vertex   -5.800500e+02 1.194606e+02 9.460825e+00
    endloop
  endfacet
  facet normal 0.000000e+00 0.000000e+00 1.000000e+00
    outer loop
      vertex   -5.800500e+02 1.194606e+02 9.460825e+00
      vertex   -6.149500e+02 1.195606e+02 9.460825e+00
      vertex   -6.149500e+02 1.194606e+02 9.460825e+00
    endloop
  endfacet
  facet normal 0.000000e+00 0.000000e+00 1.000000e+00
    outer loop
      vertex   -5.800500e+02 3.295606e+02 9.460825e+00
      vertex   -6.149500e+02 3.295606e+02 9.460825e+00
      vertex   -5.800500e+02 3.294606e+02 9.460825e+00
    endloop
  endfacet
  facet normal 0.000000e+00 0.000000e+00 1.000000e+00
    outer loop
      vertex   -5.800500e+02 3.294606e+02 9.460825e+00
      vertex   -6.149500e+02 3.295606e+02 9.460825e+00
      vertex   -6.149500e+02 3.294606e+02 9.460825e+00
    endloop
  endfacet
  facet normal -1.000000e+00 -0.000000e+00 -0.000000e+00
    outer loop
      vertex   -6.149500e+02 1.194606e+02 4.946082e+01
      vertex   -6.149500e+02 1.194606e+02 9.460825e+00
      vertex   -6.149500e+02 8.451060e+01 4.946082e+01
    endloop
  endfacet
  facet normal -1.000000e+00 0.000000e+00 0.000000e+00
    outer loop
      vertex   -6.149500e+02 8.451060e+01 4.946082e+01
      vertex   -6.149500e+02 1.194606e+02 9.460825e+00
      vertex   -6.149500e+02 8.451060e+01 9.460825e+00
    endloop
  endfacet
  facet normal -1.000000e+00 0.000000e+00 0.000000e+00
    outer loop
      vertex   -6.149500e+02 8.451060e+01 9.460825e+00
      vertex   -6.149500e+02 1.194606e+02 9.460825e+00
      vertex   -6.149500e+02 8.451060e+01 4.460825e+00
    endloop
  endfacet
  facet normal -1.000000e+00 0.000000e+00 0.000000e+00
    outer loop
      vertex   -6.149500e+02 8.451060e+01 4.460825e+00
      vertex   -6.149500e+02 1.194606e+02 9.460825e+00
      vertex   -6.149500e+02 1.195606e+02 9.460825e+00
    endloop
  endfacet
  facet normal -1.000000e+00 0.000000e+00 0.000000e+00
    outer loop
      vertex   -6.149500e+02 8.451060e+01 4.460825e+00
      vertex   -6.149500e+02 1.195606e+02 9.460825e+00
      vertex   -6.149500e+02 1.544606e+02 9.460825e+00
    endloop
  endfacet
  facet normal -1.000000e+00 0.000000e+00 0.000000e+00
    outer loop
      vertex   -6.149500e+02 1.544606e+02 9.460825e+00
      vertex   -6.149500e+02 1.195606e+02 9.460825e+00
      vertex   -6.149500e+02 1.195606e+02 3.946082e+01
    endloop
  endfacet
  facet normal -1.000000e+00 0.000000e+00 0.000000e+00
    outer loop
      vertex   -6.149500e+02 1.544606e+02 9.460825e+00
      vertex   -6.149500e+02 1.195606e+02 3.946082e+01
      vertex   -6.149500e+02 1.544606e+02 3.946082e+01
    endloop
  endfacet
  facet normal -1.000000e+00 0.000000e+00 0.000000e+00
    outer loop
      vertex   -6.149500e+02 8.451060e+01 4.460825e+00
      vertex   -6.149500e+02 1.544606e+02 9.460825e+00
      vertex   -6.149500e+02 2.244606e+02 4.460825e+00
    endloop
  endfacet
  facet normal -1.000000e+00 0.000000e+00 0.000000e+00
    outer loop
      vertex   -6.149500e+02 2.244606e+02 4.460825e+00
      vertex   -6.149500e+02 1.544606e+02 9.460825e+00
      vertex   -6.149500e+02 1.545606e+02 9.460825e+00
    endloop
  endfacet
  facet normal -1.000000e+00 0.000000e+00 0.000000e+00
    outer loop
      vertex   -6.149500e+02 2.244606e+02 4.460825e+00
      vertex   -6.149500e+02 1.545606e+02 9.460825e+00
      vertex   -6.149500e+02 1.894606e+02 9.460825e+00
    endloop
  endfacet
  facet normal -1.000000e+00 0.000000e+00 0.000000e+00
    outer loop
      vertex   -6.149500e+02 1.894606e+02 9.460825e+00
      vertex   -6.149500e+02 1.545606e+02 9.460825e+00
      vertex   -6.149500e+02 1.545606e+02 2.946082e+01
    endloop
  endfacet
  facet normal -1.000000e+00 0.000000e+00 0.000000e+00
    outer loop
      vertex   -6.149500e+02 1.894606e+02 9.460825e+00
      vertex   -6.149500e+02 1.545606e+02 2.946082e+01
      vertex   -6.149500e+02 1.894606e+02 2.946082e+01
    endloop
  endfacet
  facet normal -1.000000e+00 0.000000e+00 0.000000e+00
    outer loop
      vertex   -6.149500e+02 1.894606e+02 9.460825e+00
      vertex   -6.149500e+02 1.895606e+02 9.460825e+00
      vertex   -6.149500e+02 2.244606e+02 4.460825e+00
    endloop
  endfacet
  facet normal -1.000000e+00 0.000000e+00 0.000000e+00
    outer loop
      vertex   -6.149500e+02 2.244606e+02 4.460825e+00
      vertex   -6.149500e+02 1.895606e+02 9.460825e+00
      vertex   -6.149500e+02 2.244606e+02 1.946082e+01
    endloop
  endfacet
  facet normal -1.000000e+00 -0.000000e+00 0.000000e+00
    outer loop
      vertex   -6.149500e+02 2.244606e+02 1.946082e+01
      vertex   -6.149500e+02 1.895606e+02 9.460825e+00
      vertex   -6.149500e+02 1.895606e+02 1.946082e+01
    endloop
  endfacet
  facet normal -1.000000e+00 -0.000000e+00 -0.000000e+00
    outer loop
      vertex   -6.149500e+02 3.645106e+02 4.946082e+01
      vertex   -6.149500e+02 3.645106e+02 9.460825e+00
      vertex   -6.149500e+02 3.295606e+02 4.946082e+01
    endloop
  endfacet
  facet normal -1.000000e+00 0.000000e+00 0.000000e+00
    outer loop
      vertex   -6.149500e+02 3.295606e+02 4.946082e+01
      vertex   -6.149500e+02 3.645106e+02 9.460825e+00
      vertex   -6.149500e+02 3.295606e+02 9.460825e+00
    endloop
  endfacet
  facet normal -1.000000e+00 0.000000e+00 0.000000e+00
    outer loop
      vertex   -6.149500e+02 3.295606e+02 9.460825e+00
      vertex   -6.149500e+02 3.645106e+02 9.460825e+00
      vertex   -6.149500e+02 3.645106e+02 4.460825e+00
    endloop
  endfacet
  facet normal -1.000000e+00 -0.000000e+00 -0.000000e+00
    outer loop
      vertex   -6.149500e+02 3.295606e+02 9.460825e+00
      vertex   -6.149500e+02 3.645106e+02 4.460825e+00
      vertex   -6.149500e+02 3.294606e+02 9.460825e+00
    endloop
  endfacet
  facet normal -1.000000e+00 -0.000000e+00 -0.000000e+00
    outer loop
      vertex   -6.149500e+02 3.294606e+02 9.460825e+00
      vertex   -6.149500e+02 3.645106e+02 4.460825e+00
      vertex   -6.149500e+02 2.945606e+02 9.460825e+00
    endloop
  endfacet
  facet normal -1.000000e+00 0.000000e+00 0.000000e+00
    outer loop
      vertex   -6.149500e+02 3.294606e+02 9.460825e+00
      vertex   -6.149500e+02 2.945606e+02 9.460825e+00
      vertex   -6.149500e+02 2.945606e+02 3.946082e+01
    endloop
  endfacet
  facet normal -1.000000e+00 0.000000e+00 0.000000e+00
    outer loop
      vertex   -6.149500e+02 3.645106e+02 4.460825e+00
      vertex   -6.149500e+02 2.245606e+02 4.460825e+00
      vertex   -6.149500e+02 2.945606e+02 9.460825e+00
    endloop
  endfacet
  facet normal -1.000000e+00 -0.000000e+00 0.000000e+00
    outer loop
      vertex   -6.149500e+02 2.945606e+02 9.460825e+00
      vertex   -6.149500e+02 2.245606e+02 4.460825e+00
      vertex   -6.149500e+02 2.944606e+02 9.460825e+00
    endloop
  endfacet
  facet normal -1.000000e+00 -0.000000e+00 0.000000e+00
    outer loop
      vertex   -6.149500e+02 2.944606e+02 9.460825e+00
      vertex   -6.149500e+02 2.245606e+02 4.460825e+00
      vertex   -6.149500e+02 2.595606e+02 9.460825e+00
    endloop
  endfacet
  facet normal -1.000000e+00 0.000000e+00 0.000000e+00
    outer loop
      vertex   -6.149500e+02 2.944606e+02 9.460825e+00
      vertex   -6.149500e+02 2.595606e+02 9.460825e+00
      vertex   -6.149500e+02 2.595606e+02 2.946082e+01
    endloop
  endfacet
  facet normal -1.000000e+00 -0.000000e+00 0.000000e+00
    outer loop
      vertex   -6.149500e+02 2.595606e+02 9.460825e+00
      vertex   -6.149500e+02 2.245606e+02 4.460825e+00
      vertex   -6.149500e+02 2.594606e+02 9.460825e+00
    endloop
  endfacet
  facet normal -1.000000e+00 -0.000000e+00 0.000000e+00
    outer loop
      vertex   -6.149500e+02 2.594606e+02 9.460825e+00
      vertex   -6.149500e+02 2.245606e+02 4.460825e+00
      vertex   -6.149500e+02 2.245606e+02 1.946082e+01
    endloop
  endfacet
  facet normal -1.000000e+00 0.000000e+00 0.000000e+00
    outer loop
      vertex   -6.149500e+02 2.594606e+02 9.460825e+00
      vertex   -6.149500e+02 2.245606e+02 1.946082e+01
      vertex   -6.149500e+02 2.594606e+02 1.946082e+01
    endloop
  endfacet
  facet normal -1.000000e+00 0.000000e+00 0.000000e+00
    outer loop
      vertex   -6.149500e+02 2.595606e+02 2.946082e+01
      vertex   -6.149500e+02 2.944606e+02 2.946082e+01
      vertex   -6.149500e+02 2.944606e+02 9.460825e+00
    endloop
  endfacet
  facet normal -1.000000e+00 0.000000e+00 0.000000e+00
    outer loop
      vertex   -6.149500e+02 2.945606e+02 3.946082e+01
      vertex   -6.149500e+02 3.294606e+02 3.946082e+01
      vertex   -6.149500e+02 3.294606e+02 9.460825e+00
    endloop
  endfacet
  facet normal 0.000000e+00 1.000000e+00 0.000000e+00
    outer loop
      vertex   -6.149500e+02 8.451060e+01 9.460825e+00
      vertex   -6.149500e+02 8.451060e+01 4.460825e+00
      vertex   -6.150500e+02 8.451060e+01 9.460825e+00
    endloop
  endfacet
  facet normal 0.000000e+00 1.000000e+00 0.000000e+00
    outer loop
      vertex   -6.150500e+02 8.451060e+01 9.460825e+00
      vertex   -6.149500e+02 8.451060e+01 4.460825e+00
      vertex   -6.150500e+02 8.451060e+01 4.460825e+00
    endloop
  endfacet
  facet normal 1.000000e+00 0.000000e+00 -0.000000e+00
    outer loop
      vertex   -6.150500e+02 1.195106e+02 2.946082e+01
      vertex   -6.150500e+02 1.195106e+02 3.946082e+01
      vertex   -6.150500e+02 1.194606e+02 2.946082e+01
    endloop
  endfacet
  facet normal 1.000000e+00 0.000000e+00 -0.000000e+00
    outer loop
      vertex   -6.150500e+02 1.194606e+02 2.946082e+01
      vertex   -6.150500e+02 1.195106e+02 3.946082e+01
      vertex   -6.150500e+02 8.451060e+01 3.946082e+01
    endloop
  endfacet
  facet normal 1.000000e+00 0.000000e+00 0.000000e+00
    outer loop
      vertex   -6.150500e+02 1.194606e+02 2.946082e+01
      vertex   -6.150500e+02 8.451060e+01 3.946082e+01
      vertex   -6.150500e+02 8.451060e+01 9.460825e+00
    endloop
  endfacet
  facet normal 1.000000e+00 0.000000e+00 0.000000e+00
    outer loop
      vertex   -6.150500e+02 1.194606e+02 2.946082e+01
      vertex   -6.150500e+02 8.451060e+01 9.460825e+00
      vertex   -6.150500e+02 1.194606e+02 9.460825e+00
    endloop
  endfacet
  facet normal 1.000000e+00 0.000000e+00 0.000000e+00
    outer loop
      vertex   -6.150500e+02 1.194606e+02 9.460825e+00
      vertex   -6.150500e+02 8.451060e+01 9.460825e+00
      vertex   -6.150500e+02 8.451060e+01 4.460825e+00
    endloop
  endfacet
  facet normal 1.000000e+00 -0.000000e+00 0.000000e+00
    outer loop
      vertex   -6.150500e+02 1.194606e+02 9.460825e+00
      vertex   -6.150500e+02 8.451060e+01 4.460825e+00
      vertex   -6.150500e+02 1.195606e+02 9.460825e+00
    endloop
  endfacet
  facet normal 1.000000e+00 -0.000000e+00 0.000000e+00
    outer loop
      vertex   -6.150500e+02 1.195606e+02 9.460825e+00
      vertex   -6.150500e+02 8.451060e+01 4.460825e+00
      vertex   -6.150500e+02 1.544606e+02 9.460825e+00
    endloop
  endfacet
  facet normal 1.000000e+00 0.000000e+00 0.000000e+00
    outer loop
      vertex   -6.150500e+02 1.195606e+02 9.460825e+00
      vertex   -6.150500e+02 1.544606e+02 9.460825e+00
      vertex   -6.150500e+02 1.544606e+02 2.946082e+01
    endloop
  endfacet
  facet normal 1.000000e+00 0.000000e+00 0.000000e+00
    outer loop
      vertex   -6.150500e+02 8.451060e+01 4.460825e+00
      vertex   -6.150500e+02 2.244606e+02 4.460825e+00
      vertex   -6.150500e+02 1.544606e+02 9.460825e+00
    endloop
  endfacet
  facet normal 1.000000e+00 -0.000000e+00 0.000000e+00
    outer loop
      vertex   -6.150500e+02 1.544606e+02 9.460825e+00
      vertex   -6.150500e+02 2.244606e+02 4.460825e+00
      vertex   -6.150500e+02 1.545606e+02 9.460825e+00
    endloop
  endfacet
  facet normal 1.000000e+00 -0.000000e+00 0.000000e+00
    outer loop
      vertex   -6.150500e+02 1.545606e+02 9.460825e+00
      vertex   -6.150500e+02 2.244606e+02 4.460825e+00
      vertex   -6.150500e+02 1.894606e+02 9.460825e+00
    endloop
  endfacet
  facet normal 1.000000e+00 0.000000e+00 0.000000e+00
    outer loop
      vertex   -6.150500e+02 1.545606e+02 9.460825e+00
      vertex   -6.150500e+02 1.894606e+02 9.460825e+00
      vertex   -6.150500e+02 1.894606e+02 1.946082e+01
    endloop
  endfacet
  facet normal 1.000000e+00 0.000000e+00 -0.000000e+00
    outer loop
      vertex   -6.150500e+02 2.244606e+02 4.460825e+00
      vertex   -6.150500e+02 2.244606e+02 9.460825e+00
      vertex   -6.150500e+02 1.894606e+02 9.460825e+00
    endloop
  endfacet
  facet normal 1.000000e+00 0.000000e+00 0.000000e+00
    outer loop
      vertex   -6.150500e+02 1.894606e+02 1.946082e+01
      vertex   -6.150500e+02 1.545606e+02 1.946082e+01
      vertex   -6.150500e+02 1.545606e+02 9.460825e+00
    endloop
  endfacet
  facet normal 1.000000e+00 0.000000e+00 0.000000e+00
    outer loop
      vertex   -6.150500e+02 1.544606e+02 2.946082e+01
      vertex   -6.150500e+02 1.195606e+02 2.946082e+01
      vertex   -6.150500e+02 1.195606e+02 9.460825e+00
    endloop
  endfacet
  facet normal 0.000000e+00 -1.000000e+00 0.000000e+00
    outer loop
      vertex   -6.150500e+02 3.645106e+02 9.460825e+00
      vertex   -6.150500e+02 3.645106e+02 4.460825e+00
      vertex   -6.149500e+02 3.645106e+02 9.460825e+00
    endloop
  endfacet
  facet normal 0.000000e+00 -1.000000e+00 -0.000000e+00
    outer loop
      vertex   -6.149500e+02 3.645106e+02 9.460825e+00
      vertex   -6.150500e+02 3.645106e+02 4.460825e+00
      vertex   -6.149500e+02 3.645106e+02 4.460825e+00
    endloop
  endfacet
  facet normal 1.000000e+00 0.000000e+00 -0.000000e+00
    outer loop
      vertex   -6.150500e+02 3.645106e+02 9.460825e+00
      vertex   -6.150500e+02 3.645106e+02 3.946082e+01
      vertex   -6.150500e+02 3.295606e+02 2.946082e+01
    endloop
  endfacet
  facet normal 1.000000e+00 0.000000e+00 -0.000000e+00
    outer loop
      vertex   -6.150500e+02 3.295606e+02 2.946082e+01
      vertex   -6.150500e+02 3.645106e+02 3.946082e+01
      vertex   -6.150500e+02 3.295106e+02 3.946082e+01
    endloop
  endfacet
  facet normal 1.000000e+00 0.000000e+00 0.000000e+00
    outer loop
      vertex   -6.150500e+02 3.295606e+02 2.946082e+01
      vertex   -6.150500e+02 3.295106e+02 3.946082e+01
      vertex   -6.150500e+02 3.295106e+02 2.946082e+01
    endloop
  endfacet
  facet normal 1.000000e+00 0.000000e+00 0.000000e+00
    outer loop
      vertex   -6.150500e+02 3.295606e+02 2.946082e+01
      vertex   -6.150500e+02 3.295606e+02 9.460825e+00
      vertex   -6.150500e+02 3.645106e+02 9.460825e+00
    endloop
  endfacet
  facet normal 1.000000e+00 0.000000e+00 0.000000e+00
    outer loop
      vertex   -6.150500e+02 3.645106e+02 9.460825e+00
      vertex   -6.150500e+02 3.295606e+02 9.460825e+00
      vertex   -6.150500e+02 3.645106e+02 4.460825e+00
    endloop
  endfacet
  facet normal 1.000000e+00 0.000000e+00 0.000000e+00
    outer loop
      vertex   -6.150500e+02 3.645106e+02 4.460825e+00
      vertex   -6.150500e+02 3.295606e+02 9.460825e+00
      vertex   -6.150500e+02 3.294606e+02 9.460825e+00
    endloop
  endfacet
  facet normal 1.000000e+00 0.000000e+00 0.000000e+00
    outer loop
      vertex   -6.150500e+02 3.645106e+02 4.460825e+00
      vertex   -6.150500e+02 3.294606e+02 9.460825e+00
      vertex   -6.150500e+02 2.945606e+02 9.460825e+00
    endloop
  endfacet
  facet normal 1.000000e+00 0.000000e+00 0.000000e+00
    outer loop
      vertex   -6.150500e+02 2.945606e+02 9.460825e+00
      vertex   -6.150500e+02 3.294606e+02 9.460825e+00
      vertex   -6.150500e+02 3.294606e+02 2.946082e+01
    endloop
  endfacet
  facet normal 1.000000e+00 0.000000e+00 0.000000e+00
    outer loop
      vertex   -6.150500e+02 2.945606e+02 9.460825e+00
      vertex   -6.150500e+02 3.294606e+02 2.946082e+01
      vertex   -6.150500e+02 2.945606e+02 2.946082e+01
    endloop
  endfacet
  facet normal 1.000000e+00 0.000000e+00 0.000000e+00
    outer loop
      vertex   -6.150500e+02 3.645106e+02 4.460825e+00
      vertex   -6.150500e+02 2.945606e+02 9.460825e+00
      vertex   -6.150500e+02 2.245606e+02 4.460825e+00
    endloop
  endfacet
  facet normal 1.000000e+00 0.000000e+00 0.000000e+00
    outer loop
      vertex   -6.150500e+02 2.245606e+02 4.460825e+00
      vertex   -6.150500e+02 2.945606e+02 9.460825e+00
      vertex   -6.150500e+02 2.944606e+02 9.460825e+00
    endloop
  endfacet
  facet normal 1.000000e+00 0.000000e+00 0.000000e+00
    outer loop
      vertex   -6.150500e+02 2.245606e+02 4.460825e+00
      vertex   -6.150500e+02 2.944606e+02 9.460825e+00
      vertex   -6.150500e+02 2.595606e+02 9.460825e+00
    endloop
  endfacet
  facet normal 1.000000e+00 0.000000e+00 0.000000e+00
    outer loop
      vertex   -6.150500e+02 2.595606e+02 9.460825e+00
      vertex   -6.150500e+02 2.944606e+02 9.460825e+00
      vertex   -6.150500e+02 2.944606e+02 1.946082e+01
    endloop
  endfacet
  facet normal 1.000000e+00 0.000000e+00 0.000000e+00
    outer loop
      vertex   -6.150500e+02 2.595606e+02 9.460825e+00
      vertex   -6.150500e+02 2.944606e+02 1.946082e+01
      vertex   -6.150500e+02 2.595606e+02 1.946082e+01
    endloop
  endfacet
  facet normal 1.000000e+00 0.000000e+00 0.000000e+00
    outer loop
      vertex   -6.150500e+02 2.595606e+02 9.460825e+00
      vertex   -6.150500e+02 2.245606e+02 9.460825e+00
      vertex   -6.150500e+02 2.245606e+02 4.460825e+00
    endloop
  endfacet
  facet normal 0.000000e+00 0.000000e+00 1.000000e+00
    outer loop
      vertex   -5.800500e+02 3.645106e+02 4.946082e+01
      vertex   -6.149500e+02 3.645106e+02 4.946082e+01
      vertex   -5.800500e+02 3.295606e+02 4.946082e+01
    endloop
  endfacet
  facet normal 0.000000e+00 0.000000e+00 1.000000e+00
    outer loop
      vertex   -5.800500e+02 3.295606e+02 4.946082e+01
      vertex   -6.149500e+02 3.645106e+02 4.946082e+01
      vertex   -6.149500e+02 3.295606e+02 4.946082e+01
    endloop
  endfacet
  facet normal 0.000000e+00 1.000000e+00 -0.000000e+00
    outer loop
      vertex   -6.150500e+02 3.645106e+02 9.460825e+00
      vertex   -6.499500e+02 3.645106e+02 9.460825e+00
      vertex   -6.150500e+02 3.645106e+02 3.946082e+01
    endloop
  endfacet
  facet normal 0.000000e+00 1.000000e+00 0.000000e+00
    outer loop
      vertex   -6.150500e+02 3.645106e+02 3.946082e+01
      vertex   -6.499500e+02 3.645106e+02 9.460825e+00
      vertex   -6.499500e+02 3.645106e+02 3.946082e+01
    endloop
  endfacet
  facet normal 0.000000e+00 0.000000e+00 1.000000e+00
    outer loop
      vertex   -5.800500e+02 3.294606e+02 3.946082e+01
      vertex   -6.149500e+02 3.294606e+02 3.946082e+01
      vertex   -5.800500e+02 2.945606e+02 3.946082e+01
    endloop
  endfacet
  facet normal 0.000000e+00 0.000000e+00 1.000000e+00
    outer loop
      vertex   -5.800500e+02 2.945606e+02 3.946082e+01
      vertex   -6.149500e+02 3.294606e+02 3.946082e+01
      vertex   -6.149500e+02 2.945606e+02 3.946082e+01
    endloop
  endfacet
  facet normal 0.000000e+00 -1.000000e+00 0.000000e+00
    outer loop
      vertex   -6.150500e+02 3.295606e+02 9.460825e+00
      vertex   -6.150500e+02 3.295606e+02 2.946082e+01
      vertex   -6.499500e+02 3.295606e+02 9.460825e+00
    endloop
  endfacet
  facet normal 0.000000e+00 -1.000000e+00 0.000000e+00
    outer loop
      vertex   -6.499500e+02 3.295606e+02 9.460825e+00
      vertex   -6.150500e+02 3.295606e+02 2.946082e+01
      vertex   -6.499500e+02 3.295606e+02 2.946082e+01
    endloop
  endfacet
  facet normal -0.000000e+00 -1.000000e+00 -0.000000e+00
    outer loop
      vertex   -6.150500e+02 8.451060e+01 3.946082e+01
      vertex   -6.499500e+02 8.451060e+01 3.946082e+01
      vertex   -6.150500e+02 8.451060e+01 9.460825e+00
    endloop
  endfacet
  facet normal 0.000000e+00 -1.000000e+00 0.000000e+00
    outer loop
      vertex   -6.150500e+02 8.451060e+01 9.460825e+00
      vertex   -6.499500e+02 8.451060e+01 3.946082e+01
      vertex   -6.499500e+02 8.451060e+01 9.460825e+00
    endloop
  endfacet
  facet normal 0.000000e+00 0.000000e+00 1.000000e+00
    outer loop
      vertex   -6.150500e+02 1.195106e+02 3.946082e+01
      vertex   -6.499500e+02 1.195106e+02 3.946082e+01
      vertex   -6.150500e+02 8.451060e+01 3.946082e+01
    endloop
  endfacet
  facet normal 0.000000e+00 0.000000e+00 1.000000e+00
    outer loop
      vertex   -6.150500e+02 8.451060e+01 3.946082e+01
      vertex   -6.499500e+02 1.195106e+02 3.946082e+01
      vertex   -6.499500e+02 8.451060e+01 3.946082e+01
    endloop
  endfacet
  facet normal 0.000000e+00 1.000000e+00 -2.842171e-15
    outer loop
      vertex   -6.150500e+02 3.294606e+02 2.946082e+01
      vertex   -6.150500e+02 3.294606e+02 9.460825e+00
      vertex   -6.499500e+02 3.294606e+02 2.946082e+01
    endloop
  endfacet
  facet normal 0.000000e+00 1.000000e+00 -2.842171e-15
    outer loop
      vertex   -6.499500e+02 3.294606e+02 2.946082e+01
      vertex   -6.150500e+02 3.294606e+02 9.460825e+00
      vertex   -6.499500e+02 3.294606e+02 9.460825e+00
    endloop
  endfacet
  facet normal 0.000000e+00 1.000000e+00 -0.000000e+00
    outer loop
      vertex   -6.150500e+02 1.195106e+02 2.946082e+01
      vertex   -6.499500e+02 1.195106e+02 2.946082e+01
      vertex   -6.150500e+02 1.195106e+02 3.946082e+01
    endloop
  endfacet
  facet normal 0.000000e+00 1.000000e+00 0.000000e+00
    outer loop
      vertex   -6.150500e+02 1.195106e+02 3.946082e+01
      vertex   -6.499500e+02 1.195106e+02 2.946082e+01
      vertex   -6.499500e+02 1.195106e+02 3.946082e+01
    endloop
  endfacet
  facet normal 0.000000e+00 0.000000e+00 -1.000000e+00
    outer loop
      vertex   -6.150500e+02 1.194606e+02 2.946082e+01
      vertex   -6.499500e+02 1.194606e+02 2.946082e+01
      vertex   -6.150500e+02 1.195106e+02 2.946082e+01
    endloop
  endfacet
  facet normal -0.000000e+00 0.000000e+00 -1.000000e+00
    outer loop
      vertex   -6.150500e+02 1.195106e+02 2.946082e+01
      vertex   -6.499500e+02 1.194606e+02 2.946082e+01
      vertex   -6.499500e+02 1.195106e+02 2.946082e+01
    endloop
  endfacet
  facet normal 0.000000e+00 0.000000e+00 1.000000e+00
    outer loop
      vertex   -5.800500e+02 2.944606e+02 2.946082e+01
      vertex   -6.149500e+02 2.944606e+02 2.946082e+01
      vertex   -5.800500e+02 2.595606e+02 2.946082e+01
    endloop
  endfacet
  facet normal 0.000000e+00 0.000000e+00 1.000000e+00
    outer loop
      vertex   -5.800500e+02 2.595606e+02 2.946082e+01
      vertex   -6.149500e+02 2.944606e+02 2.946082e+01
      vertex   -6.149500e+02 2.595606e+02 2.946082e+01
    endloop
  endfacet
  facet normal 0.000000e+00 -1.000000e+00 0.000000e+00
    outer loop
      vertex   -6.150500e+02 2.945606e+02 9.460825e+00
      vertex   -6.150500e+02 2.945606e+02 2.946082e+01
      vertex   -6.499500e+02 2.945606e+02 9.460825e+00
    endloop
  endfacet
  facet normal 0.000000e+00 -1.000000e+00 0.000000e+00
    outer loop
      vertex   -6.499500e+02 2.945606e+02 9.460825e+00
      vertex   -6.150500e+02 2.945606e+02 2.946082e+01
      vertex   -6.499500e+02 2.945606e+02 2.946082e+01
    endloop
  endfacet
  facet normal 0.000000e+00 1.000000e+00 0.000000e+00
    outer loop
      vertex   -6.150500e+02 1.194606e+02 2.946082e+01
      vertex   -6.150500e+02 1.194606e+02 9.460825e+00
      vertex   -6.499500e+02 1.194606e+02 2.946082e+01
    endloop
  endfacet
  facet normal 0.000000e+00 1.000000e+00 0.000000e+00
    outer loop
      vertex   -6.499500e+02 1.194606e+02 2.946082e+01
      vertex   -6.150500e+02 1.194606e+02 9.460825e+00
      vertex   -6.499500e+02 1.194606e+02 9.460825e+00
    endloop
  endfacet
  facet normal 0.000000e+00 1.000000e+00 0.000000e+00
    outer loop
      vertex   -6.150500e+02 2.944606e+02 1.946082e+01
      vertex   -6.150500e+02 2.944606e+02 9.460825e+00
      vertex   -6.499500e+02 2.944606e+02 1.946082e+01
    endloop
  endfacet
  facet normal 0.000000e+00 1.000000e+00 0.000000e+00
    outer loop
      vertex   -6.499500e+02 2.944606e+02 1.946082e+01
      vertex   -6.150500e+02 2.944606e+02 9.460825e+00
      vertex   -6.499500e+02 2.944606e+02 9.460825e+00
    endloop
  endfacet
  facet normal 0.000000e+00 -1.000000e+00 7.105427e-16
    outer loop
      vertex   -6.150500e+02 1.195606e+02 9.460825e+00
      vertex   -6.150500e+02 1.195606e+02 2.946082e+01
      vertex   -6.499500e+02 1.195606e+02 9.460825e+00
    endloop
  endfacet
  facet normal 0.000000e+00 -1.000000e+00 7.105427e-16
    outer loop
      vertex   -6.499500e+02 1.195606e+02 9.460825e+00
      vertex   -6.150500e+02 1.195606e+02 2.946082e+01
      vertex   -6.499500e+02 1.195606e+02 2.946082e+01
    endloop
  endfacet
  facet normal 0.000000e+00 0.000000e+00 1.000000e+00
    outer loop
      vertex   -6.150500e+02 1.544606e+02 2.946082e+01
      vertex   -6.499500e+02 1.544606e+02 2.946082e+01
      vertex   -6.150500e+02 1.195606e+02 2.946082e+01
    endloop
  endfacet
  facet normal 0.000000e+00 0.000000e+00 1.000000e+00
    outer loop
      vertex   -6.150500e+02 1.195606e+02 2.946082e+01
      vertex   -6.499500e+02 1.544606e+02 2.946082e+01
      vertex   -6.499500e+02 1.195606e+02 2.946082e+01
    endloop
  endfacet
  facet normal 0.000000e+00 0.000000e+00 1.000000e+00
    outer loop
      vertex   -5.800500e+02 2.594606e+02 1.946082e+01
      vertex   -6.149500e+02 2.594606e+02 1.946082e+01
      vertex   -5.800500e+02 2.245606e+02 1.946082e+01
    endloop
  endfacet
  facet normal 0.000000e+00 0.000000e+00 1.000000e+00
    outer loop
      vertex   -5.800500e+02 2.245606e+02 1.946082e+01
      vertex   -6.149500e+02 2.594606e+02 1.946082e+01
      vertex   -6.149500e+02 2.245606e+02 1.946082e+01
    endloop
  endfacet
  facet normal 0.000000e+00 -1.000000e+00 0.000000e+00
    outer loop
      vertex   -6.150500e+02 2.595606e+02 9.460825e+00
      vertex   -6.150500e+02 2.595606e+02 1.946082e+01
      vertex   -6.499500e+02 2.595606e+02 9.460825e+00
    endloop
  endfacet
  facet normal 0.000000e+00 -1.000000e+00 0.000000e+00
    outer loop
      vertex   -6.499500e+02 2.595606e+02 9.460825e+00
      vertex   -6.150500e+02 2.595606e+02 1.946082e+01
      vertex   -6.499500e+02 2.595606e+02 1.946082e+01
    endloop
  endfacet
  facet normal 0.000000e+00 1.000000e+00 0.000000e+00
    outer loop
      vertex   -6.150500e+02 1.544606e+02 2.946082e+01
      vertex   -6.150500e+02 1.544606e+02 9.460825e+00
      vertex   -6.499500e+02 1.544606e+02 2.946082e+01
    endloop
  endfacet
  facet normal 0.000000e+00 1.000000e+00 0.000000e+00
    outer loop
      vertex   -6.499500e+02 1.544606e+02 2.946082e+01
      vertex   -6.150500e+02 1.544606e+02 9.460825e+00
      vertex   -6.499500e+02 1.544606e+02 9.460825e+00
    endloop
  endfacet
  facet normal 0.000000e+00 -1.000000e+00 0.000000e+00
    outer loop
      vertex   -6.150500e+02 2.245606e+02 4.460825e+00
      vertex   -6.150500e+02 2.245606e+02 9.460825e+00
      vertex   -6.499500e+02 2.245606e+02 4.460825e+00
    endloop
  endfacet
  facet normal 0.000000e+00 -1.000000e+00 0.000000e+00
    outer loop
      vertex   -6.499500e+02 2.245606e+02 4.460825e+00
      vertex   -6.150500e+02 2.245606e+02 9.460825e+00
      vertex   -6.499500e+02 2.245606e+02 9.460825e+00
    endloop
  endfacet
  facet normal 0.000000e+00 -1.000000e+00 0.000000e+00
    outer loop
      vertex   -6.150500e+02 1.545606e+02 9.460825e+00
      vertex   -6.150500e+02 1.545606e+02 1.946082e+01
      vertex   -6.499500e+02 1.545606e+02 9.460825e+00
    endloop
  endfacet
  facet normal 0.000000e+00 -1.000000e+00 0.000000e+00
    outer loop
      vertex   -6.499500e+02 1.545606e+02 9.460825e+00
      vertex   -6.150500e+02 1.545606e+02 1.946082e+01
      vertex   -6.499500e+02 1.545606e+02 1.946082e+01
    endloop
  endfacet
  facet normal 0.000000e+00 0.000000e+00 1.000000e+00
    outer loop
      vertex   -6.150500e+02 1.894606e+02 1.946082e+01
      vertex   -6.499500e+02 1.894606e+02 1.946082e+01
      vertex   -6.150500e+02 1.545606e+02 1.946082e+01
    endloop
  endfacet
  facet normal 0.000000e+00 0.000000e+00 1.000000e+00
    outer loop
      vertex   -6.150500e+02 1.545606e+02 1.946082e+01
      vertex   -6.499500e+02 1.894606e+02 1.946082e+01
      vertex   -6.499500e+02 1.545606e+02 1.946082e+01
    endloop
  endfacet
  facet normal 0.000000e+00 1.000000e+00 0.000000e+00
    outer loop
      vertex   -6.150500e+02 2.244606e+02 9.460825e+00
      vertex   -6.150500e+02 2.244606e+02 4.460825e+00
      vertex   -6.499500e+02 2.244606e+02 9.460825e+00
    endloop
  endfacet
  facet normal 0.000000e+00 1.000000e+00 0.000000e+00
    outer loop
      vertex   -6.499500e+02 2.244606e+02 9.460825e+00
      vertex   -6.150500e+02 2.244606e+02 4.460825e+00
      vertex   -6.499500e+02 2.244606e+02 4.460825e+00
    endloop
  endfacet
  facet normal 0.000000e+00 1.000000e+00 0.000000e+00
    outer loop
      vertex   -6.150500e+02 1.894606e+02 1.946082e+01
      vertex   -6.150500e+02 1.894606e+02 9.460825e+00
      vertex   -6.499500e+02 1.894606e+02 1.946082e+01
    endloop
  endfacet
  facet normal 0.000000e+00 1.000000e+00 0.000000e+00
    outer loop
      vertex   -6.499500e+02 1.894606e+02 1.946082e+01
      vertex   -6.150500e+02 1.894606e+02 9.460825e+00
      vertex   -6.499500e+02 1.894606e+02 9.460825e+00
    endloop
  endfacet
  facet normal 0.000000e+00 0.000000e+00 1.000000e+00
    outer loop
      vertex   -6.150500e+02 2.244606e+02 9.460825e+00
      vertex   -6.499500e+02 2.244606e+02 9.460825e+00
      vertex   -6.150500e+02 1.894606e+02 9.460825e+00
    endloop
  endfacet
  facet normal 0.000000e+00 0.000000e+00 1.000000e+00
    outer loop
      vertex   -6.150500e+02 1.894606e+02 9.460825e+00
      vertex   -6.499500e+02 2.244606e+02 9.460825e+00
      vertex   -6.499500e+02 1.894606e+02 9.460825e+00
    endloop
  endfacet
  facet normal 0.000000e+00 0.000000e+00 1.000000e+00
    outer loop
      vertex   -6.150500e+02 1.545606e+02 9.460825e+00
      vertex   -6.499500e+02 1.545606e+02 9.460825e+00
      vertex   -6.150500e+02 1.544606e+02 9.460825e+00
    endloop
  endfacet
  facet normal 0.000000e+00 0.000000e+00 1.000000e+00
    outer loop
      vertex   -6.150500e+02 1.544606e+02 9.460825e+00
      vertex   -6.499500e+02 1.545606e+02 9.460825e+00
      vertex   -6.499500e+02 1.544606e+02 9.460825e+00
    endloop
  endfacet
  facet normal 0.000000e+00 0.000000e+00 1.000000e+00
    outer loop
      vertex   -6.150500e+02 2.595606e+02 9.460825e+00
      vertex   -6.499500e+02 2.595606e+02 9.460825e+00
      vertex   -6.150500e+02 2.245606e+02 9.460825e+00
    endloop
  endfacet
  facet normal 0.000000e+00 0.000000e+00 1.000000e+00
    outer loop
      vertex   -6.150500e+02 2.245606e+02 9.460825e+00
      vertex   -6.499500e+02 2.595606e+02 9.460825e+00
      vertex   -6.499500e+02 2.245606e+02 9.460825e+00
    endloop
  endfacet
  facet normal 0.000000e+00 0.000000e+00 1.000000e+00
    outer loop
      vertex   -6.150500e+02 1.195606e+02 9.460825e+00
      vertex   -6.499500e+02 1.195606e+02 9.460825e+00
      vertex   -6.150500e+02 1.194606e+02 9.460825e+00
    endloop
  endfacet
  facet normal 0.000000e+00 0.000000e+00 1.000000e+00
    outer loop
      vertex   -6.150500e+02 1.194606e+02 9.460825e+00
      vertex   -6.499500e+02 1.195606e+02 9.460825e+00
      vertex   -6.499500e+02 1.194606e+02 9.460825e+00
    endloop
  endfacet
  facet normal 0.000000e+00 0.000000e+00 1.000000e+00
    outer loop
      vertex   -6.150500e+02 2.945606e+02 9.460825e+00
      vertex   -6.499500e+02 2.945606e+02 9.460825e+00
      vertex   -6.150500e+02 2.944606e+02 9.460825e+00
    endloop
  endfacet
  facet normal 0.000000e+00 0.000000e+00 1.000000e+00
    outer loop
      vertex   -6.150500e+02 2.944606e+02 9.460825e+00
      vertex   -6.499500e+02 2.945606e+02 9.460825e+00
      vertex   -6.499500e+02 2.944606e+02 9.460825e+00
    endloop
  endfacet
  facet normal 0.000000e+00 0.000000e+00 1.000000e+00
    outer loop
      vertex   -6.150500e+02 3.295606e+02 9.460825e+00
      vertex   -6.499500e+02 3.295606e+02 9.460825e+00
      vertex   -6.150500e+02 3.294606e+02 9.460825e+00
    endloop
  endfacet
  facet normal 0.000000e+00 0.000000e+00 1.000000e+00
    outer loop
      vertex   -6.150500e+02 3.294606e+02 9.460825e+00
      vertex   -6.499500e+02 3.295606e+02 9.460825e+00
      vertex   -6.499500e+02 3.294606e+02 9.460825e+00
    endloop
  endfacet
  facet normal -1.000000e+00 0.000000e+00 0.000000e+00
    outer loop
      vertex   -6.499500e+02 8.451060e+01 9.460825e+00
      vertex   -6.499500e+02 8.451060e+01 3.946082e+01
      vertex   -6.499500e+02 1.194606e+02 2.946082e+01
    endloop
  endfacet
  facet normal -1.000000e+00 0.000000e+00 0.000000e+00
    outer loop
      vertex   -6.499500e+02 1.194606e+02 2.946082e+01
      vertex   -6.499500e+02 8.451060e+01 3.946082e+01
      vertex   -6.499500e+02 1.195106e+02 3.946082e+01
    endloop
  endfacet
  facet normal -1.000000e+00 0.000000e+00 0.000000e+00
    outer loop
      vertex   -6.499500e+02 1.194606e+02 2.946082e+01
      vertex   -6.499500e+02 1.195106e+02 3.946082e+01
      vertex   -6.499500e+02 1.195106e+02 2.946082e+01
    endloop
  endfacet
  facet normal -1.000000e+00 0.000000e+00 -0.000000e+00
    outer loop
      vertex   -6.499500e+02 1.194606e+02 2.946082e+01
      vertex   -6.499500e+02 1.194606e+02 9.460825e+00
      vertex   -6.499500e+02 8.451060e+01 9.460825e+00
    endloop
  endfacet
  facet normal -1.000000e+00 0.000000e+00 0.000000e+00
    outer loop
      vertex   -6.499500e+02 8.451060e+01 9.460825e+00
      vertex   -6.499500e+02 1.194606e+02 9.460825e+00
      vertex   -6.499500e+02 8.451060e+01 4.460825e+00
    endloop
  endfacet
  facet normal -1.000000e+00 0.000000e+00 0.000000e+00
    outer loop
      vertex   -6.499500e+02 8.451060e+01 4.460825e+00
      vertex   -6.499500e+02 1.194606e+02 9.460825e+00
      vertex   -6.499500e+02 1.195606e+02 9.460825e+00
    endloop
  endfacet
  facet normal -1.000000e+00 0.000000e+00 0.000000e+00
    outer loop
      vertex   -6.499500e+02 8.451060e+01 4.460825e+00
      vertex   -6.499500e+02 1.195606e+02 9.460825e+00
      vertex   -6.499500e+02 1.544606e+02 9.460825e+00
    endloop
  endfacet
  facet normal -1.000000e+00 0.000000e+00 0.000000e+00
    outer loop
      vertex   -6.499500e+02 1.544606e+02 9.460825e+00
      vertex   -6.499500e+02 1.195606e+02 9.460825e+00
      vertex   -6.499500e+02 1.195606e+02 2.946082e+01
    endloop
  endfacet
  facet normal -1.000000e+00 0.000000e+00 0.000000e+00
    outer loop
      vertex   -6.499500e+02 1.544606e+02 9.460825e+00
      vertex   -6.499500e+02 1.195606e+02 2.946082e+01
      vertex   -6.499500e+02 1.544606e+02 2.946082e+01
    endloop
  endfacet
  facet normal -1.000000e+00 0.000000e+00 0.000000e+00
    outer loop
      vertex   -6.499500e+02 8.451060e+01 4.460825e+00
      vertex   -6.499500e+02 1.544606e+02 9.460825e+00
      vertex   -6.499500e+02 2.244606e+02 4.460825e+00
    endloop
  endfacet
  facet normal -1.000000e+00 0.000000e+00 0.000000e+00
    outer loop
      vertex   -6.499500e+02 2.244606e+02 4.460825e+00
      vertex   -6.499500e+02 1.544606e+02 9.460825e+00
      vertex   -6.499500e+02 1.545606e+02 9.460825e+00
    endloop
  endfacet
  facet normal -1.000000e+00 0.000000e+00 0.000000e+00
    outer loop
      vertex   -6.499500e+02 2.244606e+02 4.460825e+00
      vertex   -6.499500e+02 1.545606e+02 9.460825e+00
      vertex   -6.499500e+02 1.894606e+02 9.460825e+00
    endloop
  endfacet
  facet normal -1.000000e+00 0.000000e+00 0.000000e+00
    outer loop
      vertex   -6.499500e+02 1.894606e+02 9.460825e+00
      vertex   -6.499500e+02 1.545606e+02 9.460825e+00
      vertex   -6.499500e+02 1.545606e+02 1.946082e+01
    endloop
  endfacet
  facet normal -1.000000e+00 0.000000e+00 0.000000e+00
    outer loop
      vertex   -6.499500e+02 1.894606e+02 9.460825e+00
      vertex   -6.499500e+02 1.545606e+02 1.946082e+01
      vertex   -6.499500e+02 1.894606e+02 1.946082e+01
    endloop
  endfacet
  facet normal -1.000000e+00 0.000000e+00 0.000000e+00
    outer loop
      vertex   -6.499500e+02 1.894606e+02 9.460825e+00
      vertex   -6.499500e+02 2.244606e+02 9.460825e+00
      vertex   -6.499500e+02 2.244606e+02 4.460825e+00
    endloop
  endfacet
  facet normal -1.000000e+00 0.000000e+00 0.000000e+00
    outer loop
      vertex   -6.499500e+02 3.295106e+02 2.946082e+01
      vertex   -6.499500e+02 3.295106e+02 3.946082e+01
      vertex   -6.499500e+02 3.295606e+02 2.946082e+01
    endloop
  endfacet
  facet normal -1.000000e+00 0.000000e+00 0.000000e+00
    outer loop
      vertex   -6.499500e+02 3.295606e+02 2.946082e+01
      vertex   -6.499500e+02 3.295106e+02 3.946082e+01
      vertex   -6.499500e+02 3.645106e+02 3.946082e+01
    endloop
  endfacet
  facet normal -1.000000e+00 0.000000e+00 0.000000e+00
    outer loop
      vertex   -6.499500e+02 3.295606e+02 2.946082e+01
      vertex   -6.499500e+02 3.645106e+02 3.946082e+01
      vertex   -6.499500e+02 3.645106e+02 9.460825e+00
    endloop
  endfacet
  facet normal -1.000000e+00 0.000000e+00 0.000000e+00
    outer loop
      vertex   -6.499500e+02 3.295606e+02 2.946082e+01
      vertex   -6.499500e+02 3.645106e+02 9.460825e+00
      vertex   -6.499500e+02 3.295606e+02 9.460825e+00
    endloop
  endfacet
  facet normal -1.000000e+00 0.000000e+00 0.000000e+00
    outer loop
      vertex   -6.499500e+02 3.295606e+02 9.460825e+00
      vertex   -6.499500e+02 3.645106e+02 9.460825e+00
      vertex   -6.499500e+02 3.645106e+02 4.460825e+00
    endloop
  endfacet
  facet normal -1.000000e+00 -0.000000e+00 -0.000000e+00
    outer loop
      vertex   -6.499500e+02 3.295606e+02 9.460825e+00
      vertex   -6.499500e+02 3.645106e+02 4.460825e+00
      vertex   -6.499500e+02 3.294606e+02 9.460825e+00
    endloop
  endfacet
  facet normal -1.000000e+00 -0.000000e+00 -0.000000e+00
    outer loop
      vertex   -6.499500e+02 3.294606e+02 9.460825e+00
      vertex   -6.499500e+02 3.645106e+02 4.460825e+00
      vertex   -6.499500e+02 2.945606e+02 9.460825e+00
    endloop
  endfacet
  facet normal -1.000000e+00 0.000000e+00 0.000000e+00
    outer loop
      vertex   -6.499500e+02 3.294606e+02 9.460825e+00
      vertex   -6.499500e+02 2.945606e+02 9.460825e+00
      vertex   -6.499500e+02 2.945606e+02 2.946082e+01
    endloop
  endfacet
  facet normal -1.000000e+00 0.000000e+00 0.000000e+00
    outer loop
      vertex   -6.499500e+02 3.645106e+02 4.460825e+00
      vertex   -6.499500e+02 2.245606e+02 4.460825e+00
      vertex   -6.499500e+02 2.945606e+02 9.460825e+00
    endloop
  endfacet
  facet normal -1.000000e+00 -0.000000e+00 0.000000e+00
    outer loop
      vertex   -6.499500e+02 2.945606e+02 9.460825e+00
      vertex   -6.499500e+02 2.245606e+02 4.460825e+00
      vertex   -6.499500e+02 2.944606e+02 9.460825e+00
    endloop
  endfacet
  facet normal -1.000000e+00 -0.000000e+00 0.000000e+00
    outer loop
      vertex   -6.499500e+02 2.944606e+02 9.460825e+00
      vertex   -6.499500e+02 2.245606e+02 4.460825e+00
      vertex   -6.499500e+02 2.595606e+02 9.460825e+00
    endloop
  endfacet
  facet normal -1.000000e+00 0.000000e+00 0.000000e+00
    outer loop
      vertex   -6.499500e+02 2.944606e+02 9.460825e+00
      vertex   -6.499500e+02 2.595606e+02 9.460825e+00
      vertex   -6.499500e+02 2.595606e+02 1.946082e+01
    endloop
  endfacet
  facet normal -1.000000e+00 0.000000e+00 0.000000e+00
    outer loop
      vertex   -6.499500e+02 2.245606e+02 4.460825e+00
      vertex   -6.499500e+02 2.245606e+02 9.460825e+00
      vertex   -6.499500e+02 2.595606e+02 9.460825e+00
    endloop
  endfacet
  facet normal -1.000000e+00 0.000000e+00 0.000000e+00
    outer loop
      vertex   -6.499500e+02 2.595606e+02 1.946082e+01
      vertex   -6.499500e+02 2.944606e+02 1.946082e+01
      vertex   -6.499500e+02 2.944606e+02 9.460825e+00
    endloop
  endfacet
  facet normal -1.000000e+00 0.000000e+00 0.000000e+00
    outer loop
      vertex   -6.499500e+02 2.945606e+02 2.946082e+01
      vertex   -6.499500e+02 3.294606e+02 2.946082e+01
      vertex   -6.499500e+02 3.294606e+02 9.460825e+00
    endloop
  endfacet
  facet normal 0.000000e+00 1.000000e+00 0.000000e+00
    outer loop
      vertex   -6.499500e+02 8.451060e+01 9.460825e+00
      vertex   -6.499500e+02 8.451060e+01 4.460825e+00
      vertex   -6.500500e+02 8.451060e+01 9.460825e+00
    endloop
  endfacet
  facet normal 0.000000e+00 1.000000e+00 0.000000e+00
    outer loop
      vertex   -6.500500e+02 8.451060e+01 9.460825e+00
      vertex   -6.499500e+02 8.451060e+01 4.460825e+00
      vertex   -6.500500e+02 8.451060e+01 4.460825e+00
    endloop
  endfacet
  facet normal 1.000000e+00 0.000000e+00 -0.000000e+00
    outer loop
      vertex   -6.500500e+02 1.195106e+02 2.946082e+01
      vertex   -6.500500e+02 1.195106e+02 3.946082e+01
      vertex   -6.500500e+02 1.194606e+02 2.946082e+01
    endloop
  endfacet
  facet normal 1.000000e+00 0.000000e+00 -0.000000e+00
    outer loop
      vertex   -6.500500e+02 1.194606e+02 2.946082e+01
      vertex   -6.500500e+02 1.195106e+02 3.946082e+01
      vertex   -6.500500e+02 8.451060e+01 3.946082e+01
    endloop
  endfacet
  facet normal 1.000000e+00 0.000000e+00 0.000000e+00
    outer loop
      vertex   -6.500500e+02 1.194606e+02 2.946082e+01
      vertex   -6.500500e+02 8.451060e+01 3.946082e+01
      vertex   -6.500500e+02 8.451060e+01 9.460825e+00
    endloop
  endfacet
  facet normal 1.000000e+00 0.000000e+00 0.000000e+00
    outer loop
      vertex   -6.500500e+02 1.194606e+02 2.946082e+01
      vertex   -6.500500e+02 8.451060e+01 9.460825e+00
      vertex   -6.500500e+02 1.194606e+02 9.460825e+00
    endloop
  endfacet
  facet normal 1.000000e+00 0.000000e+00 0.000000e+00
    outer loop
      vertex   -6.500500e+02 1.194606e+02 9.460825e+00
      vertex   -6.500500e+02 8.451060e+01 9.460825e+00
      vertex   -6.500500e+02 8.451060e+01 4.460825e+00
    endloop
  endfacet
  facet normal 1.000000e+00 -0.000000e+00 0.000000e+00
    outer loop
      vertex   -6.500500e+02 1.194606e+02 9.460825e+00
      vertex   -6.500500e+02 8.451060e+01 4.460825e+00
      vertex   -6.500500e+02 1.195606e+02 9.460825e+00
    endloop
  endfacet
  facet normal 1.000000e+00 -0.000000e+00 0.000000e+00
    outer loop
      vertex   -6.500500e+02 1.195606e+02 9.460825e+00
      vertex   -6.500500e+02 8.451060e+01 4.460825e+00
      vertex   -6.500500e+02 1.544606e+02 9.460825e+00
    endloop
  endfacet
  facet normal 1.000000e+00 0.000000e+00 0.000000e+00
    outer loop
      vertex   -6.500500e+02 1.195606e+02 9.460825e+00
      vertex   -6.500500e+02 1.544606e+02 9.460825e+00
      vertex   -6.500500e+02 1.544606e+02 2.946082e+01
    endloop
  endfacet
  facet normal 1.000000e+00 0.000000e+00 0.000000e+00
    outer loop
      vertex   -6.500500e+02 8.451060e+01 4.460825e+00
      vertex   -6.500500e+02 2.244606e+02 4.460825e+00
      vertex   -6.500500e+02 1.544606e+02 9.460825e+00
    endloop
  endfacet
  facet normal 1.000000e+00 -0.000000e+00 0.000000e+00
    outer loop
      vertex   -6.500500e+02 1.544606e+02 9.460825e+00
      vertex   -6.500500e+02 2.244606e+02 4.460825e+00
      vertex   -6.500500e+02 1.545606e+02 9.460825e+00
    endloop
  endfacet
  facet normal 1.000000e+00 -0.000000e+00 0.000000e+00
    outer loop
      vertex   -6.500500e+02 1.545606e+02 9.460825e+00
      vertex   -6.500500e+02 2.244606e+02 4.460825e+00
      vertex   -6.500500e+02 1.894606e+02 9.460825e+00
    endloop
  endfacet
  facet normal 1.000000e+00 0.000000e+00 0.000000e+00
    outer loop
      vertex   -6.500500e+02 1.545606e+02 9.460825e+00
      vertex   -6.500500e+02 1.894606e+02 9.460825e+00
      vertex   -6.500500e+02 1.894606e+02 1.946082e+01
    endloop
  endfacet
  facet normal 1.000000e+00 0.000000e+00 -0.000000e+00
    outer loop
      vertex   -6.500500e+02 2.244606e+02 4.460825e+00
      vertex   -6.500500e+02 2.244606e+02 9.460825e+00
      vertex   -6.500500e+02 1.894606e+02 9.460825e+00
    endloop
  endfacet
  facet normal 1.000000e+00 0.000000e+00 0.000000e+00
    outer loop
      vertex   -6.500500e+02 1.894606e+02 1.946082e+01
      vertex   -6.500500e+02 1.545606e+02 1.946082e+01
      vertex   -6.500500e+02 1.545606e+02 9.460825e+00
    endloop
  endfacet
  facet normal 1.000000e+00 0.000000e+00 0.000000e+00
    outer loop
      vertex   -6.500500e+02 1.544606e+02 2.946082e+01
      vertex   -6.500500e+02 1.195606e+02 2.946082e+01
      vertex   -6.500500e+02 1.195606e+02 9.460825e+00
    endloop
  endfacet
  facet normal 0.000000e+00 -1.000000e+00 0.000000e+00
    outer loop
      vertex   -6.500500e+02 3.645106e+02 9.460825e+00
      vertex   -6.500500e+02 3.645106e+02 4.460825e+00
      vertex   -6.499500e+02 3.645106e+02 9.460825e+00
    endloop
  endfacet
  facet normal 0.000000e+00 -1.000000e+00 -0.000000e+00
    outer loop
      vertex   -6.499500e+02 3.645106e+02 9.460825e+00
      vertex   -6.500500e+02 3.645106e+02 4.460825e+00
      vertex   -6.499500e+02 3.645106e+02 4.460825e+00
    endloop
  endfacet
  facet normal 1.000000e+00 0.000000e+00 -0.000000e+00
    outer loop
      vertex   -6.500500e+02 3.645106e+02 9.460825e+00
      vertex   -6.500500e+02 3.645106e+02 3.946082e+01
      vertex   -6.500500e+02 3.295606e+02 2.946082e+01
    endloop
  endfacet
  facet normal 1.000000e+00 0.000000e+00 -0.000000e+00
    outer loop
      vertex   -6.500500e+02 3.295606e+02 2.946082e+01
      vertex   -6.500500e+02 3.645106e+02 3.946082e+01
      vertex   -6.500500e+02 3.295106e+02 3.946082e+01
    endloop
  endfacet
  facet normal 1.000000e+00 0.000000e+00 0.000000e+00
    outer loop
      vertex   -6.500500e+02 3.295606e+02 2.946082e+01
      vertex   -6.500500e+02 3.295106e+02 3.946082e+01
      vertex   -6.500500e+02 3.295106e+02 2.946082e+01
    endloop
  endfacet
  facet normal 1.000000e+00 0.000000e+00 0.000000e+00
    outer loop
      vertex   -6.500500e+02 3.295606e+02 2.946082e+01
      vertex   -6.500500e+02 3.295606e+02 9.460825e+00
      vertex   -6.500500e+02 3.645106e+02 9.460825e+00
    endloop
  endfacet
  facet normal 1.000000e+00 0.000000e+00 0.000000e+00
    outer loop
      vertex   -6.500500e+02 3.645106e+02 9.460825e+00
      vertex   -6.500500e+02 3.295606e+02 9.460825e+00
      vertex   -6.500500e+02 3.645106e+02 4.460825e+00
    endloop
  endfacet
  facet normal 1.000000e+00 0.000000e+00 0.000000e+00
    outer loop
      vertex   -6.500500e+02 3.645106e+02 4.460825e+00
      vertex   -6.500500e+02 3.295606e+02 9.460825e+00
      vertex   -6.500500e+02 3.294606e+02 9.460825e+00
    endloop
  endfacet
  facet normal 1.000000e+00 0.000000e+00 0.000000e+00
    outer loop
      vertex   -6.500500e+02 3.645106e+02 4.460825e+00
      vertex   -6.500500e+02 3.294606e+02 9.460825e+00
      vertex   -6.500500e+02 2.945606e+02 9.460825e+00
    endloop
  endfacet
  facet normal 1.000000e+00 0.000000e+00 0.000000e+00
    outer loop
      vertex   -6.500500e+02 2.945606e+02 9.460825e+00
      vertex   -6.500500e+02 3.294606e+02 9.460825e+00
      vertex   -6.500500e+02 3.294606e+02 2.946082e+01
    endloop
  endfacet
  facet normal 1.000000e+00 0.000000e+00 0.000000e+00
    outer loop
      vertex   -6.500500e+02 2.945606e+02 9.460825e+00
      vertex   -6.500500e+02 3.294606e+02 2.946082e+01
      vertex   -6.500500e+02 2.945606e+02 2.946082e+01
    endloop
  endfacet
  facet normal 1.000000e+00 0.000000e+00 0.000000e+00
    outer loop
      vertex   -6.500500e+02 3.645106e+02 4.460825e+00
      vertex   -6.500500e+02 2.945606e+02 9.460825e+00
      vertex   -6.500500e+02 2.245606e+02 4.460825e+00
    endloop
  endfacet
  facet normal 1.000000e+00 0.000000e+00 0.000000e+00
    outer loop
      vertex   -6.500500e+02 2.245606e+02 4.460825e+00
      vertex   -6.500500e+02 2.945606e+02 9.460825e+00
      vertex   -6.500500e+02 2.944606e+02 9.460825e+00
    endloop
  endfacet
  facet normal 1.000000e+00 0.000000e+00 0.000000e+00
    outer loop
      vertex   -6.500500e+02 2.245606e+02 4.460825e+00
      vertex   -6.500500e+02 2.944606e+02 9.460825e+00
      vertex   -6.500500e+02 2.595606e+02 9.460825e+00
    endloop
  endfacet
  facet normal 1.000000e+00 0.000000e+00 0.000000e+00
    outer loop
      vertex   -6.500500e+02 2.595606e+02 9.460825e+00
      vertex   -6.500500e+02 2.944606e+02 9.460825e+00
      vertex   -6.500500e+02 2.944606e+02 1.946082e+01
    endloop
  endfacet
  facet normal 1.000000e+00 0.000000e+00 0.000000e+00
    outer loop
      vertex   -6.500500e+02 2.595606e+02 9.460825e+00
      vertex   -6.500500e+02 2.944606e+02 1.946082e+01
      vertex   -6.500500e+02 2.595606e+02 1.946082e+01
    endloop
  endfacet
  facet normal 1.000000e+00 0.000000e+00 0.000000e+00
    outer loop
      vertex   -6.500500e+02 2.595606e+02 9.460825e+00
      vertex   -6.500500e+02 2.245606e+02 9.460825e+00
      vertex   -6.500500e+02 2.245606e+02 4.460825e+00
    endloop
  endfacet
  facet normal 0.000000e+00 1.000000e+00 -0.000000e+00
    outer loop
      vertex   -6.500500e+02 3.645106e+02 9.460825e+00
      vertex   -6.849500e+02 3.645106e+02 9.460825e+00
      vertex   -6.500500e+02 3.645106e+02 3.946082e+01
    endloop
  endfacet
  facet normal 0.000000e+00 1.000000e+00 0.000000e+00
    outer loop
      vertex   -6.500500e+02 3.645106e+02 3.946082e+01
      vertex   -6.849500e+02 3.645106e+02 9.460825e+00
      vertex   -6.849500e+02 3.645106e+02 3.946082e+01
    endloop
  endfacet
  facet normal 0.000000e+00 0.000000e+00 1.000000e+00
    outer loop
      vertex   -6.500500e+02 3.645106e+02 3.946082e+01
      vertex   -6.849500e+02 3.645106e+02 3.946082e+01
      vertex   -6.500500e+02 3.295106e+02 3.946082e+01
    endloop
  endfacet
  facet normal 0.000000e+00 0.000000e+00 1.000000e+00
    outer loop
      vertex   -6.500500e+02 3.295106e+02 3.946082e+01
      vertex   -6.849500e+02 3.645106e+02 3.946082e+01
      vertex   -6.849500e+02 3.295106e+02 3.946082e+01
    endloop
  endfacet
  facet normal 0.000000e+00 0.000000e+00 1.000000e+00
    outer loop
      vertex   -6.150500e+02 3.645106e+02 3.946082e+01
      vertex   -6.499500e+02 3.645106e+02 3.946082e+01
      vertex   -6.150500e+02 3.295106e+02 3.946082e+01
    endloop
  endfacet
  facet normal 0.000000e+00 0.000000e+00 1.000000e+00
    outer loop
      vertex   -6.150500e+02 3.295106e+02 3.946082e+01
      vertex   -6.499500e+02 3.645106e+02 3.946082e+01
      vertex   -6.499500e+02 3.295106e+02 3.946082e+01
    endloop
  endfacet
  facet normal -0.000000e+00 -1.000000e+00 -0.000000e+00
    outer loop
      vertex   -6.500500e+02 3.295106e+02 3.946082e+01
      vertex   -6.849500e+02 3.295106e+02 3.946082e+01
      vertex   -6.500500e+02 3.295106e+02 2.946082e+01
    endloop
  endfacet
  facet normal 0.000000e+00 -1.000000e+00 0.000000e+00
    outer loop
      vertex   -6.500500e+02 3.295106e+02 2.946082e+01
      vertex   -6.849500e+02 3.295106e+02 3.946082e+01
      vertex   -6.849500e+02 3.295106e+02 2.946082e+01
    endloop
  endfacet
  facet normal -0.000000e+00 -1.000000e+00 -0.000000e+00
    outer loop
      vertex   -6.150500e+02 3.295106e+02 3.946082e+01
      vertex   -6.499500e+02 3.295106e+02 3.946082e+01
      vertex   -6.150500e+02 3.295106e+02 2.946082e+01
    endloop
  endfacet
  facet normal 0.000000e+00 -1.000000e+00 0.000000e+00
    outer loop
      vertex   -6.150500e+02 3.295106e+02 2.946082e+01
      vertex   -6.499500e+02 3.295106e+02 3.946082e+01
      vertex   -6.499500e+02 3.295106e+02 2.946082e+01
    endloop
  endfacet
  facet normal 0.000000e+00 0.000000e+00 -1.000000e+00
    outer loop
      vertex   -6.500500e+02 3.295106e+02 2.946082e+01
      vertex   -6.849500e+02 3.295106e+02 2.946082e+01
      vertex   -6.500500e+02 3.295606e+02 2.946082e+01
    endloop
  endfacet
  facet normal -0.000000e+00 0.000000e+00 -1.000000e+00
    outer loop
      vertex   -6.500500e+02 3.295606e+02 2.946082e+01
      vertex   -6.849500e+02 3.295106e+02 2.946082e+01
      vertex   -6.849500e+02 3.295606e+02 2.946082e+01
    endloop
  endfacet
  facet normal 0.000000e+00 0.000000e+00 -1.000000e+00
    outer loop
      vertex   -6.150500e+02 3.295106e+02 2.946082e+01
      vertex   -6.499500e+02 3.295106e+02 2.946082e+01
      vertex   -6.150500e+02 3.295606e+02 2.946082e+01
    endloop
  endfacet
  facet normal -0.000000e+00 0.000000e+00 -1.000000e+00
    outer loop
      vertex   -6.150500e+02 3.295606e+02 2.946082e+01
      vertex   -6.499500e+02 3.295106e+02 2.946082e+01
      vertex   -6.499500e+02 3.295606e+02 2.946082e+01
    endloop
  endfacet
  facet normal 0.000000e+00 -1.000000e+00 0.000000e+00
    outer loop
      vertex   -6.500500e+02 3.295606e+02 9.460825e+00
      vertex   -6.500500e+02 3.295606e+02 2.946082e+01
      vertex   -6.849500e+02 3.295606e+02 9.460825e+00
    endloop
  endfacet
  facet normal 0.000000e+00 -1.000000e+00 0.000000e+00
    outer loop
      vertex   -6.849500e+02 3.295606e+02 9.460825e+00
      vertex   -6.500500e+02 3.295606e+02 2.946082e+01
      vertex   -6.849500e+02 3.295606e+02 2.946082e+01
    endloop
  endfacet
  facet normal -0.000000e+00 -1.000000e+00 -0.000000e+00
    outer loop
      vertex   -6.500500e+02 8.451060e+01 3.946082e+01
      vertex   -6.849500e+02 8.451060e+01 3.946082e+01
      vertex   -6.500500e+02 8.451060e+01 9.460825e+00
    endloop
  endfacet
  facet normal 0.000000e+00 -1.000000e+00 0.000000e+00
    outer loop
      vertex   -6.500500e+02 8.451060e+01 9.460825e+00
      vertex   -6.849500e+02 8.451060e+01 3.946082e+01
      vertex   -6.849500e+02 8.451060e+01 9.460825e+00
    endloop
  endfacet
  facet normal 0.000000e+00 0.000000e+00 1.000000e+00
    outer loop
      vertex   -6.500500e+02 1.195106e+02 3.946082e+01
      vertex   -6.849500e+02 1.195106e+02 3.946082e+01
      vertex   -6.500500e+02 8.451060e+01 3.946082e+01
    endloop
  endfacet
  facet normal 0.000000e+00 0.000000e+00 1.000000e+00
    outer loop
      vertex   -6.500500e+02 8.451060e+01 3.946082e+01
      vertex   -6.849500e+02 1.195106e+02 3.946082e+01
      vertex   -6.849500e+02 8.451060e+01 3.946082e+01
    endloop
  endfacet
  facet normal 0.000000e+00 1.000000e+00 -2.842171e-15
    outer loop
      vertex   -6.500500e+02 3.294606e+02 2.946082e+01
      vertex   -6.500500e+02 3.294606e+02 9.460825e+00
      vertex   -6.849500e+02 3.294606e+02 2.946082e+01
    endloop
  endfacet
  facet normal 0.000000e+00 1.000000e+00 -2.842171e-15
    outer loop
      vertex   -6.849500e+02 3.294606e+02 2.946082e+01
      vertex   -6.500500e+02 3.294606e+02 9.460825e+00
      vertex   -6.849500e+02 3.294606e+02 9.460825e+00
    endloop
  endfacet
  facet normal 0.000000e+00 1.000000e+00 -0.000000e+00
    outer loop
      vertex   -6.500500e+02 1.195106e+02 2.946082e+01
      vertex   -6.849500e+02 1.195106e+02 2.946082e+01
      vertex   -6.500500e+02 1.195106e+02 3.946082e+01
    endloop
  endfacet
  facet normal 0.000000e+00 1.000000e+00 0.000000e+00
    outer loop
      vertex   -6.500500e+02 1.195106e+02 3.946082e+01
      vertex   -6.849500e+02 1.195106e+02 2.946082e+01
      vertex   -6.849500e+02 1.195106e+02 3.946082e+01
    endloop
  endfacet
  facet normal 0.000000e+00 0.000000e+00 1.000000e+00
    outer loop
      vertex   -6.500500e+02 3.294606e+02 2.946082e+01
      vertex   -6.849500e+02 3.294606e+02 2.946082e+01
      vertex   -6.500500e+02 2.945606e+02 2.946082e+01
    endloop
  endfacet
  facet normal 0.000000e+00 0.000000e+00 1.000000e+00
    outer loop
      vertex   -6.500500e+02 2.945606e+02 2.946082e+01
      vertex   -6.849500e+02 3.294606e+02 2.946082e+01
      vertex   -6.849500e+02 2.945606e+02 2.946082e+01
    endloop
  endfacet
  facet normal 0.000000e+00 0.000000e+00 1.000000e+00
    outer loop
      vertex   -6.150500e+02 3.294606e+02 2.946082e+01
      vertex   -6.499500e+02 3.294606e+02 2.946082e+01
      vertex   -6.150500e+02 2.945606e+02 2.946082e+01
    endloop
  endfacet
  facet normal 0.000000e+00 0.000000e+00 1.000000e+00
    outer loop
      vertex   -6.150500e+02 2.945606e+02 2.946082e+01
      vertex   -6.499500e+02 3.294606e+02 2.946082e+01
      vertex   -6.499500e+02 2.945606e+02 2.946082e+01
    endloop
  endfacet
  facet normal 0.000000e+00 0.000000e+00 -1.000000e+00
    outer loop
      vertex   -6.500500e+02 1.194606e+02 2.946082e+01
      vertex   -6.849500e+02 1.194606e+02 2.946082e+01
      vertex   -6.500500e+02 1.195106e+02 2.946082e+01
    endloop
  endfacet
  facet normal -0.000000e+00 0.000000e+00 -1.000000e+00
    outer loop
      vertex   -6.500500e+02 1.195106e+02 2.946082e+01
      vertex   -6.849500e+02 1.194606e+02 2.946082e+01
      vertex   -6.849500e+02 1.195106e+02 2.946082e+01
    endloop
  endfacet
  facet normal 0.000000e+00 -1.000000e+00 0.000000e+00
    outer loop
      vertex   -6.500500e+02 2.945606e+02 9.460825e+00
      vertex   -6.500500e+02 2.945606e+02 2.946082e+01
      vertex   -6.849500e+02 2.945606e+02 9.460825e+00
    endloop
  endfacet
  facet normal 0.000000e+00 -1.000000e+00 0.000000e+00
    outer loop
      vertex   -6.849500e+02 2.945606e+02 9.460825e+00
      vertex   -6.500500e+02 2.945606e+02 2.946082e+01
      vertex   -6.849500e+02 2.945606e+02 2.946082e+01
    endloop
  endfacet
  facet normal 0.000000e+00 1.000000e+00 0.000000e+00
    outer loop
      vertex   -6.500500e+02 1.194606e+02 2.946082e+01
      vertex   -6.500500e+02 1.194606e+02 9.460825e+00
      vertex   -6.849500e+02 1.194606e+02 2.946082e+01
    endloop
  endfacet
  facet normal 0.000000e+00 1.000000e+00 0.000000e+00
    outer loop
      vertex   -6.849500e+02 1.194606e+02 2.946082e+01
      vertex   -6.500500e+02 1.194606e+02 9.460825e+00
      vertex   -6.849500e+02 1.194606e+02 9.460825e+00
    endloop
  endfacet
  facet normal 0.000000e+00 1.000000e+00 0.000000e+00
    outer loop
      vertex   -6.500500e+02 2.944606e+02 1.946082e+01
      vertex   -6.500500e+02 2.944606e+02 9.460825e+00
      vertex   -6.849500e+02 2.944606e+02 1.946082e+01
    endloop
  endfacet
  facet normal 0.000000e+00 1.000000e+00 0.000000e+00
    outer loop
      vertex   -6.849500e+02 2.944606e+02 1.946082e+01
      vertex   -6.500500e+02 2.944606e+02 9.460825e+00
      vertex   -6.849500e+02 2.944606e+02 9.460825e+00
    endloop
  endfacet
  facet normal 0.000000e+00 -1.000000e+00 7.105427e-16
    outer loop
      vertex   -6.500500e+02 1.195606e+02 9.460825e+00
      vertex   -6.500500e+02 1.195606e+02 2.946082e+01
      vertex   -6.849500e+02 1.195606e+02 9.460825e+00
    endloop
  endfacet
  facet normal 0.000000e+00 -1.000000e+00 7.105427e-16
    outer loop
      vertex   -6.849500e+02 1.195606e+02 9.460825e+00
      vertex   -6.500500e+02 1.195606e+02 2.946082e+01
      vertex   -6.849500e+02 1.195606e+02 2.946082e+01
    endloop
  endfacet
  facet normal 0.000000e+00 0.000000e+00 1.000000e+00
    outer loop
      vertex   -6.500500e+02 2.944606e+02 1.946082e+01
      vertex   -6.849500e+02 2.944606e+02 1.946082e+01
      vertex   -6.500500e+02 2.595606e+02 1.946082e+01
    endloop
  endfacet
  facet normal 0.000000e+00 0.000000e+00 1.000000e+00
    outer loop
      vertex   -6.500500e+02 2.595606e+02 1.946082e+01
      vertex   -6.849500e+02 2.944606e+02 1.946082e+01
      vertex   -6.849500e+02 2.595606e+02 1.946082e+01
    endloop
  endfacet
  facet normal 0.000000e+00 0.000000e+00 1.000000e+00
    outer loop
      vertex   -6.150500e+02 2.944606e+02 1.946082e+01
      vertex   -6.499500e+02 2.944606e+02 1.946082e+01
      vertex   -6.150500e+02 2.595606e+02 1.946082e+01
    endloop
  endfacet
  facet normal 0.000000e+00 0.000000e+00 1.000000e+00
    outer loop
      vertex   -6.150500e+02 2.595606e+02 1.946082e+01
      vertex   -6.499500e+02 2.944606e+02 1.946082e+01
      vertex   -6.499500e+02 2.595606e+02 1.946082e+01
    endloop
  endfacet
  facet normal 0.000000e+00 0.000000e+00 1.000000e+00
    outer loop
      vertex   -6.500500e+02 1.544606e+02 2.946082e+01
      vertex   -6.849500e+02 1.544606e+02 2.946082e+01
      vertex   -6.500500e+02 1.195606e+02 2.946082e+01
    endloop
  endfacet
  facet normal 0.000000e+00 0.000000e+00 1.000000e+00
    outer loop
      vertex   -6.500500e+02 1.195606e+02 2.946082e+01
      vertex   -6.849500e+02 1.544606e+02 2.946082e+01
      vertex   -6.849500e+02 1.195606e+02 2.946082e+01
    endloop
  endfacet
  facet normal 0.000000e+00 -1.000000e+00 0.000000e+00
    outer loop
      vertex   -6.500500e+02 2.595606e+02 9.460825e+00
      vertex   -6.500500e+02 2.595606e+02 1.946082e+01
      vertex   -6.849500e+02 2.595606e+02 9.460825e+00
    endloop
  endfacet
  facet normal 0.000000e+00 -1.000000e+00 0.000000e+00
    outer loop
      vertex   -6.849500e+02 2.595606e+02 9.460825e+00
      vertex   -6.500500e+02 2.595606e+02 1.946082e+01
      vertex   -6.849500e+02 2.595606e+02 1.946082e+01
    endloop
  endfacet
  facet normal 0.000000e+00 1.000000e+00 0.000000e+00
    outer loop
      vertex   -6.500500e+02 1.544606e+02 2.946082e+01
      vertex   -6.500500e+02 1.544606e+02 9.460825e+00
      vertex   -6.849500e+02 1.544606e+02 2.946082e+01
    endloop
  endfacet
  facet normal 0.000000e+00 1.000000e+00 0.000000e+00
    outer loop
      vertex   -6.849500e+02 1.544606e+02 2.946082e+01
      vertex   -6.500500e+02 1.544606e+02 9.460825e+00
      vertex   -6.849500e+02 1.544606e+02 9.460825e+00
    endloop
  endfacet
  facet normal 0.000000e+00 -1.000000e+00 0.000000e+00
    outer loop
      vertex   -6.500500e+02 2.245606e+02 4.460825e+00
      vertex   -6.500500e+02 2.245606e+02 9.460825e+00
      vertex   -6.849500e+02 2.245606e+02 4.460825e+00
    endloop
  endfacet
  facet normal 0.000000e+00 -1.000000e+00 0.000000e+00
    outer loop
      vertex   -6.849500e+02 2.245606e+02 4.460825e+00
      vertex   -6.500500e+02 2.245606e+02 9.460825e+00
      vertex   -6.849500e+02 2.245606e+02 9.460825e+00
    endloop
  endfacet
  facet normal 0.000000e+00 -1.000000e+00 0.000000e+00
    outer loop
      vertex   -6.500500e+02 1.545606e+02 9.460825e+00
      vertex   -6.500500e+02 1.545606e+02 1.946082e+01
      vertex   -6.849500e+02 1.545606e+02 9.460825e+00
    endloop
  endfacet
  facet normal 0.000000e+00 -1.000000e+00 0.000000e+00
    outer loop
      vertex   -6.849500e+02 1.545606e+02 9.460825e+00
      vertex   -6.500500e+02 1.545606e+02 1.946082e+01
      vertex   -6.849500e+02 1.545606e+02 1.946082e+01
    endloop
  endfacet
  facet normal 0.000000e+00 0.000000e+00 1.000000e+00
    outer loop
      vertex   -6.500500e+02 1.894606e+02 1.946082e+01
      vertex   -6.849500e+02 1.894606e+02 1.946082e+01
      vertex   -6.500500e+02 1.545606e+02 1.946082e+01
    endloop
  endfacet
  facet normal 0.000000e+00 0.000000e+00 1.000000e+00
    outer loop
      vertex   -6.500500e+02 1.545606e+02 1.946082e+01
      vertex   -6.849500e+02 1.894606e+02 1.946082e+01
      vertex   -6.849500e+02 1.545606e+02 1.946082e+01
    endloop
  endfacet
  facet normal 0.000000e+00 1.000000e+00 0.000000e+00
    outer loop
      vertex   -6.500500e+02 2.244606e+02 9.460825e+00
      vertex   -6.500500e+02 2.244606e+02 4.460825e+00
      vertex   -6.849500e+02 2.244606e+02 9.460825e+00
    endloop
  endfacet
  facet normal 0.000000e+00 1.000000e+00 0.000000e+00
    outer loop
      vertex   -6.849500e+02 2.244606e+02 9.460825e+00
      vertex   -6.500500e+02 2.244606e+02 4.460825e+00
      vertex   -6.849500e+02 2.244606e+02 4.460825e+00
    endloop
  endfacet
  facet normal 0.000000e+00 1.000000e+00 0.000000e+00
    outer loop
      vertex   -6.500500e+02 1.894606e+02 1.946082e+01
      vertex   -6.500500e+02 1.894606e+02 9.460825e+00
      vertex   -6.849500e+02 1.894606e+02 1.946082e+01
    endloop
  endfacet
  facet normal 0.000000e+00 1.000000e+00 0.000000e+00
    outer loop
      vertex   -6.849500e+02 1.894606e+02 1.946082e+01
      vertex   -6.500500e+02 1.894606e+02 9.460825e+00
      vertex   -6.849500e+02 1.894606e+02 9.460825e+00
    endloop
  endfacet
  facet normal 0.000000e+00 0.000000e+00 1.000000e+00
    outer loop
      vertex   -6.500500e+02 2.244606e+02 9.460825e+00
      vertex   -6.849500e+02 2.244606e+02 9.460825e+00
      vertex   -6.500500e+02 1.894606e+02 9.460825e+00
    endloop
  endfacet
  facet normal 0.000000e+00 0.000000e+00 1.000000e+00
    outer loop
      vertex   -6.500500e+02 1.894606e+02 9.460825e+00
      vertex   -6.849500e+02 2.244606e+02 9.460825e+00
      vertex   -6.849500e+02 1.894606e+02 9.460825e+00
    endloop
  endfacet
  facet normal 0.000000e+00 0.000000e+00 1.000000e+00
    outer loop
      vertex   -6.500500e+02 2.595606e+02 9.460825e+00
      vertex   -6.849500e+02 2.595606e+02 9.460825e+00
      vertex   -6.500500e+02 2.245606e+02 9.460825e+00
    endloop
  endfacet
  facet normal 0.000000e+00 0.000000e+00 1.000000e+00
    outer loop
      vertex   -6.500500e+02 2.245606e+02 9.460825e+00
      vertex   -6.849500e+02 2.595606e+02 9.460825e+00
      vertex   -6.849500e+02 2.245606e+02 9.460825e+00
    endloop
  endfacet
  facet normal 0.000000e+00 0.000000e+00 1.000000e+00
    outer loop
      vertex   -6.500500e+02 1.545606e+02 9.460825e+00
      vertex   -6.849500e+02 1.545606e+02 9.460825e+00
      vertex   -6.500500e+02 1.544606e+02 9.460825e+00
    endloop
  endfacet
  facet normal 0.000000e+00 0.000000e+00 1.000000e+00
    outer loop
      vertex   -6.500500e+02 1.544606e+02 9.460825e+00
      vertex   -6.849500e+02 1.545606e+02 9.460825e+00
      vertex   -6.849500e+02 1.544606e+02 9.460825e+00
    endloop
  endfacet
  facet normal 0.000000e+00 0.000000e+00 1.000000e+00
    outer loop
      vertex   -6.500500e+02 1.195606e+02 9.460825e+00
      vertex   -6.849500e+02 1.195606e+02 9.460825e+00
      vertex   -6.500500e+02 1.194606e+02 9.460825e+00
    endloop
  endfacet
  facet normal 0.000000e+00 0.000000e+00 1.000000e+00
    outer loop
      vertex   -6.500500e+02 1.194606e+02 9.460825e+00
      vertex   -6.849500e+02 1.195606e+02 9.460825e+00
      vertex   -6.849500e+02 1.194606e+02 9.460825e+00
    endloop
  endfacet
  facet normal 0.000000e+00 0.000000e+00 1.000000e+00
    outer loop
      vertex   -6.500500e+02 2.945606e+02 9.460825e+00
      vertex   -6.849500e+02 2.945606e+02 9.460825e+00
      vertex   -6.500500e+02 2.944606e+02 9.460825e+00
    endloop
  endfacet
  facet normal 0.000000e+00 0.000000e+00 1.000000e+00
    outer loop
      vertex   -6.500500e+02 2.944606e+02 9.460825e+00
      vertex   -6.849500e+02 2.945606e+02 9.460825e+00
      vertex   -6.849500e+02 2.944606e+02 9.460825e+00
    endloop
  endfacet
  facet normal 0.000000e+00 0.000000e+00 1.000000e+00
    outer loop
      vertex   -6.500500e+02 3.295606e+02 9.460825e+00
      vertex   -6.849500e+02 3.295606e+02 9.460825e+00
      vertex   -6.500500e+02 3.294606e+02 9.460825e+00
    endloop
  endfacet
  facet normal 0.000000e+00 0.000000e+00 1.000000e+00
    outer loop
      vertex   -6.500500e+02 3.294606e+02 9.460825e+00
      vertex   -6.849500e+02 3.295606e+02 9.460825e+00
      vertex   -6.849500e+02 3.294606e+02 9.460825e+00
    endloop
  endfacet
  facet normal -1.000000e+00 0.000000e+00 0.000000e+00
    outer loop
      vertex   -6.849500e+02 8.451060e+01 9.460825e+00
      vertex   -6.849500e+02 8.451060e+01 3.946082e+01
      vertex   -6.849500e+02 1.194606e+02 2.946082e+01
    endloop
  endfacet
  facet normal -1.000000e+00 0.000000e+00 0.000000e+00
    outer loop
      vertex   -6.849500e+02 1.194606e+02 2.946082e+01
      vertex   -6.849500e+02 8.451060e+01 3.946082e+01
      vertex   -6.849500e+02 1.195106e+02 3.946082e+01
    endloop
  endfacet
  facet normal -1.000000e+00 0.000000e+00 0.000000e+00
    outer loop
      vertex   -6.849500e+02 1.194606e+02 2.946082e+01
      vertex   -6.849500e+02 1.195106e+02 3.946082e+01
      vertex   -6.849500e+02 1.195106e+02 2.946082e+01
    endloop
  endfacet
  facet normal -1.000000e+00 0.000000e+00 -0.000000e+00
    outer loop
      vertex   -6.849500e+02 1.194606e+02 2.946082e+01
      vertex   -6.849500e+02 1.194606e+02 9.460825e+00
      vertex   -6.849500e+02 8.451060e+01 9.460825e+00
    endloop
  endfacet
  facet normal -1.000000e+00 0.000000e+00 0.000000e+00
    outer loop
      vertex   -6.849500e+02 8.451060e+01 9.460825e+00
      vertex   -6.849500e+02 1.194606e+02 9.460825e+00
      vertex   -6.849500e+02 8.451060e+01 4.460825e+00
    endloop
  endfacet
  facet normal -1.000000e+00 0.000000e+00 0.000000e+00
    outer loop
      vertex   -6.849500e+02 8.451060e+01 4.460825e+00
      vertex   -6.849500e+02 1.194606e+02 9.460825e+00
      vertex   -6.849500e+02 1.195606e+02 9.460825e+00
    endloop
  endfacet
  facet normal -1.000000e+00 0.000000e+00 0.000000e+00
    outer loop
      vertex   -6.849500e+02 8.451060e+01 4.460825e+00
      vertex   -6.849500e+02 1.195606e+02 9.460825e+00
      vertex   -6.849500e+02 1.544606e+02 9.460825e+00
    endloop
  endfacet
  facet normal -1.000000e+00 0.000000e+00 0.000000e+00
    outer loop
      vertex   -6.849500e+02 1.544606e+02 9.460825e+00
      vertex   -6.849500e+02 1.195606e+02 9.460825e+00
      vertex   -6.849500e+02 1.195606e+02 2.946082e+01
    endloop
  endfacet
  facet normal -1.000000e+00 0.000000e+00 0.000000e+00
    outer loop
      vertex   -6.849500e+02 1.544606e+02 9.460825e+00
      vertex   -6.849500e+02 1.195606e+02 2.946082e+01
      vertex   -6.849500e+02 1.544606e+02 2.946082e+01
    endloop
  endfacet
  facet normal -1.000000e+00 0.000000e+00 0.000000e+00
    outer loop
      vertex   -6.849500e+02 8.451060e+01 4.460825e+00
      vertex   -6.849500e+02 1.544606e+02 9.460825e+00
      vertex   -6.849500e+02 2.244606e+02 4.460825e+00
    endloop
  endfacet
  facet normal -1.000000e+00 0.000000e+00 0.000000e+00
    outer loop
      vertex   -6.849500e+02 2.244606e+02 4.460825e+00
      vertex   -6.849500e+02 1.544606e+02 9.460825e+00
      vertex   -6.849500e+02 1.545606e+02 9.460825e+00
    endloop
  endfacet
  facet normal -1.000000e+00 0.000000e+00 0.000000e+00
    outer loop
      vertex   -6.849500e+02 2.244606e+02 4.460825e+00
      vertex   -6.849500e+02 1.545606e+02 9.460825e+00
      vertex   -6.849500e+02 1.894606e+02 9.460825e+00
    endloop
  endfacet
  facet normal -1.000000e+00 0.000000e+00 0.000000e+00
    outer loop
      vertex   -6.849500e+02 1.894606e+02 9.460825e+00
      vertex   -6.849500e+02 1.545606e+02 9.460825e+00
      vertex   -6.849500e+02 1.545606e+02 1.946082e+01
    endloop
  endfacet
  facet normal -1.000000e+00 0.000000e+00 0.000000e+00
    outer loop
      vertex   -6.849500e+02 1.894606e+02 9.460825e+00
      vertex   -6.849500e+02 1.545606e+02 1.946082e+01
      vertex   -6.849500e+02 1.894606e+02 1.946082e+01
    endloop
  endfacet
  facet normal -1.000000e+00 0.000000e+00 0.000000e+00
    outer loop
      vertex   -6.849500e+02 1.894606e+02 9.460825e+00
      vertex   -6.849500e+02 2.244606e+02 9.460825e+00
      vertex   -6.849500e+02 2.244606e+02 4.460825e+00
    endloop
  endfacet
  facet normal -1.000000e+00 0.000000e+00 0.000000e+00
    outer loop
      vertex   -6.849500e+02 3.295106e+02 2.946082e+01
      vertex   -6.849500e+02 3.295106e+02 3.946082e+01
      vertex   -6.849500e+02 3.295606e+02 2.946082e+01
    endloop
  endfacet
  facet normal -1.000000e+00 0.000000e+00 0.000000e+00
    outer loop
      vertex   -6.849500e+02 3.295606e+02 2.946082e+01
      vertex   -6.849500e+02 3.295106e+02 3.946082e+01
      vertex   -6.849500e+02 3.645106e+02 3.946082e+01
    endloop
  endfacet
  facet normal -1.000000e+00 0.000000e+00 0.000000e+00
    outer loop
      vertex   -6.849500e+02 3.295606e+02 2.946082e+01
      vertex   -6.849500e+02 3.645106e+02 3.946082e+01
      vertex   -6.849500e+02 3.645106e+02 9.460825e+00
    endloop
  endfacet
  facet normal -1.000000e+00 0.000000e+00 0.000000e+00
    outer loop
      vertex   -6.849500e+02 3.295606e+02 2.946082e+01
      vertex   -6.849500e+02 3.645106e+02 9.460825e+00
      vertex   -6.849500e+02 3.295606e+02 9.460825e+00
    endloop
  endfacet
  facet normal -1.000000e+00 0.000000e+00 0.000000e+00
    outer loop
      vertex   -6.849500e+02 3.295606e+02 9.460825e+00
      vertex   -6.849500e+02 3.645106e+02 9.460825e+00
      vertex   -6.849500e+02 3.645106e+02 4.460825e+00
    endloop
  endfacet
  facet normal -1.000000e+00 -0.000000e+00 -0.000000e+00
    outer loop
      vertex   -6.849500e+02 3.295606e+02 9.460825e+00
      vertex   -6.849500e+02 3.645106e+02 4.460825e+00
      vertex   -6.849500e+02 3.294606e+02 9.460825e+00
    endloop
  endfacet
  facet normal -1.000000e+00 -0.000000e+00 -0.000000e+00
    outer loop
      vertex   -6.849500e+02 3.294606e+02 9.460825e+00
      vertex   -6.849500e+02 3.645106e+02 4.460825e+00
      vertex   -6.849500e+02 2.945606e+02 9.460825e+00
    endloop
  endfacet
  facet normal -1.000000e+00 0.000000e+00 0.000000e+00
    outer loop
      vertex   -6.849500e+02 3.294606e+02 9.460825e+00
      vertex   -6.849500e+02 2.945606e+02 9.460825e+00
      vertex   -6.849500e+02 2.945606e+02 2.946082e+01
    endloop
  endfacet
  facet normal -1.000000e+00 0.000000e+00 0.000000e+00
    outer loop
      vertex   -6.849500e+02 3.645106e+02 4.460825e+00
      vertex   -6.849500e+02 2.245606e+02 4.460825e+00
      vertex   -6.849500e+02 2.945606e+02 9.460825e+00
    endloop
  endfacet
  facet normal -1.000000e+00 -0.000000e+00 0.000000e+00
    outer loop
      vertex   -6.849500e+02 2.945606e+02 9.460825e+00
      vertex   -6.849500e+02 2.245606e+02 4.460825e+00
      vertex   -6.849500e+02 2.944606e+02 9.460825e+00
    endloop
  endfacet
  facet normal -1.000000e+00 -0.000000e+00 0.000000e+00
    outer loop
      vertex   -6.849500e+02 2.944606e+02 9.460825e+00
      vertex   -6.849500e+02 2.245606e+02 4.460825e+00
      vertex   -6.849500e+02 2.595606e+02 9.460825e+00
    endloop
  endfacet
  facet normal -1.000000e+00 0.000000e+00 0.000000e+00
    outer loop
      vertex   -6.849500e+02 2.944606e+02 9.460825e+00
      vertex   -6.849500e+02 2.595606e+02 9.460825e+00
      vertex   -6.849500e+02 2.595606e+02 1.946082e+01
    endloop
  endfacet
  facet normal -1.000000e+00 0.000000e+00 0.000000e+00
    outer loop
      vertex   -6.849500e+02 2.245606e+02 4.460825e+00
      vertex   -6.849500e+02 2.245606e+02 9.460825e+00
      vertex   -6.849500e+02 2.595606e+02 9.460825e+00
    endloop
  endfacet
  facet normal -1.000000e+00 0.000000e+00 0.000000e+00
    outer loop
      vertex   -6.849500e+02 2.595606e+02 1.946082e+01
      vertex   -6.849500e+02 2.944606e+02 1.946082e+01
      vertex   -6.849500e+02 2.944606e+02 9.460825e+00
    endloop
  endfacet
  facet normal -1.000000e+00 0.000000e+00 0.000000e+00
    outer loop
      vertex   -6.849500e+02 2.945606e+02 2.946082e+01
      vertex   -6.849500e+02 3.294606e+02 2.946082e+01
      vertex   -6.849500e+02 3.294606e+02 9.460825e+00
    endloop
  endfacet
  facet normal 0.000000e+00 1.000000e+00 0.000000e+00
    outer loop
      vertex   -6.849500e+02 8.451060e+01 9.460825e+00
      vertex   -6.849500e+02 8.451060e+01 4.460825e+00
      vertex   -6.850500e+02 8.451060e+01 9.460825e+00
    endloop
  endfacet
  facet normal 0.000000e+00 1.000000e+00 0.000000e+00
    outer loop
      vertex   -6.850500e+02 8.451060e+01 9.460825e+00
      vertex   -6.849500e+02 8.451060e+01 4.460825e+00
      vertex   -6.850500e+02 8.451060e+01 4.460825e+00
    endloop
  endfacet
  facet normal 1.000000e+00 -0.000000e+00 0.000000e+00
    outer loop
      vertex   -6.850500e+02 8.451060e+01 4.946082e+01
      vertex   -6.850500e+02 8.451060e+01 9.460825e+00
      vertex   -6.850500e+02 1.194606e+02 4.946082e+01
    endloop
  endfacet
  facet normal 1.000000e+00 0.000000e+00 0.000000e+00
    outer loop
      vertex   -6.850500e+02 1.194606e+02 4.946082e+01
      vertex   -6.850500e+02 8.451060e+01 9.460825e+00
      vertex   -6.850500e+02 1.194606e+02 9.460825e+00
    endloop
  endfacet
  facet normal 1.000000e+00 0.000000e+00 0.000000e+00
    outer loop
      vertex   -6.850500e+02 1.194606e+02 9.460825e+00
      vertex   -6.850500e+02 8.451060e+01 9.460825e+00
      vertex   -6.850500e+02 8.451060e+01 4.460825e+00
    endloop
  endfacet
  facet normal 1.000000e+00 -0.000000e+00 0.000000e+00
    outer loop
      vertex   -6.850500e+02 1.194606e+02 9.460825e+00
      vertex   -6.850500e+02 8.451060e+01 4.460825e+00
      vertex   -6.850500e+02 1.195606e+02 9.460825e+00
    endloop
  endfacet
  facet normal 1.000000e+00 -0.000000e+00 0.000000e+00
    outer loop
      vertex   -6.850500e+02 1.195606e+02 9.460825e+00
      vertex   -6.850500e+02 8.451060e+01 4.460825e+00
      vertex   -6.850500e+02 1.544606e+02 9.460825e+00
    endloop
  endfacet
  facet normal 1.000000e+00 0.000000e+00 0.000000e+00
    outer loop
      vertex   -6.850500e+02 1.195606e+02 9.460825e+00
      vertex   -6.850500e+02 1.544606e+02 9.460825e+00
      vertex   -6.850500e+02 1.544606e+02 3.946082e+01
    endloop
  endfacet
  facet normal 1.000000e+00 0.000000e+00 0.000000e+00
    outer loop
      vertex   -6.850500e+02 8.451060e+01 4.460825e+00
      vertex   -6.850500e+02 2.244606e+02 4.460825e+00
      vertex   -6.850500e+02 1.544606e+02 9.460825e+00
    endloop
  endfacet
  facet normal 1.000000e+00 -0.000000e+00 0.000000e+00
    outer loop
      vertex   -6.850500e+02 1.544606e+02 9.460825e+00
      vertex   -6.850500e+02 2.244606e+02 4.460825e+00
      vertex   -6.850500e+02 1.545606e+02 9.460825e+00
    endloop
  endfacet
  facet normal 1.000000e+00 -0.000000e+00 0.000000e+00
    outer loop
      vertex   -6.850500e+02 1.545606e+02 9.460825e+00
      vertex   -6.850500e+02 2.244606e+02 4.460825e+00
      vertex   -6.850500e+02 1.894606e+02 9.460825e+00
    endloop
  endfacet
  facet normal 1.000000e+00 0.000000e+00 0.000000e+00
    outer loop
      vertex   -6.850500e+02 1.545606e+02 9.460825e+00
      vertex   -6.850500e+02 1.894606e+02 9.460825e+00
      vertex   -6.850500e+02 1.894606e+02 2.946082e+01
    endloop
  endfacet
  facet normal 1.000000e+00 -0.000000e+00 0.000000e+00
    outer loop
      vertex   -6.850500e+02 1.894606e+02 9.460825e+00
      vertex   -6.850500e+02 2.244606e+02 4.460825e+00
      vertex   -6.850500e+02 1.895606e+02 9.460825e+00
    endloop
  endfacet
  facet normal 1.000000e+00 -0.000000e+00 0.000000e+00
    outer loop
      vertex   -6.850500e+02 1.895606e+02 9.460825e+00
      vertex   -6.850500e+02 2.244606e+02 4.460825e+00
      vertex   -6.850500e+02 2.244606e+02 1.946082e+01
    endloop
  endfacet
  facet normal 1.000000e+00 0.000000e+00 0.000000e+00
    outer loop
      vertex   -6.850500e+02 1.895606e+02 9.460825e+00
      vertex   -6.850500e+02 2.244606e+02 1.946082e+01
      vertex   -6.850500e+02 1.895606e+02 1.946082e+01
    endloop
  endfacet
  facet normal 1.000000e+00 0.000000e+00 0.000000e+00
    outer loop
      vertex   -6.850500e+02 1.894606e+02 2.946082e+01
      vertex   -6.850500e+02 1.545606e+02 2.946082e+01
      vertex   -6.850500e+02 1.545606e+02 9.460825e+00
    endloop
  endfacet
  facet normal 1.000000e+00 0.000000e+00 0.000000e+00
    outer loop
      vertex   -6.850500e+02 1.544606e+02 3.946082e+01
      vertex   -6.850500e+02 1.195606e+02 3.946082e+01
      vertex   -6.850500e+02 1.195606e+02 9.460825e+00
    endloop
  endfacet
  facet normal 0.000000e+00 -1.000000e+00 0.000000e+00
    outer loop
      vertex   -6.850500e+02 3.645106e+02 9.460825e+00
      vertex   -6.850500e+02 3.645106e+02 4.460825e+00
      vertex   -6.849500e+02 3.645106e+02 9.460825e+00
    endloop
  endfacet
  facet normal 0.000000e+00 -1.000000e+00 -0.000000e+00
    outer loop
      vertex   -6.849500e+02 3.645106e+02 9.460825e+00
      vertex   -6.850500e+02 3.645106e+02 4.460825e+00
      vertex   -6.849500e+02 3.645106e+02 4.460825e+00
    endloop
  endfacet
  facet normal 1.000000e+00 -0.000000e+00 0.000000e+00
    outer loop
      vertex   -6.850500e+02 3.295606e+02 4.946082e+01
      vertex   -6.850500e+02 3.295606e+02 9.460825e+00
      vertex   -6.850500e+02 3.645106e+02 4.946082e+01
    endloop
  endfacet
  facet normal 1.000000e+00 0.000000e+00 0.000000e+00
    outer loop
      vertex   -6.850500e+02 3.645106e+02 4.946082e+01
      vertex   -6.850500e+02 3.295606e+02 9.460825e+00
      vertex   -6.850500e+02 3.645106e+02 9.460825e+00
    endloop
  endfacet
  facet normal 1.000000e+00 0.000000e+00 0.000000e+00
    outer loop
      vertex   -6.850500e+02 3.645106e+02 9.460825e+00
      vertex   -6.850500e+02 3.295606e+02 9.460825e+00
      vertex   -6.850500e+02 3.645106e+02 4.460825e+00
    endloop
  endfacet
  facet normal 1.000000e+00 0.000000e+00 0.000000e+00
    outer loop
      vertex   -6.850500e+02 3.645106e+02 4.460825e+00
      vertex   -6.850500e+02 3.295606e+02 9.460825e+00
      vertex   -6.850500e+02 3.294606e+02 9.460825e+00
    endloop
  endfacet
  facet normal 1.000000e+00 0.000000e+00 0.000000e+00
    outer loop
      vertex   -6.850500e+02 3.645106e+02 4.460825e+00
      vertex   -6.850500e+02 3.294606e+02 9.460825e+00
      vertex   -6.850500e+02 2.945606e+02 9.460825e+00
    endloop
  endfacet
  facet normal 1.000000e+00 0.000000e+00 0.000000e+00
    outer loop
      vertex   -6.850500e+02 2.945606e+02 9.460825e+00
      vertex   -6.850500e+02 3.294606e+02 9.460825e+00
      vertex   -6.850500e+02 3.294606e+02 3.946082e+01
    endloop
  endfacet
  facet normal 1.000000e+00 0.000000e+00 0.000000e+00
    outer loop
      vertex   -6.850500e+02 2.945606e+02 9.460825e+00
      vertex   -6.850500e+02 3.294606e+02 3.946082e+01
      vertex   -6.850500e+02 2.945606e+02 3.946082e+01
    endloop
  endfacet
  facet normal 1.000000e+00 0.000000e+00 0.000000e+00
    outer loop
      vertex   -6.850500e+02 3.645106e+02 4.460825e+00
      vertex   -6.850500e+02 2.945606e+02 9.460825e+00
      vertex   -6.850500e+02 2.245606e+02 4.460825e+00
    endloop
  endfacet
  facet normal 1.000000e+00 0.000000e+00 0.000000e+00
    outer loop
      vertex   -6.850500e+02 2.245606e+02 4.460825e+00
      vertex   -6.850500e+02 2.945606e+02 9.460825e+00
      vertex   -6.850500e+02 2.944606e+02 9.460825e+00
    endloop
  endfacet
  facet normal 1.000000e+00 0.000000e+00 0.000000e+00
    outer loop
      vertex   -6.850500e+02 2.245606e+02 4.460825e+00
      vertex   -6.850500e+02 2.944606e+02 9.460825e+00
      vertex   -6.850500e+02 2.595606e+02 9.460825e+00
    endloop
  endfacet
  facet normal 1.000000e+00 0.000000e+00 0.000000e+00
    outer loop
      vertex   -6.850500e+02 2.595606e+02 9.460825e+00
      vertex   -6.850500e+02 2.944606e+02 9.460825e+00
      vertex   -6.850500e+02 2.944606e+02 2.946082e+01
    endloop
  endfacet
  facet normal 1.000000e+00 0.000000e+00 0.000000e+00
    outer loop
      vertex   -6.850500e+02 2.595606e+02 9.460825e+00
      vertex   -6.850500e+02 2.944606e+02 2.946082e+01
      vertex   -6.850500e+02 2.595606e+02 2.946082e+01
    endloop
  endfacet
  facet normal 1.000000e+00 0.000000e+00 0.000000e+00
    outer loop
      vertex   -6.850500e+02 2.595606e+02 9.460825e+00
      vertex   -6.850500e+02 2.594606e+02 9.460825e+00
      vertex   -6.850500e+02 2.245606e+02 4.460825e+00
    endloop
  endfacet
  facet normal 1.000000e+00 0.000000e+00 0.000000e+00
    outer loop
      vertex   -6.850500e+02 2.245606e+02 4.460825e+00
      vertex   -6.850500e+02 2.594606e+02 9.460825e+00
      vertex   -6.850500e+02 2.245606e+02 1.946082e+01
    endloop
  endfacet
  facet normal 1.000000e+00 -0.000000e+00 0.000000e+00
    outer loop
      vertex   -6.850500e+02 2.245606e+02 1.946082e+01
      vertex   -6.850500e+02 2.594606e+02 9.460825e+00
      vertex   -6.850500e+02 2.594606e+02 1.946082e+01
    endloop
  endfacet
  facet normal 0.000000e+00 1.000000e+00 -0.000000e+00
    outer loop
      vertex   -6.850500e+02 3.645106e+02 9.460825e+00
      vertex   -7.199500e+02 3.645106e+02 9.460825e+00
      vertex   -6.850500e+02 3.645106e+02 4.946082e+01
    endloop
  endfacet
  facet normal 0.000000e+00 1.000000e+00 0.000000e+00
    outer loop
      vertex   -6.850500e+02 3.645106e+02 4.946082e+01
      vertex   -7.199500e+02 3.645106e+02 9.460825e+00
      vertex   -7.199500e+02 3.645106e+02 4.946082e+01
    endloop
  endfacet
  facet normal -0.000000e+00 -1.000000e+00 -0.000000e+00
    outer loop
      vertex   -6.850500e+02 8.451060e+01 4.946082e+01
      vertex   -7.199500e+02 8.451060e+01 4.946082e+01
      vertex   -6.850500e+02 8.451060e+01 9.460825e+00
    endloop
  endfacet
  facet normal 0.000000e+00 -1.000000e+00 0.000000e+00
    outer loop
      vertex   -6.850500e+02 8.451060e+01 9.460825e+00
      vertex   -7.199500e+02 8.451060e+01 4.946082e+01
      vertex   -7.199500e+02 8.451060e+01 9.460825e+00
    endloop
  endfacet
  facet normal 0.000000e+00 0.000000e+00 1.000000e+00
    outer loop
      vertex   -6.850500e+02 1.194606e+02 4.946082e+01
      vertex   -7.199500e+02 1.194606e+02 4.946082e+01
      vertex   -6.850500e+02 8.451060e+01 4.946082e+01
    endloop
  endfacet
  facet normal 0.000000e+00 0.000000e+00 1.000000e+00
    outer loop
      vertex   -6.850500e+02 8.451060e+01 4.946082e+01
      vertex   -7.199500e+02 1.194606e+02 4.946082e+01
      vertex   -7.199500e+02 8.451060e+01 4.946082e+01
    endloop
  endfacet
  facet normal 0.000000e+00 1.000000e+00 3.552714e-16
    outer loop
      vertex   -6.850500e+02 1.194606e+02 4.946082e+01
      vertex   -6.850500e+02 1.194606e+02 9.460825e+00
      vertex   -7.199500e+02 1.194606e+02 4.946082e+01
    endloop
  endfacet
  facet normal 0.000000e+00 1.000000e+00 3.552714e-16
    outer loop
      vertex   -7.199500e+02 1.194606e+02 4.946082e+01
      vertex   -6.850500e+02 1.194606e+02 9.460825e+00
      vertex   -7.199500e+02 1.194606e+02 9.460825e+00
    endloop
  endfacet
  facet normal 0.000000e+00 -1.000000e+00 4.736952e-16
    outer loop
      vertex   -6.850500e+02 1.195606e+02 9.460825e+00
      vertex   -6.850500e+02 1.195606e+02 3.946082e+01
      vertex   -7.199500e+02 1.195606e+02 9.460825e+00
    endloop
  endfacet
  facet normal 0.000000e+00 -1.000000e+00 4.736952e-16
    outer loop
      vertex   -7.199500e+02 1.195606e+02 9.460825e+00
      vertex   -6.850500e+02 1.195606e+02 3.946082e+01
      vertex   -7.199500e+02 1.195606e+02 3.946082e+01
    endloop
  endfacet
  facet normal 0.000000e+00 0.000000e+00 1.000000e+00
    outer loop
      vertex   -6.850500e+02 1.544606e+02 3.946082e+01
      vertex   -7.199500e+02 1.544606e+02 3.946082e+01
      vertex   -6.850500e+02 1.195606e+02 3.946082e+01
    endloop
  endfacet
  facet normal 0.000000e+00 0.000000e+00 1.000000e+00
    outer loop
      vertex   -6.850500e+02 1.195606e+02 3.946082e+01
      vertex   -7.199500e+02 1.544606e+02 3.946082e+01
      vertex   -7.199500e+02 1.195606e+02 3.946082e+01
    endloop
  endfacet
  facet normal 0.000000e+00 -1.000000e+00 0.000000e+00
    outer loop
      vertex   -6.850500e+02 2.245606e+02 4.460825e+00
      vertex   -6.850500e+02 2.245606e+02 1.946082e+01
      vertex   -7.199500e+02 2.245606e+02 4.460825e+00
    endloop
  endfacet
  facet normal 0.000000e+00 -1.000000e+00 0.000000e+00
    outer loop
      vertex   -7.199500e+02 2.245606e+02 4.460825e+00
      vertex   -6.850500e+02 2.245606e+02 1.946082e+01
      vertex   -7.199500e+02 2.245606e+02 1.946082e+01
    endloop
  endfacet
  facet normal 0.000000e+00 1.000000e+00 0.000000e+00
    outer loop
      vertex   -6.850500e+02 1.544606e+02 3.946082e+01
      vertex   -6.850500e+02 1.544606e+02 9.460825e+00
      vertex   -7.199500e+02 1.544606e+02 3.946082e+01
    endloop
  endfacet
  facet normal 0.000000e+00 1.000000e+00 0.000000e+00
    outer loop
      vertex   -7.199500e+02 1.544606e+02 3.946082e+01
      vertex   -6.850500e+02 1.544606e+02 9.460825e+00
      vertex   -7.199500e+02 1.544606e+02 9.460825e+00
    endloop
  endfacet
  facet normal 0.000000e+00 1.000000e+00 0.000000e+00
    outer loop
      vertex   -6.850500e+02 2.244606e+02 1.946082e+01
      vertex   -6.850500e+02 2.244606e+02 4.460825e+00
      vertex   -7.199500e+02 2.244606e+02 1.946082e+01
    endloop
  endfacet
  facet normal 0.000000e+00 1.000000e+00 0.000000e+00
    outer loop
      vertex   -7.199500e+02 2.244606e+02 1.946082e+01
      vertex   -6.850500e+02 2.244606e+02 4.460825e+00
      vertex   -7.199500e+02 2.244606e+02 4.460825e+00
    endloop
  endfacet
  facet normal 0.000000e+00 -1.000000e+00 0.000000e+00
    outer loop
      vertex   -6.850500e+02 1.545606e+02 9.460825e+00
      vertex   -6.850500e+02 1.545606e+02 2.946082e+01
      vertex   -7.199500e+02 1.545606e+02 9.460825e+00
    endloop
  endfacet
  facet normal 0.000000e+00 -1.000000e+00 0.000000e+00
    outer loop
      vertex   -7.199500e+02 1.545606e+02 9.460825e+00
      vertex   -6.850500e+02 1.545606e+02 2.946082e+01
      vertex   -7.199500e+02 1.545606e+02 2.946082e+01
    endloop
  endfacet
  facet normal 0.000000e+00 0.000000e+00 1.000000e+00
    outer loop
      vertex   -6.850500e+02 1.894606e+02 2.946082e+01
      vertex   -7.199500e+02 1.894606e+02 2.946082e+01
      vertex   -6.850500e+02 1.545606e+02 2.946082e+01
    endloop
  endfacet
  facet normal 0.000000e+00 0.000000e+00 1.000000e+00
    outer loop
      vertex   -6.850500e+02 1.545606e+02 2.946082e+01
      vertex   -7.199500e+02 1.894606e+02 2.946082e+01
      vertex   -7.199500e+02 1.545606e+02 2.946082e+01
    endloop
  endfacet
  facet normal 0.000000e+00 1.000000e+00 0.000000e+00
    outer loop
      vertex   -6.850500e+02 1.894606e+02 2.946082e+01
      vertex   -6.850500e+02 1.894606e+02 9.460825e+00
      vertex   -7.199500e+02 1.894606e+02 2.946082e+01
    endloop
  endfacet
  facet normal 0.000000e+00 1.000000e+00 0.000000e+00
    outer loop
      vertex   -7.199500e+02 1.894606e+02 2.946082e+01
      vertex   -6.850500e+02 1.894606e+02 9.460825e+00
      vertex   -7.199500e+02 1.894606e+02 9.460825e+00
    endloop
  endfacet
  facet normal 0.000000e+00 0.000000e+00 1.000000e+00
    outer loop
      vertex   -6.850500e+02 1.545606e+02 9.460825e+00
      vertex   -7.199500e+02 1.545606e+02 9.460825e+00
      vertex   -6.850500e+02 1.544606e+02 9.460825e+00
    endloop
  endfacet
  facet normal 0.000000e+00 0.000000e+00 1.000000e+00
    outer loop
      vertex   -6.850500e+02 1.544606e+02 9.460825e+00
      vertex   -7.199500e+02 1.545606e+02 9.460825e+00
      vertex   -7.199500e+02 1.544606e+02 9.460825e+00
    endloop
  endfacet
  facet normal 0.000000e+00 0.000000e+00 1.000000e+00
    outer loop
      vertex   -6.850500e+02 1.895606e+02 9.460825e+00
      vertex   -7.199500e+02 1.895606e+02 9.460825e+00
      vertex   -6.850500e+02 1.894606e+02 9.460825e+00
    endloop
  endfacet
  facet normal 0.000000e+00 0.000000e+00 1.000000e+00
    outer loop
      vertex   -6.850500e+02 1.894606e+02 9.460825e+00
      vertex   -7.199500e+02 1.895606e+02 9.460825e+00
      vertex   -7.199500e+02 1.894606e+02 9.460825e+00
    endloop
  endfacet
  facet normal 0.000000e+00 0.000000e+00 1.000000e+00
    outer loop
      vertex   -6.850500e+02 1.195606e+02 9.460825e+00
      vertex   -7.199500e+02 1.195606e+02 9.460825e+00
      vertex   -6.850500e+02 1.194606e+02 9.460825e+00
    endloop
  endfacet
  facet normal 0.000000e+00 0.000000e+00 1.000000e+00
    outer loop
      vertex   -6.850500e+02 1.194606e+02 9.460825e+00
      vertex   -7.199500e+02 1.195606e+02 9.460825e+00
      vertex   -7.199500e+02 1.194606e+02 9.460825e+00
    endloop
  endfacet
  facet normal 0.000000e+00 0.000000e+00 1.000000e+00
    outer loop
      vertex   -6.850500e+02 2.595606e+02 9.460825e+00
      vertex   -7.199500e+02 2.595606e+02 9.460825e+00
      vertex   -6.850500e+02 2.594606e+02 9.460825e+00
    endloop
  endfacet
  facet normal 0.000000e+00 0.000000e+00 1.000000e+00
    outer loop
      vertex   -6.850500e+02 2.594606e+02 9.460825e+00
      vertex   -7.199500e+02 2.595606e+02 9.460825e+00
      vertex   -7.199500e+02 2.594606e+02 9.460825e+00
    endloop
  endfacet
  facet normal 0.000000e+00 0.000000e+00 1.000000e+00
    outer loop
      vertex   -6.850500e+02 2.945606e+02 9.460825e+00
      vertex   -7.199500e+02 2.945606e+02 9.460825e+00
      vertex   -6.850500e+02 2.944606e+02 9.460825e+00
    endloop
  endfacet
  facet normal 0.000000e+00 0.000000e+00 1.000000e+00
    outer loop
      vertex   -6.850500e+02 2.944606e+02 9.460825e+00
      vertex   -7.199500e+02 2.945606e+02 9.460825e+00
      vertex   -7.199500e+02 2.944606e+02 9.460825e+00
    endloop
  endfacet
  facet normal -1.000000e+00 -0.000000e+00 -0.000000e+00
    outer loop
      vertex   -7.199500e+02 1.194606e+02 4.946082e+01
      vertex   -7.199500e+02 1.194606e+02 9.460825e+00
      vertex   -7.199500e+02 8.451060e+01 4.946082e+01
    endloop
  endfacet
  facet normal -1.000000e+00 0.000000e+00 0.000000e+00
    outer loop
      vertex   -7.199500e+02 8.451060e+01 4.946082e+01
      vertex   -7.199500e+02 1.194606e+02 9.460825e+00
      vertex   -7.199500e+02 8.451060e+01 9.460825e+00
    endloop
  endfacet
  facet normal -1.000000e+00 0.000000e+00 0.000000e+00
    outer loop
      vertex   -7.199500e+02 8.451060e+01 9.460825e+00
      vertex   -7.199500e+02 1.194606e+02 9.460825e+00
      vertex   -7.199500e+02 8.451060e+01 4.460825e+00
    endloop
  endfacet
  facet normal -1.000000e+00 0.000000e+00 0.000000e+00
    outer loop
      vertex   -7.199500e+02 8.451060e+01 4.460825e+00
      vertex   -7.199500e+02 1.194606e+02 9.460825e+00
      vertex   -7.199500e+02 1.195606e+02 9.460825e+00
    endloop
  endfacet
  facet normal -1.000000e+00 0.000000e+00 0.000000e+00
    outer loop
      vertex   -7.199500e+02 8.451060e+01 4.460825e+00
      vertex   -7.199500e+02 1.195606e+02 9.460825e+00
      vertex   -7.199500e+02 1.544606e+02 9.460825e+00
    endloop
  endfacet
  facet normal -1.000000e+00 0.000000e+00 0.000000e+00
    outer loop
      vertex   -7.199500e+02 1.544606e+02 9.460825e+00
      vertex   -7.199500e+02 1.195606e+02 9.460825e+00
      vertex   -7.199500e+02 1.195606e+02 3.946082e+01
    endloop
  endfacet
  facet normal -1.000000e+00 0.000000e+00 0.000000e+00
    outer loop
      vertex   -7.199500e+02 1.544606e+02 9.460825e+00
      vertex   -7.199500e+02 1.195606e+02 3.946082e+01
      vertex   -7.199500e+02 1.544606e+02 3.946082e+01
    endloop
  endfacet
  facet normal -1.000000e+00 0.000000e+00 0.000000e+00
    outer loop
      vertex   -7.199500e+02 8.451060e+01 4.460825e+00
      vertex   -7.199500e+02 1.544606e+02 9.460825e+00
      vertex   -7.199500e+02 2.244606e+02 4.460825e+00
    endloop
  endfacet
  facet normal -1.000000e+00 0.000000e+00 0.000000e+00
    outer loop
      vertex   -7.199500e+02 2.244606e+02 4.460825e+00
      vertex   -7.199500e+02 1.544606e+02 9.460825e+00
      vertex   -7.199500e+02 1.545606e+02 9.460825e+00
    endloop
  endfacet
  facet normal -1.000000e+00 0.000000e+00 0.000000e+00
    outer loop
      vertex   -7.199500e+02 2.244606e+02 4.460825e+00
      vertex   -7.199500e+02 1.545606e+02 9.460825e+00
      vertex   -7.199500e+02 1.894606e+02 9.460825e+00
    endloop
  endfacet
  facet normal -1.000000e+00 0.000000e+00 0.000000e+00
    outer loop
      vertex   -7.199500e+02 1.894606e+02 9.460825e+00
      vertex   -7.199500e+02 1.545606e+02 9.460825e+00
      vertex   -7.199500e+02 1.545606e+02 2.946082e+01
    endloop
  endfacet
  facet normal -1.000000e+00 0.000000e+00 0.000000e+00
    outer loop
      vertex   -7.199500e+02 1.894606e+02 9.460825e+00
      vertex   -7.199500e+02 1.545606e+02 2.946082e+01
      vertex   -7.199500e+02 1.894606e+02 2.946082e+01
    endloop
  endfacet
  facet normal -1.000000e+00 0.000000e+00 0.000000e+00
    outer loop
      vertex   -7.199500e+02 1.894606e+02 9.460825e+00
      vertex   -7.199500e+02 1.895606e+02 9.460825e+00
      vertex   -7.199500e+02 2.244606e+02 4.460825e+00
    endloop
  endfacet
  facet normal -1.000000e+00 0.000000e+00 0.000000e+00
    outer loop
      vertex   -7.199500e+02 2.244606e+02 4.460825e+00
      vertex   -7.199500e+02 1.895606e+02 9.460825e+00
      vertex   -7.199500e+02 2.244606e+02 1.946082e+01
    endloop
  endfacet
  facet normal -1.000000e+00 -0.000000e+00 0.000000e+00
    outer loop
      vertex   -7.199500e+02 2.244606e+02 1.946082e+01
      vertex   -7.199500e+02 1.895606e+02 9.460825e+00
      vertex   -7.199500e+02 1.895606e+02 1.946082e+01
    endloop
  endfacet
  facet normal -1.000000e+00 -0.000000e+00 -0.000000e+00
    outer loop
      vertex   -7.199500e+02 3.645106e+02 4.946082e+01
      vertex   -7.199500e+02 3.645106e+02 9.460825e+00
      vertex   -7.199500e+02 3.295606e+02 4.946082e+01
    endloop
  endfacet
  facet normal -1.000000e+00 0.000000e+00 0.000000e+00
    outer loop
      vertex   -7.199500e+02 3.295606e+02 4.946082e+01
      vertex   -7.199500e+02 3.645106e+02 9.460825e+00
      vertex   -7.199500e+02 3.295606e+02 9.460825e+00
    endloop
  endfacet
  facet normal -1.000000e+00 0.000000e+00 0.000000e+00
    outer loop
      vertex   -7.199500e+02 3.295606e+02 9.460825e+00
      vertex   -7.199500e+02 3.645106e+02 9.460825e+00
      vertex   -7.199500e+02 3.645106e+02 4.460825e+00
    endloop
  endfacet
  facet normal -1.000000e+00 -0.000000e+00 -0.000000e+00
    outer loop
      vertex   -7.199500e+02 3.295606e+02 9.460825e+00
      vertex   -7.199500e+02 3.645106e+02 4.460825e+00
      vertex   -7.199500e+02 3.294606e+02 9.460825e+00
    endloop
  endfacet
  facet normal -1.000000e+00 -0.000000e+00 -0.000000e+00
    outer loop
      vertex   -7.199500e+02 3.294606e+02 9.460825e+00
      vertex   -7.199500e+02 3.645106e+02 4.460825e+00
      vertex   -7.199500e+02 2.945606e+02 9.460825e+00
    endloop
  endfacet
  facet normal -1.000000e+00 0.000000e+00 0.000000e+00
    outer loop
      vertex   -7.199500e+02 3.294606e+02 9.460825e+00
      vertex   -7.199500e+02 2.945606e+02 9.460825e+00
      vertex   -7.199500e+02 2.945606e+02 3.946082e+01
    endloop
  endfacet
  facet normal -1.000000e+00 0.000000e+00 0.000000e+00
    outer loop
      vertex   -7.199500e+02 3.645106e+02 4.460825e+00
      vertex   -7.199500e+02 2.245606e+02 4.460825e+00
      vertex   -7.199500e+02 2.945606e+02 9.460825e+00
    endloop
  endfacet
  facet normal -1.000000e+00 -0.000000e+00 0.000000e+00
    outer loop
      vertex   -7.199500e+02 2.945606e+02 9.460825e+00
      vertex   -7.199500e+02 2.245606e+02 4.460825e+00
      vertex   -7.199500e+02 2.944606e+02 9.460825e+00
    endloop
  endfacet
  facet normal -1.000000e+00 -0.000000e+00 0.000000e+00
    outer loop
      vertex   -7.199500e+02 2.944606e+02 9.460825e+00
      vertex   -7.199500e+02 2.245606e+02 4.460825e+00
      vertex   -7.199500e+02 2.595606e+02 9.460825e+00
    endloop
  endfacet
  facet normal -1.000000e+00 0.000000e+00 0.000000e+00
    outer loop
      vertex   -7.199500e+02 2.944606e+02 9.460825e+00
      vertex   -7.199500e+02 2.595606e+02 9.460825e+00
      vertex   -7.199500e+02 2.595606e+02 2.946082e+01
    endloop
  endfacet
  facet normal -1.000000e+00 -0.000000e+00 0.000000e+00
    outer loop
      vertex   -7.199500e+02 2.595606e+02 9.460825e+00
      vertex   -7.199500e+02 2.245606e+02 4.460825e+00
      vertex   -7.199500e+02 2.594606e+02 9.460825e+00
    endloop
  endfacet
  facet normal -1.000000e+00 -0.000000e+00 0.000000e+00
    outer loop
      vertex   -7.199500e+02 2.594606e+02 9.460825e+00
      vertex   -7.199500e+02 2.245606e+02 4.460825e+00
      vertex   -7.199500e+02 2.245606e+02 1.946082e+01
    endloop
  endfacet
  facet normal -1.000000e+00 0.000000e+00 0.000000e+00
    outer loop
      vertex   -7.199500e+02 2.594606e+02 9.460825e+00
      vertex   -7.199500e+02 2.245606e+02 1.946082e+01
      vertex   -7.199500e+02 2.594606e+02 1.946082e+01
    endloop
  endfacet
  facet normal -1.000000e+00 0.000000e+00 0.000000e+00
    outer loop
      vertex   -7.199500e+02 2.595606e+02 2.946082e+01
      vertex   -7.199500e+02 2.944606e+02 2.946082e+01
      vertex   -7.199500e+02 2.944606e+02 9.460825e+00
    endloop
  endfacet
  facet normal -1.000000e+00 0.000000e+00 0.000000e+00
    outer loop
      vertex   -7.199500e+02 2.945606e+02 3.946082e+01
      vertex   -7.199500e+02 3.294606e+02 3.946082e+01
      vertex   -7.199500e+02 3.294606e+02 9.460825e+00
    endloop
  endfacet
  facet normal 0.000000e+00 1.000000e+00 0.000000e+00
    outer loop
      vertex   -7.199500e+02 8.451060e+01 9.460825e+00
      vertex   -7.199500e+02 8.451060e+01 4.460825e+00
      vertex   -7.200500e+02 8.451060e+01 9.460825e+00
    endloop
  endfacet
  facet normal 0.000000e+00 1.000000e+00 0.000000e+00
    outer loop
      vertex   -7.200500e+02 8.451060e+01 9.460825e+00
      vertex   -7.199500e+02 8.451060e+01 4.460825e+00
      vertex   -7.200500e+02 8.451060e+01 4.460825e+00
    endloop
  endfacet
  facet normal 1.000000e+00 -0.000000e+00 0.000000e+00
    outer loop
      vertex   -7.200500e+02 8.451060e+01 6.946082e+01
      vertex   -7.200500e+02 8.451060e+01 9.460825e+00
      vertex   -7.200500e+02 1.194606e+02 6.946082e+01
    endloop
  endfacet
  facet normal 1.000000e+00 0.000000e+00 0.000000e+00
    outer loop
      vertex   -7.200500e+02 1.194606e+02 6.946082e+01
      vertex   -7.200500e+02 8.451060e+01 9.460825e+00
      vertex   -7.200500e+02 1.194606e+02 9.460825e+00
    endloop
  endfacet
  facet normal 1.000000e+00 0.000000e+00 0.000000e+00
    outer loop
      vertex   -7.200500e+02 1.194606e+02 9.460825e+00
      vertex   -7.200500e+02 8.451060e+01 9.460825e+00
      vertex   -7.200500e+02 8.451060e+01 4.460825e+00
    endloop
  endfacet
  facet normal 1.000000e+00 -0.000000e+00 0.000000e+00
    outer loop
      vertex   -7.200500e+02 1.194606e+02 9.460825e+00
      vertex   -7.200500e+02 8.451060e+01 4.460825e+00
      vertex   -7.200500e+02 1.195606e+02 9.460825e+00
    endloop
  endfacet
  facet normal 1.000000e+00 -0.000000e+00 0.000000e+00
    outer loop
      vertex   -7.200500e+02 1.195606e+02 9.460825e+00
      vertex   -7.200500e+02 8.451060e+01 4.460825e+00
      vertex   -7.200500e+02 1.544606e+02 9.460825e+00
    endloop
  endfacet
  facet normal 1.000000e+00 0.000000e+00 0.000000e+00
    outer loop
      vertex   -7.200500e+02 1.195606e+02 9.460825e+00
      vertex   -7.200500e+02 1.544606e+02 9.460825e+00
      vertex   -7.200500e+02 1.544606e+02 4.946082e+01
    endloop
  endfacet
  facet normal 1.000000e+00 0.000000e+00 0.000000e+00
    outer loop
      vertex   -7.200500e+02 8.451060e+01 4.460825e+00
      vertex   -7.200500e+02 2.244606e+02 4.460825e+00
      vertex   -7.200500e+02 1.544606e+02 9.460825e+00
    endloop
  endfacet
  facet normal 1.000000e+00 -0.000000e+00 0.000000e+00
    outer loop
      vertex   -7.200500e+02 1.544606e+02 9.460825e+00
      vertex   -7.200500e+02 2.244606e+02 4.460825e+00
      vertex   -7.200500e+02 1.545606e+02 9.460825e+00
    endloop
  endfacet
  facet normal 1.000000e+00 -0.000000e+00 0.000000e+00
    outer loop
      vertex   -7.200500e+02 1.545606e+02 9.460825e+00
      vertex   -7.200500e+02 2.244606e+02 4.460825e+00
      vertex   -7.200500e+02 1.894606e+02 9.460825e+00
    endloop
  endfacet
  facet normal 1.000000e+00 0.000000e+00 0.000000e+00
    outer loop
      vertex   -7.200500e+02 1.545606e+02 9.460825e+00
      vertex   -7.200500e+02 1.894606e+02 9.460825e+00
      vertex   -7.200500e+02 1.894606e+02 3.946082e+01
    endloop
  endfacet
  facet normal 1.000000e+00 -0.000000e+00 0.000000e+00
    outer loop
      vertex   -7.200500e+02 1.894606e+02 9.460825e+00
      vertex   -7.200500e+02 2.244606e+02 4.460825e+00
      vertex   -7.200500e+02 1.895606e+02 9.460825e+00
    endloop
  endfacet
  facet normal 1.000000e+00 -0.000000e+00 0.000000e+00
    outer loop
      vertex   -7.200500e+02 1.895606e+02 9.460825e+00
      vertex   -7.200500e+02 2.244606e+02 4.460825e+00
      vertex   -7.200500e+02 2.244606e+02 2.946082e+01
    endloop
  endfacet
  facet normal 1.000000e+00 0.000000e+00 0.000000e+00
    outer loop
      vertex   -7.200500e+02 1.895606e+02 9.460825e+00
      vertex   -7.200500e+02 2.244606e+02 2.946082e+01
      vertex   -7.200500e+02 1.895606e+02 2.946082e+01
    endloop
  endfacet
  facet normal 1.000000e+00 0.000000e+00 0.000000e+00
    outer loop
      vertex   -7.200500e+02 1.894606e+02 3.946082e+01
      vertex   -7.200500e+02 1.545606e+02 3.946082e+01
      vertex   -7.200500e+02 1.545606e+02 9.460825e+00
    endloop
  endfacet
  facet normal 1.000000e+00 0.000000e+00 0.000000e+00
    outer loop
      vertex   -7.200500e+02 1.544606e+02 4.946082e+01
      vertex   -7.200500e+02 1.195606e+02 4.946082e+01
      vertex   -7.200500e+02 1.195606e+02 9.460825e+00
    endloop
  endfacet
  facet normal 0.000000e+00 -1.000000e+00 0.000000e+00
    outer loop
      vertex   -7.200500e+02 3.645106e+02 9.460825e+00
      vertex   -7.200500e+02 3.645106e+02 4.460825e+00
      vertex   -7.199500e+02 3.645106e+02 9.460825e+00
    endloop
  endfacet
  facet normal 0.000000e+00 -1.000000e+00 -0.000000e+00
    outer loop
      vertex   -7.199500e+02 3.645106e+02 9.460825e+00
      vertex   -7.200500e+02 3.645106e+02 4.460825e+00
      vertex   -7.199500e+02 3.645106e+02 4.460825e+00
    endloop
  endfacet
  facet normal 1.000000e+00 -0.000000e+00 0.000000e+00
    outer loop
      vertex   -7.200500e+02 3.295606e+02 6.946082e+01
      vertex   -7.200500e+02 3.295606e+02 9.460825e+00
      vertex   -7.200500e+02 3.645106e+02 6.946082e+01
    endloop
  endfacet
  facet normal 1.000000e+00 0.000000e+00 0.000000e+00
    outer loop
      vertex   -7.200500e+02 3.645106e+02 6.946082e+01
      vertex   -7.200500e+02 3.295606e+02 9.460825e+00
      vertex   -7.200500e+02 3.645106e+02 9.460825e+00
    endloop
  endfacet
  facet normal 1.000000e+00 0.000000e+00 0.000000e+00
    outer loop
      vertex   -7.200500e+02 3.645106e+02 9.460825e+00
      vertex   -7.200500e+02 3.295606e+02 9.460825e+00
      vertex   -7.200500e+02 3.645106e+02 4.460825e+00
    endloop
  endfacet
  facet normal 1.000000e+00 0.000000e+00 0.000000e+00
    outer loop
      vertex   -7.200500e+02 3.645106e+02 4.460825e+00
      vertex   -7.200500e+02 3.295606e+02 9.460825e+00
      vertex   -7.200500e+02 3.294606e+02 9.460825e+00
    endloop
  endfacet
  facet normal 1.000000e+00 0.000000e+00 0.000000e+00
    outer loop
      vertex   -7.200500e+02 3.645106e+02 4.460825e+00
      vertex   -7.200500e+02 3.294606e+02 9.460825e+00
      vertex   -7.200500e+02 2.945606e+02 9.460825e+00
    endloop
  endfacet
  facet normal 1.000000e+00 0.000000e+00 0.000000e+00
    outer loop
      vertex   -7.200500e+02 2.945606e+02 9.460825e+00
      vertex   -7.200500e+02 3.294606e+02 9.460825e+00
      vertex   -7.200500e+02 3.294606e+02 4.946082e+01
    endloop
  endfacet
  facet normal 1.000000e+00 0.000000e+00 0.000000e+00
    outer loop
      vertex   -7.200500e+02 2.945606e+02 9.460825e+00
      vertex   -7.200500e+02 3.294606e+02 4.946082e+01
      vertex   -7.200500e+02 2.945606e+02 4.946082e+01
    endloop
  endfacet
  facet normal 1.000000e+00 0.000000e+00 0.000000e+00
    outer loop
      vertex   -7.200500e+02 3.645106e+02 4.460825e+00
      vertex   -7.200500e+02 2.945606e+02 9.460825e+00
      vertex   -7.200500e+02 2.245606e+02 4.460825e+00
    endloop
  endfacet
  facet normal 1.000000e+00 0.000000e+00 0.000000e+00
    outer loop
      vertex   -7.200500e+02 2.245606e+02 4.460825e+00
      vertex   -7.200500e+02 2.945606e+02 9.460825e+00
      vertex   -7.200500e+02 2.944606e+02 9.460825e+00
    endloop
  endfacet
  facet normal 1.000000e+00 0.000000e+00 0.000000e+00
    outer loop
      vertex   -7.200500e+02 2.245606e+02 4.460825e+00
      vertex   -7.200500e+02 2.944606e+02 9.460825e+00
      vertex   -7.200500e+02 2.595606e+02 9.460825e+00
    endloop
  endfacet
  facet normal 1.000000e+00 0.000000e+00 0.000000e+00
    outer loop
      vertex   -7.200500e+02 2.595606e+02 9.460825e+00
      vertex   -7.200500e+02 2.944606e+02 9.460825e+00
      vertex   -7.200500e+02 2.944606e+02 3.946082e+01
    endloop
  endfacet
  facet normal 1.000000e+00 0.000000e+00 0.000000e+00
    outer loop
      vertex   -7.200500e+02 2.595606e+02 9.460825e+00
      vertex   -7.200500e+02 2.944606e+02 3.946082e+01
      vertex   -7.200500e+02 2.595606e+02 3.946082e+01
    endloop
  endfacet
  facet normal 1.000000e+00 0.000000e+00 0.000000e+00
    outer loop
      vertex   -7.200500e+02 2.595606e+02 9.460825e+00
      vertex   -7.200500e+02 2.594606e+02 9.460825e+00
      vertex   -7.200500e+02 2.245606e+02 4.460825e+00
    endloop
  endfacet
  facet normal 1.000000e+00 0.000000e+00 0.000000e+00
    outer loop
      vertex   -7.200500e+02 2.245606e+02 4.460825e+00
      vertex   -7.200500e+02 2.594606e+02 9.460825e+00
      vertex   -7.200500e+02 2.245606e+02 2.946082e+01
    endloop
  endfacet
  facet normal 1.000000e+00 -0.000000e+00 0.000000e+00
    outer loop
      vertex   -7.200500e+02 2.245606e+02 2.946082e+01
      vertex   -7.200500e+02 2.594606e+02 9.460825e+00
      vertex   -7.200500e+02 2.594606e+02 2.946082e+01
    endloop
  endfacet
  facet normal 0.000000e+00 0.000000e+00 1.000000e+00
    outer loop
      vertex   -6.850500e+02 3.645106e+02 4.946082e+01
      vertex   -7.199500e+02 3.645106e+02 4.946082e+01
      vertex   -6.850500e+02 3.295606e+02 4.946082e+01
    endloop
  endfacet
  facet normal 0.000000e+00 0.000000e+00 1.000000e+00
    outer loop
      vertex   -6.850500e+02 3.295606e+02 4.946082e+01
      vertex   -7.199500e+02 3.645106e+02 4.946082e+01
      vertex   -7.199500e+02 3.295606e+02 4.946082e+01
    endloop
  endfacet
  facet normal 0.000000e+00 1.000000e+00 -0.000000e+00
    outer loop
      vertex   -7.200500e+02 3.645106e+02 9.460825e+00
      vertex   -7.549500e+02 3.645106e+02 9.460825e+00
      vertex   -7.200500e+02 3.645106e+02 6.946082e+01
    endloop
  endfacet
  facet normal 0.000000e+00 1.000000e+00 0.000000e+00
    outer loop
      vertex   -7.200500e+02 3.645106e+02 6.946082e+01
      vertex   -7.549500e+02 3.645106e+02 9.460825e+00
      vertex   -7.549500e+02 3.645106e+02 6.946082e+01
    endloop
  endfacet
  facet normal -0.000000e+00 -1.000000e+00 -1.894781e-15
    outer loop
      vertex   -7.200500e+02 3.295606e+02 9.460825e+00
      vertex   -7.200500e+02 3.295606e+02 6.946082e+01
      vertex   -7.549500e+02 3.295606e+02 9.460825e+00
    endloop
  endfacet
  facet normal 0.000000e+00 -1.000000e+00 -1.894781e-15
    outer loop
      vertex   -7.549500e+02 3.295606e+02 9.460825e+00
      vertex   -7.200500e+02 3.295606e+02 6.946082e+01
      vertex   -7.549500e+02 3.295606e+02 6.946082e+01
    endloop
  endfacet
  facet normal -0.000000e+00 -1.000000e+00 -2.842171e-15
    outer loop
      vertex   -6.850500e+02 3.295606e+02 9.460825e+00
      vertex   -6.850500e+02 3.295606e+02 4.946082e+01
      vertex   -7.199500e+02 3.295606e+02 9.460825e+00
    endloop
  endfacet
  facet normal 0.000000e+00 -1.000000e+00 -2.842171e-15
    outer loop
      vertex   -7.199500e+02 3.295606e+02 9.460825e+00
      vertex   -6.850500e+02 3.295606e+02 4.946082e+01
      vertex   -7.199500e+02 3.295606e+02 4.946082e+01
    endloop
  endfacet
  facet normal 0.000000e+00 0.000000e+00 1.000000e+00
    outer loop
      vertex   -6.850500e+02 3.294606e+02 3.946082e+01
      vertex   -7.199500e+02 3.294606e+02 3.946082e+01
      vertex   -6.850500e+02 2.945606e+02 3.946082e+01
    endloop
  endfacet
  facet normal 0.000000e+00 0.000000e+00 1.000000e+00
    outer loop
      vertex   -6.850500e+02 2.945606e+02 3.946082e+01
      vertex   -7.199500e+02 3.294606e+02 3.946082e+01
      vertex   -7.199500e+02 2.945606e+02 3.946082e+01
    endloop
  endfacet
  facet normal 0.000000e+00 1.000000e+00 -1.421085e-15
    outer loop
      vertex   -7.200500e+02 3.294606e+02 4.946082e+01
      vertex   -7.200500e+02 3.294606e+02 9.460825e+00
      vertex   -7.549500e+02 3.294606e+02 4.946082e+01
    endloop
  endfacet
  facet normal 0.000000e+00 1.000000e+00 -1.421085e-15
    outer loop
      vertex   -7.549500e+02 3.294606e+02 4.946082e+01
      vertex   -7.200500e+02 3.294606e+02 9.460825e+00
      vertex   -7.549500e+02 3.294606e+02 9.460825e+00
    endloop
  endfacet
  facet normal 0.000000e+00 1.000000e+00 -1.894781e-15
    outer loop
      vertex   -6.850500e+02 3.294606e+02 3.946082e+01
      vertex   -6.850500e+02 3.294606e+02 9.460825e+00
      vertex   -7.199500e+02 3.294606e+02 3.946082e+01
    endloop
  endfacet
  facet normal 0.000000e+00 1.000000e+00 -1.894781e-15
    outer loop
      vertex   -7.199500e+02 3.294606e+02 3.946082e+01
      vertex   -6.850500e+02 3.294606e+02 9.460825e+00
      vertex   -7.199500e+02 3.294606e+02 9.460825e+00
    endloop
  endfacet
  facet normal 0.000000e+00 -1.000000e+00 0.000000e+00
    outer loop
      vertex   -7.200500e+02 2.945606e+02 9.460825e+00
      vertex   -7.200500e+02 2.945606e+02 4.946082e+01
      vertex   -7.549500e+02 2.945606e+02 9.460825e+00
    endloop
  endfacet
  facet normal 0.000000e+00 -1.000000e+00 0.000000e+00
    outer loop
      vertex   -7.549500e+02 2.945606e+02 9.460825e+00
      vertex   -7.200500e+02 2.945606e+02 4.946082e+01
      vertex   -7.549500e+02 2.945606e+02 4.946082e+01
    endloop
  endfacet
  facet normal 0.000000e+00 -1.000000e+00 0.000000e+00
    outer loop
      vertex   -6.850500e+02 2.945606e+02 9.460825e+00
      vertex   -6.850500e+02 2.945606e+02 3.946082e+01
      vertex   -7.199500e+02 2.945606e+02 9.460825e+00
    endloop
  endfacet
  facet normal 0.000000e+00 -1.000000e+00 0.000000e+00
    outer loop
      vertex   -7.199500e+02 2.945606e+02 9.460825e+00
      vertex   -6.850500e+02 2.945606e+02 3.946082e+01
      vertex   -7.199500e+02 2.945606e+02 3.946082e+01
    endloop
  endfacet
  facet normal 0.000000e+00 0.000000e+00 1.000000e+00
    outer loop
      vertex   -6.850500e+02 2.944606e+02 2.946082e+01
      vertex   -7.199500e+02 2.944606e+02 2.946082e+01
      vertex   -6.850500e+02 2.595606e+02 2.946082e+01
    endloop
  endfacet
  facet normal 0.000000e+00 0.000000e+00 1.000000e+00
    outer loop
      vertex   -6.850500e+02 2.595606e+02 2.946082e+01
      vertex   -7.199500e+02 2.944606e+02 2.946082e+01
      vertex   -7.199500e+02 2.595606e+02 2.946082e+01
    endloop
  endfacet
  facet normal 0.000000e+00 1.000000e+00 0.000000e+00
    outer loop
      vertex   -7.200500e+02 2.944606e+02 3.946082e+01
      vertex   -7.200500e+02 2.944606e+02 9.460825e+00
      vertex   -7.549500e+02 2.944606e+02 3.946082e+01
    endloop
  endfacet
  facet normal 0.000000e+00 1.000000e+00 0.000000e+00
    outer loop
      vertex   -7.549500e+02 2.944606e+02 3.946082e+01
      vertex   -7.200500e+02 2.944606e+02 9.460825e+00
      vertex   -7.549500e+02 2.944606e+02 9.460825e+00
    endloop
  endfacet
  facet normal 0.000000e+00 1.000000e+00 0.000000e+00
    outer loop
      vertex   -6.850500e+02 2.944606e+02 2.946082e+01
      vertex   -6.850500e+02 2.944606e+02 9.460825e+00
      vertex   -7.199500e+02 2.944606e+02 2.946082e+01
    endloop
  endfacet
  facet normal 0.000000e+00 1.000000e+00 0.000000e+00
    outer loop
      vertex   -7.199500e+02 2.944606e+02 2.946082e+01
      vertex   -6.850500e+02 2.944606e+02 9.460825e+00
      vertex   -7.199500e+02 2.944606e+02 9.460825e+00
    endloop
  endfacet
  facet normal -0.000000e+00 -1.000000e+00 -0.000000e+00
    outer loop
      vertex   -7.200500e+02 8.451060e+01 6.946082e+01
      vertex   -7.549500e+02 8.451060e+01 6.946082e+01
      vertex   -7.200500e+02 8.451060e+01 9.460825e+00
    endloop
  endfacet
  facet normal 0.000000e+00 -1.000000e+00 0.000000e+00
    outer loop
      vertex   -7.200500e+02 8.451060e+01 9.460825e+00
      vertex   -7.549500e+02 8.451060e+01 6.946082e+01
      vertex   -7.549500e+02 8.451060e+01 9.460825e+00
    endloop
  endfacet
  facet normal 0.000000e+00 0.000000e+00 1.000000e+00
    outer loop
      vertex   -7.200500e+02 1.194606e+02 6.946082e+01
      vertex   -7.549500e+02 1.194606e+02 6.946082e+01
      vertex   -7.200500e+02 8.451060e+01 6.946082e+01
    endloop
  endfacet
  facet normal 0.000000e+00 0.000000e+00 1.000000e+00
    outer loop
      vertex   -7.200500e+02 8.451060e+01 6.946082e+01
      vertex   -7.549500e+02 1.194606e+02 6.946082e+01
      vertex   -7.549500e+02 8.451060e+01 6.946082e+01
    endloop
  endfacet
  facet normal 0.000000e+00 -1.000000e+00 0.000000e+00
    outer loop
      vertex   -7.200500e+02 2.595606e+02 9.460825e+00
      vertex   -7.200500e+02 2.595606e+02 3.946082e+01
      vertex   -7.549500e+02 2.595606e+02 9.460825e+00
    endloop
  endfacet
  facet normal 0.000000e+00 -1.000000e+00 0.000000e+00
    outer loop
      vertex   -7.549500e+02 2.595606e+02 9.460825e+00
      vertex   -7.200500e+02 2.595606e+02 3.946082e+01
      vertex   -7.549500e+02 2.595606e+02 3.946082e+01
    endloop
  endfacet
  facet normal 0.000000e+00 -1.000000e+00 0.000000e+00
    outer loop
      vertex   -6.850500e+02 2.595606e+02 9.460825e+00
      vertex   -6.850500e+02 2.595606e+02 2.946082e+01
      vertex   -7.199500e+02 2.595606e+02 9.460825e+00
    endloop
  endfacet
  facet normal 0.000000e+00 -1.000000e+00 0.000000e+00
    outer loop
      vertex   -7.199500e+02 2.595606e+02 9.460825e+00
      vertex   -6.850500e+02 2.595606e+02 2.946082e+01
      vertex   -7.199500e+02 2.595606e+02 2.946082e+01
    endloop
  endfacet
  facet normal 0.000000e+00 1.000000e+00 2.368476e-16
    outer loop
      vertex   -7.200500e+02 1.194606e+02 6.946082e+01
      vertex   -7.200500e+02 1.194606e+02 9.460825e+00
      vertex   -7.549500e+02 1.194606e+02 6.946082e+01
    endloop
  endfacet
  facet normal 0.000000e+00 1.000000e+00 2.368476e-16
    outer loop
      vertex   -7.549500e+02 1.194606e+02 6.946082e+01
      vertex   -7.200500e+02 1.194606e+02 9.460825e+00
      vertex   -7.549500e+02 1.194606e+02 9.460825e+00
    endloop
  endfacet
  facet normal 0.000000e+00 0.000000e+00 1.000000e+00
    outer loop
      vertex   -6.850500e+02 2.594606e+02 1.946082e+01
      vertex   -7.199500e+02 2.594606e+02 1.946082e+01
      vertex   -6.850500e+02 2.245606e+02 1.946082e+01
    endloop
  endfacet
  facet normal 0.000000e+00 0.000000e+00 1.000000e+00
    outer loop
      vertex   -6.850500e+02 2.245606e+02 1.946082e+01
      vertex   -7.199500e+02 2.594606e+02 1.946082e+01
      vertex   -7.199500e+02 2.245606e+02 1.946082e+01
    endloop
  endfacet
  facet normal 0.000000e+00 1.000000e+00 0.000000e+00
    outer loop
      vertex   -7.200500e+02 2.594606e+02 2.946082e+01
      vertex   -7.200500e+02 2.594606e+02 9.460825e+00
      vertex   -7.549500e+02 2.594606e+02 2.946082e+01
    endloop
  endfacet
  facet normal 0.000000e+00 1.000000e+00 0.000000e+00
    outer loop
      vertex   -7.549500e+02 2.594606e+02 2.946082e+01
      vertex   -7.200500e+02 2.594606e+02 9.460825e+00
      vertex   -7.549500e+02 2.594606e+02 9.460825e+00
    endloop
  endfacet
  facet normal 0.000000e+00 1.000000e+00 0.000000e+00
    outer loop
      vertex   -6.850500e+02 2.594606e+02 1.946082e+01
      vertex   -6.850500e+02 2.594606e+02 9.460825e+00
      vertex   -7.199500e+02 2.594606e+02 1.946082e+01
    endloop
  endfacet
  facet normal 0.000000e+00 1.000000e+00 0.000000e+00
    outer loop
      vertex   -7.199500e+02 2.594606e+02 1.946082e+01
      vertex   -6.850500e+02 2.594606e+02 9.460825e+00
      vertex   -7.199500e+02 2.594606e+02 9.460825e+00
    endloop
  endfacet
  facet normal 0.000000e+00 -1.000000e+00 3.552714e-16
    outer loop
      vertex   -7.200500e+02 1.195606e+02 9.460825e+00
      vertex   -7.200500e+02 1.195606e+02 4.946082e+01
      vertex   -7.549500e+02 1.195606e+02 9.460825e+00
    endloop
  endfacet
  facet normal 0.000000e+00 -1.000000e+00 3.552714e-16
    outer loop
      vertex   -7.549500e+02 1.195606e+02 9.460825e+00
      vertex   -7.200500e+02 1.195606e+02 4.946082e+01
      vertex   -7.549500e+02 1.195606e+02 4.946082e+01
    endloop
  endfacet
  facet normal 0.000000e+00 0.000000e+00 1.000000e+00
    outer loop
      vertex   -7.200500e+02 1.544606e+02 4.946082e+01
      vertex   -7.549500e+02 1.544606e+02 4.946082e+01
      vertex   -7.200500e+02 1.195606e+02 4.946082e+01
    endloop
  endfacet
  facet normal 0.000000e+00 0.000000e+00 1.000000e+00
    outer loop
      vertex   -7.200500e+02 1.195606e+02 4.946082e+01
      vertex   -7.549500e+02 1.544606e+02 4.946082e+01
      vertex   -7.549500e+02 1.195606e+02 4.946082e+01
    endloop
  endfacet
  facet normal 0.000000e+00 -1.000000e+00 0.000000e+00
    outer loop
      vertex   -7.200500e+02 2.245606e+02 4.460825e+00
      vertex   -7.200500e+02 2.245606e+02 2.946082e+01
      vertex   -7.549500e+02 2.245606e+02 4.460825e+00
    endloop
  endfacet
  facet normal 0.000000e+00 -1.000000e+00 0.000000e+00
    outer loop
      vertex   -7.549500e+02 2.245606e+02 4.460825e+00
      vertex   -7.200500e+02 2.245606e+02 2.946082e+01
      vertex   -7.549500e+02 2.245606e+02 2.946082e+01
    endloop
  endfacet
  facet normal 0.000000e+00 1.000000e+00 0.000000e+00
    outer loop
      vertex   -7.200500e+02 1.544606e+02 4.946082e+01
      vertex   -7.200500e+02 1.544606e+02 9.460825e+00
      vertex   -7.549500e+02 1.544606e+02 4.946082e+01
    endloop
  endfacet
  facet normal 0.000000e+00 1.000000e+00 0.000000e+00
    outer loop
      vertex   -7.549500e+02 1.544606e+02 4.946082e+01
      vertex   -7.200500e+02 1.544606e+02 9.460825e+00
      vertex   -7.549500e+02 1.544606e+02 9.460825e+00
    endloop
  endfacet
  facet normal 0.000000e+00 1.000000e+00 0.000000e+00
    outer loop
      vertex   -7.200500e+02 2.244606e+02 2.946082e+01
      vertex   -7.200500e+02 2.244606e+02 4.460825e+00
      vertex   -7.549500e+02 2.244606e+02 2.946082e+01
    endloop
  endfacet
  facet normal 0.000000e+00 1.000000e+00 0.000000e+00
    outer loop
      vertex   -7.549500e+02 2.244606e+02 2.946082e+01
      vertex   -7.200500e+02 2.244606e+02 4.460825e+00
      vertex   -7.549500e+02 2.244606e+02 4.460825e+00
    endloop
  endfacet
  facet normal 0.000000e+00 -1.000000e+00 0.000000e+00
    outer loop
      vertex   -7.200500e+02 1.545606e+02 9.460825e+00
      vertex   -7.200500e+02 1.545606e+02 3.946082e+01
      vertex   -7.549500e+02 1.545606e+02 9.460825e+00
    endloop
  endfacet
  facet normal 0.000000e+00 -1.000000e+00 0.000000e+00
    outer loop
      vertex   -7.549500e+02 1.545606e+02 9.460825e+00
      vertex   -7.200500e+02 1.545606e+02 3.946082e+01
      vertex   -7.549500e+02 1.545606e+02 3.946082e+01
    endloop
  endfacet
  facet normal 0.000000e+00 0.000000e+00 1.000000e+00
    outer loop
      vertex   -7.200500e+02 1.894606e+02 3.946082e+01
      vertex   -7.549500e+02 1.894606e+02 3.946082e+01
      vertex   -7.200500e+02 1.545606e+02 3.946082e+01
    endloop
  endfacet
  facet normal 0.000000e+00 0.000000e+00 1.000000e+00
    outer loop
      vertex   -7.200500e+02 1.545606e+02 3.946082e+01
      vertex   -7.549500e+02 1.894606e+02 3.946082e+01
      vertex   -7.549500e+02 1.545606e+02 3.946082e+01
    endloop
  endfacet
  facet normal 0.000000e+00 -1.000000e+00 0.000000e+00
    outer loop
      vertex   -7.200500e+02 1.895606e+02 9.460825e+00
      vertex   -7.200500e+02 1.895606e+02 2.946082e+01
      vertex   -7.549500e+02 1.895606e+02 9.460825e+00
    endloop
  endfacet
  facet normal 0.000000e+00 -1.000000e+00 0.000000e+00
    outer loop
      vertex   -7.549500e+02 1.895606e+02 9.460825e+00
      vertex   -7.200500e+02 1.895606e+02 2.946082e+01
      vertex   -7.549500e+02 1.895606e+02 2.946082e+01
    endloop
  endfacet
  facet normal 0.000000e+00 1.000000e+00 0.000000e+00
    outer loop
      vertex   -7.200500e+02 1.894606e+02 3.946082e+01
      vertex   -7.200500e+02 1.894606e+02 9.460825e+00
      vertex   -7.549500e+02 1.894606e+02 3.946082e+01
    endloop
  endfacet
  facet normal 0.000000e+00 1.000000e+00 0.000000e+00
    outer loop
      vertex   -7.549500e+02 1.894606e+02 3.946082e+01
      vertex   -7.200500e+02 1.894606e+02 9.460825e+00
      vertex   -7.549500e+02 1.894606e+02 9.460825e+00
    endloop
  endfacet
  facet normal 0.000000e+00 0.000000e+00 1.000000e+00
    outer loop
      vertex   -7.200500e+02 1.895606e+02 9.460825e+00
      vertex   -7.549500e+02 1.895606e+02 9.460825e+00
      vertex   -7.200500e+02 1.894606e+02 9.460825e+00
    endloop
  endfacet
  facet normal 0.000000e+00 0.000000e+00 1.000000e+00
    outer loop
      vertex   -7.200500e+02 1.894606e+02 9.460825e+00
      vertex   -7.549500e+02 1.895606e+02 9.460825e+00
      vertex   -7.549500e+02 1.894606e+02 9.460825e+00
    endloop
  endfacet
  facet normal 0.000000e+00 0.000000e+00 1.000000e+00
    outer loop
      vertex   -7.200500e+02 1.545606e+02 9.460825e+00
      vertex   -7.549500e+02 1.545606e+02 9.460825e+00
      vertex   -7.200500e+02 1.544606e+02 9.460825e+00
    endloop
  endfacet
  facet normal 0.000000e+00 0.000000e+00 1.000000e+00
    outer loop
      vertex   -7.200500e+02 1.544606e+02 9.460825e+00
      vertex   -7.549500e+02 1.545606e+02 9.460825e+00
      vertex   -7.549500e+02 1.544606e+02 9.460825e+00
    endloop
  endfacet
  facet normal 0.000000e+00 0.000000e+00 1.000000e+00
    outer loop
      vertex   -7.200500e+02 2.595606e+02 9.460825e+00
      vertex   -7.549500e+02 2.595606e+02 9.460825e+00
      vertex   -7.200500e+02 2.594606e+02 9.460825e+00
    endloop
  endfacet
  facet normal 0.000000e+00 0.000000e+00 1.000000e+00
    outer loop
      vertex   -7.200500e+02 2.594606e+02 9.460825e+00
      vertex   -7.549500e+02 2.595606e+02 9.460825e+00
      vertex   -7.549500e+02 2.594606e+02 9.460825e+00
    endloop
  endfacet
  facet normal 0.000000e+00 0.000000e+00 1.000000e+00
    outer loop
      vertex   -7.200500e+02 2.945606e+02 9.460825e+00
      vertex   -7.549500e+02 2.945606e+02 9.460825e+00
      vertex   -7.200500e+02 2.944606e+02 9.460825e+00
    endloop
  endfacet
  facet normal 0.000000e+00 0.000000e+00 1.000000e+00
    outer loop
      vertex   -7.200500e+02 2.944606e+02 9.460825e+00
      vertex   -7.549500e+02 2.945606e+02 9.460825e+00
      vertex   -7.549500e+02 2.944606e+02 9.460825e+00
    endloop
  endfacet
  facet normal 0.000000e+00 0.000000e+00 1.000000e+00
    outer loop
      vertex   -7.200500e+02 1.195606e+02 9.460825e+00
      vertex   -7.549500e+02 1.195606e+02 9.460825e+00
      vertex   -7.200500e+02 1.194606e+02 9.460825e+00
    endloop
  endfacet
  facet normal 0.000000e+00 0.000000e+00 1.000000e+00
    outer loop
      vertex   -7.200500e+02 1.194606e+02 9.460825e+00
      vertex   -7.549500e+02 1.195606e+02 9.460825e+00
      vertex   -7.549500e+02 1.194606e+02 9.460825e+00
    endloop
  endfacet
  facet normal 0.000000e+00 0.000000e+00 1.000000e+00
    outer loop
      vertex   -7.200500e+02 3.295606e+02 9.460825e+00
      vertex   -7.549500e+02 3.295606e+02 9.460825e+00
      vertex   -7.200500e+02 3.294606e+02 9.460825e+00
    endloop
  endfacet
  facet normal 0.000000e+00 0.000000e+00 1.000000e+00
    outer loop
      vertex   -7.200500e+02 3.294606e+02 9.460825e+00
      vertex   -7.549500e+02 3.295606e+02 9.460825e+00
      vertex   -7.549500e+02 3.294606e+02 9.460825e+00
    endloop
  endfacet
  facet normal 0.000000e+00 0.000000e+00 1.000000e+00
    outer loop
      vertex   -6.850500e+02 3.295606e+02 9.460825e+00
      vertex   -7.199500e+02 3.295606e+02 9.460825e+00
      vertex   -6.850500e+02 3.294606e+02 9.460825e+00
    endloop
  endfacet
  facet normal 0.000000e+00 0.000000e+00 1.000000e+00
    outer loop
      vertex   -6.850500e+02 3.294606e+02 9.460825e+00
      vertex   -7.199500e+02 3.295606e+02 9.460825e+00
      vertex   -7.199500e+02 3.294606e+02 9.460825e+00
    endloop
  endfacet
  facet normal 0.000000e+00 -1.000000e+00 0.000000e+00
    outer loop
      vertex   -7.550500e+02 3.645106e+02 9.460825e+00
      vertex   -7.550500e+02 3.645106e+02 4.460825e+00
      vertex   -7.549500e+02 3.645106e+02 9.460825e+00
    endloop
  endfacet
  facet normal 0.000000e+00 -1.000000e+00 -0.000000e+00
    outer loop
      vertex   -7.549500e+02 3.645106e+02 9.460825e+00
      vertex   -7.550500e+02 3.645106e+02 4.460825e+00
      vertex   -7.549500e+02 3.645106e+02 4.460825e+00
    endloop
  endfacet
  facet normal -1.000000e+00 -0.000000e+00 -0.000000e+00
    outer loop
      vertex   -7.549500e+02 1.194606e+02 6.946082e+01
      vertex   -7.549500e+02 1.194606e+02 9.460825e+00
      vertex   -7.549500e+02 8.451060e+01 6.946082e+01
    endloop
  endfacet
  facet normal -1.000000e+00 0.000000e+00 0.000000e+00
    outer loop
      vertex   -7.549500e+02 8.451060e+01 6.946082e+01
      vertex   -7.549500e+02 1.194606e+02 9.460825e+00
      vertex   -7.549500e+02 8.451060e+01 9.460825e+00
    endloop
  endfacet
  facet normal -1.000000e+00 0.000000e+00 0.000000e+00
    outer loop
      vertex   -7.549500e+02 8.451060e+01 9.460825e+00
      vertex   -7.549500e+02 1.194606e+02 9.460825e+00
      vertex   -7.549500e+02 8.451060e+01 4.460825e+00
    endloop
  endfacet
  facet normal -1.000000e+00 0.000000e+00 0.000000e+00
    outer loop
      vertex   -7.549500e+02 8.451060e+01 4.460825e+00
      vertex   -7.549500e+02 1.194606e+02 9.460825e+00
      vertex   -7.549500e+02 1.195606e+02 9.460825e+00
    endloop
  endfacet
  facet normal -1.000000e+00 0.000000e+00 0.000000e+00
    outer loop
      vertex   -7.549500e+02 8.451060e+01 4.460825e+00
      vertex   -7.549500e+02 1.195606e+02 9.460825e+00
      vertex   -7.549500e+02 1.544606e+02 9.460825e+00
    endloop
  endfacet
  facet normal -1.000000e+00 0.000000e+00 0.000000e+00
    outer loop
      vertex   -7.549500e+02 1.544606e+02 9.460825e+00
      vertex   -7.549500e+02 1.195606e+02 9.460825e+00
      vertex   -7.549500e+02 1.195606e+02 4.946082e+01
    endloop
  endfacet
  facet normal -1.000000e+00 0.000000e+00 0.000000e+00
    outer loop
      vertex   -7.549500e+02 1.544606e+02 9.460825e+00
      vertex   -7.549500e+02 1.195606e+02 4.946082e+01
      vertex   -7.549500e+02 1.544606e+02 4.946082e+01
    endloop
  endfacet
  facet normal -1.000000e+00 0.000000e+00 0.000000e+00
    outer loop
      vertex   -7.549500e+02 8.451060e+01 4.460825e+00
      vertex   -7.549500e+02 1.544606e+02 9.460825e+00
      vertex   -7.549500e+02 2.244606e+02 4.460825e+00
    endloop
  endfacet
  facet normal -1.000000e+00 0.000000e+00 0.000000e+00
    outer loop
      vertex   -7.549500e+02 2.244606e+02 4.460825e+00
      vertex   -7.549500e+02 1.544606e+02 9.460825e+00
      vertex   -7.549500e+02 1.545606e+02 9.460825e+00
    endloop
  endfacet
  facet normal -1.000000e+00 0.000000e+00 0.000000e+00
    outer loop
      vertex   -7.549500e+02 2.244606e+02 4.460825e+00
      vertex   -7.549500e+02 1.545606e+02 9.460825e+00
      vertex   -7.549500e+02 1.894606e+02 9.460825e+00
    endloop
  endfacet
  facet normal -1.000000e+00 0.000000e+00 0.000000e+00
    outer loop
      vertex   -7.549500e+02 1.894606e+02 9.460825e+00
      vertex   -7.549500e+02 1.545606e+02 9.460825e+00
      vertex   -7.549500e+02 1.545606e+02 3.946082e+01
    endloop
  endfacet
  facet normal -1.000000e+00 0.000000e+00 0.000000e+00
    outer loop
      vertex   -7.549500e+02 1.894606e+02 9.460825e+00
      vertex   -7.549500e+02 1.545606e+02 3.946082e+01
      vertex   -7.549500e+02 1.894606e+02 3.946082e+01
    endloop
  endfacet
  facet normal -1.000000e+00 0.000000e+00 0.000000e+00
    outer loop
      vertex   -7.549500e+02 1.894606e+02 9.460825e+00
      vertex   -7.549500e+02 1.895606e+02 9.460825e+00
      vertex   -7.549500e+02 2.244606e+02 4.460825e+00
    endloop
  endfacet
  facet normal -1.000000e+00 0.000000e+00 0.000000e+00
    outer loop
      vertex   -7.549500e+02 2.244606e+02 4.460825e+00
      vertex   -7.549500e+02 1.895606e+02 9.460825e+00
      vertex   -7.549500e+02 2.244606e+02 2.946082e+01
    endloop
  endfacet
  facet normal -1.000000e+00 -0.000000e+00 0.000000e+00
    outer loop
      vertex   -7.549500e+02 2.244606e+02 2.946082e+01
      vertex   -7.549500e+02 1.895606e+02 9.460825e+00
      vertex   -7.549500e+02 1.895606e+02 2.946082e+01
    endloop
  endfacet
  facet normal -1.000000e+00 -0.000000e+00 -0.000000e+00
    outer loop
      vertex   -7.549500e+02 3.645106e+02 6.946082e+01
      vertex   -7.549500e+02 3.645106e+02 9.460825e+00
      vertex   -7.549500e+02 3.295606e+02 6.946082e+01
    endloop
  endfacet
  facet normal -1.000000e+00 0.000000e+00 0.000000e+00
    outer loop
      vertex   -7.549500e+02 3.295606e+02 6.946082e+01
      vertex   -7.549500e+02 3.645106e+02 9.460825e+00
      vertex   -7.549500e+02 3.295606e+02 9.460825e+00
    endloop
  endfacet
  facet normal -1.000000e+00 0.000000e+00 0.000000e+00
    outer loop
      vertex   -7.549500e+02 3.295606e+02 9.460825e+00
      vertex   -7.549500e+02 3.645106e+02 9.460825e+00
      vertex   -7.549500e+02 3.645106e+02 4.460825e+00
    endloop
  endfacet
  facet normal -1.000000e+00 -0.000000e+00 -0.000000e+00
    outer loop
      vertex   -7.549500e+02 3.295606e+02 9.460825e+00
      vertex   -7.549500e+02 3.645106e+02 4.460825e+00
      vertex   -7.549500e+02 3.294606e+02 9.460825e+00
    endloop
  endfacet
  facet normal -1.000000e+00 -0.000000e+00 -0.000000e+00
    outer loop
      vertex   -7.549500e+02 3.294606e+02 9.460825e+00
      vertex   -7.549500e+02 3.645106e+02 4.460825e+00
      vertex   -7.549500e+02 2.945606e+02 9.460825e+00
    endloop
  endfacet
  facet normal -1.000000e+00 0.000000e+00 0.000000e+00
    outer loop
      vertex   -7.549500e+02 3.294606e+02 9.460825e+00
      vertex   -7.549500e+02 2.945606e+02 9.460825e+00
      vertex   -7.549500e+02 2.945606e+02 4.946082e+01
    endloop
  endfacet
  facet normal -1.000000e+00 0.000000e+00 0.000000e+00
    outer loop
      vertex   -7.549500e+02 3.645106e+02 4.460825e+00
      vertex   -7.549500e+02 2.245606e+02 4.460825e+00
      vertex   -7.549500e+02 2.945606e+02 9.460825e+00
    endloop
  endfacet
  facet normal -1.000000e+00 -0.000000e+00 0.000000e+00
    outer loop
      vertex   -7.549500e+02 2.945606e+02 9.460825e+00
      vertex   -7.549500e+02 2.245606e+02 4.460825e+00
      vertex   -7.549500e+02 2.944606e+02 9.460825e+00
    endloop
  endfacet
  facet normal -1.000000e+00 -0.000000e+00 0.000000e+00
    outer loop
      vertex   -7.549500e+02 2.944606e+02 9.460825e+00
      vertex   -7.549500e+02 2.245606e+02 4.460825e+00
      vertex   -7.549500e+02 2.595606e+02 9.460825e+00
    endloop
  endfacet
  facet normal -1.000000e+00 0.000000e+00 0.000000e+00
    outer loop
      vertex   -7.549500e+02 2.944606e+02 9.460825e+00
      vertex   -7.549500e+02 2.595606e+02 9.460825e+00
      vertex   -7.549500e+02 2.595606e+02 3.946082e+01
    endloop
  endfacet
  facet normal -1.000000e+00 -0.000000e+00 0.000000e+00
    outer loop
      vertex   -7.549500e+02 2.595606e+02 9.460825e+00
      vertex   -7.549500e+02 2.245606e+02 4.460825e+00
      vertex   -7.549500e+02 2.594606e+02 9.460825e+00
    endloop
  endfacet
  facet normal -1.000000e+00 -0.000000e+00 0.000000e+00
    outer loop
      vertex   -7.549500e+02 2.594606e+02 9.460825e+00
      vertex   -7.549500e+02 2.245606e+02 4.460825e+00
      vertex   -7.549500e+02 2.245606e+02 2.946082e+01
    endloop
  endfacet
  facet normal -1.000000e+00 0.000000e+00 0.000000e+00
    outer loop
      vertex   -7.549500e+02 2.594606e+02 9.460825e+00
      vertex   -7.549500e+02 2.245606e+02 2.946082e+01
      vertex   -7.549500e+02 2.594606e+02 2.946082e+01
    endloop
  endfacet
  facet normal -1.000000e+00 0.000000e+00 0.000000e+00
    outer loop
      vertex   -7.549500e+02 2.595606e+02 3.946082e+01
      vertex   -7.549500e+02 2.944606e+02 3.946082e+01
      vertex   -7.549500e+02 2.944606e+02 9.460825e+00
    endloop
  endfacet
  facet normal -1.000000e+00 0.000000e+00 0.000000e+00
    outer loop
      vertex   -7.549500e+02 2.945606e+02 4.946082e+01
      vertex   -7.549500e+02 3.294606e+02 4.946082e+01
      vertex   -7.549500e+02 3.294606e+02 9.460825e+00
    endloop
  endfacet
  facet normal 0.000000e+00 1.000000e+00 0.000000e+00
    outer loop
      vertex   -7.549500e+02 8.451060e+01 9.460825e+00
      vertex   -7.549500e+02 8.451060e+01 4.460825e+00
      vertex   -7.550500e+02 8.451060e+01 9.460825e+00
    endloop
  endfacet
  facet normal 0.000000e+00 1.000000e+00 0.000000e+00
    outer loop
      vertex   -7.550500e+02 8.451060e+01 9.460825e+00
      vertex   -7.549500e+02 8.451060e+01 4.460825e+00
      vertex   -7.550500e+02 8.451060e+01 4.460825e+00
    endloop
  endfacet
  facet normal 1.000000e+00 0.000000e+00 0.000000e+00
    outer loop
      vertex   -7.550500e+02 1.194606e+02 7.946082e+01
      vertex   -7.550500e+02 8.451060e+01 9.460825e+00
      vertex   -7.550500e+02 1.194606e+02 9.460825e+00
    endloop
  endfacet
  facet normal 1.000000e+00 0.000000e+00 0.000000e+00
    outer loop
      vertex   -7.550500e+02 1.194606e+02 9.460825e+00
      vertex   -7.550500e+02 8.451060e+01 9.460825e+00
      vertex   -7.550500e+02 8.451060e+01 4.460825e+00
    endloop
  endfacet
  facet normal 1.000000e+00 -0.000000e+00 0.000000e+00
    outer loop
      vertex   -7.550500e+02 1.194606e+02 9.460825e+00
      vertex   -7.550500e+02 8.451060e+01 4.460825e+00
      vertex   -7.550500e+02 1.195606e+02 9.460825e+00
    endloop
  endfacet
  facet normal 1.000000e+00 -0.000000e+00 0.000000e+00
    outer loop
      vertex   -7.550500e+02 1.195606e+02 9.460825e+00
      vertex   -7.550500e+02 8.451060e+01 4.460825e+00
      vertex   -7.550500e+02 1.544606e+02 9.460825e+00
    endloop
  endfacet
  facet normal 1.000000e+00 0.000000e+00 0.000000e+00
    outer loop
      vertex   -7.550500e+02 1.195606e+02 9.460825e+00
      vertex   -7.550500e+02 1.544606e+02 9.460825e+00
      vertex   -7.550500e+02 1.544606e+02 6.946082e+01
    endloop
  endfacet
  facet normal 1.000000e+00 0.000000e+00 0.000000e+00
    outer loop
      vertex   -7.550500e+02 1.194606e+02 7.946082e+01
      vertex   -7.550500e+02 8.451060e+01 7.946082e+01
      vertex   -7.550500e+02 8.451060e+01 9.460825e+00
    endloop
  endfacet
  facet normal 1.000000e+00 0.000000e+00 0.000000e+00
    outer loop
      vertex   -7.550500e+02 8.451060e+01 4.460825e+00
      vertex   -7.550500e+02 2.244606e+02 4.460825e+00
      vertex   -7.550500e+02 1.544606e+02 9.460825e+00
    endloop
  endfacet
  facet normal 1.000000e+00 -0.000000e+00 0.000000e+00
    outer loop
      vertex   -7.550500e+02 1.544606e+02 9.460825e+00
      vertex   -7.550500e+02 2.244606e+02 4.460825e+00
      vertex   -7.550500e+02 1.545606e+02 9.460825e+00
    endloop
  endfacet
  facet normal 1.000000e+00 -0.000000e+00 0.000000e+00
    outer loop
      vertex   -7.550500e+02 1.545606e+02 9.460825e+00
      vertex   -7.550500e+02 2.244606e+02 4.460825e+00
      vertex   -7.550500e+02 1.894606e+02 9.460825e+00
    endloop
  endfacet
  facet normal 1.000000e+00 0.000000e+00 0.000000e+00
    outer loop
      vertex   -7.550500e+02 1.545606e+02 9.460825e+00
      vertex   -7.550500e+02 1.894606e+02 9.460825e+00
      vertex   -7.550500e+02 1.894606e+02 4.946082e+01
    endloop
  endfacet
  facet normal 1.000000e+00 -0.000000e+00 0.000000e+00
    outer loop
      vertex   -7.550500e+02 1.894606e+02 9.460825e+00
      vertex   -7.550500e+02 2.244606e+02 4.460825e+00
      vertex   -7.550500e+02 1.895606e+02 9.460825e+00
    endloop
  endfacet
  facet normal 1.000000e+00 -0.000000e+00 0.000000e+00
    outer loop
      vertex   -7.550500e+02 1.895606e+02 9.460825e+00
      vertex   -7.550500e+02 2.244606e+02 4.460825e+00
      vertex   -7.550500e+02 2.244606e+02 3.946082e+01
    endloop
  endfacet
  facet normal 1.000000e+00 0.000000e+00 0.000000e+00
    outer loop
      vertex   -7.550500e+02 1.895606e+02 9.460825e+00
      vertex   -7.550500e+02 2.244606e+02 3.946082e+01
      vertex   -7.550500e+02 1.895606e+02 3.946082e+01
    endloop
  endfacet
  facet normal 1.000000e+00 0.000000e+00 0.000000e+00
    outer loop
      vertex   -7.550500e+02 1.894606e+02 4.946082e+01
      vertex   -7.550500e+02 1.545606e+02 4.946082e+01
      vertex   -7.550500e+02 1.545606e+02 9.460825e+00
    endloop
  endfacet
  facet normal 1.000000e+00 0.000000e+00 0.000000e+00
    outer loop
      vertex   -7.550500e+02 1.544606e+02 6.946082e+01
      vertex   -7.550500e+02 1.195606e+02 6.946082e+01
      vertex   -7.550500e+02 1.195606e+02 9.460825e+00
    endloop
  endfacet
  facet normal -0.000000e+00 -0.000000e+00 -1.000000e+00
    outer loop
      vertex   -7.550000e+02 2.594606e+02 2.946082e+01
      vertex   -7.550000e+02 2.245606e+02 2.946082e+01
      vertex   -7.550500e+02 2.594606e+02 2.946082e+01
    endloop
  endfacet
  facet normal 0.000000e+00 0.000000e+00 -1.000000e+00
    outer loop
      vertex   -7.550500e+02 2.594606e+02 2.946082e+01
      vertex   -7.550000e+02 2.245606e+02 2.946082e+01
      vertex   -7.550500e+02 2.245606e+02 2.946082e+01
    endloop
  endfacet
  facet normal 1.000000e+00 -0.000000e+00 0.000000e+00
    outer loop
      vertex   -7.550500e+02 3.295606e+02 7.946082e+01
      vertex   -7.550500e+02 3.295606e+02 9.460825e+00
      vertex   -7.550500e+02 3.645106e+02 7.946082e+01
    endloop
  endfacet
  facet normal 1.000000e+00 0.000000e+00 0.000000e+00
    outer loop
      vertex   -7.550500e+02 3.645106e+02 7.946082e+01
      vertex   -7.550500e+02 3.295606e+02 9.460825e+00
      vertex   -7.550500e+02 3.645106e+02 9.460825e+00
    endloop
  endfacet
  facet normal 1.000000e+00 0.000000e+00 0.000000e+00
    outer loop
      vertex   -7.550500e+02 3.645106e+02 9.460825e+00
      vertex   -7.550500e+02 3.295606e+02 9.460825e+00
      vertex   -7.550500e+02 3.645106e+02 4.460825e+00
    endloop
  endfacet
  facet normal 1.000000e+00 0.000000e+00 0.000000e+00
    outer loop
      vertex   -7.550500e+02 3.645106e+02 4.460825e+00
      vertex   -7.550500e+02 3.295606e+02 9.460825e+00
      vertex   -7.550500e+02 3.294606e+02 9.460825e+00
    endloop
  endfacet
  facet normal 1.000000e+00 0.000000e+00 0.000000e+00
    outer loop
      vertex   -7.550500e+02 3.645106e+02 4.460825e+00
      vertex   -7.550500e+02 3.294606e+02 9.460825e+00
      vertex   -7.550500e+02 2.945606e+02 9.460825e+00
    endloop
  endfacet
  facet normal 1.000000e+00 0.000000e+00 0.000000e+00
    outer loop
      vertex   -7.550500e+02 2.945606e+02 9.460825e+00
      vertex   -7.550500e+02 3.294606e+02 9.460825e+00
      vertex   -7.550500e+02 3.294606e+02 6.946082e+01
    endloop
  endfacet
  facet normal 1.000000e+00 0.000000e+00 0.000000e+00
    outer loop
      vertex   -7.550500e+02 2.945606e+02 9.460825e+00
      vertex   -7.550500e+02 3.294606e+02 6.946082e+01
      vertex   -7.550500e+02 2.945606e+02 6.946082e+01
    endloop
  endfacet
  facet normal 1.000000e+00 0.000000e+00 0.000000e+00
    outer loop
      vertex   -7.550500e+02 3.645106e+02 4.460825e+00
      vertex   -7.550500e+02 2.945606e+02 9.460825e+00
      vertex   -7.550500e+02 2.245606e+02 4.460825e+00
    endloop
  endfacet
  facet normal 1.000000e+00 0.000000e+00 0.000000e+00
    outer loop
      vertex   -7.550500e+02 2.245606e+02 4.460825e+00
      vertex   -7.550500e+02 2.945606e+02 9.460825e+00
      vertex   -7.550500e+02 2.944606e+02 9.460825e+00
    endloop
  endfacet
  facet normal 1.000000e+00 0.000000e+00 0.000000e+00
    outer loop
      vertex   -7.550500e+02 2.245606e+02 4.460825e+00
      vertex   -7.550500e+02 2.944606e+02 9.460825e+00
      vertex   -7.550500e+02 2.595606e+02 9.460825e+00
    endloop
  endfacet
  facet normal 1.000000e+00 0.000000e+00 0.000000e+00
    outer loop
      vertex   -7.550500e+02 2.595606e+02 9.460825e+00
      vertex   -7.550500e+02 2.944606e+02 9.460825e+00
      vertex   -7.550500e+02 2.944606e+02 4.946082e+01
    endloop
  endfacet
  facet normal 1.000000e+00 0.000000e+00 0.000000e+00
    outer loop
      vertex   -7.550500e+02 2.595606e+02 9.460825e+00
      vertex   -7.550500e+02 2.944606e+02 4.946082e+01
      vertex   -7.550500e+02 2.595606e+02 4.946082e+01
    endloop
  endfacet
  facet normal 1.000000e+00 0.000000e+00 0.000000e+00
    outer loop
      vertex   -7.550500e+02 2.595606e+02 9.460825e+00
      vertex   -7.550500e+02 2.594606e+02 9.460825e+00
      vertex   -7.550500e+02 2.245606e+02 4.460825e+00
    endloop
  endfacet
  facet normal 1.000000e+00 0.000000e+00 0.000000e+00
    outer loop
      vertex   -7.550500e+02 2.245606e+02 4.460825e+00
      vertex   -7.550500e+02 2.594606e+02 9.460825e+00
      vertex   -7.550500e+02 2.245606e+02 2.946082e+01
    endloop
  endfacet
  facet normal 1.000000e+00 -0.000000e+00 0.000000e+00
    outer loop
      vertex   -7.550500e+02 2.245606e+02 2.946082e+01
      vertex   -7.550500e+02 2.594606e+02 9.460825e+00
      vertex   -7.550500e+02 2.594606e+02 2.946082e+01
    endloop
  endfacet
  facet normal 0.000000e+00 0.000000e+00 1.000000e+00
    outer loop
      vertex   -7.200500e+02 3.645106e+02 6.946082e+01
      vertex   -7.549500e+02 3.645106e+02 6.946082e+01
      vertex   -7.200500e+02 3.295606e+02 6.946082e+01
    endloop
  endfacet
  facet normal 0.000000e+00 0.000000e+00 1.000000e+00
    outer loop
      vertex   -7.200500e+02 3.295606e+02 6.946082e+01
      vertex   -7.549500e+02 3.645106e+02 6.946082e+01
      vertex   -7.549500e+02 3.295606e+02 6.946082e+01
    endloop
  endfacet
  facet normal 0.000000e+00 0.000000e+00 1.000000e+00
    outer loop
      vertex   -7.200500e+02 3.294606e+02 4.946082e+01
      vertex   -7.549500e+02 3.294606e+02 4.946082e+01
      vertex   -7.200500e+02 2.945606e+02 4.946082e+01
    endloop
  endfacet
  facet normal 0.000000e+00 0.000000e+00 1.000000e+00
    outer loop
      vertex   -7.200500e+02 2.945606e+02 4.946082e+01
      vertex   -7.549500e+02 3.294606e+02 4.946082e+01
      vertex   -7.549500e+02 2.945606e+02 4.946082e+01
    endloop
  endfacet
  facet normal 0.000000e+00 0.000000e+00 1.000000e+00
    outer loop
      vertex   -7.200500e+02 2.944606e+02 3.946082e+01
      vertex   -7.549500e+02 2.944606e+02 3.946082e+01
      vertex   -7.200500e+02 2.595606e+02 3.946082e+01
    endloop
  endfacet
  facet normal 0.000000e+00 0.000000e+00 1.000000e+00
    outer loop
      vertex   -7.200500e+02 2.595606e+02 3.946082e+01
      vertex   -7.549500e+02 2.944606e+02 3.946082e+01
      vertex   -7.549500e+02 2.595606e+02 3.946082e+01
    endloop
  endfacet
  facet normal -0.000000e+00 -1.000000e+00 -0.000000e+00
    outer loop
      vertex   -7.550500e+02 8.451060e+01 7.946082e+01
      vertex   -7.900000e+02 8.451060e+01 7.946082e+01
      vertex   -7.550500e+02 8.451060e+01 9.460825e+00
    endloop
  endfacet
  facet normal 0.000000e+00 -1.000000e+00 0.000000e+00
    outer loop
      vertex   -7.550500e+02 8.451060e+01 9.460825e+00
      vertex   -7.900000e+02 8.451060e+01 7.946082e+01
      vertex   -7.900000e+02 8.451060e+01 9.460825e+00
    endloop
  endfacet
  facet normal 0.000000e+00 0.000000e+00 1.000000e+00
    outer loop
      vertex   -7.550500e+02 1.194606e+02 7.946082e+01
      vertex   -7.900000e+02 1.194606e+02 7.946082e+01
      vertex   -7.550500e+02 8.451060e+01 7.946082e+01
    endloop
  endfacet
  facet normal 0.000000e+00 0.000000e+00 1.000000e+00
    outer loop
      vertex   -7.550500e+02 8.451060e+01 7.946082e+01
      vertex   -7.900000e+02 1.194606e+02 7.946082e+01
      vertex   -7.900000e+02 8.451060e+01 7.946082e+01
    endloop
  endfacet
  facet normal 4.066053e-16 1.000000e+00 2.030122e-16
    outer loop
      vertex   -7.550500e+02 1.194606e+02 7.946082e+01
      vertex   -7.550500e+02 1.194606e+02 9.460825e+00
      vertex   -7.900000e+02 1.194606e+02 7.946082e+01
    endloop
  endfacet
  facet normal 0.000000e+00 1.000000e+00 0.000000e+00
    outer loop
      vertex   -7.900000e+02 1.194606e+02 7.946082e+01
      vertex   -7.550500e+02 1.194606e+02 9.460825e+00
      vertex   -7.900000e+02 1.194606e+02 9.460825e+00
    endloop
  endfacet
  facet normal 0.000000e+00 0.000000e+00 1.000000e+00
    outer loop
      vertex   -7.200500e+02 2.594606e+02 2.946082e+01
      vertex   -7.549500e+02 2.594606e+02 2.946082e+01
      vertex   -7.200500e+02 2.245606e+02 2.946082e+01
    endloop
  endfacet
  facet normal 0.000000e+00 0.000000e+00 1.000000e+00
    outer loop
      vertex   -7.200500e+02 2.245606e+02 2.946082e+01
      vertex   -7.549500e+02 2.594606e+02 2.946082e+01
      vertex   -7.549500e+02 2.245606e+02 2.946082e+01
    endloop
  endfacet
  facet normal 0.000000e+00 -1.000000e+00 2.368476e-16
    outer loop
      vertex   -7.550500e+02 1.195606e+02 9.460825e+00
      vertex   -7.550500e+02 1.195606e+02 6.946082e+01
      vertex   -7.900000e+02 1.195606e+02 9.460825e+00
    endloop
  endfacet
  facet normal 4.066053e-16 -1.000000e+00 0.000000e+00
    outer loop
      vertex   -7.900000e+02 1.195606e+02 9.460825e+00
      vertex   -7.550500e+02 1.195606e+02 6.946082e+01
      vertex   -7.900000e+02 1.195606e+02 6.946082e+01
    endloop
  endfacet
  facet normal 0.000000e+00 0.000000e+00 1.000000e+00
    outer loop
      vertex   -7.550500e+02 1.544606e+02 6.946082e+01
      vertex   -7.900000e+02 1.544606e+02 6.946082e+01
      vertex   -7.550500e+02 1.195606e+02 6.946082e+01
    endloop
  endfacet
  facet normal 0.000000e+00 0.000000e+00 1.000000e+00
    outer loop
      vertex   -7.550500e+02 1.195606e+02 6.946082e+01
      vertex   -7.900000e+02 1.544606e+02 6.946082e+01
      vertex   -7.900000e+02 1.195606e+02 6.946082e+01
    endloop
  endfacet
  facet normal 0.000000e+00 1.000000e+00 0.000000e+00
    outer loop
      vertex   -7.550500e+02 1.544606e+02 6.946082e+01
      vertex   -7.550500e+02 1.544606e+02 9.460825e+00
      vertex   -7.900000e+02 1.544606e+02 6.946082e+01
    endloop
  endfacet
  facet normal 0.000000e+00 1.000000e+00 0.000000e+00
    outer loop
      vertex   -7.900000e+02 1.544606e+02 6.946082e+01
      vertex   -7.550500e+02 1.544606e+02 9.460825e+00
      vertex   -7.900000e+02 1.544606e+02 9.460825e+00
    endloop
  endfacet
  facet normal -0.000000e+00 1.000000e+00 0.000000e+00
    outer loop
      vertex   -7.900000e+02 2.244606e+02 3.946082e+01
      vertex   -7.550500e+02 2.244606e+02 3.946082e+01
      vertex   -7.900000e+02 2.244606e+02 9.460825e+00
    endloop
  endfacet
  facet normal -0.000000e+00 1.000000e+00 0.000000e+00
    outer loop
      vertex   -7.900000e+02 2.244606e+02 9.460825e+00
      vertex   -7.550500e+02 2.244606e+02 3.946082e+01
      vertex   -7.550500e+02 2.244606e+02 4.460825e+00
    endloop
  endfacet
  facet normal 0.000000e+00 1.000000e+00 0.000000e+00
    outer loop
      vertex   -7.900000e+02 2.244606e+02 9.460825e+00
      vertex   -7.550500e+02 2.244606e+02 4.460825e+00
      vertex   -7.900000e+02 2.244606e+02 4.460825e+00
    endloop
  endfacet
  facet normal 0.000000e+00 -1.000000e+00 0.000000e+00
    outer loop
      vertex   -7.550500e+02 1.545606e+02 9.460825e+00
      vertex   -7.550500e+02 1.545606e+02 4.946082e+01
      vertex   -7.900000e+02 1.545606e+02 9.460825e+00
    endloop
  endfacet
  facet normal 0.000000e+00 -1.000000e+00 0.000000e+00
    outer loop
      vertex   -7.900000e+02 1.545606e+02 9.460825e+00
      vertex   -7.550500e+02 1.545606e+02 4.946082e+01
      vertex   -7.900000e+02 1.545606e+02 4.946082e+01
    endloop
  endfacet
  facet normal 0.000000e+00 0.000000e+00 1.000000e+00
    outer loop
      vertex   -7.550500e+02 1.894606e+02 4.946082e+01
      vertex   -7.900000e+02 1.894606e+02 4.946082e+01
      vertex   -7.550500e+02 1.545606e+02 4.946082e+01
    endloop
  endfacet
  facet normal 0.000000e+00 0.000000e+00 1.000000e+00
    outer loop
      vertex   -7.550500e+02 1.545606e+02 4.946082e+01
      vertex   -7.900000e+02 1.894606e+02 4.946082e+01
      vertex   -7.900000e+02 1.545606e+02 4.946082e+01
    endloop
  endfacet
  facet normal 0.000000e+00 -1.000000e+00 0.000000e+00
    outer loop
      vertex   -7.550500e+02 1.895606e+02 9.460825e+00
      vertex   -7.550500e+02 1.895606e+02 3.946082e+01
      vertex   -7.900000e+02 1.895606e+02 9.460825e+00
    endloop
  endfacet
  facet normal 0.000000e+00 -1.000000e+00 0.000000e+00
    outer loop
      vertex   -7.900000e+02 1.895606e+02 9.460825e+00
      vertex   -7.550500e+02 1.895606e+02 3.946082e+01
      vertex   -7.900000e+02 1.895606e+02 3.946082e+01
    endloop
  endfacet
  facet normal 0.000000e+00 1.000000e+00 0.000000e+00
    outer loop
      vertex   -7.550500e+02 1.894606e+02 4.946082e+01
      vertex   -7.550500e+02 1.894606e+02 9.460825e+00
      vertex   -7.900000e+02 1.894606e+02 4.946082e+01
    endloop
  endfacet
  facet normal 0.000000e+00 1.000000e+00 0.000000e+00
    outer loop
      vertex   -7.900000e+02 1.894606e+02 4.946082e+01
      vertex   -7.550500e+02 1.894606e+02 9.460825e+00
      vertex   -7.900000e+02 1.894606e+02 9.460825e+00
    endloop
  endfacet
  facet normal -1.626421e-15 1.000000e+00 -9.473903e-16
    outer loop
      vertex   -7.550500e+02 3.294606e+02 6.946082e+01
      vertex   -7.550500e+02 3.294606e+02 9.460825e+00
      vertex   -7.900000e+02 3.294606e+02 6.946082e+01
    endloop
  endfacet
  facet normal 0.000000e+00 1.000000e+00 0.000000e+00
    outer loop
      vertex   -7.900000e+02 3.294606e+02 6.946082e+01
      vertex   -7.550500e+02 3.294606e+02 9.460825e+00
      vertex   -7.900000e+02 3.294606e+02 9.460825e+00
    endloop
  endfacet
  facet normal 0.000000e+00 -1.000000e+00 0.000000e+00
    outer loop
      vertex   -7.550500e+02 3.295606e+02 9.460825e+00
      vertex   -7.550500e+02 3.295606e+02 7.946082e+01
      vertex   -7.900000e+02 3.295606e+02 9.460825e+00
    endloop
  endfacet
  facet normal 0.000000e+00 -1.000000e+00 0.000000e+00
    outer loop
      vertex   -7.900000e+02 3.295606e+02 9.460825e+00
      vertex   -7.550500e+02 3.295606e+02 7.946082e+01
      vertex   -7.900000e+02 3.295606e+02 7.946082e+01
    endloop
  endfacet
  facet normal 1.000000e+00 0.000000e+00 0.000000e+00
    outer loop
      vertex   -5.100000e+02 3.295606e+02 9.460825e+00
      vertex   -5.100000e+02 3.645106e+02 9.460825e+00
      vertex   -5.100000e+02 3.295606e+02 7.946082e+01
    endloop
  endfacet
  facet normal 1.000000e+00 -0.000000e+00 0.000000e+00
    outer loop
      vertex   -5.100000e+02 3.295606e+02 7.946082e+01
      vertex   -5.100000e+02 3.645106e+02 9.460825e+00
      vertex   -5.100000e+02 3.645106e+02 7.946082e+01
    endloop
  endfacet
  facet normal 1.000000e+00 0.000000e+00 0.000000e+00
    outer loop
      vertex   -5.100000e+02 3.294606e+02 6.946082e+01
      vertex   -5.100000e+02 2.945606e+02 6.946082e+01
      vertex   -5.100000e+02 3.294606e+02 9.460825e+00
    endloop
  endfacet
  facet normal 1.000000e+00 0.000000e+00 0.000000e+00
    outer loop
      vertex   -5.100000e+02 3.294606e+02 9.460825e+00
      vertex   -5.100000e+02 2.945606e+02 6.946082e+01
      vertex   -5.100000e+02 2.945606e+02 9.460825e+00
    endloop
  endfacet
  facet normal 0.000000e+00 0.000000e+00 1.000000e+00
    outer loop
      vertex   -7.550500e+02 3.294606e+02 6.946082e+01
      vertex   -7.900000e+02 3.294606e+02 6.946082e+01
      vertex   -7.550500e+02 2.945606e+02 6.946082e+01
    endloop
  endfacet
  facet normal 0.000000e+00 0.000000e+00 1.000000e+00
    outer loop
      vertex   -7.550500e+02 2.945606e+02 6.946082e+01
      vertex   -7.900000e+02 3.294606e+02 6.946082e+01
      vertex   -7.900000e+02 2.945606e+02 6.946082e+01
    endloop
  endfacet
  facet normal -1.000000e+00 0.000000e+00 0.000000e+00
    outer loop
      vertex   -7.900000e+02 3.295606e+02 7.946082e+01
      vertex   -7.900000e+02 3.645106e+02 7.946082e+01
      vertex   -7.900000e+02 3.295606e+02 9.460825e+00
    endloop
  endfacet
  facet normal -1.000000e+00 0.000000e+00 0.000000e+00
    outer loop
      vertex   -7.900000e+02 3.295606e+02 9.460825e+00
      vertex   -7.900000e+02 3.645106e+02 7.946082e+01
      vertex   -7.900000e+02 3.645106e+02 9.460825e+00
    endloop
  endfacet
  facet normal -1.000000e+00 0.000000e+00 0.000000e+00
    outer loop
      vertex   -7.900000e+02 3.294606e+02 9.460825e+00
      vertex   -7.900000e+02 2.945606e+02 9.460825e+00
      vertex   -7.900000e+02 3.294606e+02 6.946082e+01
    endloop
  endfacet
  facet normal -1.000000e+00 -0.000000e+00 0.000000e+00
    outer loop
      vertex   -7.900000e+02 3.294606e+02 6.946082e+01
      vertex   -7.900000e+02 2.945606e+02 9.460825e+00
      vertex   -7.900000e+02 2.945606e+02 6.946082e+01
    endloop
  endfacet
  facet normal 0.000000e+00 -1.000000e+00 0.000000e+00
    outer loop
      vertex   -7.550500e+02 2.945606e+02 9.460825e+00
      vertex   -7.550500e+02 2.945606e+02 6.946082e+01
      vertex   -7.900000e+02 2.945606e+02 9.460825e+00
    endloop
  endfacet
  facet normal 0.000000e+00 -1.000000e+00 0.000000e+00
    outer loop
      vertex   -7.900000e+02 2.945606e+02 9.460825e+00
      vertex   -7.550500e+02 2.945606e+02 6.946082e+01
      vertex   -7.900000e+02 2.945606e+02 6.946082e+01
    endloop
  endfacet
  facet normal 0.000000e+00 1.000000e+00 0.000000e+00
    outer loop
      vertex   -7.550500e+02 2.944606e+02 4.946082e+01
      vertex   -7.550500e+02 2.944606e+02 9.460825e+00
      vertex   -7.900000e+02 2.944606e+02 4.946082e+01
    endloop
  endfacet
  facet normal 0.000000e+00 1.000000e+00 0.000000e+00
    outer loop
      vertex   -7.900000e+02 2.944606e+02 4.946082e+01
      vertex   -7.550500e+02 2.944606e+02 9.460825e+00
      vertex   -7.900000e+02 2.944606e+02 9.460825e+00
    endloop
  endfacet
  facet normal -1.000000e+00 0.000000e+00 0.000000e+00
    outer loop
      vertex   -7.900000e+02 2.944606e+02 9.460825e+00
      vertex   -7.900000e+02 2.595606e+02 9.460825e+00
      vertex   -7.900000e+02 2.944606e+02 4.946082e+01
    endloop
  endfacet
  facet normal -1.000000e+00 -0.000000e+00 0.000000e+00
    outer loop
      vertex   -7.900000e+02 2.944606e+02 4.946082e+01
      vertex   -7.900000e+02 2.595606e+02 9.460825e+00
      vertex   -7.900000e+02 2.595606e+02 4.946082e+01
    endloop
  endfacet
  facet normal 0.000000e+00 1.000000e+00 -0.000000e+00
    outer loop
      vertex   -7.550500e+02 2.594606e+02 9.460825e+00
      vertex   -7.900000e+02 2.594606e+02 9.460825e+00
      vertex   -7.550500e+02 2.594606e+02 2.946082e+01
    endloop
  endfacet
  facet normal 0.000000e+00 1.000000e+00 0.000000e+00
    outer loop
      vertex   -7.550500e+02 2.594606e+02 2.946082e+01
      vertex   -7.900000e+02 2.594606e+02 9.460825e+00
      vertex   -7.900000e+02 2.594606e+02 3.946082e+01
    endloop
  endfacet
  facet normal 0.000000e+00 1.000000e+00 -0.000000e+00
    outer loop
      vertex   -7.550500e+02 2.594606e+02 2.946082e+01
      vertex   -7.900000e+02 2.594606e+02 3.946082e+01
      vertex   -7.550000e+02 2.594606e+02 3.946082e+01
    endloop
  endfacet
  facet normal 0.000000e+00 1.000000e+00 0.000000e+00
    outer loop
      vertex   -7.550000e+02 2.594606e+02 3.946082e+01
      vertex   -7.550000e+02 2.594606e+02 2.946082e+01
      vertex   -7.550500e+02 2.594606e+02 2.946082e+01
    endloop
  endfacet
  facet normal 0.000000e+00 -1.000000e+00 0.000000e+00
    outer loop
      vertex   -7.550500e+02 2.595606e+02 9.460825e+00
      vertex   -7.550500e+02 2.595606e+02 4.946082e+01
      vertex   -7.900000e+02 2.595606e+02 9.460825e+00
    endloop
  endfacet
  facet normal 0.000000e+00 -1.000000e+00 0.000000e+00
    outer loop
      vertex   -7.900000e+02 2.595606e+02 9.460825e+00
      vertex   -7.550500e+02 2.595606e+02 4.946082e+01
      vertex   -7.900000e+02 2.595606e+02 4.946082e+01
    endloop
  endfacet
  facet normal 1.000000e+00 0.000000e+00 0.000000e+00
    outer loop
      vertex   -7.550000e+02 2.594606e+02 3.946082e+01
      vertex   -7.550000e+02 2.245606e+02 3.946082e+01
      vertex   -7.550000e+02 2.594606e+02 2.946082e+01
    endloop
  endfacet
  facet normal 1.000000e+00 0.000000e+00 0.000000e+00
    outer loop
      vertex   -7.550000e+02 2.594606e+02 2.946082e+01
      vertex   -7.550000e+02 2.245606e+02 3.946082e+01
      vertex   -7.550000e+02 2.245606e+02 2.946082e+01
    endloop
  endfacet
  facet normal 0.000000e+00 0.000000e+00 1.000000e+00
    outer loop
      vertex   -7.550000e+02 2.594606e+02 3.946082e+01
      vertex   -7.900000e+02 2.594606e+02 3.946082e+01
      vertex   -7.550000e+02 2.245606e+02 3.946082e+01
    endloop
  endfacet
  facet normal 0.000000e+00 0.000000e+00 1.000000e+00
    outer loop
      vertex   -7.550000e+02 2.245606e+02 3.946082e+01
      vertex   -7.900000e+02 2.594606e+02 3.946082e+01
      vertex   -7.900000e+02 2.245606e+02 3.946082e+01
    endloop
  endfacet
  facet normal 1.000000e+00 0.000000e+00 0.000000e+00
    outer loop
      vertex   -5.100000e+02 2.944606e+02 4.946082e+01
      vertex   -5.100000e+02 2.595606e+02 4.946082e+01
      vertex   -5.100000e+02 2.944606e+02 9.460825e+00
    endloop
  endfacet
  facet normal 1.000000e+00 0.000000e+00 0.000000e+00
    outer loop
      vertex   -5.100000e+02 2.944606e+02 9.460825e+00
      vertex   -5.100000e+02 2.595606e+02 4.946082e+01
      vertex   -5.100000e+02 2.595606e+02 9.460825e+00
    endloop
  endfacet
  facet normal -1.000000e+00 0.000000e+00 0.000000e+00
    outer loop
      vertex   -7.900000e+02 2.594606e+02 9.460825e+00
      vertex   -7.900000e+02 2.245606e+02 9.460825e+00
      vertex   -7.900000e+02 2.594606e+02 3.946082e+01
    endloop
  endfacet
  facet normal -1.000000e+00 -0.000000e+00 0.000000e+00
    outer loop
      vertex   -7.900000e+02 2.594606e+02 3.946082e+01
      vertex   -7.900000e+02 2.245606e+02 9.460825e+00
      vertex   -7.900000e+02 2.245606e+02 3.946082e+01
    endloop
  endfacet
  facet normal 0.000000e+00 0.000000e+00 1.000000e+00
    outer loop
      vertex   -7.550500e+02 2.944606e+02 4.946082e+01
      vertex   -7.900000e+02 2.944606e+02 4.946082e+01
      vertex   -7.550500e+02 2.595606e+02 4.946082e+01
    endloop
  endfacet
  facet normal 0.000000e+00 0.000000e+00 1.000000e+00
    outer loop
      vertex   -7.550500e+02 2.595606e+02 4.946082e+01
      vertex   -7.900000e+02 2.944606e+02 4.946082e+01
      vertex   -7.900000e+02 2.595606e+02 4.946082e+01
    endloop
  endfacet
  facet normal -4.066053e-16 -1.000000e+00 2.368476e-16
    outer loop
      vertex   -5.449500e+02 1.195606e+02 6.946082e+01
      vertex   -5.449500e+02 1.195606e+02 9.460825e+00
      vertex   -5.100000e+02 1.195606e+02 6.946082e+01
    endloop
  endfacet
  facet normal 0.000000e+00 -1.000000e+00 -0.000000e+00
    outer loop
      vertex   -5.100000e+02 1.195606e+02 6.946082e+01
      vertex   -5.449500e+02 1.195606e+02 9.460825e+00
      vertex   -5.100000e+02 1.195606e+02 9.460825e+00
    endloop
  endfacet
  facet normal 1.000000e+00 0.000000e+00 0.000000e+00
    outer loop
      vertex   -5.100000e+02 1.195606e+02 9.460825e+00
      vertex   -5.100000e+02 1.544606e+02 9.460825e+00
      vertex   -5.100000e+02 1.195606e+02 6.946082e+01
    endloop
  endfacet
  facet normal 1.000000e+00 -0.000000e+00 0.000000e+00
    outer loop
      vertex   -5.100000e+02 1.195606e+02 6.946082e+01
      vertex   -5.100000e+02 1.544606e+02 9.460825e+00
      vertex   -5.100000e+02 1.544606e+02 6.946082e+01
    endloop
  endfacet
  facet normal 1.000000e+00 0.000000e+00 0.000000e+00
    outer loop
      vertex   -5.100000e+02 1.194606e+02 7.946082e+01
      vertex   -5.100000e+02 8.451060e+01 7.946082e+01
      vertex   -5.100000e+02 1.194606e+02 9.460825e+00
    endloop
  endfacet
  facet normal 1.000000e+00 0.000000e+00 0.000000e+00
    outer loop
      vertex   -5.100000e+02 1.194606e+02 9.460825e+00
      vertex   -5.100000e+02 8.451060e+01 7.946082e+01
      vertex   -5.100000e+02 8.451060e+01 9.460825e+00
    endloop
  endfacet
  facet normal -1.000000e+00 0.000000e+00 0.000000e+00
    outer loop
      vertex   -7.900000e+02 1.195606e+02 6.946082e+01
      vertex   -7.900000e+02 1.544606e+02 6.946082e+01
      vertex   -7.900000e+02 1.195606e+02 9.460825e+00
    endloop
  endfacet
  facet normal -1.000000e+00 0.000000e+00 0.000000e+00
    outer loop
      vertex   -7.900000e+02 1.195606e+02 9.460825e+00
      vertex   -7.900000e+02 1.544606e+02 6.946082e+01
      vertex   -7.900000e+02 1.544606e+02 9.460825e+00
    endloop
  endfacet
  facet normal 0.000000e+00 1.000000e+00 0.000000e+00
    outer loop
      vertex   -5.449500e+02 1.544606e+02 9.460825e+00
      vertex   -5.449500e+02 1.544606e+02 6.946082e+01
      vertex   -5.100000e+02 1.544606e+02 9.460825e+00
    endloop
  endfacet
  facet normal 0.000000e+00 1.000000e+00 -0.000000e+00
    outer loop
      vertex   -5.100000e+02 1.544606e+02 9.460825e+00
      vertex   -5.449500e+02 1.544606e+02 6.946082e+01
      vertex   -5.100000e+02 1.544606e+02 6.946082e+01
    endloop
  endfacet
  facet normal 0.000000e+00 -1.000000e+00 0.000000e+00
    outer loop
      vertex   -5.449500e+02 1.545606e+02 4.946082e+01
      vertex   -5.449500e+02 1.545606e+02 9.460825e+00
      vertex   -5.100000e+02 1.545606e+02 4.946082e+01
    endloop
  endfacet
  facet normal 0.000000e+00 -1.000000e+00 -0.000000e+00
    outer loop
      vertex   -5.100000e+02 1.545606e+02 4.946082e+01
      vertex   -5.449500e+02 1.545606e+02 9.460825e+00
      vertex   -5.100000e+02 1.545606e+02 9.460825e+00
    endloop
  endfacet
  facet normal -0.000000e+00 0.000000e+00 1.000000e+00
    outer loop
      vertex   -5.449500e+02 1.195606e+02 6.946082e+01
      vertex   -5.100000e+02 1.195606e+02 6.946082e+01
      vertex   -5.449500e+02 1.544606e+02 6.946082e+01
    endloop
  endfacet
  facet normal -0.000000e+00 0.000000e+00 1.000000e+00
    outer loop
      vertex   -5.449500e+02 1.544606e+02 6.946082e+01
      vertex   -5.100000e+02 1.195606e+02 6.946082e+01
      vertex   -5.100000e+02 1.544606e+02 6.946082e+01
    endloop
  endfacet
  facet normal 1.000000e+00 0.000000e+00 0.000000e+00
    outer loop
      vertex   -5.100000e+02 1.545606e+02 9.460825e+00
      vertex   -5.100000e+02 1.894606e+02 9.460825e+00
      vertex   -5.100000e+02 1.545606e+02 4.946082e+01
    endloop
  endfacet
  facet normal 1.000000e+00 -0.000000e+00 0.000000e+00
    outer loop
      vertex   -5.100000e+02 1.545606e+02 4.946082e+01
      vertex   -5.100000e+02 1.894606e+02 9.460825e+00
      vertex   -5.100000e+02 1.894606e+02 4.946082e+01
    endloop
  endfacet
  facet normal -1.000000e+00 0.000000e+00 0.000000e+00
    outer loop
      vertex   -7.900000e+02 1.545606e+02 4.946082e+01
      vertex   -7.900000e+02 1.894606e+02 4.946082e+01
      vertex   -7.900000e+02 1.545606e+02 9.460825e+00
    endloop
  endfacet
  facet normal -1.000000e+00 0.000000e+00 0.000000e+00
    outer loop
      vertex   -7.900000e+02 1.545606e+02 9.460825e+00
      vertex   -7.900000e+02 1.894606e+02 4.946082e+01
      vertex   -7.900000e+02 1.894606e+02 9.460825e+00
    endloop
  endfacet
  facet normal 0.000000e+00 1.000000e+00 0.000000e+00
    outer loop
      vertex   -5.449500e+02 1.894606e+02 9.460825e+00
      vertex   -5.449500e+02 1.894606e+02 4.946082e+01
      vertex   -5.100000e+02 1.894606e+02 9.460825e+00
    endloop
  endfacet
  facet normal 0.000000e+00 1.000000e+00 -0.000000e+00
    outer loop
      vertex   -5.100000e+02 1.894606e+02 9.460825e+00
      vertex   -5.449500e+02 1.894606e+02 4.946082e+01
      vertex   -5.100000e+02 1.894606e+02 4.946082e+01
    endloop
  endfacet
  facet normal 0.000000e+00 -1.000000e+00 0.000000e+00
    outer loop
      vertex   -6.850500e+02 1.895606e+02 9.460825e+00
      vertex   -6.850500e+02 1.895606e+02 1.946082e+01
      vertex   -7.199500e+02 1.895606e+02 9.460825e+00
    endloop
  endfacet
  facet normal 0.000000e+00 -1.000000e+00 0.000000e+00
    outer loop
      vertex   -7.199500e+02 1.895606e+02 9.460825e+00
      vertex   -6.850500e+02 1.895606e+02 1.946082e+01
      vertex   -7.199500e+02 1.895606e+02 1.946082e+01
    endloop
  endfacet
  facet normal 0.000000e+00 -1.000000e+00 0.000000e+00
    outer loop
      vertex   -5.449500e+02 1.895606e+02 3.946082e+01
      vertex   -5.449500e+02 1.895606e+02 9.460825e+00
      vertex   -5.100000e+02 1.895606e+02 3.946082e+01
    endloop
  endfacet
  facet normal 0.000000e+00 -1.000000e+00 -0.000000e+00
    outer loop
      vertex   -5.100000e+02 1.895606e+02 3.946082e+01
      vertex   -5.449500e+02 1.895606e+02 9.460825e+00
      vertex   -5.100000e+02 1.895606e+02 9.460825e+00
    endloop
  endfacet
  facet normal 0.000000e+00 0.000000e+00 1.000000e+00
    outer loop
      vertex   -5.449500e+02 1.545606e+02 4.946082e+01
      vertex   -5.100000e+02 1.545606e+02 4.946082e+01
      vertex   -5.449500e+02 1.894606e+02 4.946082e+01
    endloop
  endfacet
  facet normal -0.000000e+00 0.000000e+00 1.000000e+00
    outer loop
      vertex   -5.449500e+02 1.894606e+02 4.946082e+01
      vertex   -5.100000e+02 1.545606e+02 4.946082e+01
      vertex   -5.100000e+02 1.894606e+02 4.946082e+01
    endloop
  endfacet
  facet normal 1.000000e+00 0.000000e+00 0.000000e+00
    outer loop
      vertex   -5.100000e+02 1.895606e+02 9.460825e+00
      vertex   -5.100000e+02 2.244606e+02 9.460825e+00
      vertex   -5.100000e+02 1.895606e+02 3.946082e+01
    endloop
  endfacet
  facet normal 1.000000e+00 -0.000000e+00 0.000000e+00
    outer loop
      vertex   -5.100000e+02 1.895606e+02 3.946082e+01
      vertex   -5.100000e+02 2.244606e+02 9.460825e+00
      vertex   -5.100000e+02 2.244606e+02 3.946082e+01
    endloop
  endfacet
  facet normal -1.000000e+00 0.000000e+00 0.000000e+00
    outer loop
      vertex   -7.900000e+02 1.895606e+02 3.946082e+01
      vertex   -7.900000e+02 2.244606e+02 3.946082e+01
      vertex   -7.900000e+02 1.895606e+02 9.460825e+00
    endloop
  endfacet
  facet normal -1.000000e+00 0.000000e+00 0.000000e+00
    outer loop
      vertex   -7.900000e+02 1.895606e+02 9.460825e+00
      vertex   -7.900000e+02 2.244606e+02 3.946082e+01
      vertex   -7.900000e+02 2.244606e+02 9.460825e+00
    endloop
  endfacet
  facet normal 0.000000e+00 1.000000e+00 -0.000000e+00
    outer loop
      vertex   -5.100000e+02 2.244606e+02 4.460825e+00
      vertex   -5.449500e+02 2.244606e+02 4.460825e+00
      vertex   -5.100000e+02 2.244606e+02 9.460825e+00
    endloop
  endfacet
  facet normal 0.000000e+00 1.000000e+00 0.000000e+00
    outer loop
      vertex   -5.100000e+02 2.244606e+02 9.460825e+00
      vertex   -5.449500e+02 2.244606e+02 4.460825e+00
      vertex   -5.449500e+02 2.244606e+02 3.946082e+01
    endloop
  endfacet
  facet normal 0.000000e+00 1.000000e+00 -0.000000e+00
    outer loop
      vertex   -5.100000e+02 2.244606e+02 9.460825e+00
      vertex   -5.449500e+02 2.244606e+02 3.946082e+01
      vertex   -5.100000e+02 2.244606e+02 3.946082e+01
    endloop
  endfacet
  facet normal 1.000000e+00 -0.000000e+00 0.000000e+00
    outer loop
      vertex   -7.900000e+02 2.244606e+02 9.460825e+00
      vertex   -7.900000e+02 2.244606e+02 4.460825e+00
      vertex   -7.900000e+02 2.245606e+02 9.460825e+00
    endloop
  endfacet
  facet normal 1.000000e+00 0.000000e+00 0.000000e+00
    outer loop
      vertex   -7.900000e+02 2.245606e+02 9.460825e+00
      vertex   -7.900000e+02 2.244606e+02 4.460825e+00
      vertex   -7.900000e+02 2.245606e+02 4.460825e+00
    endloop
  endfacet
  facet normal -1.000000e+00 -0.000000e+00 -0.000000e+00
    outer loop
      vertex   -5.100000e+02 2.245606e+02 9.460825e+00
      vertex   -5.100000e+02 2.245606e+02 4.460825e+00
      vertex   -5.100000e+02 2.244606e+02 9.460825e+00
    endloop
  endfacet
  facet normal -1.000000e+00 0.000000e+00 0.000000e+00
    outer loop
      vertex   -5.100000e+02 2.244606e+02 9.460825e+00
      vertex   -5.100000e+02 2.245606e+02 4.460825e+00
      vertex   -5.100000e+02 2.244606e+02 4.460825e+00
    endloop
  endfacet
  facet normal 0.000000e+00 -1.000000e+00 0.000000e+00
    outer loop
      vertex   -7.550000e+02 2.245606e+02 2.946082e+01
      vertex   -7.550000e+02 2.245606e+02 3.946082e+01
      vertex   -7.550500e+02 2.245606e+02 2.946082e+01
    endloop
  endfacet
  facet normal 0.000000e+00 -1.000000e+00 0.000000e+00
    outer loop
      vertex   -7.550500e+02 2.245606e+02 2.946082e+01
      vertex   -7.550000e+02 2.245606e+02 3.946082e+01
      vertex   -7.900000e+02 2.245606e+02 3.946082e+01
    endloop
  endfacet
  facet normal -0.000000e+00 -1.000000e+00 0.000000e+00
    outer loop
      vertex   -7.550500e+02 2.245606e+02 2.946082e+01
      vertex   -7.900000e+02 2.245606e+02 3.946082e+01
      vertex   -7.900000e+02 2.245606e+02 9.460825e+00
    endloop
  endfacet
  facet normal 0.000000e+00 -1.000000e+00 0.000000e+00
    outer loop
      vertex   -7.900000e+02 2.245606e+02 4.460825e+00
      vertex   -7.550500e+02 2.245606e+02 4.460825e+00
      vertex   -7.900000e+02 2.245606e+02 9.460825e+00
    endloop
  endfacet
  facet normal 0.000000e+00 -1.000000e+00 0.000000e+00
    outer loop
      vertex   -7.900000e+02 2.245606e+02 9.460825e+00
      vertex   -7.550500e+02 2.245606e+02 4.460825e+00
      vertex   -7.550500e+02 2.245606e+02 2.946082e+01
    endloop
  endfacet
  facet normal 1.000000e+00 0.000000e+00 0.000000e+00
    outer loop
      vertex   -5.100000e+02 2.594606e+02 3.946082e+01
      vertex   -5.100000e+02 2.245606e+02 3.946082e+01
      vertex   -5.100000e+02 2.594606e+02 9.460825e+00
    endloop
  endfacet
  facet normal 1.000000e+00 0.000000e+00 0.000000e+00
    outer loop
      vertex   -5.100000e+02 2.594606e+02 9.460825e+00
      vertex   -5.100000e+02 2.245606e+02 3.946082e+01
      vertex   -5.100000e+02 2.245606e+02 9.460825e+00
    endloop
  endfacet
  facet normal 0.000000e+00 0.000000e+00 1.000000e+00
    outer loop
      vertex   -7.550500e+02 2.244606e+02 3.946082e+01
      vertex   -7.900000e+02 2.244606e+02 3.946082e+01
      vertex   -7.550500e+02 1.895606e+02 3.946082e+01
    endloop
  endfacet
  facet normal 0.000000e+00 0.000000e+00 1.000000e+00
    outer loop
      vertex   -7.550500e+02 1.895606e+02 3.946082e+01
      vertex   -7.900000e+02 2.244606e+02 3.946082e+01
      vertex   -7.900000e+02 1.895606e+02 3.946082e+01
    endloop
  endfacet
  facet normal -1.000000e+00 0.000000e+00 0.000000e+00
    outer loop
      vertex   -5.450000e+02 2.594606e+02 2.946082e+01
      vertex   -5.450000e+02 2.245606e+02 2.946082e+01
      vertex   -5.450000e+02 2.594606e+02 3.946082e+01
    endloop
  endfacet
  facet normal -1.000000e+00 -0.000000e+00 0.000000e+00
    outer loop
      vertex   -5.450000e+02 2.594606e+02 3.946082e+01
      vertex   -5.450000e+02 2.245606e+02 2.946082e+01
      vertex   -5.450000e+02 2.245606e+02 3.946082e+01
    endloop
  endfacet
  facet normal 0.000000e+00 0.000000e+00 1.000000e+00
    outer loop
      vertex   -7.200500e+02 2.244606e+02 2.946082e+01
      vertex   -7.549500e+02 2.244606e+02 2.946082e+01
      vertex   -7.200500e+02 1.895606e+02 2.946082e+01
    endloop
  endfacet
  facet normal 0.000000e+00 0.000000e+00 1.000000e+00
    outer loop
      vertex   -7.200500e+02 1.895606e+02 2.946082e+01
      vertex   -7.549500e+02 2.244606e+02 2.946082e+01
      vertex   -7.549500e+02 1.895606e+02 2.946082e+01
    endloop
  endfacet
  facet normal 0.000000e+00 0.000000e+00 1.000000e+00
    outer loop
      vertex   -6.850500e+02 2.244606e+02 1.946082e+01
      vertex   -7.199500e+02 2.244606e+02 1.946082e+01
      vertex   -6.850500e+02 1.895606e+02 1.946082e+01
    endloop
  endfacet
  facet normal 0.000000e+00 0.000000e+00 1.000000e+00
    outer loop
      vertex   -6.850500e+02 1.895606e+02 1.946082e+01
      vertex   -7.199500e+02 2.244606e+02 1.946082e+01
      vertex   -7.199500e+02 1.895606e+02 1.946082e+01
    endloop
  endfacet
  facet normal 9.914449e-01 0.000000e+00 1.305262e-01
    outer loop
      vertex   -5.002044e+02 3.645106e+02 5.013739e+00
      vertex   -5.002044e+02 3.322884e+02 5.013739e+00
      vertex   -5.000000e+02 3.645106e+02 3.460825e+00
    endloop
  endfacet
  facet normal 9.914449e-01 0.000000e+00 1.305262e-01
    outer loop
      vertex   -5.000000e+02 3.645106e+02 3.460825e+00
      vertex   -5.002044e+02 3.322884e+02 5.013739e+00
      vertex   -5.002044e+02 3.000662e+02 5.013739e+00
    endloop
  endfacet
  facet normal 9.914449e-01 0.000000e+00 1.305262e-01
    outer loop
      vertex   -5.000000e+02 3.645106e+02 3.460825e+00
      vertex   -5.002044e+02 3.000662e+02 5.013739e+00
      vertex   -5.002044e+02 2.678439e+02 5.013739e+00
    endloop
  endfacet
  facet normal 9.238795e-01 -0.000000e+00 3.826834e-01
    outer loop
      vertex   -5.002044e+02 2.678439e+02 5.013739e+00
      vertex   -5.002044e+02 3.000662e+02 5.013739e+00
      vertex   -5.008038e+02 2.678439e+02 6.460825e+00
    endloop
  endfacet
  facet normal 9.238795e-01 2.199763e-17 3.826834e-01
    outer loop
      vertex   -5.002044e+02 2.678439e+02 5.013739e+00
      vertex   -5.008038e+02 2.678439e+02 6.460825e+00
      vertex   -5.008038e+02 2.356217e+02 6.460825e+00
    endloop
  endfacet
  facet normal 7.933533e-01 3.355999e-17 6.087614e-01
    outer loop
      vertex   -5.008038e+02 2.356217e+02 6.460825e+00
      vertex   -5.008038e+02 2.678439e+02 6.460825e+00
      vertex   -5.017574e+02 2.356217e+02 7.703465e+00
    endloop
  endfacet
  facet normal 7.933533e-01 0.000000e+00 6.087614e-01
    outer loop
      vertex   -5.008038e+02 2.356217e+02 6.460825e+00
      vertex   -5.017574e+02 2.356217e+02 7.703465e+00
      vertex   -5.017574e+02 2.033995e+02 7.703465e+00
    endloop
  endfacet
  facet normal 6.087614e-01 -0.000000e+00 7.933533e-01
    outer loop
      vertex   -5.017574e+02 2.033995e+02 7.703465e+00
      vertex   -5.017574e+02 2.356217e+02 7.703465e+00
      vertex   -5.030000e+02 2.033995e+02 8.656977e+00
    endloop
  endfacet
  facet normal 6.087614e-01 4.399525e-17 7.933533e-01
    outer loop
      vertex   -5.017574e+02 2.033995e+02 7.703465e+00
      vertex   -5.030000e+02 2.033995e+02 8.656977e+00
      vertex   -5.030000e+02 1.711773e+02 8.656977e+00
    endloop
  endfacet
  facet normal 3.826834e-01 5.093192e-17 9.238795e-01
    outer loop
      vertex   -5.030000e+02 1.711773e+02 8.656977e+00
      vertex   -5.030000e+02 2.033995e+02 8.656977e+00
      vertex   -5.044471e+02 1.711773e+02 9.256379e+00
    endloop
  endfacet
  facet normal 3.826834e-01 0.000000e+00 9.238795e-01
    outer loop
      vertex   -5.030000e+02 1.711773e+02 8.656977e+00
      vertex   -5.044471e+02 1.711773e+02 9.256379e+00
      vertex   -5.044471e+02 1.389550e+02 9.256379e+00
    endloop
  endfacet
  facet normal 1.305262e-01 -0.000000e+00 9.914449e-01
    outer loop
      vertex   -5.044471e+02 1.389550e+02 9.256379e+00
      vertex   -5.044471e+02 1.711773e+02 9.256379e+00
      vertex   -5.060000e+02 8.051060e+01 9.460825e+00
    endloop
  endfacet
  facet normal 1.305262e-01 0.000000e+00 9.914449e-01
    outer loop
      vertex   -5.044471e+02 1.389550e+02 9.256379e+00
      vertex   -5.060000e+02 8.051060e+01 9.460825e+00
      vertex   -5.044471e+02 1.067328e+02 9.256379e+00
    endloop
  endfacet
  facet normal 9.984386e-02 1.844777e-03 9.950014e-01
    outer loop
      vertex   -5.044471e+02 1.067328e+02 9.256379e+00
      vertex   -5.060000e+02 8.051060e+01 9.460825e+00
      vertex   -5.048295e+02 7.934006e+01 9.345536e+00
    endloop
  endfacet
  facet normal 2.894376e-01 -9.247853e-04 9.571964e-01
    outer loop
      vertex   -5.044471e+02 1.067328e+02 9.256379e+00
      vertex   -5.048295e+02 7.934006e+01 9.345536e+00
      vertex   -5.037039e+02 7.821450e+01 9.004102e+00
    endloop
  endfacet
  facet normal 9.238795e-01 -0.000000e+00 3.826834e-01
    outer loop
      vertex   -5.002044e+02 3.322884e+02 5.013739e+00
      vertex   -5.002044e+02 3.645106e+02 5.013739e+00
      vertex   -5.008038e+02 3.322884e+02 6.460825e+00
    endloop
  endfacet
  facet normal 9.238795e-01 -2.109669e-16 3.826834e-01
    outer loop
      vertex   -5.008038e+02 3.322884e+02 6.460825e+00
      vertex   -5.002044e+02 3.645106e+02 5.013739e+00
      vertex   -5.008038e+02 3.645106e+02 6.460825e+00
    endloop
  endfacet
  facet normal 7.933533e-01 -3.355999e-16 6.087614e-01
    outer loop
      vertex   -5.008038e+02 3.322884e+02 6.460825e+00
      vertex   -5.008038e+02 3.645106e+02 6.460825e+00
      vertex   -5.017574e+02 3.322884e+02 7.703465e+00
    endloop
  endfacet
  facet normal 7.933533e-01 -0.000000e+00 6.087614e-01
    outer loop
      vertex   -5.017574e+02 3.322884e+02 7.703465e+00
      vertex   -5.008038e+02 3.645106e+02 6.460825e+00
      vertex   -5.017574e+02 3.645106e+02 7.703465e+00
    endloop
  endfacet
  facet normal 6.087614e-01 -0.000000e+00 7.933533e-01
    outer loop
      vertex   -5.017574e+02 3.322884e+02 7.703465e+00
      vertex   -5.017574e+02 3.645106e+02 7.703465e+00
      vertex   -5.030000e+02 3.322884e+02 8.656977e+00
    endloop
  endfacet
  facet normal 6.087614e-01 -6.123073e-16 7.933533e-01
    outer loop
      vertex   -5.030000e+02 3.322884e+02 8.656977e+00
      vertex   -5.017574e+02 3.645106e+02 7.703465e+00
      vertex   -5.030000e+02 3.645106e+02 8.656977e+00
    endloop
  endfacet
  facet normal 3.826834e-01 -7.130469e-16 9.238795e-01
    outer loop
      vertex   -5.030000e+02 3.322884e+02 8.656977e+00
      vertex   -5.030000e+02 3.645106e+02 8.656977e+00
      vertex   -5.044471e+02 3.322884e+02 9.256379e+00
    endloop
  endfacet
  facet normal 3.826834e-01 -3.565235e-16 9.238795e-01
    outer loop
      vertex   -5.044471e+02 3.322884e+02 9.256379e+00
      vertex   -5.030000e+02 3.645106e+02 8.656977e+00
      vertex   -5.044471e+02 3.645106e+02 9.256379e+00
    endloop
  endfacet
  facet normal 1.305262e-01 -3.825968e-16 9.914449e-01
    outer loop
      vertex   -5.044471e+02 3.322884e+02 9.256379e+00
      vertex   -5.044471e+02 3.645106e+02 9.256379e+00
      vertex   -5.060000e+02 3.645106e+02 9.460825e+00
    endloop
  endfacet
  facet normal 1.305262e-01 -0.000000e+00 9.914449e-01
    outer loop
      vertex   -5.060000e+02 8.051060e+01 9.460825e+00
      vertex   -5.044471e+02 2.356217e+02 9.256379e+00
      vertex   -5.060000e+02 3.645106e+02 9.460825e+00
    endloop
  endfacet
  facet normal 1.305262e-01 0.000000e+00 9.914449e-01
    outer loop
      vertex   -5.060000e+02 3.645106e+02 9.460825e+00
      vertex   -5.044471e+02 2.356217e+02 9.256379e+00
      vertex   -5.044471e+02 2.678439e+02 9.256379e+00
    endloop
  endfacet
  facet normal 1.305262e-01 0.000000e+00 9.914449e-01
    outer loop
      vertex   -5.060000e+02 3.645106e+02 9.460825e+00
      vertex   -5.044471e+02 2.678439e+02 9.256379e+00
      vertex   -5.044471e+02 3.000662e+02 9.256379e+00
    endloop
  endfacet
  facet normal 3.826834e-01 0.000000e+00 9.238795e-01
    outer loop
      vertex   -5.044471e+02 3.000662e+02 9.256379e+00
      vertex   -5.044471e+02 2.678439e+02 9.256379e+00
      vertex   -5.030000e+02 3.000662e+02 8.656977e+00
    endloop
  endfacet
  facet normal 3.826834e-01 1.011891e-16 9.238795e-01
    outer loop
      vertex   -5.044471e+02 3.000662e+02 9.256379e+00
      vertex   -5.030000e+02 3.000662e+02 8.656977e+00
      vertex   -5.030000e+02 3.322884e+02 8.656977e+00
    endloop
  endfacet
  facet normal 6.087614e-01 8.747247e-17 7.933533e-01
    outer loop
      vertex   -5.030000e+02 3.322884e+02 8.656977e+00
      vertex   -5.030000e+02 3.000662e+02 8.656977e+00
      vertex   -5.017574e+02 3.322884e+02 7.703465e+00
    endloop
  endfacet
  facet normal 3.826828e-01 1.799922e-03 9.238780e-01
    outer loop
      vertex   -5.044471e+02 1.067328e+02 9.256379e+00
      vertex   -5.037039e+02 7.821450e+01 9.004102e+00
      vertex   -5.030000e+02 1.067328e+02 8.656977e+00
    endloop
  endfacet
  facet normal 4.707126e-01 -8.791183e-04 8.822861e-01
    outer loop
      vertex   -5.030000e+02 1.067328e+02 8.656977e+00
      vertex   -5.037039e+02 7.821450e+01 9.004102e+00
      vertex   -5.026666e+02 7.717718e+01 8.449642e+00
    endloop
  endfacet
  facet normal 6.087609e-01 1.302098e-03 7.933527e-01
    outer loop
      vertex   -5.030000e+02 1.067328e+02 8.656977e+00
      vertex   -5.026666e+02 7.717718e+01 8.449642e+00
      vertex   -5.017574e+02 1.067328e+02 7.703465e+00
    endloop
  endfacet
  facet normal 6.343933e-01 -1.126825e-16 7.730105e-01
    outer loop
      vertex   -5.017574e+02 1.067328e+02 7.703465e+00
      vertex   -5.026666e+02 7.717718e+01 8.449642e+00
      vertex   -5.017574e+02 7.626796e+01 7.703465e+00
    endloop
  endfacet
  facet normal 7.730105e-01 -9.247611e-17 6.343933e-01
    outer loop
      vertex   -5.017574e+02 1.067328e+02 7.703465e+00
      vertex   -5.017574e+02 7.626796e+01 7.703465e+00
      vertex   -5.010112e+02 7.552179e+01 6.794246e+00
    endloop
  endfacet
  facet normal 7.933527e-01 1.233036e-03 6.087610e-01
    outer loop
      vertex   -5.017574e+02 1.067328e+02 7.703465e+00
      vertex   -5.010112e+02 7.552179e+01 6.794246e+00
      vertex   -5.008038e+02 1.067328e+02 6.460825e+00
    endloop
  endfacet
  facet normal 8.817392e-01 -8.179188e-04 4.717366e-01
    outer loop
      vertex   -5.008038e+02 1.067328e+02 6.460825e+00
      vertex   -5.010112e+02 7.552179e+01 6.794246e+00
      vertex   -5.004567e+02 7.496733e+01 5.756925e+00
    endloop
  endfacet
  facet normal 9.238783e-01 1.615928e-03 3.826829e-01
    outer loop
      vertex   -5.008038e+02 1.067328e+02 6.460825e+00
      vertex   -5.004567e+02 7.496733e+01 5.756925e+00
      vertex   -5.002044e+02 1.067328e+02 5.013739e+00
    endloop
  endfacet
  facet normal 9.568724e-01 -8.026441e-04 2.905075e-01
    outer loop
      vertex   -5.002044e+02 1.067328e+02 5.013739e+00
      vertex   -5.004567e+02 7.496733e+01 5.756925e+00
      vertex   -5.001153e+02 7.462589e+01 4.631366e+00
    endloop
  endfacet
  facet normal 9.891976e-01 1.001140e-03 1.465851e-01
    outer loop
      vertex   -5.002044e+02 1.067328e+02 5.013739e+00
      vertex   -5.001153e+02 7.462589e+01 4.631366e+00
      vertex   -5.000289e+02 7.453950e+01 4.048927e+00
    endloop
  endfacet
  facet normal 9.987955e-01 -0.000000e+00 4.906767e-02
    outer loop
      vertex   -5.000000e+02 7.451060e+01 3.460825e+00
      vertex   -5.000000e+02 3.645106e+02 3.460825e+00
      vertex   -5.000289e+02 7.453950e+01 4.048927e+00
    endloop
  endfacet
  facet normal 9.884016e-01 2.095183e-04 1.518626e-01
    outer loop
      vertex   -5.000289e+02 7.453950e+01 4.048927e+00
      vertex   -5.000000e+02 3.645106e+02 3.460825e+00
      vertex   -5.002044e+02 2.033995e+02 5.013739e+00
    endloop
  endfacet
  facet normal 9.838460e-01 0.000000e+00 1.790169e-01
    outer loop
      vertex   -5.000289e+02 7.453950e+01 4.048927e+00
      vertex   -5.002044e+02 2.033995e+02 5.013739e+00
      vertex   -5.002044e+02 1.711773e+02 5.013739e+00
    endloop
  endfacet
  facet normal 9.238795e-01 -0.000000e+00 3.826834e-01
    outer loop
      vertex   -5.002044e+02 1.711773e+02 5.013739e+00
      vertex   -5.002044e+02 2.033995e+02 5.013739e+00
      vertex   -5.008038e+02 1.711773e+02 6.460825e+00
    endloop
  endfacet
  facet normal 9.238795e-01 3.299644e-17 3.826834e-01
    outer loop
      vertex   -5.002044e+02 1.711773e+02 5.013739e+00
      vertex   -5.008038e+02 1.711773e+02 6.460825e+00
      vertex   -5.008038e+02 1.389550e+02 6.460825e+00
    endloop
  endfacet
  facet normal 7.933533e-01 5.033999e-17 6.087614e-01
    outer loop
      vertex   -5.008038e+02 1.389550e+02 6.460825e+00
      vertex   -5.008038e+02 1.711773e+02 6.460825e+00
      vertex   -5.017574e+02 1.389550e+02 7.703465e+00
    endloop
  endfacet
  facet normal 7.933533e-01 -1.759810e-17 6.087614e-01
    outer loop
      vertex   -5.008038e+02 1.389550e+02 6.460825e+00
      vertex   -5.017574e+02 1.389550e+02 7.703465e+00
      vertex   -5.017574e+02 1.067328e+02 7.703465e+00
    endloop
  endfacet
  facet normal 6.087614e-01 -2.186812e-17 7.933533e-01
    outer loop
      vertex   -5.017574e+02 1.067328e+02 7.703465e+00
      vertex   -5.017574e+02 1.389550e+02 7.703465e+00
      vertex   -5.030000e+02 1.067328e+02 8.656977e+00
    endloop
  endfacet
  facet normal 9.238795e-01 -0.000000e+00 3.826834e-01
    outer loop
      vertex   -5.002044e+02 3.000662e+02 5.013739e+00
      vertex   -5.002044e+02 3.322884e+02 5.013739e+00
      vertex   -5.008038e+02 3.000662e+02 6.460825e+00
    endloop
  endfacet
  facet normal 9.238795e-01 1.054835e-17 3.826834e-01
    outer loop
      vertex   -5.008038e+02 3.000662e+02 6.460825e+00
      vertex   -5.002044e+02 3.322884e+02 5.013739e+00
      vertex   -5.008038e+02 3.322884e+02 6.460825e+00
    endloop
  endfacet
  facet normal 7.933533e-01 1.678000e-17 6.087614e-01
    outer loop
      vertex   -5.008038e+02 3.000662e+02 6.460825e+00
      vertex   -5.008038e+02 3.322884e+02 6.460825e+00
      vertex   -5.017574e+02 3.000662e+02 7.703465e+00
    endloop
  endfacet
  facet normal 7.933533e-01 -1.678000e-17 6.087614e-01
    outer loop
      vertex   -5.017574e+02 3.000662e+02 7.703465e+00
      vertex   -5.008038e+02 3.322884e+02 6.460825e+00
      vertex   -5.017574e+02 3.322884e+02 7.703465e+00
    endloop
  endfacet
  facet normal 6.087614e-01 -2.186812e-17 7.933533e-01
    outer loop
      vertex   -5.017574e+02 3.000662e+02 7.703465e+00
      vertex   -5.017574e+02 3.322884e+02 7.703465e+00
      vertex   -5.030000e+02 3.000662e+02 8.656977e+00
    endloop
  endfacet
  facet normal 9.914449e-01 -0.000000e+00 1.305262e-01
    outer loop
      vertex   -5.002044e+02 2.033995e+02 5.013739e+00
      vertex   -5.000000e+02 3.645106e+02 3.460825e+00
      vertex   -5.002044e+02 2.356217e+02 5.013739e+00
    endloop
  endfacet
  facet normal 9.914449e-01 -3.597845e-18 1.305262e-01
    outer loop
      vertex   -5.002044e+02 2.356217e+02 5.013739e+00
      vertex   -5.000000e+02 3.645106e+02 3.460825e+00
      vertex   -5.002044e+02 2.678439e+02 5.013739e+00
    endloop
  endfacet
  facet normal 9.238795e-01 -1.054835e-17 3.826834e-01
    outer loop
      vertex   -5.002044e+02 2.356217e+02 5.013739e+00
      vertex   -5.002044e+02 2.678439e+02 5.013739e+00
      vertex   -5.008038e+02 2.356217e+02 6.460825e+00
    endloop
  endfacet
  facet normal 9.238795e-01 -0.000000e+00 3.826834e-01
    outer loop
      vertex   -5.002044e+02 2.033995e+02 5.013739e+00
      vertex   -5.002044e+02 2.356217e+02 5.013739e+00
      vertex   -5.008038e+02 2.033995e+02 6.460825e+00
    endloop
  endfacet
  facet normal 9.238795e-01 -0.000000e+00 3.826834e-01
    outer loop
      vertex   -5.008038e+02 2.033995e+02 6.460825e+00
      vertex   -5.002044e+02 2.356217e+02 5.013739e+00
      vertex   -5.008038e+02 2.356217e+02 6.460825e+00
    endloop
  endfacet
  facet normal 7.933533e-01 -0.000000e+00 6.087614e-01
    outer loop
      vertex   -5.008038e+02 2.033995e+02 6.460825e+00
      vertex   -5.008038e+02 2.356217e+02 6.460825e+00
      vertex   -5.017574e+02 2.033995e+02 7.703465e+00
    endloop
  endfacet
  facet normal 9.838460e-01 -9.868898e-18 1.790169e-01
    outer loop
      vertex   -5.002044e+02 1.067328e+02 5.013739e+00
      vertex   -5.000289e+02 7.453950e+01 4.048927e+00
      vertex   -5.002044e+02 1.389550e+02 5.013739e+00
    endloop
  endfacet
  facet normal 9.838460e-01 -0.000000e+00 1.790169e-01
    outer loop
      vertex   -5.002044e+02 1.389550e+02 5.013739e+00
      vertex   -5.000289e+02 7.453950e+01 4.048927e+00
      vertex   -5.002044e+02 1.711773e+02 5.013739e+00
    endloop
  endfacet
  facet normal 9.238795e-01 -0.000000e+00 3.826834e-01
    outer loop
      vertex   -5.002044e+02 1.389550e+02 5.013739e+00
      vertex   -5.002044e+02 1.711773e+02 5.013739e+00
      vertex   -5.008038e+02 1.389550e+02 6.460825e+00
    endloop
  endfacet
  facet normal 9.238795e-01 -2.199763e-17 3.826834e-01
    outer loop
      vertex   -5.008038e+02 1.067328e+02 6.460825e+00
      vertex   -5.002044e+02 1.067328e+02 5.013739e+00
      vertex   -5.002044e+02 1.389550e+02 5.013739e+00
    endloop
  endfacet
  facet normal 9.238795e-01 1.054835e-17 3.826834e-01
    outer loop
      vertex   -5.008038e+02 1.067328e+02 6.460825e+00
      vertex   -5.002044e+02 1.389550e+02 5.013739e+00
      vertex   -5.008038e+02 1.389550e+02 6.460825e+00
    endloop
  endfacet
  facet normal 9.238795e-01 -1.610226e-15 3.826834e-01
    outer loop
      vertex   -5.002044e+02 3.000662e+02 5.013739e+00
      vertex   -5.008038e+02 3.000662e+02 6.460825e+00
      vertex   -5.008038e+02 2.678439e+02 6.460825e+00
    endloop
  endfacet
  facet normal 7.933533e-01 -1.365999e-15 6.087614e-01
    outer loop
      vertex   -5.008038e+02 2.678439e+02 6.460825e+00
      vertex   -5.008038e+02 3.000662e+02 6.460825e+00
      vertex   -5.017574e+02 2.678439e+02 7.703465e+00
    endloop
  endfacet
  facet normal 7.933533e-01 0.000000e+00 6.087614e-01
    outer loop
      vertex   -5.008038e+02 2.678439e+02 6.460825e+00
      vertex   -5.017574e+02 2.678439e+02 7.703465e+00
      vertex   -5.017574e+02 2.356217e+02 7.703465e+00
    endloop
  endfacet
  facet normal 6.087614e-01 -0.000000e+00 7.933533e-01
    outer loop
      vertex   -5.017574e+02 2.356217e+02 7.703465e+00
      vertex   -5.017574e+02 2.678439e+02 7.703465e+00
      vertex   -5.030000e+02 2.356217e+02 8.656977e+00
    endloop
  endfacet
  facet normal 6.087614e-01 4.399525e-17 7.933533e-01
    outer loop
      vertex   -5.017574e+02 2.356217e+02 7.703465e+00
      vertex   -5.030000e+02 2.356217e+02 8.656977e+00
      vertex   -5.030000e+02 2.033995e+02 8.656977e+00
    endloop
  endfacet
  facet normal 3.826834e-01 5.093192e-17 9.238795e-01
    outer loop
      vertex   -5.030000e+02 2.033995e+02 8.656977e+00
      vertex   -5.030000e+02 2.356217e+02 8.656977e+00
      vertex   -5.044471e+02 2.033995e+02 9.256379e+00
    endloop
  endfacet
  facet normal 3.826834e-01 0.000000e+00 9.238795e-01
    outer loop
      vertex   -5.030000e+02 2.033995e+02 8.656977e+00
      vertex   -5.044471e+02 2.033995e+02 9.256379e+00
      vertex   -5.044471e+02 1.711773e+02 9.256379e+00
    endloop
  endfacet
  facet normal 1.305262e-01 -0.000000e+00 9.914449e-01
    outer loop
      vertex   -5.044471e+02 1.711773e+02 9.256379e+00
      vertex   -5.044471e+02 2.033995e+02 9.256379e+00
      vertex   -5.060000e+02 8.051060e+01 9.460825e+00
    endloop
  endfacet
  facet normal 7.933533e-01 -3.355999e-17 6.087614e-01
    outer loop
      vertex   -5.017574e+02 2.678439e+02 7.703465e+00
      vertex   -5.008038e+02 3.000662e+02 6.460825e+00
      vertex   -5.017574e+02 3.000662e+02 7.703465e+00
    endloop
  endfacet
  facet normal 9.238795e-01 1.979786e-17 3.826834e-01
    outer loop
      vertex   -5.002044e+02 2.033995e+02 5.013739e+00
      vertex   -5.008038e+02 2.033995e+02 6.460825e+00
      vertex   -5.008038e+02 1.711773e+02 6.460825e+00
    endloop
  endfacet
  facet normal 7.933533e-01 3.355999e-17 6.087614e-01
    outer loop
      vertex   -5.008038e+02 1.711773e+02 6.460825e+00
      vertex   -5.008038e+02 2.033995e+02 6.460825e+00
      vertex   -5.017574e+02 1.711773e+02 7.703465e+00
    endloop
  endfacet
  facet normal 7.933533e-01 -1.759810e-17 6.087614e-01
    outer loop
      vertex   -5.008038e+02 1.711773e+02 6.460825e+00
      vertex   -5.017574e+02 1.711773e+02 7.703465e+00
      vertex   -5.017574e+02 1.389550e+02 7.703465e+00
    endloop
  endfacet
  facet normal 6.087614e-01 -2.186812e-17 7.933533e-01
    outer loop
      vertex   -5.017574e+02 1.389550e+02 7.703465e+00
      vertex   -5.017574e+02 1.711773e+02 7.703465e+00
      vertex   -5.030000e+02 1.389550e+02 8.656977e+00
    endloop
  endfacet
  facet normal 6.087614e-01 4.399525e-17 7.933533e-01
    outer loop
      vertex   -5.017574e+02 1.389550e+02 7.703465e+00
      vertex   -5.030000e+02 1.389550e+02 8.656977e+00
      vertex   -5.030000e+02 1.067328e+02 8.656977e+00
    endloop
  endfacet
  facet normal 3.826834e-01 5.093192e-17 9.238795e-01
    outer loop
      vertex   -5.030000e+02 1.067328e+02 8.656977e+00
      vertex   -5.030000e+02 1.389550e+02 8.656977e+00
      vertex   -5.044471e+02 1.067328e+02 9.256379e+00
    endloop
  endfacet
  facet normal 7.933533e-01 -0.000000e+00 6.087614e-01
    outer loop
      vertex   -5.017574e+02 1.711773e+02 7.703465e+00
      vertex   -5.008038e+02 2.033995e+02 6.460825e+00
      vertex   -5.017574e+02 2.033995e+02 7.703465e+00
    endloop
  endfacet
  facet normal 7.933533e-01 1.759810e-17 6.087614e-01
    outer loop
      vertex   -5.017574e+02 1.067328e+02 7.703465e+00
      vertex   -5.008038e+02 1.067328e+02 6.460825e+00
      vertex   -5.008038e+02 1.389550e+02 6.460825e+00
    endloop
  endfacet
  facet normal 6.087614e-01 -4.373623e-17 7.933533e-01
    outer loop
      vertex   -5.017574e+02 2.678439e+02 7.703465e+00
      vertex   -5.017574e+02 3.000662e+02 7.703465e+00
      vertex   -5.030000e+02 2.678439e+02 8.656977e+00
    endloop
  endfacet
  facet normal 6.087614e-01 -0.000000e+00 7.933533e-01
    outer loop
      vertex   -5.030000e+02 2.678439e+02 8.656977e+00
      vertex   -5.017574e+02 3.000662e+02 7.703465e+00
      vertex   -5.030000e+02 3.000662e+02 8.656977e+00
    endloop
  endfacet
  facet normal 3.826834e-01 -0.000000e+00 9.238795e-01
    outer loop
      vertex   -5.030000e+02 2.678439e+02 8.656977e+00
      vertex   -5.030000e+02 3.000662e+02 8.656977e+00
      vertex   -5.044471e+02 2.678439e+02 9.256379e+00
    endloop
  endfacet
  facet normal 6.087614e-01 -1.030184e-15 7.933533e-01
    outer loop
      vertex   -5.030000e+02 1.389550e+02 8.656977e+00
      vertex   -5.017574e+02 1.711773e+02 7.703465e+00
      vertex   -5.030000e+02 1.711773e+02 8.656977e+00
    endloop
  endfacet
  facet normal 6.087614e-01 0.000000e+00 7.933533e-01
    outer loop
      vertex   -5.030000e+02 1.711773e+02 8.656977e+00
      vertex   -5.017574e+02 1.711773e+02 7.703465e+00
      vertex   -5.017574e+02 2.033995e+02 7.703465e+00
    endloop
  endfacet
  facet normal 3.826834e-01 -0.000000e+00 9.238795e-01
    outer loop
      vertex   -5.044471e+02 3.000662e+02 9.256379e+00
      vertex   -5.030000e+02 3.322884e+02 8.656977e+00
      vertex   -5.044471e+02 3.322884e+02 9.256379e+00
    endloop
  endfacet
  facet normal 6.087614e-01 4.399525e-17 7.933533e-01
    outer loop
      vertex   -5.017574e+02 2.678439e+02 7.703465e+00
      vertex   -5.030000e+02 2.678439e+02 8.656977e+00
      vertex   -5.030000e+02 2.356217e+02 8.656977e+00
    endloop
  endfacet
  facet normal 3.826834e-01 5.093192e-17 9.238795e-01
    outer loop
      vertex   -5.030000e+02 2.356217e+02 8.656977e+00
      vertex   -5.030000e+02 2.678439e+02 8.656977e+00
      vertex   -5.044471e+02 2.356217e+02 9.256379e+00
    endloop
  endfacet
  facet normal 3.826834e-01 0.000000e+00 9.238795e-01
    outer loop
      vertex   -5.030000e+02 2.356217e+02 8.656977e+00
      vertex   -5.044471e+02 2.356217e+02 9.256379e+00
      vertex   -5.044471e+02 2.033995e+02 9.256379e+00
    endloop
  endfacet
  facet normal 1.305262e-01 -0.000000e+00 9.914449e-01
    outer loop
      vertex   -5.044471e+02 2.033995e+02 9.256379e+00
      vertex   -5.044471e+02 2.356217e+02 9.256379e+00
      vertex   -5.060000e+02 8.051060e+01 9.460825e+00
    endloop
  endfacet
  facet normal 3.826834e-01 -0.000000e+00 9.238795e-01
    outer loop
      vertex   -5.044471e+02 2.356217e+02 9.256379e+00
      vertex   -5.030000e+02 2.678439e+02 8.656977e+00
      vertex   -5.044471e+02 2.678439e+02 9.256379e+00
    endloop
  endfacet
  facet normal 3.826834e-01 -0.000000e+00 9.238795e-01
    outer loop
      vertex   -5.044471e+02 1.067328e+02 9.256379e+00
      vertex   -5.030000e+02 1.389550e+02 8.656977e+00
      vertex   -5.044471e+02 1.389550e+02 9.256379e+00
    endloop
  endfacet
  facet normal 3.826834e-01 -6.225328e-16 9.238795e-01
    outer loop
      vertex   -5.044471e+02 1.389550e+02 9.256379e+00
      vertex   -5.030000e+02 1.389550e+02 8.656977e+00
      vertex   -5.030000e+02 1.711773e+02 8.656977e+00
    endloop
  endfacet
  facet normal 1.305262e-01 0.000000e+00 9.914449e-01
    outer loop
      vertex   -5.060000e+02 3.645106e+02 9.460825e+00
      vertex   -5.044471e+02 3.000662e+02 9.256379e+00
      vertex   -5.044471e+02 3.322884e+02 9.256379e+00
    endloop
  endfacet
  facet normal -4.836484e-18 -9.801714e-02 9.951847e-01
    outer loop
      vertex   -5.060000e+02 8.051060e+01 9.460825e+00
      vertex   -7.940000e+02 8.051060e+01 9.460825e+00
      vertex   -5.048295e+02 7.934006e+01 9.345536e+00
    endloop
  endfacet
  facet normal -2.679120e-04 -1.633534e-01 9.865676e-01
    outer loop
      vertex   -5.048295e+02 7.934006e+01 9.345536e+00
      vertex   -7.940000e+02 8.051060e+01 9.460825e+00
      vertex   -6.000000e+02 7.895769e+01 9.256379e+00
    endloop
  endfacet
  facet normal 0.000000e+00 -2.270763e-01 9.738770e-01
    outer loop
      vertex   -5.048295e+02 7.934006e+01 9.345536e+00
      vertex   -6.000000e+02 7.895769e+01 9.256379e+00
      vertex   -5.666667e+02 7.895769e+01 9.256379e+00
    endloop
  endfacet
  facet normal 0.000000e+00 -3.826834e-01 9.238795e-01
    outer loop
      vertex   -5.666667e+02 7.895769e+01 9.256379e+00
      vertex   -6.000000e+02 7.895769e+01 9.256379e+00
      vertex   -5.666667e+02 7.751060e+01 8.656977e+00
    endloop
  endfacet
  facet normal 0.000000e+00 -3.826834e-01 9.238795e-01
    outer loop
      vertex   -5.666667e+02 7.895769e+01 9.256379e+00
      vertex   -5.666667e+02 7.751060e+01 8.656977e+00
      vertex   -5.333333e+02 7.751060e+01 8.656977e+00
    endloop
  endfacet
  facet normal 0.000000e+00 -6.087614e-01 7.933533e-01
    outer loop
      vertex   -5.333333e+02 7.751060e+01 8.656977e+00
      vertex   -5.666667e+02 7.751060e+01 8.656977e+00
      vertex   -5.333333e+02 7.626796e+01 7.703465e+00
    endloop
  endfacet
  facet normal -1.254921e-03 -6.087609e-01 7.933527e-01
    outer loop
      vertex   -5.333333e+02 7.751060e+01 8.656977e+00
      vertex   -5.333333e+02 7.626796e+01 7.703465e+00
      vertex   -5.026666e+02 7.717718e+01 8.449642e+00
    endloop
  endfacet
  facet normal 1.106043e-16 -6.343933e-01 7.730105e-01
    outer loop
      vertex   -5.026666e+02 7.717718e+01 8.449642e+00
      vertex   -5.333333e+02 7.626796e+01 7.703465e+00
      vertex   -5.017574e+02 7.626796e+01 7.703465e+00
    endloop
  endfacet
  facet normal 8.922202e-17 -7.730105e-01 6.343933e-01
    outer loop
      vertex   -5.017574e+02 7.626796e+01 7.703465e+00
      vertex   -5.333333e+02 7.626796e+01 7.703465e+00
      vertex   -5.010112e+02 7.552179e+01 6.794246e+00
    endloop
  endfacet
  facet normal -1.190649e-03 -7.933528e-01 6.087610e-01
    outer loop
      vertex   -5.010112e+02 7.552179e+01 6.794246e+00
      vertex   -5.333333e+02 7.626796e+01 7.703465e+00
      vertex   -5.333333e+02 7.531445e+01 6.460825e+00
    endloop
  endfacet
  facet normal 7.899616e-04 -8.817454e-01 4.717250e-01
    outer loop
      vertex   -5.010112e+02 7.552179e+01 6.794246e+00
      vertex   -5.333333e+02 7.531445e+01 6.460825e+00
      vertex   -5.004567e+02 7.496733e+01 5.756925e+00
    endloop
  endfacet
  facet normal -1.561316e-03 -9.238784e-01 3.826830e-01
    outer loop
      vertex   -5.004567e+02 7.496733e+01 5.756925e+00
      vertex   -5.333333e+02 7.531445e+01 6.460825e+00
      vertex   -5.333333e+02 7.471505e+01 5.013739e+00
    endloop
  endfacet
  facet normal 7.757042e-04 -9.568747e-01 2.905001e-01
    outer loop
      vertex   -5.004567e+02 7.496733e+01 5.756925e+00
      vertex   -5.333333e+02 7.471505e+01 5.013739e+00
      vertex   -5.001153e+02 7.462589e+01 4.631366e+00
    endloop
  endfacet
  facet normal -9.675947e-04 -9.891969e-01 1.465900e-01
    outer loop
      vertex   -5.001153e+02 7.462589e+01 4.631366e+00
      vertex   -5.333333e+02 7.471505e+01 5.013739e+00
      vertex   -5.000289e+02 7.453950e+01 4.048927e+00
    endloop
  endfacet
  facet normal -3.848843e-03 -9.987973e-01 4.887868e-02
    outer loop
      vertex   -5.000289e+02 7.453950e+01 4.048927e+00
      vertex   -5.333333e+02 7.471505e+01 5.013739e+00
      vertex   -5.000000e+02 7.451060e+01 3.460825e+00
    endloop
  endfacet
  facet normal 0.000000e+00 -9.914449e-01 1.305262e-01
    outer loop
      vertex   -5.000000e+02 7.451060e+01 3.460825e+00
      vertex   -5.333333e+02 7.471505e+01 5.013739e+00
      vertex   -5.666667e+02 7.471505e+01 5.013739e+00
    endloop
  endfacet
  facet normal 0.000000e+00 -9.914449e-01 1.305262e-01
    outer loop
      vertex   -5.000000e+02 7.451060e+01 3.460825e+00
      vertex   -5.666667e+02 7.471505e+01 5.013739e+00
      vertex   -6.000000e+02 7.471505e+01 5.013739e+00
    endloop
  endfacet
  facet normal 0.000000e+00 -9.238795e-01 3.826834e-01
    outer loop
      vertex   -6.000000e+02 7.471505e+01 5.013739e+00
      vertex   -5.666667e+02 7.471505e+01 5.013739e+00
      vertex   -6.000000e+02 7.531445e+01 6.460825e+00
    endloop
  endfacet
  facet normal 0.000000e+00 -9.238795e-01 3.826834e-01
    outer loop
      vertex   -6.000000e+02 7.471505e+01 5.013739e+00
      vertex   -6.000000e+02 7.531445e+01 6.460825e+00
      vertex   -6.333333e+02 7.531445e+01 6.460825e+00
    endloop
  endfacet
  facet normal 0.000000e+00 -7.933533e-01 6.087614e-01
    outer loop
      vertex   -6.333333e+02 7.531445e+01 6.460825e+00
      vertex   -6.000000e+02 7.531445e+01 6.460825e+00
      vertex   -6.333333e+02 7.626796e+01 7.703465e+00
    endloop
  endfacet
  facet normal 0.000000e+00 -7.933533e-01 6.087614e-01
    outer loop
      vertex   -6.333333e+02 7.531445e+01 6.460825e+00
      vertex   -6.333333e+02 7.626796e+01 7.703465e+00
      vertex   -6.666667e+02 7.626796e+01 7.703465e+00
    endloop
  endfacet
  facet normal 0.000000e+00 -6.087614e-01 7.933533e-01
    outer loop
      vertex   -6.666667e+02 7.626796e+01 7.703465e+00
      vertex   -6.333333e+02 7.626796e+01 7.703465e+00
      vertex   -6.666667e+02 7.751060e+01 8.656977e+00
    endloop
  endfacet
  facet normal 0.000000e+00 -6.087614e-01 7.933533e-01
    outer loop
      vertex   -6.666667e+02 7.626796e+01 7.703465e+00
      vertex   -6.666667e+02 7.751060e+01 8.656977e+00
      vertex   -7.000000e+02 7.751060e+01 8.656977e+00
    endloop
  endfacet
  facet normal 0.000000e+00 -3.826834e-01 9.238795e-01
    outer loop
      vertex   -7.000000e+02 7.751060e+01 8.656977e+00
      vertex   -6.666667e+02 7.751060e+01 8.656977e+00
      vertex   -7.000000e+02 7.895769e+01 9.256379e+00
    endloop
  endfacet
  facet normal 0.000000e+00 -3.826834e-01 9.238795e-01
    outer loop
      vertex   -7.000000e+02 7.751060e+01 8.656977e+00
      vertex   -7.000000e+02 7.895769e+01 9.256379e+00
      vertex   -7.333333e+02 7.895769e+01 9.256379e+00
    endloop
  endfacet
  facet normal 0.000000e+00 -1.305262e-01 9.914449e-01
    outer loop
      vertex   -7.333333e+02 7.895769e+01 9.256379e+00
      vertex   -7.000000e+02 7.895769e+01 9.256379e+00
      vertex   -7.940000e+02 8.051060e+01 9.460825e+00
    endloop
  endfacet
  facet normal 0.000000e+00 -1.305262e-01 9.914449e-01
    outer loop
      vertex   -7.333333e+02 7.895769e+01 9.256379e+00
      vertex   -7.940000e+02 8.051060e+01 9.460825e+00
      vertex   -7.666667e+02 7.895769e+01 9.256379e+00
    endloop
  endfacet
  facet normal 1.773830e-03 -9.977362e-02 9.950086e-01
    outer loop
      vertex   -7.666667e+02 7.895769e+01 9.256379e+00
      vertex   -7.940000e+02 8.051060e+01 9.460825e+00
      vertex   -7.951705e+02 7.934006e+01 9.345536e+00
    endloop
  endfacet
  facet normal -8.892042e-04 -2.894702e-01 9.571866e-01
    outer loop
      vertex   -7.666667e+02 7.895769e+01 9.256379e+00
      vertex   -7.951705e+02 7.934006e+01 9.345536e+00
      vertex   -7.962961e+02 7.821450e+01 9.004102e+00
    endloop
  endfacet
  facet normal 1.732424e-03 -3.826829e-01 9.238781e-01
    outer loop
      vertex   -7.666667e+02 7.895769e+01 9.256379e+00
      vertex   -7.962961e+02 7.821450e+01 9.004102e+00
      vertex   -7.666667e+02 7.751060e+01 8.656977e+00
    endloop
  endfacet
  facet normal -8.469033e-04 -4.707377e-01 8.822728e-01
    outer loop
      vertex   -7.666667e+02 7.751060e+01 8.656977e+00
      vertex   -7.962961e+02 7.821450e+01 9.004102e+00
      vertex   -7.973334e+02 7.717718e+01 8.449642e+00
    endloop
  endfacet
  facet normal 1.254921e-03 -6.087609e-01 7.933527e-01
    outer loop
      vertex   -7.666667e+02 7.751060e+01 8.656977e+00
      vertex   -7.973334e+02 7.717718e+01 8.449642e+00
      vertex   -7.666667e+02 7.626796e+01 7.703465e+00
    endloop
  endfacet
  facet normal 6.523041e-17 -6.343933e-01 7.730105e-01
    outer loop
      vertex   -7.666667e+02 7.626796e+01 7.703465e+00
      vertex   -7.973334e+02 7.717718e+01 8.449642e+00
      vertex   -7.982426e+02 7.626796e+01 7.703465e+00
    endloop
  endfacet
  facet normal 5.353321e-17 -7.730105e-01 6.343933e-01
    outer loop
      vertex   -7.666667e+02 7.626796e+01 7.703465e+00
      vertex   -7.982426e+02 7.626796e+01 7.703465e+00
      vertex   -7.989888e+02 7.552179e+01 6.794246e+00
    endloop
  endfacet
  facet normal 1.190649e-03 -7.933528e-01 6.087610e-01
    outer loop
      vertex   -7.666667e+02 7.626796e+01 7.703465e+00
      vertex   -7.989888e+02 7.552179e+01 6.794246e+00
      vertex   -7.666667e+02 7.531445e+01 6.460825e+00
    endloop
  endfacet
  facet normal -7.899616e-04 -8.817454e-01 4.717250e-01
    outer loop
      vertex   -7.666667e+02 7.531445e+01 6.460825e+00
      vertex   -7.989888e+02 7.552179e+01 6.794246e+00
      vertex   -7.995433e+02 7.496733e+01 5.756925e+00
    endloop
  endfacet
  facet normal 1.561316e-03 -9.238784e-01 3.826830e-01
    outer loop
      vertex   -7.666667e+02 7.531445e+01 6.460825e+00
      vertex   -7.995433e+02 7.496733e+01 5.756925e+00
      vertex   -7.666667e+02 7.471505e+01 5.013739e+00
    endloop
  endfacet
  facet normal -7.757042e-04 -9.568747e-01 2.905001e-01
    outer loop
      vertex   -7.666667e+02 7.471505e+01 5.013739e+00
      vertex   -7.995433e+02 7.496733e+01 5.756925e+00
      vertex   -7.998847e+02 7.462589e+01 4.631366e+00
    endloop
  endfacet
  facet normal 9.675947e-04 -9.891969e-01 1.465900e-01
    outer loop
      vertex   -7.666667e+02 7.471505e+01 5.013739e+00
      vertex   -7.998847e+02 7.462589e+01 4.631366e+00
      vertex   -7.999711e+02 7.453950e+01 4.048927e+00
    endloop
  endfacet
  facet normal 0.000000e+00 -9.987955e-01 4.906767e-02
    outer loop
      vertex   -8.000000e+02 7.451060e+01 3.460825e+00
      vertex   -5.000000e+02 7.451060e+01 3.460825e+00
      vertex   -7.999711e+02 7.453950e+01 4.048927e+00
    endloop
  endfacet
  facet normal 2.025335e-04 -9.884016e-01 1.518625e-01
    outer loop
      vertex   -7.999711e+02 7.453950e+01 4.048927e+00
      vertex   -5.000000e+02 7.451060e+01 3.460825e+00
      vertex   -6.666667e+02 7.471505e+01 5.013739e+00
    endloop
  endfacet
  facet normal 0.000000e+00 -9.838460e-01 1.790169e-01
    outer loop
      vertex   -7.999711e+02 7.453950e+01 4.048927e+00
      vertex   -6.666667e+02 7.471505e+01 5.013739e+00
      vertex   -7.000000e+02 7.471505e+01 5.013739e+00
    endloop
  endfacet
  facet normal 0.000000e+00 -9.238795e-01 3.826834e-01
    outer loop
      vertex   -7.000000e+02 7.471505e+01 5.013739e+00
      vertex   -6.666667e+02 7.471505e+01 5.013739e+00
      vertex   -7.000000e+02 7.531445e+01 6.460825e+00
    endloop
  endfacet
  facet normal 0.000000e+00 -9.238795e-01 3.826834e-01
    outer loop
      vertex   -7.000000e+02 7.471505e+01 5.013739e+00
      vertex   -7.000000e+02 7.531445e+01 6.460825e+00
      vertex   -7.333333e+02 7.531445e+01 6.460825e+00
    endloop
  endfacet
  facet normal 0.000000e+00 -7.933533e-01 6.087614e-01
    outer loop
      vertex   -7.333333e+02 7.531445e+01 6.460825e+00
      vertex   -7.000000e+02 7.531445e+01 6.460825e+00
      vertex   -7.333333e+02 7.626796e+01 7.703465e+00
    endloop
  endfacet
  facet normal -1.701150e-17 -7.933533e-01 6.087614e-01
    outer loop
      vertex   -7.333333e+02 7.531445e+01 6.460825e+00
      vertex   -7.333333e+02 7.626796e+01 7.703465e+00
      vertex   -7.666667e+02 7.626796e+01 7.703465e+00
    endloop
  endfacet
  facet normal -2.113918e-17 -6.087614e-01 7.933533e-01
    outer loop
      vertex   -7.666667e+02 7.626796e+01 7.703465e+00
      vertex   -7.333333e+02 7.626796e+01 7.703465e+00
      vertex   -7.666667e+02 7.751060e+01 8.656977e+00
    endloop
  endfacet
  facet normal 8.469033e-04 -4.707377e-01 8.822728e-01
    outer loop
      vertex   -5.026666e+02 7.717718e+01 8.449642e+00
      vertex   -5.037039e+02 7.821450e+01 9.004102e+00
      vertex   -5.333333e+02 7.751060e+01 8.656977e+00
    endloop
  endfacet
  facet normal -1.732424e-03 -3.826829e-01 9.238781e-01
    outer loop
      vertex   -5.333333e+02 7.751060e+01 8.656977e+00
      vertex   -5.037039e+02 7.821450e+01 9.004102e+00
      vertex   -5.333333e+02 7.895769e+01 9.256379e+00
    endloop
  endfacet
  facet normal 0.000000e+00 -3.826834e-01 9.238795e-01
    outer loop
      vertex   -5.333333e+02 7.751060e+01 8.656977e+00
      vertex   -5.333333e+02 7.895769e+01 9.256379e+00
      vertex   -5.666667e+02 7.895769e+01 9.256379e+00
    endloop
  endfacet
  facet normal 0.000000e+00 -2.270763e-01 9.738770e-01
    outer loop
      vertex   -5.666667e+02 7.895769e+01 9.256379e+00
      vertex   -5.333333e+02 7.895769e+01 9.256379e+00
      vertex   -5.048295e+02 7.934006e+01 9.345536e+00
    endloop
  endfacet
  facet normal 8.892042e-04 -2.894702e-01 9.571866e-01
    outer loop
      vertex   -5.037039e+02 7.821450e+01 9.004102e+00
      vertex   -5.048295e+02 7.934006e+01 9.345536e+00
      vertex   -5.333333e+02 7.895769e+01 9.256379e+00
    endloop
  endfacet
  facet normal 0.000000e+00 -3.826834e-01 9.238795e-01
    outer loop
      vertex   -7.333333e+02 7.895769e+01 9.256379e+00
      vertex   -7.666667e+02 7.895769e+01 9.256379e+00
      vertex   -7.333333e+02 7.751060e+01 8.656977e+00
    endloop
  endfacet
  facet normal 0.000000e+00 -3.826834e-01 9.238795e-01
    outer loop
      vertex   -7.333333e+02 7.751060e+01 8.656977e+00
      vertex   -7.666667e+02 7.895769e+01 9.256379e+00
      vertex   -7.666667e+02 7.751060e+01 8.656977e+00
    endloop
  endfacet
  facet normal 0.000000e+00 -6.087614e-01 7.933533e-01
    outer loop
      vertex   -7.333333e+02 7.751060e+01 8.656977e+00
      vertex   -7.666667e+02 7.751060e+01 8.656977e+00
      vertex   -7.333333e+02 7.626796e+01 7.703465e+00
    endloop
  endfacet
  facet normal 0.000000e+00 -1.305262e-01 9.914449e-01
    outer loop
      vertex   -7.000000e+02 7.895769e+01 9.256379e+00
      vertex   -6.666667e+02 7.895769e+01 9.256379e+00
      vertex   -7.940000e+02 8.051060e+01 9.460825e+00
    endloop
  endfacet
  facet normal 0.000000e+00 -1.305262e-01 9.914449e-01
    outer loop
      vertex   -7.940000e+02 8.051060e+01 9.460825e+00
      vertex   -6.666667e+02 7.895769e+01 9.256379e+00
      vertex   -6.333333e+02 7.895769e+01 9.256379e+00
    endloop
  endfacet
  facet normal 0.000000e+00 -1.305262e-01 9.914449e-01
    outer loop
      vertex   -7.940000e+02 8.051060e+01 9.460825e+00
      vertex   -6.333333e+02 7.895769e+01 9.256379e+00
      vertex   -6.000000e+02 7.895769e+01 9.256379e+00
    endloop
  endfacet
  facet normal 0.000000e+00 -3.826834e-01 9.238795e-01
    outer loop
      vertex   -6.000000e+02 7.895769e+01 9.256379e+00
      vertex   -6.333333e+02 7.895769e+01 9.256379e+00
      vertex   -6.000000e+02 7.751060e+01 8.656977e+00
    endloop
  endfacet
  facet normal 0.000000e+00 -3.826834e-01 9.238795e-01
    outer loop
      vertex   -6.000000e+02 7.895769e+01 9.256379e+00
      vertex   -6.000000e+02 7.751060e+01 8.656977e+00
      vertex   -5.666667e+02 7.751060e+01 8.656977e+00
    endloop
  endfacet
  facet normal 0.000000e+00 -6.087614e-01 7.933533e-01
    outer loop
      vertex   -5.666667e+02 7.751060e+01 8.656977e+00
      vertex   -6.000000e+02 7.751060e+01 8.656977e+00
      vertex   -5.666667e+02 7.626796e+01 7.703465e+00
    endloop
  endfacet
  facet normal 0.000000e+00 -6.087614e-01 7.933533e-01
    outer loop
      vertex   -5.666667e+02 7.751060e+01 8.656977e+00
      vertex   -5.666667e+02 7.626796e+01 7.703465e+00
      vertex   -5.333333e+02 7.626796e+01 7.703465e+00
    endloop
  endfacet
  facet normal 0.000000e+00 -7.933533e-01 6.087614e-01
    outer loop
      vertex   -5.333333e+02 7.626796e+01 7.703465e+00
      vertex   -5.666667e+02 7.626796e+01 7.703465e+00
      vertex   -5.333333e+02 7.531445e+01 6.460825e+00
    endloop
  endfacet
  facet normal 0.000000e+00 -3.826834e-01 9.238795e-01
    outer loop
      vertex   -7.000000e+02 7.895769e+01 9.256379e+00
      vertex   -6.666667e+02 7.751060e+01 8.656977e+00
      vertex   -6.666667e+02 7.895769e+01 9.256379e+00
    endloop
  endfacet
  facet normal 0.000000e+00 -3.826834e-01 9.238795e-01
    outer loop
      vertex   -6.666667e+02 7.895769e+01 9.256379e+00
      vertex   -6.666667e+02 7.751060e+01 8.656977e+00
      vertex   -6.333333e+02 7.751060e+01 8.656977e+00
    endloop
  endfacet
  facet normal 0.000000e+00 -3.826834e-01 9.238795e-01
    outer loop
      vertex   -6.666667e+02 7.895769e+01 9.256379e+00
      vertex   -6.333333e+02 7.751060e+01 8.656977e+00
      vertex   -6.333333e+02 7.895769e+01 9.256379e+00
    endloop
  endfacet
  facet normal 0.000000e+00 -3.826834e-01 9.238795e-01
    outer loop
      vertex   -6.333333e+02 7.895769e+01 9.256379e+00
      vertex   -6.333333e+02 7.751060e+01 8.656977e+00
      vertex   -6.000000e+02 7.751060e+01 8.656977e+00
    endloop
  endfacet
  facet normal 0.000000e+00 -3.826834e-01 9.238795e-01
    outer loop
      vertex   -7.333333e+02 7.895769e+01 9.256379e+00
      vertex   -7.333333e+02 7.751060e+01 8.656977e+00
      vertex   -7.000000e+02 7.751060e+01 8.656977e+00
    endloop
  endfacet
  facet normal 0.000000e+00 -6.087614e-01 7.933533e-01
    outer loop
      vertex   -7.000000e+02 7.751060e+01 8.656977e+00
      vertex   -7.333333e+02 7.751060e+01 8.656977e+00
      vertex   -7.000000e+02 7.626796e+01 7.703465e+00
    endloop
  endfacet
  facet normal 0.000000e+00 -6.087614e-01 7.933533e-01
    outer loop
      vertex   -7.000000e+02 7.751060e+01 8.656977e+00
      vertex   -7.000000e+02 7.626796e+01 7.703465e+00
      vertex   -6.666667e+02 7.626796e+01 7.703465e+00
    endloop
  endfacet
  facet normal 0.000000e+00 -7.933533e-01 6.087614e-01
    outer loop
      vertex   -6.666667e+02 7.626796e+01 7.703465e+00
      vertex   -7.000000e+02 7.626796e+01 7.703465e+00
      vertex   -6.666667e+02 7.531445e+01 6.460825e+00
    endloop
  endfacet
  facet normal 0.000000e+00 -7.933533e-01 6.087614e-01
    outer loop
      vertex   -6.666667e+02 7.626796e+01 7.703465e+00
      vertex   -6.666667e+02 7.531445e+01 6.460825e+00
      vertex   -6.333333e+02 7.531445e+01 6.460825e+00
    endloop
  endfacet
  facet normal 0.000000e+00 -9.238795e-01 3.826834e-01
    outer loop
      vertex   -6.333333e+02 7.531445e+01 6.460825e+00
      vertex   -6.666667e+02 7.531445e+01 6.460825e+00
      vertex   -6.333333e+02 7.471505e+01 5.013739e+00
    endloop
  endfacet
  facet normal 0.000000e+00 -9.238795e-01 3.826834e-01
    outer loop
      vertex   -6.333333e+02 7.531445e+01 6.460825e+00
      vertex   -6.333333e+02 7.471505e+01 5.013739e+00
      vertex   -6.000000e+02 7.471505e+01 5.013739e+00
    endloop
  endfacet
  facet normal 0.000000e+00 -9.914449e-01 1.305262e-01
    outer loop
      vertex   -6.000000e+02 7.471505e+01 5.013739e+00
      vertex   -6.333333e+02 7.471505e+01 5.013739e+00
      vertex   -5.000000e+02 7.451060e+01 3.460825e+00
    endloop
  endfacet
  facet normal 0.000000e+00 -6.087614e-01 7.933533e-01
    outer loop
      vertex   -7.000000e+02 7.626796e+01 7.703465e+00
      vertex   -7.333333e+02 7.751060e+01 8.656977e+00
      vertex   -7.333333e+02 7.626796e+01 7.703465e+00
    endloop
  endfacet
  facet normal 0.000000e+00 -6.087614e-01 7.933533e-01
    outer loop
      vertex   -6.666667e+02 7.751060e+01 8.656977e+00
      vertex   -6.333333e+02 7.626796e+01 7.703465e+00
      vertex   -6.333333e+02 7.751060e+01 8.656977e+00
    endloop
  endfacet
  facet normal 2.594253e-16 -6.087614e-01 7.933533e-01
    outer loop
      vertex   -6.333333e+02 7.751060e+01 8.656977e+00
      vertex   -6.333333e+02 7.626796e+01 7.703465e+00
      vertex   -6.000000e+02 7.626796e+01 7.703465e+00
    endloop
  endfacet
  facet normal 0.000000e+00 -6.087614e-01 7.933533e-01
    outer loop
      vertex   -6.333333e+02 7.751060e+01 8.656977e+00
      vertex   -6.000000e+02 7.626796e+01 7.703465e+00
      vertex   -6.000000e+02 7.751060e+01 8.656977e+00
    endloop
  endfacet
  facet normal 0.000000e+00 -6.087614e-01 7.933533e-01
    outer loop
      vertex   -6.000000e+02 7.751060e+01 8.656977e+00
      vertex   -6.000000e+02 7.626796e+01 7.703465e+00
      vertex   -5.666667e+02 7.626796e+01 7.703465e+00
    endloop
  endfacet
  facet normal 0.000000e+00 -7.933533e-01 6.087614e-01
    outer loop
      vertex   -6.666667e+02 7.531445e+01 6.460825e+00
      vertex   -7.000000e+02 7.626796e+01 7.703465e+00
      vertex   -7.000000e+02 7.531445e+01 6.460825e+00
    endloop
  endfacet
  facet normal 0.000000e+00 -7.933533e-01 6.087614e-01
    outer loop
      vertex   -7.000000e+02 7.531445e+01 6.460825e+00
      vertex   -7.000000e+02 7.626796e+01 7.703465e+00
      vertex   -7.333333e+02 7.626796e+01 7.703465e+00
    endloop
  endfacet
  facet normal 3.382269e-16 -7.933533e-01 6.087614e-01
    outer loop
      vertex   -6.333333e+02 7.626796e+01 7.703465e+00
      vertex   -6.000000e+02 7.531445e+01 6.460825e+00
      vertex   -6.000000e+02 7.626796e+01 7.703465e+00
    endloop
  endfacet
  facet normal 0.000000e+00 -7.933533e-01 6.087614e-01
    outer loop
      vertex   -6.000000e+02 7.626796e+01 7.703465e+00
      vertex   -6.000000e+02 7.531445e+01 6.460825e+00
      vertex   -5.666667e+02 7.531445e+01 6.460825e+00
    endloop
  endfacet
  facet normal 0.000000e+00 -7.933533e-01 6.087614e-01
    outer loop
      vertex   -6.000000e+02 7.626796e+01 7.703465e+00
      vertex   -5.666667e+02 7.531445e+01 6.460825e+00
      vertex   -5.666667e+02 7.626796e+01 7.703465e+00
    endloop
  endfacet
  facet normal 0.000000e+00 -7.933533e-01 6.087614e-01
    outer loop
      vertex   -5.666667e+02 7.626796e+01 7.703465e+00
      vertex   -5.666667e+02 7.531445e+01 6.460825e+00
      vertex   -5.333333e+02 7.531445e+01 6.460825e+00
    endloop
  endfacet
  facet normal 0.000000e+00 -7.933533e-01 6.087614e-01
    outer loop
      vertex   -7.666667e+02 7.626796e+01 7.703465e+00
      vertex   -7.666667e+02 7.531445e+01 6.460825e+00
      vertex   -7.333333e+02 7.531445e+01 6.460825e+00
    endloop
  endfacet
  facet normal 0.000000e+00 -9.238795e-01 3.826834e-01
    outer loop
      vertex   -7.333333e+02 7.531445e+01 6.460825e+00
      vertex   -7.666667e+02 7.531445e+01 6.460825e+00
      vertex   -7.333333e+02 7.471505e+01 5.013739e+00
    endloop
  endfacet
  facet normal 0.000000e+00 -9.238795e-01 3.826834e-01
    outer loop
      vertex   -7.333333e+02 7.531445e+01 6.460825e+00
      vertex   -7.333333e+02 7.471505e+01 5.013739e+00
      vertex   -7.000000e+02 7.471505e+01 5.013739e+00
    endloop
  endfacet
  facet normal 0.000000e+00 -9.838460e-01 1.790169e-01
    outer loop
      vertex   -7.000000e+02 7.471505e+01 5.013739e+00
      vertex   -7.333333e+02 7.471505e+01 5.013739e+00
      vertex   -7.999711e+02 7.453950e+01 4.048927e+00
    endloop
  endfacet
  facet normal 0.000000e+00 -9.238795e-01 3.826834e-01
    outer loop
      vertex   -6.333333e+02 7.471505e+01 5.013739e+00
      vertex   -6.666667e+02 7.531445e+01 6.460825e+00
      vertex   -6.666667e+02 7.471505e+01 5.013739e+00
    endloop
  endfacet
  facet normal 0.000000e+00 -9.238795e-01 3.826834e-01
    outer loop
      vertex   -6.666667e+02 7.471505e+01 5.013739e+00
      vertex   -6.666667e+02 7.531445e+01 6.460825e+00
      vertex   -7.000000e+02 7.531445e+01 6.460825e+00
    endloop
  endfacet
  facet normal 0.000000e+00 -9.238795e-01 3.826834e-01
    outer loop
      vertex   -5.333333e+02 7.471505e+01 5.013739e+00
      vertex   -5.333333e+02 7.531445e+01 6.460825e+00
      vertex   -5.666667e+02 7.531445e+01 6.460825e+00
    endloop
  endfacet
  facet normal 0.000000e+00 -9.238795e-01 3.826834e-01
    outer loop
      vertex   -5.333333e+02 7.471505e+01 5.013739e+00
      vertex   -5.666667e+02 7.531445e+01 6.460825e+00
      vertex   -5.666667e+02 7.471505e+01 5.013739e+00
    endloop
  endfacet
  facet normal 0.000000e+00 -9.238795e-01 3.826834e-01
    outer loop
      vertex   -5.666667e+02 7.471505e+01 5.013739e+00
      vertex   -5.666667e+02 7.531445e+01 6.460825e+00
      vertex   -6.000000e+02 7.531445e+01 6.460825e+00
    endloop
  endfacet
  facet normal 0.000000e+00 -9.838460e-01 1.790169e-01
    outer loop
      vertex   -7.999711e+02 7.453950e+01 4.048927e+00
      vertex   -7.333333e+02 7.471505e+01 5.013739e+00
      vertex   -7.666667e+02 7.471505e+01 5.013739e+00
    endloop
  endfacet
  facet normal 0.000000e+00 -9.238795e-01 3.826834e-01
    outer loop
      vertex   -7.666667e+02 7.471505e+01 5.013739e+00
      vertex   -7.333333e+02 7.471505e+01 5.013739e+00
      vertex   -7.666667e+02 7.531445e+01 6.460825e+00
    endloop
  endfacet
  facet normal 0.000000e+00 -9.914449e-01 1.305262e-01
    outer loop
      vertex   -5.000000e+02 7.451060e+01 3.460825e+00
      vertex   -6.333333e+02 7.471505e+01 5.013739e+00
      vertex   -6.666667e+02 7.471505e+01 5.013739e+00
    endloop
  endfacet
  facet normal -9.801714e-02 0.000000e+00 9.951847e-01
    outer loop
      vertex   -7.940000e+02 8.051060e+01 9.460825e+00
      vertex   -7.940000e+02 3.685106e+02 9.460825e+00
      vertex   -7.951705e+02 7.934006e+01 9.345536e+00
    endloop
  endfacet
  facet normal -1.633534e-01 2.679120e-04 9.865676e-01
    outer loop
      vertex   -7.951705e+02 7.934006e+01 9.345536e+00
      vertex   -7.940000e+02 3.685106e+02 9.460825e+00
      vertex   -7.955529e+02 1.745106e+02 9.256379e+00
    endloop
  endfacet
  facet normal -2.270763e-01 0.000000e+00 9.738770e-01
    outer loop
      vertex   -7.951705e+02 7.934006e+01 9.345536e+00
      vertex   -7.955529e+02 1.745106e+02 9.256379e+00
      vertex   -7.955529e+02 1.411773e+02 9.256379e+00
    endloop
  endfacet
  facet normal -3.826834e-01 0.000000e+00 9.238795e-01
    outer loop
      vertex   -7.955529e+02 1.411773e+02 9.256379e+00
      vertex   -7.955529e+02 1.745106e+02 9.256379e+00
      vertex   -7.970000e+02 1.411773e+02 8.656977e+00
    endloop
  endfacet
  facet normal -3.826834e-01 0.000000e+00 9.238795e-01
    outer loop
      vertex   -7.955529e+02 1.411773e+02 9.256379e+00
      vertex   -7.970000e+02 1.411773e+02 8.656977e+00
      vertex   -7.970000e+02 1.078439e+02 8.656977e+00
    endloop
  endfacet
  facet normal -6.087614e-01 0.000000e+00 7.933533e-01
    outer loop
      vertex   -7.970000e+02 1.078439e+02 8.656977e+00
      vertex   -7.970000e+02 1.411773e+02 8.656977e+00
      vertex   -7.982426e+02 1.078439e+02 7.703465e+00
    endloop
  endfacet
  facet normal -6.087609e-01 1.254921e-03 7.933527e-01
    outer loop
      vertex   -7.970000e+02 1.078439e+02 8.656977e+00
      vertex   -7.982426e+02 1.078439e+02 7.703465e+00
      vertex   -7.973334e+02 7.717718e+01 8.449642e+00
    endloop
  endfacet
  facet normal -6.343933e-01 8.280374e-16 7.730105e-01
    outer loop
      vertex   -7.973334e+02 7.717718e+01 8.449642e+00
      vertex   -7.982426e+02 1.078439e+02 7.703465e+00
      vertex   -7.982426e+02 7.626796e+01 7.703465e+00
    endloop
  endfacet
  facet normal -7.730105e-01 6.780873e-16 6.343933e-01
    outer loop
      vertex   -7.982426e+02 7.626796e+01 7.703465e+00
      vertex   -7.982426e+02 1.078439e+02 7.703465e+00
      vertex   -7.989888e+02 7.552179e+01 6.794246e+00
    endloop
  endfacet
  facet normal -7.933528e-01 1.190649e-03 6.087610e-01
    outer loop
      vertex   -7.989888e+02 7.552179e+01 6.794246e+00
      vertex   -7.982426e+02 1.078439e+02 7.703465e+00
      vertex   -7.991962e+02 1.078439e+02 6.460825e+00
    endloop
  endfacet
  facet normal -8.817454e-01 -7.899616e-04 4.717250e-01
    outer loop
      vertex   -7.989888e+02 7.552179e+01 6.794246e+00
      vertex   -7.991962e+02 1.078439e+02 6.460825e+00
      vertex   -7.995433e+02 7.496733e+01 5.756925e+00
    endloop
  endfacet
  facet normal -9.238784e-01 1.561316e-03 3.826830e-01
    outer loop
      vertex   -7.995433e+02 7.496733e+01 5.756925e+00
      vertex   -7.991962e+02 1.078439e+02 6.460825e+00
      vertex   -7.997956e+02 1.078439e+02 5.013739e+00
    endloop
  endfacet
  facet normal -9.568747e-01 -7.757042e-04 2.905001e-01
    outer loop
      vertex   -7.995433e+02 7.496733e+01 5.756925e+00
      vertex   -7.997956e+02 1.078439e+02 5.013739e+00
      vertex   -7.998847e+02 7.462589e+01 4.631366e+00
    endloop
  endfacet
  facet normal -9.891969e-01 9.675947e-04 1.465900e-01
    outer loop
      vertex   -7.998847e+02 7.462589e+01 4.631366e+00
      vertex   -7.997956e+02 1.078439e+02 5.013739e+00
      vertex   -7.999711e+02 7.453950e+01 4.048927e+00
    endloop
  endfacet
  facet normal -9.987973e-01 3.848843e-03 4.887868e-02
    outer loop
      vertex   -7.999711e+02 7.453950e+01 4.048927e+00
      vertex   -7.997956e+02 1.078439e+02 5.013739e+00
      vertex   -8.000000e+02 7.451060e+01 3.460825e+00
    endloop
  endfacet
  facet normal -9.914449e-01 0.000000e+00 1.305262e-01
    outer loop
      vertex   -8.000000e+02 7.451060e+01 3.460825e+00
      vertex   -7.997956e+02 1.078439e+02 5.013739e+00
      vertex   -7.997956e+02 1.411773e+02 5.013739e+00
    endloop
  endfacet
  facet normal -9.914449e-01 0.000000e+00 1.305262e-01
    outer loop
      vertex   -8.000000e+02 7.451060e+01 3.460825e+00
      vertex   -7.997956e+02 1.411773e+02 5.013739e+00
      vertex   -7.997956e+02 1.745106e+02 5.013739e+00
    endloop
  endfacet
  facet normal -9.238795e-01 0.000000e+00 3.826834e-01
    outer loop
      vertex   -7.997956e+02 1.745106e+02 5.013739e+00
      vertex   -7.997956e+02 1.411773e+02 5.013739e+00
      vertex   -7.991962e+02 1.745106e+02 6.460825e+00
    endloop
  endfacet
  facet normal -9.238795e-01 0.000000e+00 3.826834e-01
    outer loop
      vertex   -7.997956e+02 1.745106e+02 5.013739e+00
      vertex   -7.991962e+02 1.745106e+02 6.460825e+00
      vertex   -7.991962e+02 2.078439e+02 6.460825e+00
    endloop
  endfacet
  facet normal -7.933533e-01 0.000000e+00 6.087614e-01
    outer loop
      vertex   -7.991962e+02 2.078439e+02 6.460825e+00
      vertex   -7.991962e+02 1.745106e+02 6.460825e+00
      vertex   -7.982426e+02 2.078439e+02 7.703465e+00
    endloop
  endfacet
  facet normal -7.933533e-01 0.000000e+00 6.087614e-01
    outer loop
      vertex   -7.991962e+02 2.078439e+02 6.460825e+00
      vertex   -7.982426e+02 2.078439e+02 7.703465e+00
      vertex   -7.982426e+02 2.411773e+02 7.703465e+00
    endloop
  endfacet
  facet normal -6.087614e-01 0.000000e+00 7.933533e-01
    outer loop
      vertex   -7.982426e+02 2.411773e+02 7.703465e+00
      vertex   -7.982426e+02 2.078439e+02 7.703465e+00
      vertex   -7.970000e+02 2.411773e+02 8.656977e+00
    endloop
  endfacet
  facet normal -6.087614e-01 0.000000e+00 7.933533e-01
    outer loop
      vertex   -7.982426e+02 2.411773e+02 7.703465e+00
      vertex   -7.970000e+02 2.411773e+02 8.656977e+00
      vertex   -7.970000e+02 2.745106e+02 8.656977e+00
    endloop
  endfacet
  facet normal -3.826834e-01 0.000000e+00 9.238795e-01
    outer loop
      vertex   -7.970000e+02 2.745106e+02 8.656977e+00
      vertex   -7.970000e+02 2.411773e+02 8.656977e+00
      vertex   -7.955529e+02 2.745106e+02 9.256379e+00
    endloop
  endfacet
  facet normal -3.826834e-01 0.000000e+00 9.238795e-01
    outer loop
      vertex   -7.970000e+02 2.745106e+02 8.656977e+00
      vertex   -7.955529e+02 2.745106e+02 9.256379e+00
      vertex   -7.955529e+02 3.078439e+02 9.256379e+00
    endloop
  endfacet
  facet normal -1.305262e-01 0.000000e+00 9.914449e-01
    outer loop
      vertex   -7.955529e+02 3.078439e+02 9.256379e+00
      vertex   -7.955529e+02 2.745106e+02 9.256379e+00
      vertex   -7.940000e+02 3.685106e+02 9.460825e+00
    endloop
  endfacet
  facet normal -1.305262e-01 0.000000e+00 9.914449e-01
    outer loop
      vertex   -7.955529e+02 3.078439e+02 9.256379e+00
      vertex   -7.940000e+02 3.685106e+02 9.460825e+00
      vertex   -7.955529e+02 3.411773e+02 9.256379e+00
    endloop
  endfacet
  facet normal -9.977362e-02 -1.773830e-03 9.950086e-01
    outer loop
      vertex   -7.955529e+02 3.411773e+02 9.256379e+00
      vertex   -7.940000e+02 3.685106e+02 9.460825e+00
      vertex   -7.951705e+02 3.696811e+02 9.345536e+00
    endloop
  endfacet
  facet normal -2.894702e-01 8.892042e-04 9.571866e-01
    outer loop
      vertex   -7.955529e+02 3.411773e+02 9.256379e+00
      vertex   -7.951705e+02 3.696811e+02 9.345536e+00
      vertex   -7.962961e+02 3.708067e+02 9.004102e+00
    endloop
  endfacet
  facet normal -3.826829e-01 -1.732424e-03 9.238781e-01
    outer loop
      vertex   -7.955529e+02 3.411773e+02 9.256379e+00
      vertex   -7.962961e+02 3.708067e+02 9.004102e+00
      vertex   -7.970000e+02 3.411773e+02 8.656977e+00
    endloop
  endfacet
  facet normal -4.707377e-01 8.469033e-04 8.822728e-01
    outer loop
      vertex   -7.970000e+02 3.411773e+02 8.656977e+00
      vertex   -7.962961e+02 3.708067e+02 9.004102e+00
      vertex   -7.973334e+02 3.718440e+02 8.449642e+00
    endloop
  endfacet
  facet normal -6.087609e-01 -1.254921e-03 7.933527e-01
    outer loop
      vertex   -7.970000e+02 3.411773e+02 8.656977e+00
      vertex   -7.973334e+02 3.718440e+02 8.449642e+00
      vertex   -7.982426e+02 3.411773e+02 7.703465e+00
    endloop
  endfacet
  facet normal -6.343933e-01 -8.262518e-16 7.730105e-01
    outer loop
      vertex   -7.982426e+02 3.411773e+02 7.703465e+00
      vertex   -7.973334e+02 3.718440e+02 8.449642e+00
      vertex   -7.982426e+02 3.727532e+02 7.703465e+00
    endloop
  endfacet
  facet normal -7.730105e-01 -6.780873e-16 6.343933e-01
    outer loop
      vertex   -7.982426e+02 3.411773e+02 7.703465e+00
      vertex   -7.982426e+02 3.727532e+02 7.703465e+00
      vertex   -7.989888e+02 3.734994e+02 6.794246e+00
    endloop
  endfacet
  facet normal -7.933528e-01 -1.190649e-03 6.087610e-01
    outer loop
      vertex   -7.982426e+02 3.411773e+02 7.703465e+00
      vertex   -7.989888e+02 3.734994e+02 6.794246e+00
      vertex   -7.991962e+02 3.411773e+02 6.460825e+00
    endloop
  endfacet
  facet normal -8.817454e-01 7.899616e-04 4.717250e-01
    outer loop
      vertex   -7.991962e+02 3.411773e+02 6.460825e+00
      vertex   -7.989888e+02 3.734994e+02 6.794246e+00
      vertex   -7.995433e+02 3.740539e+02 5.756925e+00
    endloop
  endfacet
  facet normal -9.238784e-01 -1.561316e-03 3.826830e-01
    outer loop
      vertex   -7.991962e+02 3.411773e+02 6.460825e+00
      vertex   -7.995433e+02 3.740539e+02 5.756925e+00
      vertex   -7.997956e+02 3.411773e+02 5.013739e+00
    endloop
  endfacet
  facet normal -9.568747e-01 7.757042e-04 2.905001e-01
    outer loop
      vertex   -7.997956e+02 3.411773e+02 5.013739e+00
      vertex   -7.995433e+02 3.740539e+02 5.756925e+00
      vertex   -7.998847e+02 3.743953e+02 4.631366e+00
    endloop
  endfacet
  facet normal -9.891969e-01 -9.675947e-04 1.465900e-01
    outer loop
      vertex   -7.997956e+02 3.411773e+02 5.013739e+00
      vertex   -7.998847e+02 3.743953e+02 4.631366e+00
      vertex   -7.999711e+02 3.744817e+02 4.048927e+00
    endloop
  endfacet
  facet normal -9.987955e-01 0.000000e+00 4.906767e-02
    outer loop
      vertex   -8.000000e+02 3.745106e+02 3.460825e+00
      vertex   -8.000000e+02 7.451060e+01 3.460825e+00
      vertex   -7.999711e+02 3.744817e+02 4.048927e+00
    endloop
  endfacet
  facet normal -9.884016e-01 -2.025335e-04 1.518625e-01
    outer loop
      vertex   -7.999711e+02 3.744817e+02 4.048927e+00
      vertex   -8.000000e+02 7.451060e+01 3.460825e+00
      vertex   -7.997956e+02 2.411773e+02 5.013739e+00
    endloop
  endfacet
  facet normal -9.838460e-01 0.000000e+00 1.790169e-01
    outer loop
      vertex   -7.999711e+02 3.744817e+02 4.048927e+00
      vertex   -7.997956e+02 2.411773e+02 5.013739e+00
      vertex   -7.997956e+02 2.745106e+02 5.013739e+00
    endloop
  endfacet
  facet normal -9.238795e-01 0.000000e+00 3.826834e-01
    outer loop
      vertex   -7.997956e+02 2.745106e+02 5.013739e+00
      vertex   -7.997956e+02 2.411773e+02 5.013739e+00
      vertex   -7.991962e+02 2.745106e+02 6.460825e+00
    endloop
  endfacet
  facet normal -9.238795e-01 0.000000e+00 3.826834e-01
    outer loop
      vertex   -7.997956e+02 2.745106e+02 5.013739e+00
      vertex   -7.991962e+02 2.745106e+02 6.460825e+00
      vertex   -7.991962e+02 3.078439e+02 6.460825e+00
    endloop
  endfacet
  facet normal -7.933533e-01 0.000000e+00 6.087614e-01
    outer loop
      vertex   -7.991962e+02 3.078439e+02 6.460825e+00
      vertex   -7.991962e+02 2.745106e+02 6.460825e+00
      vertex   -7.982426e+02 3.078439e+02 7.703465e+00
    endloop
  endfacet
  facet normal -7.933533e-01 0.000000e+00 6.087614e-01
    outer loop
      vertex   -7.991962e+02 3.078439e+02 6.460825e+00
      vertex   -7.982426e+02 3.078439e+02 7.703465e+00
      vertex   -7.982426e+02 3.411773e+02 7.703465e+00
    endloop
  endfacet
  facet normal -6.087614e-01 0.000000e+00 7.933533e-01
    outer loop
      vertex   -7.982426e+02 3.411773e+02 7.703465e+00
      vertex   -7.982426e+02 3.078439e+02 7.703465e+00
      vertex   -7.970000e+02 3.411773e+02 8.656977e+00
    endloop
  endfacet
  facet normal -4.707377e-01 -8.469033e-04 8.822728e-01
    outer loop
      vertex   -7.973334e+02 7.717718e+01 8.449642e+00
      vertex   -7.962961e+02 7.821450e+01 9.004102e+00
      vertex   -7.970000e+02 1.078439e+02 8.656977e+00
    endloop
  endfacet
  facet normal -3.826829e-01 1.732424e-03 9.238781e-01
    outer loop
      vertex   -7.970000e+02 1.078439e+02 8.656977e+00
      vertex   -7.962961e+02 7.821450e+01 9.004102e+00
      vertex   -7.955529e+02 1.078439e+02 9.256379e+00
    endloop
  endfacet
  facet normal -3.826834e-01 0.000000e+00 9.238795e-01
    outer loop
      vertex   -7.970000e+02 1.078439e+02 8.656977e+00
      vertex   -7.955529e+02 1.078439e+02 9.256379e+00
      vertex   -7.955529e+02 1.411773e+02 9.256379e+00
    endloop
  endfacet
  facet normal -2.270763e-01 0.000000e+00 9.738770e-01
    outer loop
      vertex   -7.955529e+02 1.411773e+02 9.256379e+00
      vertex   -7.955529e+02 1.078439e+02 9.256379e+00
      vertex   -7.951705e+02 7.934006e+01 9.345536e+00
    endloop
  endfacet
  facet normal -2.894702e-01 -8.892042e-04 9.571866e-01
    outer loop
      vertex   -7.962961e+02 7.821450e+01 9.004102e+00
      vertex   -7.951705e+02 7.934006e+01 9.345536e+00
      vertex   -7.955529e+02 1.078439e+02 9.256379e+00
    endloop
  endfacet
  facet normal -3.826834e-01 0.000000e+00 9.238795e-01
    outer loop
      vertex   -7.955529e+02 3.078439e+02 9.256379e+00
      vertex   -7.955529e+02 3.411773e+02 9.256379e+00
      vertex   -7.970000e+02 3.078439e+02 8.656977e+00
    endloop
  endfacet
  facet normal -3.826834e-01 0.000000e+00 9.238795e-01
    outer loop
      vertex   -7.970000e+02 3.078439e+02 8.656977e+00
      vertex   -7.955529e+02 3.411773e+02 9.256379e+00
      vertex   -7.970000e+02 3.411773e+02 8.656977e+00
    endloop
  endfacet
  facet normal -6.087614e-01 0.000000e+00 7.933533e-01
    outer loop
      vertex   -7.970000e+02 3.078439e+02 8.656977e+00
      vertex   -7.970000e+02 3.411773e+02 8.656977e+00
      vertex   -7.982426e+02 3.078439e+02 7.703465e+00
    endloop
  endfacet
  facet normal -1.305262e-01 0.000000e+00 9.914449e-01
    outer loop
      vertex   -7.955529e+02 2.745106e+02 9.256379e+00
      vertex   -7.955529e+02 2.411773e+02 9.256379e+00
      vertex   -7.940000e+02 3.685106e+02 9.460825e+00
    endloop
  endfacet
  facet normal -1.305262e-01 0.000000e+00 9.914449e-01
    outer loop
      vertex   -7.940000e+02 3.685106e+02 9.460825e+00
      vertex   -7.955529e+02 2.411773e+02 9.256379e+00
      vertex   -7.955529e+02 2.078439e+02 9.256379e+00
    endloop
  endfacet
  facet normal -1.305262e-01 0.000000e+00 9.914449e-01
    outer loop
      vertex   -7.940000e+02 3.685106e+02 9.460825e+00
      vertex   -7.955529e+02 2.078439e+02 9.256379e+00
      vertex   -7.955529e+02 1.745106e+02 9.256379e+00
    endloop
  endfacet
  facet normal -3.826834e-01 0.000000e+00 9.238795e-01
    outer loop
      vertex   -7.955529e+02 1.745106e+02 9.256379e+00
      vertex   -7.955529e+02 2.078439e+02 9.256379e+00
      vertex   -7.970000e+02 1.745106e+02 8.656977e+00
    endloop
  endfacet
  facet normal -3.826834e-01 0.000000e+00 9.238795e-01
    outer loop
      vertex   -7.955529e+02 1.745106e+02 9.256379e+00
      vertex   -7.970000e+02 1.745106e+02 8.656977e+00
      vertex   -7.970000e+02 1.411773e+02 8.656977e+00
    endloop
  endfacet
  facet normal -6.087614e-01 0.000000e+00 7.933533e-01
    outer loop
      vertex   -7.970000e+02 1.411773e+02 8.656977e+00
      vertex   -7.970000e+02 1.745106e+02 8.656977e+00
      vertex   -7.982426e+02 1.411773e+02 7.703465e+00
    endloop
  endfacet
  facet normal -6.087614e-01 0.000000e+00 7.933533e-01
    outer loop
      vertex   -7.970000e+02 1.411773e+02 8.656977e+00
      vertex   -7.982426e+02 1.411773e+02 7.703465e+00
      vertex   -7.982426e+02 1.078439e+02 7.703465e+00
    endloop
  endfacet
  facet normal -7.933533e-01 0.000000e+00 6.087614e-01
    outer loop
      vertex   -7.982426e+02 1.078439e+02 7.703465e+00
      vertex   -7.982426e+02 1.411773e+02 7.703465e+00
      vertex   -7.991962e+02 1.078439e+02 6.460825e+00
    endloop
  endfacet
  facet normal -3.826834e-01 0.000000e+00 9.238795e-01
    outer loop
      vertex   -7.955529e+02 2.745106e+02 9.256379e+00
      vertex   -7.970000e+02 2.411773e+02 8.656977e+00
      vertex   -7.955529e+02 2.411773e+02 9.256379e+00
    endloop
  endfacet
  facet normal -3.826834e-01 0.000000e+00 9.238795e-01
    outer loop
      vertex   -7.955529e+02 2.411773e+02 9.256379e+00
      vertex   -7.970000e+02 2.411773e+02 8.656977e+00
      vertex   -7.970000e+02 2.078439e+02 8.656977e+00
    endloop
  endfacet
  facet normal -3.826834e-01 0.000000e+00 9.238795e-01
    outer loop
      vertex   -7.955529e+02 2.411773e+02 9.256379e+00
      vertex   -7.970000e+02 2.078439e+02 8.656977e+00
      vertex   -7.955529e+02 2.078439e+02 9.256379e+00
    endloop
  endfacet
  facet normal -3.826834e-01 0.000000e+00 9.238795e-01
    outer loop
      vertex   -7.955529e+02 2.078439e+02 9.256379e+00
      vertex   -7.970000e+02 2.078439e+02 8.656977e+00
      vertex   -7.970000e+02 1.745106e+02 8.656977e+00
    endloop
  endfacet
  facet normal -3.826834e-01 0.000000e+00 9.238795e-01
    outer loop
      vertex   -7.955529e+02 3.078439e+02 9.256379e+00
      vertex   -7.970000e+02 3.078439e+02 8.656977e+00
      vertex   -7.970000e+02 2.745106e+02 8.656977e+00
    endloop
  endfacet
  facet normal -6.087614e-01 0.000000e+00 7.933533e-01
    outer loop
      vertex   -7.970000e+02 2.745106e+02 8.656977e+00
      vertex   -7.970000e+02 3.078439e+02 8.656977e+00
      vertex   -7.982426e+02 2.745106e+02 7.703465e+00
    endloop
  endfacet
  facet normal -6.087614e-01 0.000000e+00 7.933533e-01
    outer loop
      vertex   -7.970000e+02 2.745106e+02 8.656977e+00
      vertex   -7.982426e+02 2.745106e+02 7.703465e+00
      vertex   -7.982426e+02 2.411773e+02 7.703465e+00
    endloop
  endfacet
  facet normal -7.933533e-01 0.000000e+00 6.087614e-01
    outer loop
      vertex   -7.982426e+02 2.411773e+02 7.703465e+00
      vertex   -7.982426e+02 2.745106e+02 7.703465e+00
      vertex   -7.991962e+02 2.411773e+02 6.460825e+00
    endloop
  endfacet
  facet normal -7.933533e-01 0.000000e+00 6.087614e-01
    outer loop
      vertex   -7.982426e+02 2.411773e+02 7.703465e+00
      vertex   -7.991962e+02 2.411773e+02 6.460825e+00
      vertex   -7.991962e+02 2.078439e+02 6.460825e+00
    endloop
  endfacet
  facet normal -9.238795e-01 0.000000e+00 3.826834e-01
    outer loop
      vertex   -7.991962e+02 2.078439e+02 6.460825e+00
      vertex   -7.991962e+02 2.411773e+02 6.460825e+00
      vertex   -7.997956e+02 2.078439e+02 5.013739e+00
    endloop
  endfacet
  facet normal -9.238795e-01 0.000000e+00 3.826834e-01
    outer loop
      vertex   -7.991962e+02 2.078439e+02 6.460825e+00
      vertex   -7.997956e+02 2.078439e+02 5.013739e+00
      vertex   -7.997956e+02 1.745106e+02 5.013739e+00
    endloop
  endfacet
  facet normal -9.914449e-01 0.000000e+00 1.305262e-01
    outer loop
      vertex   -7.997956e+02 1.745106e+02 5.013739e+00
      vertex   -7.997956e+02 2.078439e+02 5.013739e+00
      vertex   -8.000000e+02 7.451060e+01 3.460825e+00
    endloop
  endfacet
  facet normal -6.087614e-01 0.000000e+00 7.933533e-01
    outer loop
      vertex   -7.982426e+02 2.745106e+02 7.703465e+00
      vertex   -7.970000e+02 3.078439e+02 8.656977e+00
      vertex   -7.982426e+02 3.078439e+02 7.703465e+00
    endloop
  endfacet
  facet normal -6.087614e-01 0.000000e+00 7.933533e-01
    outer loop
      vertex   -7.970000e+02 2.411773e+02 8.656977e+00
      vertex   -7.982426e+02 2.078439e+02 7.703465e+00
      vertex   -7.970000e+02 2.078439e+02 8.656977e+00
    endloop
  endfacet
  facet normal -6.087614e-01 0.000000e+00 7.933533e-01
    outer loop
      vertex   -7.970000e+02 2.078439e+02 8.656977e+00
      vertex   -7.982426e+02 2.078439e+02 7.703465e+00
      vertex   -7.982426e+02 1.745106e+02 7.703465e+00
    endloop
  endfacet
  facet normal -6.087614e-01 0.000000e+00 7.933533e-01
    outer loop
      vertex   -7.970000e+02 2.078439e+02 8.656977e+00
      vertex   -7.982426e+02 1.745106e+02 7.703465e+00
      vertex   -7.970000e+02 1.745106e+02 8.656977e+00
    endloop
  endfacet
  facet normal -6.087614e-01 0.000000e+00 7.933533e-01
    outer loop
      vertex   -7.970000e+02 1.745106e+02 8.656977e+00
      vertex   -7.982426e+02 1.745106e+02 7.703465e+00
      vertex   -7.982426e+02 1.411773e+02 7.703465e+00
    endloop
  endfacet
  facet normal -7.933533e-01 0.000000e+00 6.087614e-01
    outer loop
      vertex   -7.991962e+02 2.411773e+02 6.460825e+00
      vertex   -7.982426e+02 2.745106e+02 7.703465e+00
      vertex   -7.991962e+02 2.745106e+02 6.460825e+00
    endloop
  endfacet
  facet normal -7.933533e-01 0.000000e+00 6.087614e-01
    outer loop
      vertex   -7.991962e+02 2.745106e+02 6.460825e+00
      vertex   -7.982426e+02 2.745106e+02 7.703465e+00
      vertex   -7.982426e+02 3.078439e+02 7.703465e+00
    endloop
  endfacet
  facet normal -7.933533e-01 0.000000e+00 6.087614e-01
    outer loop
      vertex   -7.982426e+02 2.078439e+02 7.703465e+00
      vertex   -7.991962e+02 1.745106e+02 6.460825e+00
      vertex   -7.982426e+02 1.745106e+02 7.703465e+00
    endloop
  endfacet
  facet normal -7.933533e-01 0.000000e+00 6.087614e-01
    outer loop
      vertex   -7.982426e+02 1.745106e+02 7.703465e+00
      vertex   -7.991962e+02 1.745106e+02 6.460825e+00
      vertex   -7.991962e+02 1.411773e+02 6.460825e+00
    endloop
  endfacet
  facet normal -7.933533e-01 0.000000e+00 6.087614e-01
    outer loop
      vertex   -7.982426e+02 1.745106e+02 7.703465e+00
      vertex   -7.991962e+02 1.411773e+02 6.460825e+00
      vertex   -7.982426e+02 1.411773e+02 7.703465e+00
    endloop
  endfacet
  facet normal -7.933533e-01 0.000000e+00 6.087614e-01
    outer loop
      vertex   -7.982426e+02 1.411773e+02 7.703465e+00
      vertex   -7.991962e+02 1.411773e+02 6.460825e+00
      vertex   -7.991962e+02 1.078439e+02 6.460825e+00
    endloop
  endfacet
  facet normal -7.933533e-01 0.000000e+00 6.087614e-01
    outer loop
      vertex   -7.982426e+02 3.411773e+02 7.703465e+00
      vertex   -7.991962e+02 3.411773e+02 6.460825e+00
      vertex   -7.991962e+02 3.078439e+02 6.460825e+00
    endloop
  endfacet
  facet normal -9.238795e-01 0.000000e+00 3.826834e-01
    outer loop
      vertex   -7.991962e+02 3.078439e+02 6.460825e+00
      vertex   -7.991962e+02 3.411773e+02 6.460825e+00
      vertex   -7.997956e+02 3.078439e+02 5.013739e+00
    endloop
  endfacet
  facet normal -9.238795e-01 0.000000e+00 3.826834e-01
    outer loop
      vertex   -7.991962e+02 3.078439e+02 6.460825e+00
      vertex   -7.997956e+02 3.078439e+02 5.013739e+00
      vertex   -7.997956e+02 2.745106e+02 5.013739e+00
    endloop
  endfacet
  facet normal -9.838460e-01 0.000000e+00 1.790169e-01
    outer loop
      vertex   -7.997956e+02 2.745106e+02 5.013739e+00
      vertex   -7.997956e+02 3.078439e+02 5.013739e+00
      vertex   -7.999711e+02 3.744817e+02 4.048927e+00
    endloop
  endfacet
  facet normal -9.238795e-01 0.000000e+00 3.826834e-01
    outer loop
      vertex   -7.997956e+02 2.078439e+02 5.013739e+00
      vertex   -7.991962e+02 2.411773e+02 6.460825e+00
      vertex   -7.997956e+02 2.411773e+02 5.013739e+00
    endloop
  endfacet
  facet normal -9.238795e-01 0.000000e+00 3.826834e-01
    outer loop
      vertex   -7.997956e+02 2.411773e+02 5.013739e+00
      vertex   -7.991962e+02 2.411773e+02 6.460825e+00
      vertex   -7.991962e+02 2.745106e+02 6.460825e+00
    endloop
  endfacet
  facet normal -9.238795e-01 0.000000e+00 3.826834e-01
    outer loop
      vertex   -7.997956e+02 1.078439e+02 5.013739e+00
      vertex   -7.991962e+02 1.078439e+02 6.460825e+00
      vertex   -7.991962e+02 1.411773e+02 6.460825e+00
    endloop
  endfacet
  facet normal -9.238795e-01 0.000000e+00 3.826834e-01
    outer loop
      vertex   -7.997956e+02 1.078439e+02 5.013739e+00
      vertex   -7.991962e+02 1.411773e+02 6.460825e+00
      vertex   -7.997956e+02 1.411773e+02 5.013739e+00
    endloop
  endfacet
  facet normal -9.238795e-01 0.000000e+00 3.826834e-01
    outer loop
      vertex   -7.997956e+02 1.411773e+02 5.013739e+00
      vertex   -7.991962e+02 1.411773e+02 6.460825e+00
      vertex   -7.991962e+02 1.745106e+02 6.460825e+00
    endloop
  endfacet
  facet normal -9.838460e-01 0.000000e+00 1.790169e-01
    outer loop
      vertex   -7.999711e+02 3.744817e+02 4.048927e+00
      vertex   -7.997956e+02 3.078439e+02 5.013739e+00
      vertex   -7.997956e+02 3.411773e+02 5.013739e+00
    endloop
  endfacet
  facet normal -9.238795e-01 0.000000e+00 3.826834e-01
    outer loop
      vertex   -7.997956e+02 3.411773e+02 5.013739e+00
      vertex   -7.997956e+02 3.078439e+02 5.013739e+00
      vertex   -7.991962e+02 3.411773e+02 6.460825e+00
    endloop
  endfacet
  facet normal -9.914449e-01 0.000000e+00 1.305262e-01
    outer loop
      vertex   -8.000000e+02 7.451060e+01 3.460825e+00
      vertex   -7.997956e+02 2.078439e+02 5.013739e+00
      vertex   -7.997956e+02 2.411773e+02 5.013739e+00
    endloop
  endfacet
  facet normal 0.000000e+00 9.987955e-01 4.906767e-02
    outer loop
      vertex   -5.000000e+02 3.745106e+02 3.460825e+00
      vertex   -8.000000e+02 3.745106e+02 3.460825e+00
      vertex   -5.000289e+02 3.744817e+02 4.048927e+00
    endloop
  endfacet
  facet normal -2.025335e-04 9.884016e-01 1.518625e-01
    outer loop
      vertex   -5.000289e+02 3.744817e+02 4.048927e+00
      vertex   -8.000000e+02 3.745106e+02 3.460825e+00
      vertex   -6.333333e+02 3.743062e+02 5.013739e+00
    endloop
  endfacet
  facet normal 0.000000e+00 9.838460e-01 1.790169e-01
    outer loop
      vertex   -5.000289e+02 3.744817e+02 4.048927e+00
      vertex   -6.333333e+02 3.743062e+02 5.013739e+00
      vertex   -6.000000e+02 3.743062e+02 5.013739e+00
    endloop
  endfacet
  facet normal 0.000000e+00 9.238795e-01 3.826834e-01
    outer loop
      vertex   -6.000000e+02 3.743062e+02 5.013739e+00
      vertex   -6.333333e+02 3.743062e+02 5.013739e+00
      vertex   -6.000000e+02 3.737068e+02 6.460825e+00
    endloop
  endfacet
  facet normal 0.000000e+00 9.238795e-01 3.826834e-01
    outer loop
      vertex   -6.000000e+02 3.743062e+02 5.013739e+00
      vertex   -6.000000e+02 3.737068e+02 6.460825e+00
      vertex   -5.666667e+02 3.737068e+02 6.460825e+00
    endloop
  endfacet
  facet normal 0.000000e+00 7.933533e-01 6.087614e-01
    outer loop
      vertex   -5.666667e+02 3.737068e+02 6.460825e+00
      vertex   -6.000000e+02 3.737068e+02 6.460825e+00
      vertex   -5.666667e+02 3.727532e+02 7.703465e+00
    endloop
  endfacet
  facet normal 1.701150e-17 7.933533e-01 6.087614e-01
    outer loop
      vertex   -5.666667e+02 3.737068e+02 6.460825e+00
      vertex   -5.666667e+02 3.727532e+02 7.703465e+00
      vertex   -5.333333e+02 3.727532e+02 7.703465e+00
    endloop
  endfacet
  facet normal 2.113918e-17 6.087614e-01 7.933533e-01
    outer loop
      vertex   -5.333333e+02 3.727532e+02 7.703465e+00
      vertex   -5.666667e+02 3.727532e+02 7.703465e+00
      vertex   -5.333333e+02 3.715106e+02 8.656977e+00
    endloop
  endfacet
  facet normal -1.254921e-03 6.087609e-01 7.933527e-01
    outer loop
      vertex   -5.333333e+02 3.727532e+02 7.703465e+00
      vertex   -5.333333e+02 3.715106e+02 8.656977e+00
      vertex   -5.026666e+02 3.718440e+02 8.449642e+00
    endloop
  endfacet
  facet normal 8.469033e-04 4.707377e-01 8.822728e-01
    outer loop
      vertex   -5.026666e+02 3.718440e+02 8.449642e+00
      vertex   -5.333333e+02 3.715106e+02 8.656977e+00
      vertex   -5.037039e+02 3.708067e+02 9.004102e+00
    endloop
  endfacet
  facet normal -1.732424e-03 3.826829e-01 9.238781e-01
    outer loop
      vertex   -5.037039e+02 3.708067e+02 9.004102e+00
      vertex   -5.333333e+02 3.715106e+02 8.656977e+00
      vertex   -5.333333e+02 3.700635e+02 9.256379e+00
    endloop
  endfacet
  facet normal 8.892042e-04 2.894702e-01 9.571866e-01
    outer loop
      vertex   -5.037039e+02 3.708067e+02 9.004102e+00
      vertex   -5.333333e+02 3.700635e+02 9.256379e+00
      vertex   -5.048295e+02 3.696811e+02 9.345536e+00
    endloop
  endfacet
  facet normal -1.773830e-03 9.977362e-02 9.950086e-01
    outer loop
      vertex   -5.048295e+02 3.696811e+02 9.345536e+00
      vertex   -5.333333e+02 3.700635e+02 9.256379e+00
      vertex   -5.060000e+02 3.685106e+02 9.460825e+00
    endloop
  endfacet
  facet normal 0.000000e+00 1.305262e-01 9.914449e-01
    outer loop
      vertex   -5.060000e+02 3.685106e+02 9.460825e+00
      vertex   -5.333333e+02 3.700635e+02 9.256379e+00
      vertex   -5.666667e+02 3.700635e+02 9.256379e+00
    endloop
  endfacet
  facet normal 0.000000e+00 1.305262e-01 9.914449e-01
    outer loop
      vertex   -5.060000e+02 3.685106e+02 9.460825e+00
      vertex   -5.666667e+02 3.700635e+02 9.256379e+00
      vertex   -6.000000e+02 3.700635e+02 9.256379e+00
    endloop
  endfacet
  facet normal -0.000000e+00 3.826834e-01 9.238795e-01
    outer loop
      vertex   -6.000000e+02 3.700635e+02 9.256379e+00
      vertex   -5.666667e+02 3.700635e+02 9.256379e+00
      vertex   -6.000000e+02 3.715106e+02 8.656977e+00
    endloop
  endfacet
  facet normal 0.000000e+00 3.826834e-01 9.238795e-01
    outer loop
      vertex   -6.000000e+02 3.700635e+02 9.256379e+00
      vertex   -6.000000e+02 3.715106e+02 8.656977e+00
      vertex   -6.333333e+02 3.715106e+02 8.656977e+00
    endloop
  endfacet
  facet normal -0.000000e+00 6.087614e-01 7.933533e-01
    outer loop
      vertex   -6.333333e+02 3.715106e+02 8.656977e+00
      vertex   -6.000000e+02 3.715106e+02 8.656977e+00
      vertex   -6.333333e+02 3.727532e+02 7.703465e+00
    endloop
  endfacet
  facet normal 0.000000e+00 6.087614e-01 7.933533e-01
    outer loop
      vertex   -6.333333e+02 3.715106e+02 8.656977e+00
      vertex   -6.333333e+02 3.727532e+02 7.703465e+00
      vertex   -6.666667e+02 3.727532e+02 7.703465e+00
    endloop
  endfacet
  facet normal -0.000000e+00 7.933533e-01 6.087614e-01
    outer loop
      vertex   -6.666667e+02 3.727532e+02 7.703465e+00
      vertex   -6.333333e+02 3.727532e+02 7.703465e+00
      vertex   -6.666667e+02 3.737068e+02 6.460825e+00
    endloop
  endfacet
  facet normal 0.000000e+00 7.933533e-01 6.087614e-01
    outer loop
      vertex   -6.666667e+02 3.727532e+02 7.703465e+00
      vertex   -6.666667e+02 3.737068e+02 6.460825e+00
      vertex   -7.000000e+02 3.737068e+02 6.460825e+00
    endloop
  endfacet
  facet normal -0.000000e+00 9.238795e-01 3.826834e-01
    outer loop
      vertex   -7.000000e+02 3.737068e+02 6.460825e+00
      vertex   -6.666667e+02 3.737068e+02 6.460825e+00
      vertex   -7.000000e+02 3.743062e+02 5.013739e+00
    endloop
  endfacet
  facet normal 0.000000e+00 9.238795e-01 3.826834e-01
    outer loop
      vertex   -7.000000e+02 3.737068e+02 6.460825e+00
      vertex   -7.000000e+02 3.743062e+02 5.013739e+00
      vertex   -7.333333e+02 3.743062e+02 5.013739e+00
    endloop
  endfacet
  facet normal -0.000000e+00 9.914449e-01 1.305262e-01
    outer loop
      vertex   -7.333333e+02 3.743062e+02 5.013739e+00
      vertex   -7.000000e+02 3.743062e+02 5.013739e+00
      vertex   -8.000000e+02 3.745106e+02 3.460825e+00
    endloop
  endfacet
  facet normal 0.000000e+00 9.914449e-01 1.305262e-01
    outer loop
      vertex   -7.333333e+02 3.743062e+02 5.013739e+00
      vertex   -8.000000e+02 3.745106e+02 3.460825e+00
      vertex   -7.666667e+02 3.743062e+02 5.013739e+00
    endloop
  endfacet
  facet normal 3.848843e-03 9.987973e-01 4.887868e-02
    outer loop
      vertex   -7.666667e+02 3.743062e+02 5.013739e+00
      vertex   -8.000000e+02 3.745106e+02 3.460825e+00
      vertex   -7.999711e+02 3.744817e+02 4.048927e+00
    endloop
  endfacet
  facet normal 9.675947e-04 9.891969e-01 1.465900e-01
    outer loop
      vertex   -7.666667e+02 3.743062e+02 5.013739e+00
      vertex   -7.999711e+02 3.744817e+02 4.048927e+00
      vertex   -7.998847e+02 3.743953e+02 4.631366e+00
    endloop
  endfacet
  facet normal -7.757042e-04 9.568747e-01 2.905001e-01
    outer loop
      vertex   -7.998847e+02 3.743953e+02 4.631366e+00
      vertex   -7.995433e+02 3.740539e+02 5.756925e+00
      vertex   -7.666667e+02 3.743062e+02 5.013739e+00
    endloop
  endfacet
  facet normal 1.561316e-03 9.238784e-01 3.826830e-01
    outer loop
      vertex   -7.666667e+02 3.743062e+02 5.013739e+00
      vertex   -7.995433e+02 3.740539e+02 5.756925e+00
      vertex   -7.666667e+02 3.737068e+02 6.460825e+00
    endloop
  endfacet
  facet normal 0.000000e+00 9.238795e-01 3.826834e-01
    outer loop
      vertex   -7.666667e+02 3.743062e+02 5.013739e+00
      vertex   -7.666667e+02 3.737068e+02 6.460825e+00
      vertex   -7.333333e+02 3.737068e+02 6.460825e+00
    endloop
  endfacet
  facet normal 0.000000e+00 7.933533e-01 6.087614e-01
    outer loop
      vertex   -7.333333e+02 3.737068e+02 6.460825e+00
      vertex   -7.666667e+02 3.737068e+02 6.460825e+00
      vertex   -7.333333e+02 3.727532e+02 7.703465e+00
    endloop
  endfacet
  facet normal 0.000000e+00 7.933533e-01 6.087614e-01
    outer loop
      vertex   -7.333333e+02 3.737068e+02 6.460825e+00
      vertex   -7.333333e+02 3.727532e+02 7.703465e+00
      vertex   -7.000000e+02 3.727532e+02 7.703465e+00
    endloop
  endfacet
  facet normal 0.000000e+00 6.087614e-01 7.933533e-01
    outer loop
      vertex   -7.000000e+02 3.727532e+02 7.703465e+00
      vertex   -7.333333e+02 3.727532e+02 7.703465e+00
      vertex   -7.000000e+02 3.715106e+02 8.656977e+00
    endloop
  endfacet
  facet normal 0.000000e+00 6.087614e-01 7.933533e-01
    outer loop
      vertex   -7.000000e+02 3.727532e+02 7.703465e+00
      vertex   -7.000000e+02 3.715106e+02 8.656977e+00
      vertex   -6.666667e+02 3.715106e+02 8.656977e+00
    endloop
  endfacet
  facet normal 0.000000e+00 3.826834e-01 9.238795e-01
    outer loop
      vertex   -6.666667e+02 3.715106e+02 8.656977e+00
      vertex   -7.000000e+02 3.715106e+02 8.656977e+00
      vertex   -6.666667e+02 3.700635e+02 9.256379e+00
    endloop
  endfacet
  facet normal 0.000000e+00 3.826834e-01 9.238795e-01
    outer loop
      vertex   -6.666667e+02 3.715106e+02 8.656977e+00
      vertex   -6.666667e+02 3.700635e+02 9.256379e+00
      vertex   -6.333333e+02 3.700635e+02 9.256379e+00
    endloop
  endfacet
  facet normal 0.000000e+00 1.305262e-01 9.914449e-01
    outer loop
      vertex   -6.333333e+02 3.700635e+02 9.256379e+00
      vertex   -6.666667e+02 3.700635e+02 9.256379e+00
      vertex   -5.060000e+02 3.685106e+02 9.460825e+00
    endloop
  endfacet
  facet normal -0.000000e+00 1.305262e-01 9.914449e-01
    outer loop
      vertex   -6.333333e+02 3.700635e+02 9.256379e+00
      vertex   -5.060000e+02 3.685106e+02 9.460825e+00
      vertex   -6.000000e+02 3.700635e+02 9.256379e+00
    endloop
  endfacet
  facet normal -7.899616e-04 8.817454e-01 4.717250e-01
    outer loop
      vertex   -7.995433e+02 3.740539e+02 5.756925e+00
      vertex   -7.989888e+02 3.734994e+02 6.794246e+00
      vertex   -7.666667e+02 3.737068e+02 6.460825e+00
    endloop
  endfacet
  facet normal 1.190649e-03 7.933528e-01 6.087610e-01
    outer loop
      vertex   -7.666667e+02 3.737068e+02 6.460825e+00
      vertex   -7.989888e+02 3.734994e+02 6.794246e+00
      vertex   -7.666667e+02 3.727532e+02 7.703465e+00
    endloop
  endfacet
  facet normal 3.402300e-17 7.933533e-01 6.087614e-01
    outer loop
      vertex   -7.666667e+02 3.737068e+02 6.460825e+00
      vertex   -7.666667e+02 3.727532e+02 7.703465e+00
      vertex   -7.333333e+02 3.727532e+02 7.703465e+00
    endloop
  endfacet
  facet normal 4.227836e-17 6.087614e-01 7.933533e-01
    outer loop
      vertex   -7.333333e+02 3.727532e+02 7.703465e+00
      vertex   -7.666667e+02 3.727532e+02 7.703465e+00
      vertex   -7.333333e+02 3.715106e+02 8.656977e+00
    endloop
  endfacet
  facet normal 0.000000e+00 6.087614e-01 7.933533e-01
    outer loop
      vertex   -7.333333e+02 3.727532e+02 7.703465e+00
      vertex   -7.333333e+02 3.715106e+02 8.656977e+00
      vertex   -7.000000e+02 3.715106e+02 8.656977e+00
    endloop
  endfacet
  facet normal 0.000000e+00 3.826834e-01 9.238795e-01
    outer loop
      vertex   -7.000000e+02 3.715106e+02 8.656977e+00
      vertex   -7.333333e+02 3.715106e+02 8.656977e+00
      vertex   -7.000000e+02 3.700635e+02 9.256379e+00
    endloop
  endfacet
  facet normal 0.000000e+00 3.826834e-01 9.238795e-01
    outer loop
      vertex   -7.000000e+02 3.715106e+02 8.656977e+00
      vertex   -7.000000e+02 3.700635e+02 9.256379e+00
      vertex   -6.666667e+02 3.700635e+02 9.256379e+00
    endloop
  endfacet
  facet normal 0.000000e+00 1.305262e-01 9.914449e-01
    outer loop
      vertex   -6.666667e+02 3.700635e+02 9.256379e+00
      vertex   -7.000000e+02 3.700635e+02 9.256379e+00
      vertex   -5.060000e+02 3.685106e+02 9.460825e+00
    endloop
  endfacet
  facet normal -3.587166e-17 7.730105e-01 6.343933e-01
    outer loop
      vertex   -7.989888e+02 3.734994e+02 6.794246e+00
      vertex   -7.982426e+02 3.727532e+02 7.703465e+00
      vertex   -7.666667e+02 3.727532e+02 7.703465e+00
    endloop
  endfacet
  facet normal -4.348694e-17 6.343933e-01 7.730105e-01
    outer loop
      vertex   -7.666667e+02 3.727532e+02 7.703465e+00
      vertex   -7.982426e+02 3.727532e+02 7.703465e+00
      vertex   -7.973334e+02 3.718440e+02 8.449642e+00
    endloop
  endfacet
  facet normal 1.254921e-03 6.087609e-01 7.933527e-01
    outer loop
      vertex   -7.666667e+02 3.727532e+02 7.703465e+00
      vertex   -7.973334e+02 3.718440e+02 8.449642e+00
      vertex   -7.666667e+02 3.715106e+02 8.656977e+00
    endloop
  endfacet
  facet normal -8.469033e-04 4.707377e-01 8.822728e-01
    outer loop
      vertex   -7.666667e+02 3.715106e+02 8.656977e+00
      vertex   -7.973334e+02 3.718440e+02 8.449642e+00
      vertex   -7.962961e+02 3.708067e+02 9.004102e+00
    endloop
  endfacet
  facet normal 1.732424e-03 3.826829e-01 9.238781e-01
    outer loop
      vertex   -7.666667e+02 3.715106e+02 8.656977e+00
      vertex   -7.962961e+02 3.708067e+02 9.004102e+00
      vertex   -7.666667e+02 3.700635e+02 9.256379e+00
    endloop
  endfacet
  facet normal -8.892042e-04 2.894702e-01 9.571866e-01
    outer loop
      vertex   -7.666667e+02 3.700635e+02 9.256379e+00
      vertex   -7.962961e+02 3.708067e+02 9.004102e+00
      vertex   -7.951705e+02 3.696811e+02 9.345536e+00
    endloop
  endfacet
  facet normal -0.000000e+00 2.270763e-01 9.738770e-01
    outer loop
      vertex   -7.666667e+02 3.700635e+02 9.256379e+00
      vertex   -7.951705e+02 3.696811e+02 9.345536e+00
      vertex   -7.333333e+02 3.700635e+02 9.256379e+00
    endloop
  endfacet
  facet normal -0.000000e+00 2.270763e-01 9.738770e-01
    outer loop
      vertex   -7.333333e+02 3.700635e+02 9.256379e+00
      vertex   -7.951705e+02 3.696811e+02 9.345536e+00
      vertex   -7.000000e+02 3.700635e+02 9.256379e+00
    endloop
  endfacet
  facet normal -0.000000e+00 3.826834e-01 9.238795e-01
    outer loop
      vertex   -7.333333e+02 3.700635e+02 9.256379e+00
      vertex   -7.000000e+02 3.700635e+02 9.256379e+00
      vertex   -7.333333e+02 3.715106e+02 8.656977e+00
    endloop
  endfacet
  facet normal -0.000000e+00 9.801714e-02 9.951847e-01
    outer loop
      vertex   -7.940000e+02 3.685106e+02 9.460825e+00
      vertex   -5.060000e+02 3.685106e+02 9.460825e+00
      vertex   -7.951705e+02 3.696811e+02 9.345536e+00
    endloop
  endfacet
  facet normal 2.679120e-04 1.633534e-01 9.865676e-01
    outer loop
      vertex   -7.951705e+02 3.696811e+02 9.345536e+00
      vertex   -5.060000e+02 3.685106e+02 9.460825e+00
      vertex   -7.000000e+02 3.700635e+02 9.256379e+00
    endloop
  endfacet
  facet normal 1.106043e-16 6.343933e-01 7.730105e-01
    outer loop
      vertex   -5.026666e+02 3.718440e+02 8.449642e+00
      vertex   -5.017574e+02 3.727532e+02 7.703465e+00
      vertex   -5.333333e+02 3.727532e+02 7.703465e+00
    endloop
  endfacet
  facet normal 8.922202e-17 7.730105e-01 6.343933e-01
    outer loop
      vertex   -5.333333e+02 3.727532e+02 7.703465e+00
      vertex   -5.017574e+02 3.727532e+02 7.703465e+00
      vertex   -5.010112e+02 3.734994e+02 6.794246e+00
    endloop
  endfacet
  facet normal -1.190649e-03 7.933528e-01 6.087610e-01
    outer loop
      vertex   -5.333333e+02 3.727532e+02 7.703465e+00
      vertex   -5.010112e+02 3.734994e+02 6.794246e+00
      vertex   -5.333333e+02 3.737068e+02 6.460825e+00
    endloop
  endfacet
  facet normal 7.899616e-04 8.817454e-01 4.717250e-01
    outer loop
      vertex   -5.333333e+02 3.737068e+02 6.460825e+00
      vertex   -5.010112e+02 3.734994e+02 6.794246e+00
      vertex   -5.004567e+02 3.740539e+02 5.756925e+00
    endloop
  endfacet
  facet normal -1.561316e-03 9.238784e-01 3.826830e-01
    outer loop
      vertex   -5.333333e+02 3.737068e+02 6.460825e+00
      vertex   -5.004567e+02 3.740539e+02 5.756925e+00
      vertex   -5.333333e+02 3.743062e+02 5.013739e+00
    endloop
  endfacet
  facet normal 7.757042e-04 9.568747e-01 2.905001e-01
    outer loop
      vertex   -5.333333e+02 3.743062e+02 5.013739e+00
      vertex   -5.004567e+02 3.740539e+02 5.756925e+00
      vertex   -5.001153e+02 3.743953e+02 4.631366e+00
    endloop
  endfacet
  facet normal -9.675947e-04 9.891969e-01 1.465900e-01
    outer loop
      vertex   -5.333333e+02 3.743062e+02 5.013739e+00
      vertex   -5.001153e+02 3.743953e+02 4.631366e+00
      vertex   -5.000289e+02 3.744817e+02 4.048927e+00
    endloop
  endfacet
  facet normal 0.000000e+00 9.238795e-01 3.826834e-01
    outer loop
      vertex   -7.000000e+02 3.737068e+02 6.460825e+00
      vertex   -7.333333e+02 3.743062e+02 5.013739e+00
      vertex   -7.333333e+02 3.737068e+02 6.460825e+00
    endloop
  endfacet
  facet normal 0.000000e+00 9.238795e-01 3.826834e-01
    outer loop
      vertex   -7.333333e+02 3.737068e+02 6.460825e+00
      vertex   -7.333333e+02 3.743062e+02 5.013739e+00
      vertex   -7.666667e+02 3.743062e+02 5.013739e+00
    endloop
  endfacet
  facet normal 0.000000e+00 9.914449e-01 1.305262e-01
    outer loop
      vertex   -6.333333e+02 3.743062e+02 5.013739e+00
      vertex   -8.000000e+02 3.745106e+02 3.460825e+00
      vertex   -6.666667e+02 3.743062e+02 5.013739e+00
    endloop
  endfacet
  facet normal 0.000000e+00 9.914449e-01 1.305262e-01
    outer loop
      vertex   -6.666667e+02 3.743062e+02 5.013739e+00
      vertex   -8.000000e+02 3.745106e+02 3.460825e+00
      vertex   -7.000000e+02 3.743062e+02 5.013739e+00
    endloop
  endfacet
  facet normal 0.000000e+00 9.238795e-01 3.826834e-01
    outer loop
      vertex   -6.666667e+02 3.743062e+02 5.013739e+00
      vertex   -7.000000e+02 3.743062e+02 5.013739e+00
      vertex   -6.666667e+02 3.737068e+02 6.460825e+00
    endloop
  endfacet
  facet normal 0.000000e+00 9.238795e-01 3.826834e-01
    outer loop
      vertex   -6.333333e+02 3.743062e+02 5.013739e+00
      vertex   -6.666667e+02 3.743062e+02 5.013739e+00
      vertex   -6.333333e+02 3.737068e+02 6.460825e+00
    endloop
  endfacet
  facet normal 0.000000e+00 9.238795e-01 3.826834e-01
    outer loop
      vertex   -6.333333e+02 3.737068e+02 6.460825e+00
      vertex   -6.666667e+02 3.743062e+02 5.013739e+00
      vertex   -6.666667e+02 3.737068e+02 6.460825e+00
    endloop
  endfacet
  facet normal 0.000000e+00 7.933533e-01 6.087614e-01
    outer loop
      vertex   -6.333333e+02 3.737068e+02 6.460825e+00
      vertex   -6.666667e+02 3.737068e+02 6.460825e+00
      vertex   -6.333333e+02 3.727532e+02 7.703465e+00
    endloop
  endfacet
  facet normal 0.000000e+00 9.838460e-01 1.790169e-01
    outer loop
      vertex   -5.333333e+02 3.743062e+02 5.013739e+00
      vertex   -5.000289e+02 3.744817e+02 4.048927e+00
      vertex   -5.666667e+02 3.743062e+02 5.013739e+00
    endloop
  endfacet
  facet normal 0.000000e+00 9.838460e-01 1.790169e-01
    outer loop
      vertex   -5.666667e+02 3.743062e+02 5.013739e+00
      vertex   -5.000289e+02 3.744817e+02 4.048927e+00
      vertex   -6.000000e+02 3.743062e+02 5.013739e+00
    endloop
  endfacet
  facet normal 0.000000e+00 9.238795e-01 3.826834e-01
    outer loop
      vertex   -5.666667e+02 3.743062e+02 5.013739e+00
      vertex   -6.000000e+02 3.743062e+02 5.013739e+00
      vertex   -5.666667e+02 3.737068e+02 6.460825e+00
    endloop
  endfacet
  facet normal 0.000000e+00 9.238795e-01 3.826834e-01
    outer loop
      vertex   -5.333333e+02 3.737068e+02 6.460825e+00
      vertex   -5.333333e+02 3.743062e+02 5.013739e+00
      vertex   -5.666667e+02 3.743062e+02 5.013739e+00
    endloop
  endfacet
  facet normal 0.000000e+00 9.238795e-01 3.826834e-01
    outer loop
      vertex   -5.333333e+02 3.737068e+02 6.460825e+00
      vertex   -5.666667e+02 3.743062e+02 5.013739e+00
      vertex   -5.666667e+02 3.737068e+02 6.460825e+00
    endloop
  endfacet
  facet normal 0.000000e+00 7.933533e-01 6.087614e-01
    outer loop
      vertex   -6.666667e+02 3.727532e+02 7.703465e+00
      vertex   -7.000000e+02 3.737068e+02 6.460825e+00
      vertex   -7.000000e+02 3.727532e+02 7.703465e+00
    endloop
  endfacet
  facet normal 0.000000e+00 7.933533e-01 6.087614e-01
    outer loop
      vertex   -7.000000e+02 3.727532e+02 7.703465e+00
      vertex   -7.000000e+02 3.737068e+02 6.460825e+00
      vertex   -7.333333e+02 3.737068e+02 6.460825e+00
    endloop
  endfacet
  facet normal 0.000000e+00 9.238795e-01 3.826834e-01
    outer loop
      vertex   -6.333333e+02 3.743062e+02 5.013739e+00
      vertex   -6.333333e+02 3.737068e+02 6.460825e+00
      vertex   -6.000000e+02 3.737068e+02 6.460825e+00
    endloop
  endfacet
  facet normal 0.000000e+00 7.933533e-01 6.087614e-01
    outer loop
      vertex   -6.000000e+02 3.737068e+02 6.460825e+00
      vertex   -6.333333e+02 3.737068e+02 6.460825e+00
      vertex   -6.000000e+02 3.727532e+02 7.703465e+00
    endloop
  endfacet
  facet normal 0.000000e+00 7.933533e-01 6.087614e-01
    outer loop
      vertex   -6.000000e+02 3.737068e+02 6.460825e+00
      vertex   -6.000000e+02 3.727532e+02 7.703465e+00
      vertex   -5.666667e+02 3.727532e+02 7.703465e+00
    endloop
  endfacet
  facet normal 0.000000e+00 6.087614e-01 7.933533e-01
    outer loop
      vertex   -5.666667e+02 3.727532e+02 7.703465e+00
      vertex   -6.000000e+02 3.727532e+02 7.703465e+00
      vertex   -5.666667e+02 3.715106e+02 8.656977e+00
    endloop
  endfacet
  facet normal 0.000000e+00 6.087614e-01 7.933533e-01
    outer loop
      vertex   -5.666667e+02 3.727532e+02 7.703465e+00
      vertex   -5.666667e+02 3.715106e+02 8.656977e+00
      vertex   -5.333333e+02 3.715106e+02 8.656977e+00
    endloop
  endfacet
  facet normal 0.000000e+00 3.826834e-01 9.238795e-01
    outer loop
      vertex   -5.333333e+02 3.715106e+02 8.656977e+00
      vertex   -5.666667e+02 3.715106e+02 8.656977e+00
      vertex   -5.333333e+02 3.700635e+02 9.256379e+00
    endloop
  endfacet
  facet normal 1.622066e-17 7.933533e-01 6.087614e-01
    outer loop
      vertex   -6.000000e+02 3.727532e+02 7.703465e+00
      vertex   -6.333333e+02 3.737068e+02 6.460825e+00
      vertex   -6.333333e+02 3.727532e+02 7.703465e+00
    endloop
  endfacet
  facet normal 0.000000e+00 7.933533e-01 6.087614e-01
    outer loop
      vertex   -5.333333e+02 3.727532e+02 7.703465e+00
      vertex   -5.333333e+02 3.737068e+02 6.460825e+00
      vertex   -5.666667e+02 3.737068e+02 6.460825e+00
    endloop
  endfacet
  facet normal 0.000000e+00 6.087614e-01 7.933533e-01
    outer loop
      vertex   -6.333333e+02 3.715106e+02 8.656977e+00
      vertex   -6.666667e+02 3.727532e+02 7.703465e+00
      vertex   -6.666667e+02 3.715106e+02 8.656977e+00
    endloop
  endfacet
  facet normal 0.000000e+00 6.087614e-01 7.933533e-01
    outer loop
      vertex   -6.666667e+02 3.715106e+02 8.656977e+00
      vertex   -6.666667e+02 3.727532e+02 7.703465e+00
      vertex   -7.000000e+02 3.727532e+02 7.703465e+00
    endloop
  endfacet
  facet normal 0.000000e+00 6.087614e-01 7.933533e-01
    outer loop
      vertex   -5.666667e+02 3.715106e+02 8.656977e+00
      vertex   -6.000000e+02 3.727532e+02 7.703465e+00
      vertex   -6.000000e+02 3.715106e+02 8.656977e+00
    endloop
  endfacet
  facet normal 2.126437e-17 6.087614e-01 7.933533e-01
    outer loop
      vertex   -6.000000e+02 3.715106e+02 8.656977e+00
      vertex   -6.000000e+02 3.727532e+02 7.703465e+00
      vertex   -6.333333e+02 3.727532e+02 7.703465e+00
    endloop
  endfacet
  facet normal 0.000000e+00 3.826834e-01 9.238795e-01
    outer loop
      vertex   -7.333333e+02 3.700635e+02 9.256379e+00
      vertex   -7.333333e+02 3.715106e+02 8.656977e+00
      vertex   -7.666667e+02 3.715106e+02 8.656977e+00
    endloop
  endfacet
  facet normal -0.000000e+00 6.087614e-01 7.933533e-01
    outer loop
      vertex   -7.666667e+02 3.715106e+02 8.656977e+00
      vertex   -7.333333e+02 3.715106e+02 8.656977e+00
      vertex   -7.666667e+02 3.727532e+02 7.703465e+00
    endloop
  endfacet
  facet normal -0.000000e+00 3.826834e-01 9.238795e-01
    outer loop
      vertex   -7.666667e+02 3.700635e+02 9.256379e+00
      vertex   -7.333333e+02 3.700635e+02 9.256379e+00
      vertex   -7.666667e+02 3.715106e+02 8.656977e+00
    endloop
  endfacet
  facet normal 0.000000e+00 3.826834e-01 9.238795e-01
    outer loop
      vertex   -6.000000e+02 3.700635e+02 9.256379e+00
      vertex   -6.333333e+02 3.715106e+02 8.656977e+00
      vertex   -6.333333e+02 3.700635e+02 9.256379e+00
    endloop
  endfacet
  facet normal 0.000000e+00 3.826834e-01 9.238795e-01
    outer loop
      vertex   -6.333333e+02 3.700635e+02 9.256379e+00
      vertex   -6.333333e+02 3.715106e+02 8.656977e+00
      vertex   -6.666667e+02 3.715106e+02 8.656977e+00
    endloop
  endfacet
  facet normal 0.000000e+00 3.826834e-01 9.238795e-01
    outer loop
      vertex   -5.333333e+02 3.700635e+02 9.256379e+00
      vertex   -5.666667e+02 3.715106e+02 8.656977e+00
      vertex   -5.666667e+02 3.700635e+02 9.256379e+00
    endloop
  endfacet
  facet normal 0.000000e+00 3.826834e-01 9.238795e-01
    outer loop
      vertex   -5.666667e+02 3.700635e+02 9.256379e+00
      vertex   -5.666667e+02 3.715106e+02 8.656977e+00
      vertex   -6.000000e+02 3.715106e+02 8.656977e+00
    endloop
  endfacet
  facet normal 9.801714e-02 2.775082e-08 9.951847e-01
    outer loop
      vertex   -5.060000e+02 3.685106e+02 9.460825e+00
      vertex   -5.060000e+02 3.645106e+02 9.460825e+00
      vertex   -5.048295e+02 3.696811e+02 9.345536e+00
    endloop
  endfacet
  facet normal 1.305226e-01 -7.442762e-03 9.914174e-01
    outer loop
      vertex   -5.048295e+02 3.696811e+02 9.345536e+00
      vertex   -5.060000e+02 3.645106e+02 9.460825e+00
      vertex   -5.044471e+02 3.645106e+02 9.256379e+00
    endloop
  endfacet
  facet normal 2.860383e-01 4.630650e-03 9.582070e-01
    outer loop
      vertex   -5.048295e+02 3.696811e+02 9.345536e+00
      vertex   -5.044471e+02 3.645106e+02 9.256379e+00
      vertex   -5.037039e+02 3.708067e+02 9.004102e+00
    endloop
  endfacet
  facet normal 3.826707e-01 -8.152418e-03 9.238488e-01
    outer loop
      vertex   -5.037039e+02 3.708067e+02 9.004102e+00
      vertex   -5.044471e+02 3.645106e+02 9.256379e+00
      vertex   -5.030000e+02 3.645106e+02 8.656977e+00
    endloop
  endfacet
  facet normal 4.685329e-01 3.674895e-03 8.834384e-01
    outer loop
      vertex   -5.037039e+02 3.708067e+02 9.004102e+00
      vertex   -5.030000e+02 3.645106e+02 8.656977e+00
      vertex   -5.026666e+02 3.718440e+02 8.449642e+00
    endloop
  endfacet
  facet normal 6.087530e-01 -5.247561e-03 7.933424e-01
    outer loop
      vertex   -5.026666e+02 3.718440e+02 8.449642e+00
      vertex   -5.030000e+02 3.645106e+02 8.656977e+00
      vertex   -5.017574e+02 3.645106e+02 7.703465e+00
    endloop
  endfacet
  facet normal 6.343933e-01 1.796107e-07 7.730105e-01
    outer loop
      vertex   -5.026666e+02 3.718440e+02 8.449642e+00
      vertex   -5.017574e+02 3.645106e+02 7.703465e+00
      vertex   -5.017574e+02 3.727532e+02 7.703465e+00
    endloop
  endfacet
  facet normal 7.730105e-01 2.188563e-07 6.343933e-01
    outer loop
      vertex   -5.017574e+02 3.727532e+02 7.703465e+00
      vertex   -5.017574e+02 3.645106e+02 7.703465e+00
      vertex   -5.010112e+02 3.734994e+02 6.794246e+00
    endloop
  endfacet
  facet normal 7.933461e-01 -4.281097e-03 6.087559e-01
    outer loop
      vertex   -5.010112e+02 3.734994e+02 6.794246e+00
      vertex   -5.017574e+02 3.645106e+02 7.703465e+00
      vertex   -5.008038e+02 3.645106e+02 6.460825e+00
    endloop
  endfacet
  facet normal 8.812950e-01 2.799511e-03 4.725582e-01
    outer loop
      vertex   -5.010112e+02 3.734994e+02 6.794246e+00
      vertex   -5.008038e+02 3.645106e+02 6.460825e+00
      vertex   -5.004567e+02 3.740539e+02 5.756925e+00
    endloop
  endfacet
  facet normal 9.238662e-01 -5.378403e-03 3.826779e-01
    outer loop
      vertex   -5.004567e+02 3.740539e+02 5.756925e+00
      vertex   -5.008038e+02 3.645106e+02 6.460825e+00
      vertex   -5.002044e+02 3.645106e+02 5.013739e+00
    endloop
  endfacet
  facet normal 9.567153e-01 2.628366e-03 2.910136e-01
    outer loop
      vertex   -5.004567e+02 3.740539e+02 5.756925e+00
      vertex   -5.002044e+02 3.645106e+02 5.013739e+00
      vertex   -5.001153e+02 3.743953e+02 4.631366e+00
    endloop
  endfacet
  facet normal 9.892414e-01 -3.264697e-03 1.462558e-01
    outer loop
      vertex   -5.001153e+02 3.743953e+02 4.631366e+00
      vertex   -5.002044e+02 3.645106e+02 5.013739e+00
      vertex   -5.000289e+02 3.744817e+02 4.048927e+00
    endloop
  endfacet
  facet normal 9.914333e-01 -4.825441e-03 1.305247e-01
    outer loop
      vertex   -5.000289e+02 3.744817e+02 4.048927e+00
      vertex   -5.002044e+02 3.645106e+02 5.013739e+00
      vertex   -5.000000e+02 3.645106e+02 3.460825e+00
    endloop
  endfacet
  facet normal 9.987955e-01 2.827810e-07 4.906767e-02
    outer loop
      vertex   -5.000289e+02 3.744817e+02 4.048927e+00
      vertex   -5.000000e+02 3.645106e+02 3.460825e+00
      vertex   -5.000000e+02 3.745106e+02 3.460825e+00
    endloop
  endfacet
  facet normal -0.000000e+00 1.000000e+00 0.000000e+00
    outer loop
      vertex   -8.000000e+02 3.745106e+02 3.460825e+00
      vertex   -5.000000e+02 3.745106e+02 3.460825e+00
      vertex   -8.000000e+02 3.745106e+02 -5.391755e-01
    endloop
  endfacet
  facet normal 0.000000e+00 1.000000e+00 0.000000e+00
    outer loop
      vertex   -8.000000e+02 3.745106e+02 -5.391755e-01
      vertex   -5.000000e+02 3.745106e+02 3.460825e+00
      vertex   -5.000000e+02 3.745106e+02 -5.391755e-01
    endloop
  endfacet
  facet normal 1.000000e+00 2.831221e-07 0.000000e+00
    outer loop
      vertex   -5.000000e+02 3.745106e+02 3.460825e+00
      vertex   -5.000000e+02 3.645106e+02 3.460825e+00
      vertex   -5.000000e+02 3.745106e+02 -5.391755e-01
    endloop
  endfacet
  facet normal 1.000000e+00 2.831221e-07 0.000000e+00
    outer loop
      vertex   -5.000000e+02 3.745106e+02 -5.391755e-01
      vertex   -5.000000e+02 3.645106e+02 3.460825e+00
      vertex   -5.000000e+02 3.645106e+02 -5.391755e-01
    endloop
  endfacet
  facet normal 1.000000e+00 0.000000e+00 0.000000e+00
    outer loop
      vertex   -5.000000e+02 3.645106e+02 3.460825e+00
      vertex   -5.000000e+02 7.451060e+01 3.460825e+00
      vertex   -5.000000e+02 3.645106e+02 -5.391755e-01
    endloop
  endfacet
  facet normal 1.000000e+00 0.000000e+00 0.000000e+00
    outer loop
      vertex   -5.000000e+02 3.645106e+02 -5.391755e-01
      vertex   -5.000000e+02 7.451060e+01 3.460825e+00
      vertex   -5.000000e+02 7.451060e+01 -5.391755e-01
    endloop
  endfacet
  facet normal 0.000000e+00 0.000000e+00 1.000000e+00
    outer loop
      vertex   -5.800500e+02 2.244606e+02 1.946082e+01
      vertex   -6.149500e+02 2.244606e+02 1.946082e+01
      vertex   -5.800500e+02 1.895606e+02 1.946082e+01
    endloop
  endfacet
  facet normal 0.000000e+00 0.000000e+00 1.000000e+00
    outer loop
      vertex   -5.800500e+02 1.895606e+02 1.946082e+01
      vertex   -6.149500e+02 2.244606e+02 1.946082e+01
      vertex   -6.149500e+02 1.895606e+02 1.946082e+01
    endloop
  endfacet
  facet normal 0.000000e+00 0.000000e+00 1.000000e+00
    outer loop
      vertex   -5.450500e+02 2.244606e+02 2.946082e+01
      vertex   -5.799500e+02 2.244606e+02 2.946082e+01
      vertex   -5.450500e+02 1.895606e+02 2.946082e+01
    endloop
  endfacet
  facet normal 0.000000e+00 0.000000e+00 1.000000e+00
    outer loop
      vertex   -5.450500e+02 1.895606e+02 2.946082e+01
      vertex   -5.799500e+02 2.244606e+02 2.946082e+01
      vertex   -5.799500e+02 1.895606e+02 2.946082e+01
    endloop
  endfacet
  facet normal 0.000000e+00 0.000000e+00 1.000000e+00
    outer loop
      vertex   -5.449500e+02 1.895606e+02 3.946082e+01
      vertex   -5.100000e+02 1.895606e+02 3.946082e+01
      vertex   -5.449500e+02 2.244606e+02 3.946082e+01
    endloop
  endfacet
  facet normal -0.000000e+00 0.000000e+00 1.000000e+00
    outer loop
      vertex   -5.449500e+02 2.244606e+02 3.946082e+01
      vertex   -5.100000e+02 1.895606e+02 3.946082e+01
      vertex   -5.100000e+02 2.244606e+02 3.946082e+01
    endloop
  endfacet
  facet normal 0.000000e+00 1.000000e+00 -0.000000e+00
    outer loop
      vertex   -7.550500e+02 3.645106e+02 9.460825e+00
      vertex   -7.900000e+02 3.645106e+02 9.460825e+00
      vertex   -7.550500e+02 3.645106e+02 7.946082e+01
    endloop
  endfacet
  facet normal 0.000000e+00 1.000000e+00 0.000000e+00
    outer loop
      vertex   -7.550500e+02 3.645106e+02 7.946082e+01
      vertex   -7.900000e+02 3.645106e+02 9.460825e+00
      vertex   -7.900000e+02 3.645106e+02 7.946082e+01
    endloop
  endfacet
  facet normal -1.000000e+00 0.000000e+00 0.000000e+00
    outer loop
      vertex   -7.900000e+02 1.194606e+02 9.460825e+00
      vertex   -7.900000e+02 8.451060e+01 9.460825e+00
      vertex   -7.900000e+02 1.194606e+02 7.946082e+01
    endloop
  endfacet
  facet normal -1.000000e+00 -0.000000e+00 0.000000e+00
    outer loop
      vertex   -7.900000e+02 1.194606e+02 7.946082e+01
      vertex   -7.900000e+02 8.451060e+01 9.460825e+00
      vertex   -7.900000e+02 8.451060e+01 7.946082e+01
    endloop
  endfacet
  facet normal 0.000000e+00 0.000000e+00 1.000000e+00
    outer loop
      vertex   -7.550500e+02 3.645106e+02 7.946082e+01
      vertex   -7.900000e+02 3.645106e+02 7.946082e+01
      vertex   -7.550500e+02 3.295606e+02 7.946082e+01
    endloop
  endfacet
  facet normal 0.000000e+00 0.000000e+00 1.000000e+00
    outer loop
      vertex   -7.550500e+02 3.295606e+02 7.946082e+01
      vertex   -7.900000e+02 3.645106e+02 7.946082e+01
      vertex   -7.900000e+02 3.295606e+02 7.946082e+01
    endloop
  endfacet
  facet normal -1.000000e+00 0.000000e+00 0.000000e+00
    outer loop
      vertex   -8.000000e+02 7.451060e+01 3.460825e+00
      vertex   -8.000000e+02 3.745106e+02 3.460825e+00
      vertex   -8.000000e+02 7.451060e+01 -5.391755e-01
    endloop
  endfacet
  facet normal -1.000000e+00 0.000000e+00 0.000000e+00
    outer loop
      vertex   -8.000000e+02 7.451060e+01 -5.391755e-01
      vertex   -8.000000e+02 3.745106e+02 3.460825e+00
      vertex   -8.000000e+02 3.745106e+02 -5.391755e-01
    endloop
  endfacet
  facet normal -0.000000e+00 -1.000000e+00 -0.000000e+00
    outer loop
      vertex   -5.000000e+02 7.451060e+01 3.460825e+00
      vertex   -8.000000e+02 7.451060e+01 3.460825e+00
      vertex   -5.000000e+02 7.451060e+01 -5.391755e-01
    endloop
  endfacet
  facet normal 0.000000e+00 -1.000000e+00 0.000000e+00
    outer loop
      vertex   -5.000000e+02 7.451060e+01 -5.391755e-01
      vertex   -8.000000e+02 7.451060e+01 3.460825e+00
      vertex   -8.000000e+02 7.451060e+01 -5.391755e-01
    endloop
  endfacet
  facet normal 0.000000e+00 0.000000e+00 -1.000000e+00
    outer loop
      vertex   -5.000000e+02 7.451060e+01 -5.391755e-01
      vertex   -8.000000e+02 7.451060e+01 -5.391755e-01
      vertex   -5.000000e+02 3.645106e+02 -5.391755e-01
    endloop
  endfacet
  facet normal -0.000000e+00 0.000000e+00 -1.000000e+00
    outer loop
      vertex   -5.000000e+02 3.645106e+02 -5.391755e-01
      vertex   -8.000000e+02 7.451060e+01 -5.391755e-01
      vertex   -8.000000e+02 3.745106e+02 -5.391755e-01
    endloop
  endfacet
  facet normal 0.000000e+00 0.000000e+00 -1.000000e+00
    outer loop
      vertex   -5.000000e+02 3.645106e+02 -5.391755e-01
      vertex   -8.000000e+02 3.745106e+02 -5.391755e-01
      vertex   -5.000000e+02 3.745106e+02 -5.391755e-01
    endloop
  endfacet
endsolid
